time,open,high,low,close,Volume
1759269600,6896.25,6902,6895,6901,4727
1759270500,6900.75,6903.25,6899,6903,2682
1759271400,6903,6904.5,6899.75,6901.25,2861
1759272300,6901,6901,6892,6895.25,4049
1759273200,6895.25,6896.75,6891.5,6895.5,3424
1759274100,6895.75,6898,6894.5,6895.75,1992
1759275000,6896,6897.25,6895.25,6896,836
1759275900,6896,6897.25,6894.25,6894.75,1112
1759276800,6894.75,6896,6891.75,6892.5,2190
1759277700,6892.75,6892.75,6885.5,6886.25,5604
1759278600,6886.25,6889,6885.75,6888.5,2344
1759279500,6888.25,6890,6884.75,6886,2594
1759280400,6886,6886.75,6883,6883.75,2458
1759281300,6883.75,6888,6883.75,6887.5,2064
1759282200,6887.5,6888.25,6884.75,6887.75,2291
1759283100,6887.75,6888,6885.5,6885.75,1344
1759284000,6885.75,6886.25,6882.5,6883,2492
1759284900,6883.25,6886.5,6882.75,6885.5,2387
1759285800,6885.25,6885.5,6881.5,6882.5,2327
1759286700,6882.5,6883.25,6881.25,6882,1439
1759287600,6882.25,6882.5,6878.75,6879.25,2346
1759288500,6879,6879.75,6877.5,6878.75,1695
1759289400,6878.5,6879,6877.5,6877.5,890
1759290300,6877.5,6880.25,6877.25,6879.5,1216
1759291200,6879.75,6882,6879.25,6880.25,1699
1759292100,6880.25,6881.25,6878.75,6881,912
1759293000,6881,6881.5,6880,6880.5,1010
1759293900,6880.75,6881.75,6879.25,6879.75,1135
1759294800,6880,6881,6878.75,6879,822
1759295700,6878.75,6879,6876.25,6877,1904
1759296600,6876.75,6878.25,6876,6877.5,983
1759297500,6877.75,6879,6875.25,6875.75,1595
1759298400,6875.75,6878.25,6874.75,6875.75,1998
1759299300,6875.75,6876,6873.25,6873.5,1994
1759300200,6873.75,6874.5,6869.25,6869.25,2841
1759301100,6869,6869.25,6851.25,6854.75,14781
1759302000,6854.5,6862.25,6851.75,6854.25,7385
1759302900,6854,6861,6853.75,6858.5,4922
1759303800,6858.5,6861.75,6855.5,6857,3459
1759304700,6856.75,6861.25,6854.75,6858.75,2737
1759305600,6858.75,6859.5,6855.25,6857.75,3562
1759306500,6858,6859.5,6855.5,6858.75,1893
1759307400,6858.75,6869.75,6858.5,6868.75,6181
1759308300,6869,6870,6866.25,6867.5,2629
1759309200,6867.25,6873.25,6866.5,6871.75,3809
1759310100,6871.75,6877,6870.75,6875.75,3689
1759311000,6875.75,6876.5,6871.75,6873,2929
1759311900,6873.25,6875,6872.5,6873.25,1737
1759312800,6873.25,6876.75,6873,6874.75,2801
1759313700,6875,6876.5,6871.75,6872,2355
1759314600,6871.75,6874.25,6869,6870,3429
1759315500,6869.75,6872,6869.5,6870.5,2073
1759316400,6870.75,6878,6870.5,6877,4748
1759317300,6877,6879.75,6876.5,6879.5,3367
1759318200,6879.75,6882.5,6878.5,6881.25,4136
1759319100,6881.25,6886.75,6880.75,6885.75,4664
1759320000,6885.5,6886.75,6881,6883.25,5503
1759320900,6883,6885.75,6873.25,6881.25,13622
1759321800,6881.5,6885.75,6878.75,6882.25,6781
1759322700,6882.5,6885.75,6879.5,6881.75,5328
1759323600,6881.75,6885,6880.5,6882,4448
1759324500,6882,6883.5,6876.5,6878,8065
1759325400,6878,6900.25,6877.25,6898.75,67623
1759326300,6898.75,6899,6876.5,6885.25,72261
1759327200,6884.5,6893.75,6877.25,6892.75,40740
1759328100,6893,6903.5,6892.25,6901.5,40840
1759329000,6901.5,6907,6898.75,6901.25,38836
1759329900,6901.25,6904.75,6899.25,6904.25,24753
1759330800,6904.25,6909,6903.5,6907.5,28911
1759331700,6907.5,6910.75,6904,6909.25,19204
1759332600,6909.25,6916.75,6909.25,6916,28013
1759333500,6916,6918.25,6915.25,6916,18020
1759334400,6916.25,6918,6914.25,6916,16806
1759335300,6916,6917.75,6912.25,6915.25,17635
1759336200,6915.25,6916.75,6912.25,6912.5,11246
1759337100,6912.5,6915.75,6910.25,6915.25,16434
1759338000,6915.25,6921.75,6914.25,6920,24984
1759338900,6920,6927.75,6920,6926.25,21272
1759339800,6926.25,6927,6922.5,6924.75,13313
1759340700,6924.75,6926.5,6922.5,6926,10400
1759341600,6926,6934,6925.5,6932.5,27862
1759342500,6932.75,6936,6931.75,6934.5,16432
1759343400,6934.5,6939.25,6934,6938.25,16018
1759344300,6938.25,6940.25,6936.75,6938,13512
1759345200,6938,6940.5,6935.5,6938,13382
1759346100,6937.75,6938.5,6933.75,6938,15297
1759347000,6937.75,6939.25,6934.25,6934.5,16817
1759347900,6934.25,6939.25,6931.75,6931.75,45381
1759348800,6932,6932.5,6926.25,6926.5,19536
1759349700,6926.5,6929.25,6926.25,6927,4245
1759350600,6926.75,6929.75,6926.25,6928,4180
1759351500,6928,6928.75,6926.75,6928,4369
1759356000,6928.5,6931.75,6926.25,6931.5,3294
1759356900,6931.25,6931.75,6930,6931.5,1176
1759357800,6931.5,6932,6930,6931,1110
1759358700,6931.25,6931.75,6929.25,6929.5,1201
1759359600,6929.5,6930.75,6928.75,6930.25,1108
1759360500,6930.25,6932.75,6930.25,6932,1678
1759361400,6932,6932.25,6927.25,6930.25,2490
1759362300,6930.5,6932.25,6928.75,6930.75,2017
1759363200,6931,6932.75,6930,6932,3195
1759364100,6931.75,6935.75,6931.75,6934.5,2659
1759365000,6934.75,6937.25,6933.75,6937.25,2012
1759365900,6937.25,6940.25,6937,6939,2851
1759366800,6939,6941.25,6936.25,6940.75,3062
1759367700,6940.75,6942.5,6940.5,6941.25,2417
1759368600,6941.25,6941.5,6938.5,6940.25,2378
1759369500,6940.25,6943,6940.25,6942.5,1808
1759370400,6942.5,6942.75,6938,6938.25,1694
1759371300,6938.25,6938.75,6937,6937.5,1367
1759372200,6937.5,6938.25,6936.5,6938,1722
1759373100,6938,6938.25,6936.75,6938,1035
1759374000,6938,6938.5,6936,6938.25,1149
1759374900,6938.25,6939.25,6936,6936.75,1317
1759375800,6936.5,6937,6934.75,6936.25,1797
1759376700,6936.5,6939.5,6935.75,6938.75,1103
1759377600,6938.75,6942.25,6938,6940,1798
1759378500,6940,6940,6935.75,6938.25,1346
1759379400,6938.5,6939.25,6937.25,6938.75,798
1759380300,6938.75,6940.75,6938.75,6940.25,1066
1759381200,6940,6942.75,6940,6941,1265
1759382100,6941,6941.75,6938.75,6940.5,1133
1759383000,6940.5,6941,6939.25,6939.5,824
1759383900,6939.75,6941.5,6939.5,6939.75,676
1759384800,6939.75,6941.5,6936.5,6938,1996
1759385700,6938,6938.25,6936.25,6937,1366
1759386600,6937.25,6939.5,6935.5,6939.5,1777
1759387500,6939.25,6939.75,6936.25,6937,1466
1759388400,6937,6941.75,6935,6940.25,4248
1759389300,6940.25,6941.25,6936.75,6938.25,2547
1759390200,6938,6940.75,6936.25,6938.75,2219
1759391100,6938.75,6940.25,6937.75,6939,1678
1759392000,6939.25,6945.5,6939,6941.25,5071
1759392900,6941.5,6946.25,6941.5,6944.5,2745
1759393800,6944.5,6945,6942.25,6943.5,1856
1759394700,6943.75,6945.25,6942.75,6945.25,1397
1759395600,6945,6945,6942.25,6943.75,1378
1759396500,6943.5,6945.75,6941.25,6941.5,2248
1759397400,6941.25,6941.25,6936.75,6939.25,3055
1759398300,6939.5,6942.5,6939.5,6941.75,1866
1759399200,6941.5,6946.5,6941.25,6943.5,4493
1759400100,6943.5,6944.75,6942.75,6943.25,1282
1759401000,6943.5,6945.5,6943.25,6944,1364
1759401900,6944.25,6944.25,6942.5,6943.5,1238
1759402800,6943.5,6947.5,6943,6946.5,3491
1759403700,6946.5,6948.25,6945.5,6948,1834
1759404600,6947.75,6948.25,6946.25,6947.5,2066
1759405500,6947.5,6949.5,6946,6948.75,4274
1759406400,6948.75,6950.75,6947.25,6950.75,3062
1759407300,6950.5,6952.25,6949.25,6950,3865
1759408200,6950,6952,6948.5,6948.75,3130
1759409100,6948.75,6951,6948,6950.5,3694
1759410000,6950.5,6953.5,6950,6951,8666
1759410900,6951.25,6953.25,6949.25,6950.5,8883
1759411800,6950.25,6951.5,6934,6936,67002
1759412700,6935.75,6942,6932.75,6939.5,61154
1759413600,6939.75,6940.75,6930,6931.5,45782
1759414500,6931.5,6935.5,6928,6932.75,41739
1759415400,6932.5,6936,6927.25,6928.75,36150
1759416300,6929,6930,6920.75,6921,40396
1759417200,6921.25,6926.75,6915.5,6919.5,50719
1759418100,6919.5,6924.75,6917,6922,26499
1759419000,6922,6922.25,6912.75,6918.75,38482
1759419900,6918.5,6929.75,6916.75,6929,30866
1759420800,6928.75,6929,6921.5,6926,26256
1759421700,6925.75,6928,6923.5,6926.75,17307
1759422600,6926.5,6928.5,6920.5,6924.5,16935
1759423500,6924.5,6931.5,6924,6929.75,17945
1759424400,6929.5,6930,6924.5,6929.75,14836
1759425300,6930,6932.5,6927.5,6930.25,11917
1759426200,6930.5,6936,6928.5,6933.75,17108
1759427100,6933.75,6935.5,6931.5,6934.25,12722
1759428000,6934,6940.75,6933.75,6939.5,18536
1759428900,6939.5,6942,6938.5,6941,13848
1759429800,6941,6942.75,6938.75,6940.25,12970
1759430700,6940.25,6941.25,6937.5,6939,11799
1759431600,6939,6941.75,6938.75,6939.75,8891
1759432500,6939.5,6941.5,6937.25,6940,13125
1759433400,6940,6940.25,6934.75,6937.5,19632
1759434300,6937.5,6940.25,6933.75,6937.75,40989
1759435200,6938,6940.5,6937.75,6938.25,9929
1759436100,6938.25,6938.25,6936.25,6936.5,2843
1759437000,6936.75,6937.25,6935,6935.25,3864
1759437900,6935.5,6937.25,6935,6936.25,3071
1759442400,6935.25,6937.5,6934.75,6936.75,2389
1759443300,6937,6937.25,6933.5,6933.75,873
1759444200,6933.75,6935.25,6929.75,6935,2994
1759445100,6935,6937,6934.25,6936.5,1377
1759446000,6936.75,6939,6935,6939,1844
1759446900,6939,6939.25,6937.75,6939,718
1759447800,6939.25,6939.75,6938.5,6939.25,1118
1759448700,6939.25,6940.75,6938.25,6940.75,1276
1759449600,6940.5,6941.5,6938.25,6939.5,2254
1759450500,6939.75,6942.25,6939,6941.25,1314
1759451400,6941.25,6945.25,6940.75,6944.5,2149
1759452300,6944.5,6946.5,6944,6944.5,2009
1759453200,6944.25,6945,6942.75,6943.75,1849
1759454100,6943.75,6944.5,6942.75,6944,948
1759455000,6944,6947.75,6943.5,6947.5,1518
1759455900,6947.5,6949,6947,6949,1439
1759456800,6949,6949,6944.75,6946,2022
1759457700,6946,6948,6946,6947.25,863
1759458600,6947.25,6949,6946.75,6948,935
1759459500,6948,6948.5,6946.5,6947.75,838
1759460400,6947.75,6949.5,6947.5,6948.5,877
1759461300,6948.75,6949,6948,6948.5,624
1759462200,6948.25,6949.5,6947.75,6949.25,600
1759463100,6949,6952,6948.5,6951,1846
1759464000,6951.25,6952.75,6950.75,6951.25,954
1759464900,6951.5,6951.5,6950.5,6951,645
1759465800,6951,6952.75,6950.5,6952.5,797
1759466700,6952.75,6952.75,6951.5,6952.75,528
1759467600,6952.25,6954.25,6952.25,6953.25,2129
1759468500,6953.25,6955,6952.25,6954.75,710
1759469400,6954.75,6955.75,6954.25,6955.5,1055
1759470300,6955.25,6955.5,6951.5,6951.5,1535
1759471200,6951.5,6953.25,6948.25,6952,2515
1759472100,6952.25,6953.75,6951.75,6953.5,963
1759473000,6953.5,6956.25,6953.5,6953.75,2031
1759473900,6954,6955.5,6952.75,6954.25,1324
1759474800,6954.5,6957.5,6953.75,6954.75,2906
1759475700,6954.75,6956.5,6953.25,6954,1165
1759476600,6954,6955.75,6953.25,6954.5,1502
1759477500,6954.5,6956.25,6954,6955.25,1021
1759478400,6955.25,6956.5,6953.75,6955,1900
1759479300,6955.25,6956,6953.75,6955,860
1759480200,6954.75,6955.5,6953.75,6954.75,1027
1759481100,6954.75,6955.75,6954.25,6955.75,937
1759482000,6955.75,6956.75,6954.5,6955.5,1291
1759482900,6955.75,6956,6953.75,6954.75,1208
1759483800,6954.75,6957.75,6954.5,6956,1923
1759484700,6956.25,6958.75,6956,6958.5,1489
1759485600,6958.5,6958.75,6956,6956.75,1996
1759486500,6957,6957.25,6954.75,6955,1162
1759487400,6955,6955.5,6951,6953.5,3137
1759488300,6953.5,6954.25,6951,6951.5,1539
1759489200,6951.25,6953.5,6949.5,6950.75,1981
1759490100,6950.75,6951.25,6946,6947,3573
1759491000,6947,6949.75,6944.5,6949.25,4297
1759491900,6949.25,6950.75,6943.25,6945,5939
1759492800,6945.25,6948,6944.25,6947,3699
1759493700,6947,6947.75,6943.5,6945.25,3245
1759494600,6944.75,6947,6940.75,6941,6365
1759495500,6941,6943,6937.5,6941.75,8146
1759496400,6941.75,6943,6940,6940.25,5419
1759497300,6940,6944.25,6939.25,6943.25,9870
1759498200,6943.25,6957.25,6942.5,6951.75,59270
1759499100,6951.75,6959.75,6950.25,6952,35463
1759500000,6951.5,6952.5,6943.25,6950,50063
1759500900,6949.75,6959.5,6949.5,6958,34077
1759501800,6957.75,6967,6957,6965,42418
1759502700,6965,6967,6962.5,6965,24915
1759503600,6965.25,6965.5,6959.5,6961.75,24784
1759504500,6962,6963.5,6959.5,6962,20985
1759505400,6961.75,6964.25,6957.25,6961.75,21271
1759506300,6961.5,6970.25,6960.5,6969.25,25480
1759507200,6969.25,6971.25,6967.25,6969.75,15932
1759508100,6969.75,6971.25,6966.5,6968.75,12434
1759509000,6968.75,6970,6965.75,6967.25,10052
1759509900,6967.25,6968.5,6964.5,6966.75,12648
1759510800,6966.5,6966.5,6948.25,6958.75,76303
1759511700,6958.5,6958.75,6947.25,6947.25,35060
1759512600,6947.25,6953.75,6943,6944.25,37308
1759513500,6944.25,6945.25,6925.25,6935.75,75772
1759514400,6935.75,6939.75,6926.25,6936.75,49267
1759515300,6936.75,6951,6935.75,6949.25,36286
1759516200,6949.5,6950.75,6939.75,6943.25,31807
1759517100,6943.25,6943.5,6936.75,6942.75,25361
1759518000,6942.75,6946.75,6940.25,6942.75,22489
1759518900,6942.75,6944,6938.25,6940.5,15528
1759519800,6940.25,6946.75,6939.25,6942.75,16353
1759520700,6942.75,6944.75,6932,6936.25,49771
1759521600,6936.25,6938,6931.25,6933.25,15229
1759522500,6933.25,6934,6932,6933.25,3080
1759523400,6933.5,6935,6932.75,6934.5,2286
1759524300,6934.5,6934.75,6932.75,6934.25,2733
1759701600,6939.25,6945,6938,6943.75,8749
1759702500,6943.75,6946.75,6942.75,6945.5,5354
1759703400,6945.25,6946,6944.5,6946,2055
1759704300,6946,6948.75,6945.75,6947.75,3268
1759705200,6947.75,6949.75,6947.5,6948.25,2674
1759706100,6948.25,6950.25,6947.5,6950.25,1399
1759707000,6950.25,6954.25,6950.25,6953.5,4582
1759707900,6953.75,6954.75,6949,6949.5,4988
1759708800,6949.75,6950.75,6947,6950,4135
1759709700,6950.25,6950.5,6946.75,6947.75,2146
1759710600,6947.75,6948.25,6946,6947,1566
1759711500,6947,6949,6946.25,6949,1626
1759712400,6949,6949.25,6947,6948.75,1647
1759713300,6949,6949,6947,6948.75,1399
1759714200,6948.75,6951,6948.5,6949.75,1934
1759715100,6950,6951.25,6949.25,6951,1220
1759716000,6951,6951.75,6950,6951.5,1621
1759716900,6951.5,6952.5,6951.25,6951.75,1094
1759717800,6951.5,6952.75,6951.25,6952.5,774
1759718700,6952.25,6953.25,6951.75,6953,826
1759719600,6952.75,6956.25,6952.75,6955.75,2118
1759720500,6955.5,6955.75,6954.75,6955.25,874
1759721400,6955.25,6956,6953.75,6955.75,1238
1759722300,6956,6956.75,6954.25,6954.5,1275
1759723200,6954.5,6955.75,6950.5,6955.5,2699
1759724100,6955.5,6956.25,6953.75,6956,1246
1759725000,6956.25,6958.75,6956.25,6958.25,1647
1759725900,6958.5,6958.5,6956.5,6957.25,1135
1759726800,6957,6957.5,6953.5,6953.75,1844
1759727700,6953.5,6954.5,6953.25,6953.5,881
1759728600,6953.25,6954.25,6952.5,6953.75,942
1759729500,6953.75,6955,6953.5,6953.75,728
1759730400,6954,6954.75,6951.75,6953.75,2378
1759731300,6953.75,6955.25,6952,6953.75,2007
1759732200,6953.75,6956.5,6953,6955,1935
1759733100,6955,6957,6955,6955.75,1362
1759734000,6955.75,6956.25,6953,6955.25,3813
1759734900,6955,6956.25,6951.25,6952.5,2298
1759735800,6952.75,6953,6943,6949.75,8172
1759736700,6949.5,6952,6947.25,6949.5,4092
1759737600,6949.5,6956,6949.25,6954,4686
1759738500,6953.5,6953.75,6951,6952.5,2097
1759739400,6952.75,6954.25,6951.75,6953.5,1798
1759740300,6953.5,6954.5,6951.25,6953.75,2317
1759741200,6954,6955,6953.25,6954.25,1511
1759742100,6954.5,6958,6954,6957.75,2609
1759743000,6958,6960.25,6956.75,6958.75,2484
1759743900,6959,6960,6958,6960,1199
1759744800,6959.75,6961.25,6958,6958.5,2335
1759745700,6958.75,6960,6957.5,6959.75,1684
1759746600,6959.75,6961.75,6959.75,6960.75,1585
1759747500,6960.75,6965,6960.25,6960.75,6424
1759748400,6961,6961.25,6955.75,6957.25,5671
1759749300,6957.25,6957.25,6952.75,6955.75,4163
1759750200,6955.5,6958,6953.5,6955.75,4028
1759751100,6955.75,6959.5,6955.75,6959.25,2509
1759752000,6959.5,6965.5,6958.25,6963.5,6060
1759752900,6963.75,6964,6959,6960.75,4895
1759753800,6960.75,6961,6956,6956.25,5930
1759754700,6956.25,6957,6953.5,6953.75,5198
1759755600,6953.75,6957.25,6952.5,6957.25,8822
1759756500,6957.25,6961.5,6955.5,6960.25,10068
1759757400,6959.75,6960,6944,6946.75,65866
1759758300,6946.75,6952.25,6942.25,6943.5,47582
1759759200,6943.5,6946.5,6937.5,6946.25,51058
1759760100,6946.5,6950.5,6944.5,6948.5,32922
1759761000,6948.25,6951.75,6944.75,6948.5,38480
1759761900,6948.5,6952.25,6946.75,6951.25,22840
1759762800,6951,6955.75,6950,6952.25,28038
1759763700,6952.25,6957.25,6952.25,6955.25,20231
1759764600,6955,6958,6954,6957.75,13314
1759765500,6957.75,6963,6957.5,6961.75,26372
1759766400,6961.75,6962.5,6956.5,6957.75,20583
1759767300,6957.75,6962.5,6956.5,6962,15563
1759768200,6961.75,6962.25,6957.25,6959.25,12816
1759769100,6959.25,6961.5,6958.5,6960.75,9550
1759770000,6961,6961.25,6957,6959.25,11229
1759770900,6959.5,6967.25,6957.75,6964.5,25376
1759771800,6964.75,6966,6961.5,6962.25,16918
1759772700,6962.25,6967.25,6961.75,6966.25,14563
1759773600,6966.5,6968.5,6964.5,6965.5,14366
1759774500,6965.5,6967.5,6964,6966.25,9687
1759775400,6966,6968.75,6964.5,6965,13600
1759776300,6965.25,6967.25,6963.5,6964.75,9928
1759777200,6964.75,6965,6962.25,6963.75,12331
1759778100,6964,6964.25,6959.75,6961,18215
1759779000,6960.75,6963,6959.25,6962,18292
1759779900,6962,6965,6959.25,6959.75,38942
1759780800,6959.75,6961.5,6958.25,6960,13254
1759781700,6960.25,6961.75,6959.75,6961.25,2619
1759782600,6961,6962.5,6961,6961.75,3346
1759783500,6961.5,6962.5,6961,6961.5,3609
1759788000,6961.25,6964.25,6961,6962,2921
1759788900,6962,6963.5,6961,6961.5,1054
1759789800,6962,6962,6953.75,6954.75,3485
1759790700,6955,6956.5,6948.5,6949.75,5095
1759791600,6949.75,6950.75,6947.5,6949.5,4440
1759792500,6949.25,6952.5,6948.5,6951,3899
1759793400,6951.25,6952.75,6949.75,6952.25,2126
1759794300,6952.25,6952.5,6949,6949.75,2507
1759795200,6949.5,6951,6947,6948.5,4239
1759796100,6948.75,6950.5,6948,6949.25,1460
1759797000,6949.5,6950.25,6947,6948.25,2351
1759797900,6948.25,6949.5,6946.5,6948.5,1515
1759798800,6948.5,6950.5,6947.75,6948.5,2254
1759799700,6948.75,6950.25,6946.5,6949.5,1345
1759800600,6949.75,6950,6948.25,6949.25,1393
1759801500,6949.5,6951.75,6948.5,6951.25,1396
1759802400,6951.25,6952.75,6950.25,6952.75,1145
1759803300,6952.5,6952.75,6949.5,6951,1305
1759804200,6951,6951.75,6950,6950.75,724
1759805100,6950.5,6951.75,6950.25,6951.75,419
1759806000,6951.25,6952.5,6950,6952.5,738
1759806900,6952.25,6953.5,6952,6952.5,865
1759807800,6952.25,6953.25,6950.5,6952.75,958
1759808700,6953,6953,6952.25,6952.25,473
1759809600,6952.5,6956.25,6951.75,6955.75,2253
1759810500,6956,6957,6954.75,6956.25,1047
1759811400,6956.25,6957.5,6955.25,6955.5,1210
1759812300,6955.25,6957,6954.75,6956.75,1156
1759813200,6956.5,6957,6953.75,6955.5,1094
1759814100,6955.5,6956.5,6954.5,6956.25,743
1759815000,6956.25,6957.25,6955.5,6957,761
1759815900,6957,6957,6953.75,6954.25,1066
1759816800,6954,6955.5,6952.75,6953.25,2042
1759817700,6953.25,6953.75,6948.25,6949,2381
1759818600,6948.75,6951.25,6947,6950,2169
1759819500,6950,6952.75,6949.5,6952,1260
1759820400,6952.5,6953,6948.75,6949.75,3113
1759821300,6949.75,6951.5,6947.5,6951.5,2329
1759822200,6951.5,6952,6948.75,6950,1941
1759823100,6950,6952,6948.75,6951,1263
1759824000,6951.25,6952,6947.75,6949.5,2855
1759824900,6949.75,6950.75,6946.5,6947.25,2190
1759825800,6947.25,6951,6945.25,6950.75,2839
1759826700,6950.5,6955,6950.25,6954.25,2442
1759827600,6954.25,6956.75,6953.5,6956.75,1742
1759828500,6956.5,6957.25,6955.5,6956.25,1653
1759829400,6956.25,6957.5,6956,6956.5,1526
1759830300,6956,6958,6955.75,6957.75,1452
1759831200,6957.5,6958.75,6955.5,6958.5,2336
1759832100,6958.75,6959,6956.75,6958.25,1514
1759833000,6958.5,6960.75,6957.5,6957.75,2382
1759833900,6958,6959,6956.5,6956.75,1804
1759834800,6956.75,6958.25,6956.75,6958,1702
1759835700,6958,6958,6956,6957.25,1580
1759836600,6957.25,6958.5,6956.25,6957,1204
1759837500,6957.25,6962.75,6956.75,6962.75,3566
1759838400,6962.75,6963.25,6959.75,6960.75,3344
1759839300,6960.75,6962.75,6960.5,6962.25,3038
1759840200,6962.25,6965.5,6961.5,6965.5,4186
1759841100,6965.5,6970.75,6964,6970,7651
1759842000,6970,6974,6968.5,6969.25,12273
1759842900,6969.25,6969.75,6967.5,6968.5,8883
1759843800,6968.25,6973,6964.75,6969.25,49789
1759844700,6969,6970.5,6963.75,6965.5,41505
1759845600,6965.25,6966.5,6960.25,6962.5,44453
1759846500,6962.5,6964.5,6955,6955.25,36221
1759847400,6955.25,6959.5,6950.75,6953,49213
1759848300,6952.75,6955.75,6948,6951.5,32548
1759849200,6951.5,6953.5,6930.25,6937.5,106618
1759850100,6937.5,6943,6932.25,6935,60528
1759851000,6934.75,6936.25,6922.25,6927.5,78046
1759851900,6927.5,6927.75,6918.5,6924.5,58273
1759852800,6924.5,6930.25,6920.25,6921.25,51459
1759853700,6921,6930,6918.5,6925.75,36416
1759854600,6925.75,6937.5,6925.5,6933.5,36420
1759855500,6933.5,6934,6923,6925.5,28475
1759856400,6925.75,6936,6923.75,6933,32957
1759857300,6933.25,6934.75,6929.25,6932,18024
1759858200,6931.75,6932,6924.75,6931,19027
1759859100,6931,6934,6924.5,6925,18464
1759860000,6925.25,6931,6919.75,6927.5,33619
1759860900,6927.5,6930.25,6925,6928,19212
1759861800,6928,6931.75,6927.25,6930,15949
1759862700,6929.75,6932.75,6928.25,6932.5,12089
1759863600,6932.5,6933.25,6927.5,6928.75,18083
1759864500,6928.75,6930.25,6927,6927.75,11081
1759865400,6927.5,6935.5,6927.25,6935.25,18146
1759866300,6935.5,6936.25,6929.25,6934,43565
1759867200,6934,6939,6933.5,6937.75,16573
1759868100,6937.75,6938,6936.25,6937.75,3384
1759869000,6938,6938.75,6937.25,6938,2882
1759869900,6938,6938.75,6936.25,6936.25,2943
1759874400,6937.25,6940.25,6935.75,6937.25,4390
1759875300,6937.25,6940.25,6937,6940,2021
1759876200,6940.25,6941.5,6939.25,6940.75,2192
1759877100,6940.75,6941.5,6940,6940.5,932
1759878000,6940.75,6940.75,6934.5,6935.25,3795
1759878900,6935,6935.25,6931.5,6933.75,3690
1759879800,6933.5,6933.75,6929.75,6931.75,2560
1759880700,6932.25,6933.25,6930.5,6930.5,1390
1759881600,6930.5,6933,6929.75,6930,2731
1759882500,6930,6933.25,6929.25,6932,1786
1759883400,6932.25,6934.75,6931.5,6932.5,1480
1759884300,6932.75,6937.5,6932.5,6936.5,2029
1759885200,6936.5,6941,6936,6939,3437
1759886100,6939,6940.75,6938.25,6940.25,1900
1759887000,6940.25,6941.25,6938.75,6939.5,1540
1759887900,6939.75,6941.25,6939,6939.5,1560
1759888800,6939.5,6941.5,6939.25,6941,1241
1759889700,6941,6943.75,6941,6943.5,2303
1759890600,6943.5,6943.5,6940.25,6940.25,1424
1759891500,6940.5,6942.5,6939.25,6942.5,1168
1759892400,6942.5,6942.5,6940.75,6941.75,693
1759893300,6941.75,6943.5,6941.5,6942.75,811
1759894200,6942.5,6943.25,6941.25,6942.25,571
1759895100,6942.5,6943,6941.75,6942.75,408
1759896000,6942.5,6943.5,6942,6942,613
1759896900,6942,6943.25,6941.5,6942.75,565
1759897800,6942.5,6943,6940.25,6941,908
1759898700,6941,6942.25,6940.75,6941.5,696
1759899600,6941.5,6941.5,6937.5,6938,1684
1759900500,6938.5,6939.75,6936.25,6937.75,1474
1759901400,6937.75,6938.5,6936.25,6937.25,1020
1759902300,6937.25,6937.5,6935.5,6935.75,804
1759903200,6936,6937,6932.5,6934.5,2165
1759904100,6934.5,6935.25,6932.25,6932.5,1340
1759905000,6932.5,6934,6930.5,6931.75,2479
1759905900,6931.75,6935.75,6931.25,6935,1369
1759906800,6935,6938,6933.25,6934.5,3634
1759907700,6934.5,6939,6934.25,6938.25,2264
1759908600,6938.5,6941.75,6937.5,6941.25,2438
1759909500,6941,6944,6940,6942.75,2305
1759910400,6942.75,6944,6941.75,6943,2129
1759911300,6943,6944,6941.5,6942.5,1376
1759912200,6942.75,6945.25,6942.75,6945,2168
1759913100,6945,6946,6937.5,6941.5,4852
1759914000,6941.25,6944.25,6941.25,6942.5,1946
1759914900,6942.5,6943,6939.25,6941,1652
1759915800,6941,6944.5,6940.25,6943,1906
1759916700,6943,6943.75,6941.5,6942,1180
1759917600,6942.25,6943,6935.5,6939.75,3364
1759918500,6939.75,6942.25,6939.5,6941.5,1671
1759919400,6941.75,6944.25,6941.5,6942.5,2076
1759920300,6942.5,6946.25,6942.5,6945.75,2065
1759921200,6945.75,6947.5,6945.25,6945.5,2968
1759922100,6945.25,6946,6938.75,6939.25,3911
1759923000,6939.5,6943.5,6938.75,6943,3329
1759923900,6942.75,6946,6942.25,6945.25,3515
1759924800,6945,6945.25,6938,6938,4932
1759925700,6938,6941.75,6937.25,6940.75,4770
1759926600,6940.75,6942.75,6938,6942,4501
1759927500,6942,6943.75,6940.75,6942.75,4022
1759928400,6942.75,6944.25,6940.5,6943.5,4238
1759929300,6943.25,6947.75,6943,6944.5,11657
1759930200,6944.75,6946.25,6935.75,6939,51700
1759931100,6938.75,6947.75,6938,6944.5,50907
1759932000,6944.75,6962.25,6944.75,6960,59292
1759932900,6959.75,6961.5,6954,6961.5,33946
1759933800,6961.25,6964.25,6958,6959.25,30506
1759934700,6959.25,6961.25,6955.75,6960.25,26007
1759935600,6960,6965,6959,6964,26963
1759936500,6964,6970.25,6962.5,6968,24601
1759937400,6968,6969.25,6966.25,6967.75,13806
1759938300,6968,6972.5,6967.75,6970.5,17767
1759939200,6970.5,6972.5,6968.75,6972,13108
1759940100,6972,6974,6968.25,6969.25,16813
1759941000,6969.25,6970.75,6967.25,6968.25,11261
1759941900,6968.25,6970,6965,6970,14825
1759942800,6970,6971,6967,6969.5,11338
1759943700,6969.5,6973,6969.25,6971.5,11711
1759944600,6971.75,6972.75,6968.75,6968.75,9792
1759945500,6969,6972.75,6967.75,6969,10382
1759946400,6968.75,6973.75,6967.5,6972.25,13947
1759947300,6972.5,6974,6970,6970.5,15073
1759948200,6970.5,6971.25,6966.25,6966.25,13729
1759949100,6966.25,6967.25,6963.75,6964.75,16064
1759950000,6964.5,6968.75,6963.5,6968.75,16573
1759950900,6968.75,6972.5,6968.5,6971.25,16139
1759951800,6971,6972.5,6969,6969.75,12413
1759952700,6969.75,6974.5,6969.25,6973,40061
1759953600,6973,6974.75,6971.25,6974.5,11737
1759954500,6974.25,6979,6974,6978.25,6759
1759955400,6978,6978.75,6977,6977.75,3432
1759956300,6977.75,6977.75,6973.75,6974.5,4598
1759960800,6974.5,6978.25,6973.25,6977.75,2942
1759961700,6977.75,6979,6975.75,6978,2197
1759962600,6978.25,6978.75,6976.5,6978,1097
1759963500,6978,6978.75,6977.25,6978,1003
1759964400,6978.25,6980.25,6976.75,6980.25,2145
1759965300,6980.25,6983.5,6979.75,6982.75,3699
1759966200,6982.75,6983.25,6981,6981.5,1274
1759967100,6981.5,6982,6979,6980,1861
1759968000,6980,6980,6977.5,6978,1872
1759968900,6978,6978.5,6976,6977.75,1901
1759969800,6978,6978.75,6977.25,6977.75,882
1759970700,6977.75,6978.75,6976.5,6977.25,1129
1759971600,6977.25,6979.25,6971.25,6971.25,4469
1759972500,6971.25,6974.5,6970.25,6974,3030
1759973400,6974,6974,6969,6971,2466
1759974300,6971,6971.5,6969.75,6970.5,1169
1759975200,6970.5,6970.5,6967.5,6969.25,2468
1759976100,6969.25,6970.25,6967.5,6970.25,1271
1759977000,6970.25,6971,6967.5,6968,1400
1759977900,6968.25,6968.25,6965.75,6966.25,1760
1759978800,6966.5,6968.25,6966.25,6968,1281
1759979700,6967.75,6971.75,6967.25,6967.75,3224
1759980600,6967.5,6969,6966.75,6968.75,1710
1759981500,6968.75,6969.5,6968,6968.5,1052
1759982400,6968.5,6970,6968.25,6969.75,911
1759983300,6969.5,6972.25,6969.5,6971.25,1269
1759984200,6971.25,6971.75,6969.75,6971.75,1040
1759985100,6971.75,6973.25,6971,6972.75,690
1759986000,6973,6974.25,6971.75,6973.5,1178
1759986900,6973.5,6976.5,6972.75,6976.25,1283
1759987800,6976,6978,6975.5,6975.75,1423
1759988700,6975.5,6976.25,6973.5,6976.25,1305
1759989600,6976.25,6978.5,6975.5,6978.25,1353
1759990500,6978.5,6978.5,6974.25,6974.75,1442
1759991400,6974.75,6977.25,6974.5,6975.5,1359
1759992300,6975.75,6976.5,6970.5,6972.75,2315
1759993200,6972.75,6975.25,6972,6974.25,2684
1759994100,6974,6975.5,6972,6972.5,1971
1759995000,6972.25,6973.25,6970.5,6973.25,2215
1759995900,6973,6975,6972.25,6972.75,1449
1759996800,6972.5,6973.75,6969.75,6970.5,2134
1759997700,6970.75,6972.5,6969,6971.25,2156
1759998600,6971.25,6971.5,6967,6967.75,1826
1759999500,6967.75,6970,6967.25,6968.75,2027
1760000400,6968.5,6972,6967,6971.75,1893
1760001300,6972,6972.25,6970.25,6971.75,1107
1760002200,6971.75,6975,6971.75,6973.25,1763
1760003100,6973.5,6973.75,6971.25,6971.5,1393
1760004000,6971.5,6973.75,6970.25,6973,1446
1760004900,6973.25,6973.5,6969,6969,1467
1760005800,6969,6971,6968.5,6969.75,1641
1760006700,6969.75,6972,6968.75,6970.75,1301
1760007600,6971,6974.25,6970.75,6973,2096
1760008500,6972.75,6976,6972,6975.75,2043
1760009400,6975.5,6976.75,6973.25,6973.25,2978
1760010300,6973.25,6975,6971,6971.25,1915
1760011200,6971.25,6973.25,6971.25,6971.75,3293
1760012100,6971.75,6974.75,6971.5,6974.5,2298
1760013000,6974.25,6975.5,6972.25,6974.75,3170
1760013900,6974.75,6976.5,6973,6976,3043
1760014800,6976.25,6976.25,6972.75,6974,5698
1760015700,6974,6977.5,6973.75,6976.75,7135
1760016600,6976.75,6980.75,6967.5,6968.25,61506
1760017500,6968.5,6972,6956.5,6960,70692
1760018400,6960,6963.5,6955,6960.75,45250
1760019300,6960.5,6960.75,6951.75,6952.75,38919
1760020200,6952.75,6953,6942.5,6943,54285
1760021100,6943,6955.75,6939.75,6954,49509
1760022000,6954,6957.25,6952.25,6955.5,27127
1760022900,6955.75,6959.25,6947.25,6948.25,34268
1760023800,6948,6949,6940.25,6944.75,38004
1760024700,6944.75,6955.75,6944,6953.5,27187
1760025600,6953.75,6956.5,6951,6952,20205
1760026500,6952,6954.5,6945.75,6950,26125
1760027400,6950,6951.5,6942,6946.75,24723
1760028300,6947,6951.75,6936.5,6938.25,34498
1760029200,6938.25,6944.25,6934.5,6938.5,39039
1760030100,6938.5,6941.25,6933,6934.75,30083
1760031000,6934.75,6943.75,6932,6940.25,31906
1760031900,6940.25,6944,6938.25,6942,17807
1760032800,6941.75,6942.5,6933.5,6938,23818
1760033700,6937.75,6943.5,6937,6938.25,18983
1760034600,6938.25,6940,6935.5,6937.75,15253
1760035500,6937.75,6941,6935,6939.25,14808
1760036400,6939.25,6945,6938.25,6942.25,16743
1760037300,6942.5,6947.25,6940.75,6946,24484
1760038200,6945.75,6950.75,6944.75,6950,15922
1760039100,6950.25,6953,6945.75,6952.25,40775
1760040000,6952.25,6953.75,6949.5,6950,12622
1760040900,6950.25,6950.5,6947.25,6948.5,3385
1760041800,6948.5,6950,6946.5,6950,2821
1760042700,6949.75,6951,6948,6951,2754
1760047200,6951,6955.25,6950.75,6952,3519
1760048100,6951.75,6954,6951.25,6952.25,1266
1760049000,6952.75,6957.75,6952.75,6957,2404
1760049900,6957.25,6957.5,6955.25,6956.5,1419
1760050800,6956.75,6958,6955.25,6956.25,1543
1760051700,6956.25,6957.75,6955.75,6957,790
1760052600,6957,6957.75,6955.5,6956.5,853
1760053500,6956.5,6960.75,6956.25,6960.5,2283
1760054400,6960.5,6963.25,6957,6958.5,5270
1760055300,6958.25,6958.75,6957.5,6958,891
1760056200,6958,6959,6957.25,6958.25,1138
1760057100,6958.25,6962.25,6957.75,6961.25,2371
1760058000,6961.5,6962,6960.5,6961.25,1522
1760058900,6961.25,6964,6961.25,6963.5,2156
1760059800,6963.75,6964,6961.5,6962.5,1386
1760060700,6962.5,6964,6962.25,6963.75,855
1760061600,6963.5,6963.75,6962,6962.25,821
1760062500,6962.25,6963.25,6962,6962.75,839
1760063400,6963,6964,6962.5,6963,748
1760064300,6963.25,6963.25,6960,6960.5,1231
1760065200,6960.25,6961.5,6958.5,6960,1568
1760066100,6960.25,6961,6958.25,6958.75,1010
1760067000,6958.5,6959.75,6958.25,6958.75,877
1760067900,6959,6959.25,6955.75,6957,2117
1760068800,6957.25,6958.25,6956.75,6957.75,1208
1760069700,6958,6958.25,6955.5,6957.5,1239
1760070600,6957.75,6958,6956.25,6956.75,404
1760071500,6956.5,6956.5,6952.75,6954,1808
1760072400,6953.75,6955.5,6951.5,6955.5,1678
1760073300,6955.5,6957.5,6954.75,6956.25,1086
1760074200,6956.5,6959.25,6956.25,6958.5,981
1760075100,6958.75,6959.75,6958,6959.75,577
1760076000,6959.75,6963.75,6959.25,6963.75,1923
1760076900,6963.75,6964,6960.5,6960.75,1743
1760077800,6960.75,6961.75,6952,6957,5921
1760078700,6957.25,6958.25,6950.25,6953.5,3492
1760079600,6953.75,6957.75,6953.25,6955.25,3109
1760080500,6955.25,6958.75,6952.5,6957.25,2513
1760081400,6957.5,6959,6954.25,6956.75,2163
1760082300,6956.75,6957.75,6953.75,6957.5,2162
1760083200,6957.5,6960.5,6956.25,6960.25,3257
1760084100,6960.25,6961,6957.5,6958.25,1592
1760085000,6958.25,6961,6957.75,6960.25,1190
1760085900,6960.25,6961.25,6959.25,6959.75,1003
1760086800,6959.5,6960,6951.75,6956,6083
1760087700,6955.75,6957,6953.75,6953.75,1669
1760088600,6954,6954.25,6949.75,6949.75,3432
1760089500,6950,6952,6943.75,6944.75,4353
1760090400,6944.75,6951.5,6944.5,6950,3268
1760091300,6950.25,6952.5,6949.25,6950.5,1958
1760092200,6950.25,6952,6947.75,6952,2435
1760093100,6952,6954,6948.75,6953.75,3086
1760094000,6953.5,6956.75,6953.25,6956,3730
1760094900,6955.75,6957,6955,6956.5,1822
1760095800,6956.5,6959,6954.5,6956.75,3358
1760096700,6957,6959.75,6956.75,6959.25,1496
1760097600,6959,6961.5,6957.5,6960.75,3148
1760098500,6960.75,6961,6958.25,6959,3008
1760099400,6958.75,6960,6953.5,6953.75,5216
1760100300,6953.75,6955.5,6952.25,6954.75,4043
1760101200,6954.5,6957.25,6954.5,6957.25,3574
1760102100,6957.25,6959.75,6954.5,6959.5,6262
1760103000,6959.25,6974.5,6956.5,6973.75,62983
1760103900,6973.5,6977.75,6962.25,6968,62742
1760104800,6968,6971.25,6959.25,6963.25,49063
1760105700,6963,6969,6955.75,6963.5,51346
1760106600,6963.75,6966.5,6959,6963.25,32154
1760107500,6963.25,6968.75,6913.75,6929,88604
1760108400,6928.75,6929.75,6888,6914.25,150824
1760109300,6913.75,6918,6855.25,6860.5,133164
1760110200,6860.5,6867.5,6830.5,6866.75,145972
1760111100,6866.5,6876.75,6843.25,6854,99037
1760112000,6853.75,6857.25,6837.5,6855.25,71836
1760112900,6855.25,6862.25,6840.75,6851.25,57543
1760113800,6851.25,6863.5,6840.5,6843,48288
1760114700,6843,6847.5,6824.25,6826.5,47689
1760115600,6826.5,6831.5,6812.5,6816.75,50661
1760116500,6817,6834.5,6815,6833,43042
1760117400,6833,6844.75,6828.5,6833,39069
1760118300,6833,6835.75,6822.75,6831.5,38029
1760119200,6831.5,6832.5,6821.5,6830.75,29803
1760120100,6830.5,6836.25,6821.75,6826,28944
1760121000,6826,6830.5,6813.5,6814,28171
1760121900,6814,6820.5,6802.5,6807,41104
1760122800,6807,6817.75,6797.75,6800.5,40210
1760123700,6800.5,6808,6789.75,6794.5,46147
1760124600,6794.75,6798.25,6775.25,6795.5,75697
1760125500,6795.75,6803.25,6763,6766.5,104797
1760126400,6766.5,6778.25,6760.75,6776.5,27050
1760127300,6776.25,6778.25,6769,6776.5,6537
1760128200,6776.75,6777,6771.5,6771.5,4795
1760129100,6771.5,6772.25,6711.5,6722,32128
1760306400,6802.75,6846.25,6801.25,6828,39097
1760307300,6828,6839.5,6824.5,6826.75,16298
1760308200,6826.75,6832.5,6821.75,6828.25,10123
1760309100,6828,6832.5,6824.25,6826,4690
1760310000,6826.25,6831.75,6816.75,6829,8390
1760310900,6828.75,6835.5,6820.75,6834.75,6474
1760311800,6835,6839.25,6829.25,6833.5,6696
1760312700,6833.5,6841.75,6832.75,6839.75,4774
1760313600,6839.5,6841.5,6832.5,6839.25,6505
1760314500,6839.25,6844.25,6837,6840,5777
1760315400,6840.25,6846.75,6837.25,6846,4866
1760316300,6845.75,6850.5,6844.5,6848.75,5884
1760317200,6849.25,6852,6843.5,6846.25,8571
1760318100,6846,6852.5,6846,6850.5,5493
1760319000,6850.75,6854.5,6847.5,6852.75,5306
1760319900,6853,6855,6852.25,6854,2989
1760320800,6854,6855.25,6852,6853.25,4021
1760321700,6853.25,6855.25,6852,6854.75,2772
1760322600,6854.75,6856.25,6852,6852.5,2917
1760323500,6852.5,6854.75,6847.25,6847.75,3735
1760324400,6847.5,6855.25,6845,6853.5,4448
1760325300,6853.5,6854,6850.25,6851,2214
1760326200,6850.75,6851,6845.5,6846.5,3557
1760327100,6846.25,6847.5,6839.5,6842.25,4958
1760328000,6842,6846,6841,6845.25,4234
1760328900,6845.5,6848.5,6842.5,6846.75,3124
1760329800,6847,6849.25,6846,6846.75,2174
1760330700,6846.75,6851.25,6846.75,6850.25,1825
1760331600,6850.5,6851,6846.75,6851,2522
1760332500,6851,6853.5,6850.5,6852.25,2173
1760333400,6852.25,6854.25,6850.75,6851,2225
1760334300,6851,6854.75,6849,6854.25,2274
1760335200,6854.25,6856.5,6843.5,6845.5,5352
1760336100,6845.75,6849.25,6845,6849,3294
1760337000,6848.75,6855,6848.5,6852.75,3630
1760337900,6852.5,6858.75,6850,6858.25,3949
1760338800,6858.25,6866.5,6853,6865.75,10393
1760339700,6865.5,6874.5,6863.75,6874,8602
1760340600,6873.75,6877.5,6869.5,6869.75,7553
1760341500,6869.5,6870,6864.5,6868,4812
1760342400,6867.5,6869,6862.5,6863.5,6173
1760343300,6863.25,6864.75,6855.75,6856,5922
1760344200,6856.25,6861.5,6852.5,6852.5,5157
1760345100,6852.75,6861.5,6852,6859.75,3816
1760346000,6859.5,6861.5,6854.75,6857,3759
1760346900,6856.75,6860.5,6855.25,6856,3201
1760347800,6856.25,6857,6852.25,6853.5,3292
1760348700,6853.5,6856.75,6852,6853,2923
1760349600,6852.75,6856.5,6851.5,6855,3504
1760350500,6855,6855,6847.75,6854.5,5202
1760351400,6854.5,6859,6848.75,6850.25,4745
1760352300,6850,6853.5,6846.5,6852.5,4581
1760353200,6852.5,6857.5,6824.5,6837,32744
1760354100,6836.75,6841,6833.75,6835.75,8747
1760355000,6835.75,6842.25,6828.25,6840.75,8443
1760355900,6840.75,6844.5,6836,6838.75,7756
1760356800,6838.5,6841.5,6831,6841.25,11799
1760357700,6841,6843.75,6835.5,6840,7399
1760358600,6839.5,6846.5,6839,6845.25,5099
1760359500,6845,6848.25,6838.75,6840.75,9025
1760360400,6840.5,6852.75,6840.25,6849,24125
1760361300,6849,6852.75,6840.5,6841.5,19535
1760362200,6841.5,6852.25,6833,6846.5,115282
1760363100,6846.5,6866,6838.75,6864.75,69175
1760364000,6864.5,6868.25,6854.75,6857.75,61532
1760364900,6857.75,6863.75,6836,6844,70620
1760365800,6844.25,6860.5,6837,6850.75,56574
1760366700,6850.5,6854.5,6834.75,6837.75,52856
1760367600,6837.5,6852,6833,6850,49259
1760368500,6850,6864.25,6849.5,6863.25,33523
1760369400,6863.25,6867.75,6858.25,6859,27994
1760370300,6859,6867.75,6858,6865.5,22951
1760371200,6865.75,6870.5,6862.75,6870,24677
1760372100,6870,6876.75,6862.25,6871,44538
1760373000,6871,6875,6866.25,6869,18733
1760373900,6868.75,6880.25,6866.5,6878.75,25958
1760374800,6878.75,6882.75,6869.75,6871,23100
1760375700,6871,6874,6865,6867.25,25360
1760376600,6867.5,6869.25,6862.5,6863,18923
1760377500,6863,6868.75,6859.25,6868.5,22448
1760378400,6868.25,6873.5,6867.5,6870.25,15960
1760379300,6870.25,6876.75,6870,6875.5,12692
1760380200,6875.5,6879,6862.75,6866.5,23016
1760381100,6866.5,6866.75,6854,6857,24255
1760382000,6857,6862.75,6852.75,6857.5,27829
1760382900,6857.5,6869.5,6856.5,6864.25,21673
1760383800,6864,6871.5,6862.5,6870,15685
1760384700,6869.75,6872,6862.75,6865.75,31279
1760385600,6866,6867.5,6862.75,6863.25,9424
1760386500,6863.5,6864.5,6861.5,6863,2667
1760387400,6863,6863,6861,6862,2637
1760388300,6862,6862.75,6859.5,6861.25,4175
1760392800,6861.75,6866.25,6861.75,6866.25,3703
1760393700,6865.75,6867.75,6861,6861,2335
1760394600,6861,6865.75,6861,6865.5,2784
1760395500,6865.5,6867.25,6864.5,6867,1459
1760396400,6867,6867.5,6862.25,6862.5,2870
1760397300,6862.5,6865.75,6861.25,6864.25,2298
1760398200,6864.25,6864.5,6859.75,6860.75,3058
1760399100,6860.75,6862.75,6859,6862.75,2135
1760400000,6862.5,6871.25,6860.75,6869.25,6400
1760400900,6869.5,6880.75,6869.25,6880.75,6120
1760401800,6880.5,6889.75,6879.75,6883.75,9092
1760402700,6883.5,6883.75,6877.5,6882,5541
1760403600,6881.75,6881.75,6873,6879,7913
1760404500,6879,6881,6875.25,6879.25,2318
1760405400,6879.25,6883.25,6877.25,6881.25,2597
1760406300,6881.5,6882.5,6879,6882,1600
1760407200,6881.75,6884.25,6879.5,6882.25,2303
1760408100,6882.25,6884,6877.25,6877.5,2125
1760409000,6877.75,6878.5,6875.75,6877.25,2185
1760409900,6877.5,6877.75,6871.5,6872.25,2746
1760410800,6872.5,6873.25,6866,6867,3875
1760411700,6866.75,6867.75,6862.25,6866,3427
1760412600,6866.25,6867.25,6863.5,6866.75,2643
1760413500,6866.5,6867,6862.75,6864.5,1939
1760414400,6864.5,6865.75,6849,6850,9677
1760415300,6850.25,6850.5,6836.25,6839,12595
1760416200,6838.75,6842.75,6831.75,6841,7301
1760417100,6840.75,6844.25,6834,6843.75,4622
1760418000,6843.5,6844.5,6839,6841.25,4975
1760418900,6841.5,6845,6838.5,6838.75,3595
1760419800,6839.5,6840,6812.75,6814.75,10830
1760420700,6815,6824,6809,6822.25,10188
1760421600,6822.25,6830.25,6818.5,6829.75,6768
1760422500,6830,6830,6817.75,6823.25,6147
1760423400,6823.25,6827.25,6813,6815,5786
1760424300,6815.25,6821.75,6815,6817,4542
1760425200,6816.75,6820.25,6802.5,6813.5,11860
1760426100,6813.5,6823.5,6813,6819.75,6469
1760427000,6819.75,6822.25,6794.25,6809.25,21181
1760427900,6808.75,6813,6801,6807.5,8267
1760428800,6807.5,6813,6797.5,6810.5,12115
1760429700,6810.5,6813.75,6806.5,6813.25,5089
1760430600,6813.25,6819.25,6813.25,6815.75,5474
1760431500,6815.75,6819.75,6806.25,6819,5899
1760432400,6818.75,6823.5,6817.25,6817.5,4620
1760433300,6817.25,6819,6813.25,6814.25,3958
1760434200,6814.25,6817,6809,6813.25,4090
1760435100,6813.25,6814.25,6805.25,6806.75,4375
1760436000,6806.5,6807.75,6798.75,6803.25,5984
1760436900,6803.25,6804.5,6794.25,6794.25,8207
1760437800,6794.25,6795.25,6783.25,6784.5,15092
1760438700,6784.25,6789.25,6776.5,6789.25,14360
1760439600,6789.5,6801.25,6786.75,6799.5,10881
1760440500,6799.75,6809,6798.25,6803.5,9896
1760441400,6803.25,6812.25,6801.5,6808.25,9075
1760442300,6808,6814,6805.25,6811.25,6552
1760443200,6811.25,6812.25,6800.75,6809.5,10712
1760444100,6809.5,6810.25,6803.5,6808,6349
1760445000,6808,6808.75,6787,6790.75,15367
1760445900,6791,6803.25,6790.75,6802.25,11247
1760446800,6802,6810,6801.5,6809,7931
1760447700,6808.75,6809.5,6799.25,6805,17597
1760448600,6805,6807.75,6766,6770.75,122429
1760449500,6770.75,6804,6764.75,6801.75,102879
1760450400,6801.5,6817.25,6798.5,6816,63267
1760451300,6816.25,6833,6811.25,6831.75,64127
1760452200,6832,6837,6824.25,6832,46936
1760453100,6832,6837.5,6825.5,6831.5,45873
1760454000,6831.5,6845.5,6831.5,6835.5,49507
1760454900,6835.5,6839,6829,6831,37997
1760455800,6831,6850,6830.5,6847.5,69193
1760456700,6847.5,6865.25,6847.5,6858.75,48982
1760457600,6858.75,6861.25,6849,6855.5,40288
1760458500,6855.5,6874.5,6854.25,6871.25,52636
1760459400,6871.5,6882.25,6870.25,6881,36712
1760460300,6881,6892.25,6878.25,6879,44078
1760461200,6878.75,6888,6871.25,6884,33356
1760462100,6884,6891,6880.75,6888.75,23684
1760463000,6888.75,6890.75,6879,6888.5,29372
1760463900,6888.5,6894,6885.25,6886.5,20675
1760464800,6886.75,6889,6881.25,6885.75,21482
1760465700,6885.5,6889,6881,6886.25,20139
1760466600,6886.25,6888.5,6879.5,6882.5,18197
1760467500,6882.25,6887.25,6881.25,6884,13701
1760468400,6884.25,6888.75,6881.25,6883,18842
1760469300,6882.75,6888.5,6882.5,6882.75,13618
1760470200,6882.75,6883,6839,6843.25,109308
1760471100,6843.5,6861.5,6837,6857.25,82822
1760472000,6857.25,6865,6846,6851.25,22911
1760472900,6851.25,6851.25,6843.25,6848,6115
1760473800,6848,6853.25,6847.5,6852,3717
1760474700,6852.25,6857.75,6851,6856,3306
1760479200,6856,6869,6855.25,6859.25,10180
1760480100,6859.5,6862.5,6856.25,6860.75,4462
1760481000,6861,6862.25,6857.5,6860.75,2747
1760481900,6861,6862.25,6859.75,6862,1282
1760482800,6861.75,6867,6860,6866.5,3753
1760483700,6866.75,6870.25,6863.5,6864.75,4022
1760484600,6864.75,6866.75,6863,6864.25,2769
1760485500,6864.25,6866,6860.25,6860.25,3409
1760486400,6860.25,6863,6854.5,6856.25,6548
1760487300,6856.25,6860.75,6855,6860.25,3567
1760488200,6860.5,6863.75,6857.5,6863.75,3390
1760489100,6863.75,6867,6862.25,6866.5,3614
1760490000,6866.5,6866.5,6858.5,6863,3537
1760490900,6863.25,6869.75,6862.5,6868,2912
1760491800,6868,6868.75,6864.25,6866.5,2709
1760492700,6866.5,6866.75,6864.25,6865.75,1296
1760493600,6865.75,6872,6865.5,6871,2785
1760494500,6870.75,6876.75,6870.5,6874.5,4020
1760495400,6874.5,6875.25,6869.25,6870.5,2795
1760496300,6870.5,6871,6866.75,6868.5,1794
1760497200,6868,6869.25,6866.5,6868,1492
1760498100,6867.75,6871.75,6863,6871.5,3091
1760499000,6871.75,6872.25,6868,6868.25,1533
1760499900,6868,6869.75,6865.25,6868.25,2293
1760500800,6868,6871,6867,6870.5,1080
1760501700,6870.5,6875.25,6870,6873.75,1765
1760502600,6873.75,6876,6873.5,6875.5,1245
1760503500,6875.75,6877.25,6875,6876.5,1413
1760504400,6876.5,6883.75,6876.5,6882.5,7383
1760505300,6882.5,6886.75,6881.75,6883.25,2989
1760506200,6883.25,6884,6880.25,6883,1606
1760507100,6882.75,6883.75,6879.25,6881.25,1587
1760508000,6881.5,6882.25,6878.5,6881.75,2125
1760508900,6882,6883.75,6878,6882.75,2661
1760509800,6882.75,6886.75,6880.75,6884.5,3568
1760510700,6884.5,6886.75,6882,6886.5,2051
1760511600,6886,6890,6883,6886.75,4450
1760512500,6887,6891.25,6883.25,6883.5,3744
1760513400,6883.5,6885.75,6881.75,6882.75,2998
1760514300,6882.5,6887.5,6880.25,6886.25,2816
1760515200,6886,6890.75,6885.5,6889.75,4283
1760516100,6889.5,6893,6886.5,6889.75,4647
1760517000,6889.75,6891,6885.25,6888.75,3145
1760517900,6888.75,6889.5,6886.5,6888.75,2260
1760518800,6888.5,6902.5,6887.75,6901.75,8884
1760519700,6901.5,6902.5,6893,6893.5,3783
1760520600,6893.25,6899.75,6892.25,6896,3099
1760521500,6896,6900.75,6894.5,6899.5,2686
1760522400,6899.5,6900.25,6896.25,6897.25,2345
1760523300,6897.25,6898.25,6895.25,6897.75,1751
1760524200,6898,6898.75,6894.75,6897.75,2244
1760525100,6897.75,6902.5,6897.5,6900.25,3196
1760526000,6899.75,6901.75,6898.25,6899.5,3839
1760526900,6899.75,6900.5,6896.25,6898.25,5127
1760527800,6898.25,6901.75,6895.5,6901.25,4903
1760528700,6901.25,6902,6899.25,6900.5,3313
1760529600,6900.5,6911,6899.5,6909.5,7291
1760530500,6909.75,6912.25,6904.25,6906.5,8837
1760531400,6906.25,6908.75,6903,6907,8490
1760532300,6906.75,6910.75,6903,6909.75,9627
1760533200,6910,6910.25,6904,6904.75,6579
1760534100,6904.5,6907.25,6901.75,6903.25,11279
1760535000,6903,6911.25,6897,6907,76154
1760535900,6907,6921,6895.25,6918,89685
1760536800,6918.25,6938,6918,6930.25,60369
1760537700,6930,6935.5,6927,6931.5,37526
1760538600,6931.75,6934.5,6923.5,6927,37673
1760539500,6927,6928.25,6921.25,6925.5,31936
1760540400,6925.5,6927,6913.75,6918.25,42466
1760541300,6918.25,6920,6911.25,6912,37674
1760542200,6912,6913.5,6884.5,6890.5,84953
1760543100,6890.5,6890.75,6873.25,6886.5,77752
1760544000,6886.75,6895,6883.25,6890.25,58448
1760544900,6890.25,6899,6884.25,6890.25,51631
1760545800,6890,6892,6881.75,6885.25,41800
1760546700,6885,6885.25,6873.5,6875.25,46904
1760547600,6875.25,6875.5,6832,6832.5,109176
1760548500,6832.75,6853,6822.75,6842.5,112473
1760549400,6842.5,6864,6840.5,6863.5,60192
1760550300,6863.25,6879.5,6863,6877.25,53797
1760551200,6877.25,6880,6868.25,6877.25,44159
1760552100,6877.25,6883.5,6876.25,6877.25,30602
1760553000,6877.5,6889.25,6876,6884.75,29187
1760553900,6884.75,6892.75,6881,6891.75,22618
1760554800,6891.5,6892.75,6880.25,6885.5,29580
1760555700,6885.75,6892.25,6885.25,6888,22478
1760556600,6888,6889.25,6872.75,6882,38793
1760557500,6882.25,6887.75,6867,6886.5,69430
1760558400,6886.5,6896,6884.5,6886.5,22065
1760559300,6886.5,6891.5,6883,6884.5,6695
1760560200,6884.5,6885.75,6880.5,6881.5,4616
1760561100,6881.25,6887.25,6880.75,6884.75,3185
1760565600,6885.75,6895.25,6885.25,6894.75,4155
1760566500,6894.5,6897.75,6891,6893.25,4245
1760567400,6893,6895,6888.5,6889,2367
1760568300,6889.25,6894.25,6886.5,6893.75,2830
1760569200,6893.75,6893.75,6889,6890.75,2024
1760570100,6890.75,6890.75,6883.5,6885,3773
1760571000,6885,6887.75,6881.5,6885.75,3605
1760571900,6885.25,6887,6882,6886,2331
1760572800,6886,6888.5,6882,6882.25,4284
1760573700,6882.5,6884.75,6879.5,6882,3969
1760574600,6881.5,6882,6874,6876.75,6269
1760575500,6876.5,6883,6876,6881.5,3862
1760576400,6881.25,6886.75,6879.75,6883,4484
1760577300,6883,6887.25,6882.5,6884.75,2945
1760578200,6884.5,6887.25,6883.75,6885,1943
1760579100,6885,6886,6881.5,6884.25,2492
1760580000,6884.75,6887,6883.5,6884.5,1946
1760580900,6884.25,6884.5,6879.75,6879.75,2511
1760581800,6880.25,6881,6877,6879,3115
1760582700,6879,6886,6878.75,6884.75,2615
1760583600,6884.75,6887.25,6882.75,6882.75,2642
1760584500,6882.5,6884,6879.25,6882.25,1776
1760585400,6882.5,6883.25,6879.5,6881.5,1114
1760586300,6881.25,6882.25,6880.5,6881,907
1760587200,6881,6884.75,6879.75,6884.75,1692
1760588100,6885,6885.5,6883,6883.25,917
1760589000,6883.25,6885.75,6880.5,6883.5,1375
1760589900,6883.75,6886,6881.5,6884,1294
1760590800,6884,6884.75,6882,6884.75,1164
1760591700,6884.75,6886.25,6884,6885,931
1760592600,6885.25,6891.25,6883.75,6889,5011
1760593500,6888.75,6889,6883.25,6887.25,2403
1760594400,6887.25,6894.25,6887.25,6892.75,4413
1760595300,6892.75,6895.75,6890.5,6895.5,3335
1760596200,6895.5,6899.75,6895,6897.75,3590
1760597100,6897.5,6901.75,6897.5,6900.25,3156
1760598000,6900.75,6904.25,6894,6898.75,6005
1760598900,6898.75,6900,6894.25,6894.75,3724
1760599800,6895,6896,6889.25,6895,4421
1760600700,6894.5,6907.5,6894,6903.5,12466
1760601600,6903.25,6908,6901.75,6906,5472
1760602500,6906,6908.25,6898.25,6898.5,3725
1760603400,6898.75,6903,6897.25,6900.75,3708
1760604300,6900.75,6901.75,6899.5,6900.75,2198
1760605200,6900.5,6904,6900,6901,3262
1760606100,6901,6905.25,6899.5,6904.75,2301
1760607000,6905,6905,6899.25,6903,3768
1760607900,6903,6908,6902.75,6907.5,3513
1760608800,6907.5,6911.75,6907,6911,3832
1760609700,6910.5,6913.5,6908.75,6913,3080
1760610600,6913,6914.75,6910.75,6912,3239
1760611500,6912,6912.25,6908.75,6910.25,3510
1760612400,6910.25,6913.75,6909.25,6911.5,4405
1760613300,6911.75,6916.5,6911.5,6915.5,2957
1760614200,6916,6916,6911.75,6912.25,3086
1760615100,6912.25,6913,6910,6911,2563
1760616000,6911,6913.25,6903.75,6904.25,7023
1760616900,6904,6908.5,6904,6907.75,5170
1760617800,6907.75,6916.5,6901.25,6916,9150
1760618700,6916.25,6917.5,6912.75,6913,5259
1760619600,6912.75,6915,6908.75,6913,7359
1760620500,6913,6914.25,6902.25,6902.75,13586
1760621400,6902.5,6909.75,6896.25,6907.5,70955
1760622300,6907.25,6915.5,6895.5,6900.75,79859
1760623200,6901,6905.25,6888.25,6892.25,72196
1760624100,6892.5,6910.25,6889.25,6903.5,77059
1760625000,6903.75,6921.75,6902,6919.25,57873
1760625900,6919,6921,6903.25,6905,65809
1760626800,6905,6914.5,6899.75,6913.5,48255
1760627700,6913.25,6914.75,6888.5,6892,58816
1760628600,6892.25,6901.75,6881.25,6885,92427
1760629500,6885,6889,6873,6878.75,81075
1760630400,6879,6885.25,6870.5,6880.75,71058
1760631300,6880.5,6884.75,6856.25,6858,78055
1760632200,6858.25,6858.5,6829.5,6841,117718
1760633100,6841,6868.25,6825.75,6867,83491
1760634000,6866.75,6870,6846.25,6859.5,76642
1760634900,6859.75,6876,6855.75,6868.25,54917
1760635800,6868.25,6873.25,6848.5,6852.75,42908
1760636700,6853,6856.5,6844.25,6851.5,38985
1760637600,6851.25,6852.75,6812.75,6816.75,66839
1760638500,6816.5,6826.75,6806.75,6816.25,75700
1760639400,6816.25,6836.25,6803.25,6831.75,69528
1760640300,6832.25,6839.75,6827.5,6838,49750
1760641200,6837.75,6842.5,6827,6827.5,53926
1760642100,6827.5,6830.25,6812.75,6822.5,51421
1760643000,6822.25,6829.5,6814.25,6827.5,45145
1760643900,6828,6846,6824.75,6840,65691
1760644800,6839.75,6845,6822,6823.75,18647
1760645700,6823.75,6830.75,6822.25,6827.25,7013
1760646600,6827.5,6830.25,6824,6829.5,4694
1760647500,6829.5,6834.5,6829,6830.75,3368
1760652000,6830.75,6840.5,6827.5,6833.75,8429
1760652900,6833.5,6834.25,6826.75,6831.75,7029
1760653800,6831.75,6834,6823,6825.75,5261
1760654700,6825.75,6828.5,6815.75,6816,6916
1760655600,6816,6819.75,6812.75,6815.5,9239
1760656500,6816,6823,6814,6814,5048
1760657400,6814,6818.25,6813.25,6815.75,4427
1760658300,6815.75,6823,6815.25,6822.5,4355
1760659200,6822.5,6829.25,6819.5,6822.25,5938
1760660100,6822.25,6825.75,6820,6822,4758
1760661000,6822,6826,6821,6824.5,3210
1760661900,6824.5,6825,6820.25,6822.75,2600
1760662800,6823,6834.25,6822.75,6829.25,6166
1760663700,6829,6831.5,6827.75,6830,2943
1760664600,6830,6831.25,6826.5,6828.25,3086
1760665500,6828.25,6828.75,6813.75,6819.5,7581
1760666400,6819.75,6821.75,6814,6820.25,5582
1760667300,6820.5,6820.5,6814.75,6816.75,2794
1760668200,6816.75,6821,6816.5,6819.5,1897
1760669100,6819.25,6821.75,6818,6819.5,1772
1760670000,6819.25,6820.25,6816.25,6816.75,2086
1760670900,6816.75,6820.75,6815.75,6819.5,2045
1760671800,6819.75,6821.5,6811.5,6812.25,4463
1760672700,6812.25,6815,6807.5,6813.25,4385
1760673600,6813,6815,6811.25,6812.75,2403
1760674500,6812.75,6813.25,6809,6810.25,3057
1760675400,6810.25,6812.5,6808.75,6809,2102
1760676300,6809,6810,6806.5,6808,3269
1760677200,6808.25,6809,6799.5,6800,5538
1760678100,6800,6803.25,6796.25,6801.75,6482
1760679000,6802,6803,6790,6791.75,7484
1760679900,6791.75,6802.25,6791.5,6799.5,5033
1760680800,6799.75,6805.25,6798,6800.25,4858
1760681700,6800.5,6801.5,6792.25,6794.5,7157
1760682600,6794.25,6796.75,6783.75,6788.25,10742
1760683500,6788.25,6790.5,6780,6782.25,8195
1760684400,6782.75,6784.75,6759.75,6761.5,21666
1760685300,6761.5,6766.5,6748.5,6757.25,22349
1760686200,6757.25,6760.5,6742.5,6756.5,21825
1760687100,6756.25,6764.5,6754.75,6756,9630
1760688000,6756,6759.5,6743.75,6746.5,11660
1760688900,6746.75,6758.25,6742.5,6757.5,8683
1760689800,6757.75,6769.25,6754.5,6760,10001
1760690700,6760.25,6765.75,6758,6762.25,5890
1760691600,6762.25,6771,6761,6770.25,5090
1760692500,6770,6779.5,6769.25,6774,6664
1760693400,6774,6779.25,6763,6768,9184
1760694300,6768,6771.25,6762.25,6763,6308
1760695200,6763.5,6776,6763.25,6768,7997
1760696100,6768.25,6771,6762.25,6764,9033
1760697000,6764,6779.75,6763.75,6778,9988
1760697900,6778,6787,6771,6786.5,9626
1760698800,6787,6826,6784,6824,30299
1760699700,6823.75,6827,6809.25,6817.75,20991
1760700600,6817.75,6824.25,6810.75,6819.25,11187
1760701500,6819,6825,6809,6824,10696
1760702400,6824,6838,6819.25,6831.5,18626
1760703300,6831.5,6843,6829.75,6836.75,11645
1760704200,6836.75,6843.25,6829.5,6834.25,9715
1760705100,6834.25,6838.5,6828.25,6829.5,7776
1760706000,6829.5,6838.5,6827.25,6830.5,10737
1760706900,6830,6836.75,6824.5,6826,19594
1760707800,6825.75,6845,6812.75,6816.75,107725
1760708700,6816.75,6855.75,6813.75,6837.5,97941
1760709600,6837.5,6864.5,6827.25,6862.5,94628
1760710500,6862.5,6868.5,6846.5,6854.25,89891
1760711400,6854.25,6855.25,6831.5,6834.5,92284
1760712300,6834.5,6848.75,6824.25,6826.5,74703
1760713200,6826.75,6848,6822,6822,87234
1760714100,6822,6832.75,6816,6825,62068
1760715000,6825.25,6838,6811.75,6835.75,69419
1760715900,6835.75,6853.75,6832.75,6848.25,50627
1760716800,6848.25,6863.5,6847.75,6858.5,45103
1760717700,6858.5,6865.25,6853.5,6862.75,43047
1760718600,6862.75,6868,6851.25,6854.5,43294
1760719500,6854.75,6867,6843.5,6851.5,51337
1760720400,6851.5,6852.75,6840.75,6847.25,39623
1760721300,6847.25,6848.75,6836.5,6842.5,36727
1760722200,6842.5,6856.25,6840.75,6842,36837
1760723100,6842,6862,6838,6859.75,40079
1760724000,6859.75,6871.5,6859.75,6867.75,34995
1760724900,6868.25,6882,6867.75,6877.75,33887
1760725800,6878,6882.5,6872.25,6873.5,24139
1760726700,6873.75,6878.25,6871.75,6875.25,17455
1760727600,6875.5,6887,6875,6885.75,27302
1760728500,6885.75,6889.25,6881.75,6882.75,20041
1760729400,6882.75,6883,6873.75,6878.5,28344
1760730300,6878.25,6880.5,6872,6875,38822
1760731200,6875.25,6882.75,6872.75,6881.75,13286
1760732100,6881.5,6884.5,6879.5,6882,5356
1760733000,6882,6883.75,6880.5,6881.5,2531
1760733900,6881.5,6883.25,6880.5,6882.25,3877
1760911200,6892,6897.75,6885.75,6890.75,7786
1760912100,6890.5,6890.75,6884.25,6886.75,5363
1760913000,6886.5,6888.25,6884,6887.25,3704
1760913900,6886.75,6888.5,6886.5,6887.25,1250
1760914800,6887.25,6887.75,6883,6883.75,4454
1760915700,6883.75,6885,6873.25,6874,5982
1760916600,6874,6877.75,6873.75,6873.75,4696
1760917500,6874,6878,6872.75,6877,4056
1760918400,6876.75,6877,6870.25,6871.25,6071
1760919300,6871.25,6874.25,6865,6869.75,9123
1760920200,6870,6879.5,6868,6879.5,7573
1760921100,6879.5,6888.25,6878.75,6885.75,6888
1760922000,6886,6889.5,6885,6886,4210
1760922900,6885.75,6892,6885.25,6889.25,3710
1760923800,6889.25,6889.5,6884.75,6888.75,5170
1760924700,6889,6889,6881.25,6884.5,3724
1760925600,6884.25,6885.25,6880.75,6881.75,3078
1760926500,6881.75,6884.75,6880.5,6883,2317
1760927400,6883,6886.5,6882.25,6885.25,2308
1760928300,6885,6887.75,6884.5,6886,2345
1760929200,6886,6888.5,6886,6888,1394
1760930100,6887.75,6889.25,6887.25,6888.25,1050
1760931000,6888.5,6891,6887.5,6890.25,1886
1760931900,6890.5,6895.75,6890.25,6894.25,3381
1760932800,6894.75,6898.5,6894,6896.25,3477
1760933700,6896.25,6899.75,6894.75,6898.5,1991
1760934600,6898.75,6899.5,6893,6896.5,2572
1760935500,6896.5,6899.25,6895,6898.5,1279
1760936400,6898.5,6899.5,6897.5,6898.5,1377
1760937300,6898.75,6900.25,6895,6899.25,2075
1760938200,6899,6901.75,6897,6901.25,2396
1760939100,6901,6903,6897.75,6900.25,2706
1760940000,6900,6900.25,6894.5,6896,2972
1760940900,6896,6900.25,6894.75,6898.5,2146
1760941800,6898.5,6902.5,6898.5,6900.5,2825
1760942700,6900.5,6902.25,6896,6899.25,2869
1760943600,6899.25,6904.75,6896.5,6900.75,5011
1760944500,6901,6905.5,6901,6905,2683
1760945400,6904.75,6908.75,6903.5,6905.5,3454
1760946300,6905.5,6906,6900.25,6902.5,3122
1760947200,6902.5,6904,6897.75,6900.25,4510
1760948100,6900.5,6901.25,6895,6897,2951
1760949000,6897,6899,6893.5,6894,3309
1760949900,6894.5,6896,6889.75,6891.5,3477
1760950800,6891.25,6894.25,6888.5,6893.5,4310
1760951700,6893.75,6897.25,6892.75,6895.75,3485
1760952600,6895.5,6896,6890.75,6891.75,2909
1760953500,6891.75,6894.25,6889.75,6894,2194
1760954400,6894,6896.25,6889.75,6891.5,3437
1760955300,6891.25,6893.25,6890,6891.75,2125
1760956200,6891.5,6898.25,6890.75,6890.75,4462
1760957100,6890.75,6891.5,6883.5,6884,6315
1760958000,6883.75,6891,6882.75,6889.75,4794
1760958900,6889.75,6893.5,6889.25,6892.5,3987
1760959800,6892.25,6892.5,6889.25,6890.25,3265
1760960700,6890.25,6896,6889.75,6895.25,3435
1760961600,6895,6895.5,6892,6894.75,4037
1760962500,6894.75,6896.5,6892.5,6894.75,4021
1760963400,6894.75,6899.75,6894.75,6899,3794
1760964300,6899,6905.5,6899,6905.25,7573
1760965200,6905.25,6908.25,6904.5,6905,7539
1760966100,6905,6909.75,6903,6904.5,12351
1760967000,6904.75,6923,6904.25,6918,65059
1760967900,6918,6926,6916,6918.5,46852
1760968800,6918.75,6929.5,6918.5,6927.5,41844
1760969700,6927.25,6935.75,6921.5,6934.25,38615
1760970600,6934.5,6940.5,6929.75,6940.5,31722
1760971500,6940.5,6946.75,6940,6944,27976
1760972400,6944.25,6944.5,6935,6935,27652
1760973300,6935.25,6943,6934.5,6941.25,24950
1760974200,6941.25,6942.5,6938.25,6940,16131
1760975100,6940.25,6945.25,6933.5,6937.75,43705
1760976000,6937.75,6941,6934.25,6935.5,19426
1760976900,6935.5,6941.5,6934,6940.25,18681
1760977800,6940,6941.75,6934.75,6939.25,16266
1760978700,6939.5,6943,6937.75,6942.25,11512
1760979600,6942.5,6949.25,6942,6947.5,19782
1760980500,6947.75,6952.25,6947.25,6948.25,16732
1760981400,6948.25,6953.5,6947.5,6951.75,13464
1760982300,6952,6952.5,6948.25,6950,11687
1760983200,6950,6954.5,6949.75,6953.5,13934
1760984100,6953.25,6954.25,6949.5,6950.5,10709
1760985000,6950.75,6951.5,6947.5,6948,12889
1760985900,6948,6949.75,6943.75,6948.5,18910
1760986800,6948.5,6952.25,6948,6949.25,14674
1760987700,6949,6950,6943.75,6949,17384
1760988600,6949.25,6950.75,6946.5,6947,12933
1760989500,6947,6954,6943.75,6944.5,40597
1760990400,6944.75,6949.25,6941,6948.25,14330
1760991300,6948.25,6949.5,6947.5,6949.5,3302
1760992200,6949.25,6950,6949,6949.5,2237
1760993100,6949.75,6951.75,6949.25,6951.5,2571
1760997600,6950.25,6952.25,6947.5,6948.25,2898
1760998500,6948.25,6952,6948,6950.25,1894
1760999400,6950.25,6951,6947.75,6949.5,1960
1761000300,6949.75,6950.25,6948.25,6948.75,1635
1761001200,6949,6953.75,6948.75,6951.5,2687
1761002100,6951.5,6952.5,6949,6952.5,2082
1761003000,6952.5,6953,6949.25,6950,1557
1761003900,6949.75,6949.75,6947.5,6949.25,2252
1761004800,6949,6951.75,6947.25,6949.75,3473
1761005700,6949.75,6953.25,6949.5,6951.75,2187
1761006600,6951.75,6953,6950.5,6952.5,1596
1761007500,6952.5,6953.25,6952,6953,1028
1761008400,6953.25,6954.25,6952.5,6953.75,2089
1761009300,6953.25,6956,6951,6952,3000
1761010200,6952,6952.5,6949.5,6950.75,2279
1761011100,6951,6953.75,6950.5,6952,1227
1761012000,6951.75,6954,6951.25,6953.75,2061
1761012900,6954,6955.75,6953.25,6955.75,2387
1761013800,6955.5,6956.5,6951.75,6951.75,1836
1761014700,6952,6953,6950.75,6951.75,1463
1761015600,6951.75,6953.25,6951.75,6953.25,900
1761016500,6953.25,6953.5,6951.25,6951.25,649
1761017400,6951.25,6952.75,6949.5,6950.5,1365
1761018300,6950.75,6950.75,6947,6949,2036
1761019200,6949,6949,6946.5,6947.75,1202
1761020100,6947.75,6948.75,6947,6948.25,781
1761021000,6948.25,6948.25,6946.25,6947.75,1048
1761021900,6947.25,6948.25,6942.5,6945.5,3196
1761022800,6945.25,6947,6942,6944.75,2379
1761023700,6945,6947.25,6942.25,6942.75,1508
1761024600,6942.75,6944.75,6941.75,6942,1405
1761025500,6941.75,6943.5,6938.75,6942.5,3525
1761026400,6943,6943,6936.5,6937,3153
1761027300,6936.5,6940.75,6935.75,6939,2895
1761028200,6939,6940.75,6937.5,6938.75,1495
1761029100,6938.75,6941.75,6938,6939,1745
1761030000,6939,6939.5,6935.25,6935.5,4004
1761030900,6935.5,6940.25,6935.5,6940,2366
1761031800,6940.25,6940.5,6936.25,6936.75,3217
1761032700,6936.5,6939.5,6935.5,6938.5,2551
1761033600,6938.5,6940,6936.75,6938,3026
1761034500,6938,6938,6934.25,6936.75,3647
1761035400,6937,6938.25,6935,6936.75,1994
1761036300,6936.75,6937.75,6935.25,6935.75,1308
1761037200,6936,6939.25,6935.5,6938.75,1780
1761038100,6938.75,6940,6936.5,6939.75,2237
1761039000,6939.75,6941.75,6938.5,6939.75,3253
1761039900,6940,6942.25,6939.25,6939.75,2450
1761040800,6939.75,6941.25,6938.75,6938.75,2375
1761041700,6938.75,6940,6936.25,6940,3090
1761042600,6940,6942,6939,6940.75,2603
1761043500,6940.75,6943.25,6939.75,6942.25,2870
1761044400,6942.25,6945.75,6940.75,6945.5,3873
1761045300,6945.25,6947.75,6945.25,6947.75,3358
1761046200,6947.5,6947.75,6943.25,6945.25,7952
1761047100,6945.5,6947.75,6944.75,6947.5,2813
1761048000,6947.25,6948.75,6945.5,6947,4308
1761048900,6947,6949,6946.25,6947.75,2954
1761049800,6947.75,6948.5,6944.25,6947.5,5027
1761050700,6947.5,6948.25,6944,6945.25,4476
1761051600,6945.25,6946.75,6939,6942.25,11725
1761052500,6942.5,6946.25,6941.25,6945.25,13042
1761053400,6945.5,6948.75,6937.75,6942.25,58187
1761054300,6942.25,6942.75,6932.5,6936.25,55596
1761055200,6936.5,6941.25,6930.25,6940.25,52764
1761056100,6940,6949.75,6934.75,6936.75,58911
1761057000,6936.5,6948.25,6933,6943.75,45945
1761057900,6943.75,6957.75,6940.75,6957,42352
1761058800,6956.75,6958.75,6953,6955.5,29730
1761059700,6955.5,6955.75,6946.25,6950,38024
1761060600,6950,6953.5,6944.75,6950,30215
1761061500,6950,6956.25,6950,6954,22358
1761062400,6953.75,6957.75,6952.25,6956,18466
1761063300,6955.75,6958,6952.5,6957.5,16423
1761064200,6957.5,6959.25,6954.75,6957.25,17622
1761065100,6957.5,6961.25,6944.5,6946,47884
1761066000,6946.25,6952.75,6938.5,6952,46374
1761066900,6952,6952.25,6941.25,6947,34046
1761067800,6947.25,6951,6943.5,6947.75,25000
1761068700,6948,6954.25,6947.5,6953,16923
1761069600,6953,6955.5,6952.5,6954.25,12731
1761070500,6954.25,6956.25,6948.75,6953.75,21374
1761071400,6954,6955.5,6949,6949,12567
1761072300,6949.25,6953,6948.75,6950.5,12351
1761073200,6950.5,6952,6947.75,6951,13172
1761074100,6951.25,6953.75,6949,6950,11757
1761075000,6949.75,6950.75,6947.5,6950.75,12058
1761075900,6950.5,6955.25,6942.5,6943.5,29899
1761076800,6943.5,6947,6936,6939,24110
1761077700,6939.25,6942,6939.25,6941.75,4796
1761078600,6942,6944.5,6940.75,6943.75,3604
1761079500,6943.75,6944.5,6941.25,6943.5,2855
1761084000,6944.5,6949.25,6943,6944.25,4239
1761084900,6944.25,6948,6944,6947.5,2783
1761085800,6947.5,6948.5,6944.25,6945.5,1562
1761086700,6945.75,6947.25,6944.5,6946.75,1439
1761087600,6946.75,6947,6941.25,6942.5,2486
1761088500,6943,6946.25,6941.75,6943.5,2398
1761089400,6943.5,6944,6941.75,6942.5,1319
1761090300,6942.5,6943.25,6940.25,6941,2048
1761091200,6941.25,6943.75,6937.75,6941.5,4607
1761092100,6941.25,6941.5,6937.5,6940.25,3736
1761093000,6940.5,6942,6937.25,6937.25,2278
1761093900,6937.5,6939,6936.5,6937.5,1795
1761094800,6937.5,6941.5,6935.5,6940.75,2913
1761095700,6940.5,6941.75,6939.25,6940.5,1572
1761096600,6940.75,6942,6939.5,6941,1412
1761097500,6940.75,6946,6940.5,6945.25,2003
1761098400,6945.5,6947.25,6942.5,6947,1964
1761099300,6946.75,6948.5,6946,6948.5,1854
1761100200,6948.25,6948.5,6946,6947,852
1761101100,6947,6947.25,6946.25,6947,468
1761102000,6947,6947.25,6943.5,6943.75,1493
1761102900,6944,6944.75,6941,6942.25,1426
1761103800,6942.25,6943.25,6940.5,6942.25,1019
1761104700,6942.5,6951.25,6942.5,6950.5,3056
1761105600,6950.5,6958.75,6950.25,6956.5,4909
1761106500,6956.25,6959.5,6955.75,6956.75,1823
1761107400,6956.75,6958,6956,6957.5,1004
1761108300,6957.5,6957.75,6954.5,6955.75,2168
1761109200,6955.5,6957.75,6955,6957.5,992
1761110100,6957.5,6957.75,6953.25,6955,1533
1761111000,6955,6956.25,6951.75,6952.25,1368
1761111900,6952.25,6955,6952.25,6953.25,1253
1761112800,6953.5,6957,6950.5,6956.5,2289
1761113700,6956.75,6959,6955.75,6956,2873
1761114600,6956,6960,6953.75,6959,2429
1761115500,6958.75,6960,6956.25,6956.75,1757
1761116400,6956.75,6957.25,6947.75,6948.25,4754
1761117300,6948.25,6954.25,6946.5,6954.25,3055
1761118200,6954,6955,6952,6952.75,2071
1761119100,6952.75,6954.5,6952.25,6953.25,1337
1761120000,6953,6953.5,6945.5,6946.5,3048
1761120900,6946.25,6946.75,6943.25,6946,3090
1761121800,6946.5,6947.75,6944,6945.5,2021
1761122700,6945.25,6948,6943.25,6947,2369
1761123600,6947,6947.25,6941,6943.25,2530
1761124500,6943.25,6947.5,6939.75,6946.25,3310
1761125400,6946.25,6948.75,6944.25,6945.25,2617
1761126300,6945.5,6950,6944.25,6949.75,2633
1761127200,6950,6950.5,6948,6949.75,2030
1761128100,6949.75,6952.5,6949.5,6952.5,1958
1761129000,6952.25,6954,6951.25,6953.75,3861
1761129900,6953.5,6954,6948.75,6949.5,2067
1761130800,6949.5,6950.5,6938,6942.75,6586
1761131700,6942.5,6945.5,6938.5,6941.25,5846
1761132600,6941.5,6943.25,6936.75,6938.75,5732
1761133500,6938.75,6944.75,6937,6940.5,6019
1761134400,6940.5,6949.5,6939.5,6948.25,8567
1761135300,6948.5,6950.25,6946.25,6947.75,3547
1761136200,6948,6950.75,6945.75,6949.5,4631
1761137100,6949.75,6952,6948.5,6950.5,3254
1761138000,6950.5,6952.75,6948,6952,4841
1761138900,6952,6953,6949.25,6950.25,6687
1761139800,6950.25,6950.5,6934.5,6948.25,65670
1761140700,6948,6948.75,6939.75,6943,36178
1761141600,6942.75,6946.5,6937,6937.5,33199
1761142500,6937.5,6943.5,6923.25,6924.25,66274
1761143400,6924.5,6928,6914.75,6915.5,72615
1761144300,6915.5,6931.5,6910.75,6930.75,64980
1761145200,6931,6934.5,6922.25,6925.75,52025
1761146100,6925.75,6928.5,6905.75,6908.5,62905
1761147000,6908.5,6918.25,6903.75,6915.75,61496
1761147900,6915.75,6927.75,6915.25,6920,42502
1761148800,6920.25,6922,6908,6912.25,39271
1761149700,6912.5,6917.5,6901,6906,40396
1761150600,6905.5,6910.75,6869.25,6901.75,141778
1761151500,6901.5,6911.75,6894,6903,60678
1761152400,6903,6906.75,6890.5,6891,41373
1761153300,6891,6893.75,6876.5,6883.75,56026
1761154200,6883.5,6888.5,6863.5,6865.25,56339
1761155100,6865.5,6877.25,6862,6876.5,59592
1761156000,6876.5,6884,6873.5,6873.75,50703
1761156900,6874,6891.5,6866.5,6886,55041
1761157800,6886,6893.5,6880,6888.75,45855
1761158700,6888.75,6895.25,6883.5,6894.5,34027
1761159600,6894.5,6905.75,6884.75,6898.75,43113
1761160500,6898.5,6906,6897.5,6904.25,25032
1761161400,6904,6913.5,6903.5,6906.5,23108
1761162300,6906.5,6912.25,6903,6908.25,35770
1761163200,6908.5,6915.25,6907.5,6910.25,12870
1761164100,6910,6910.5,6903,6904.25,4939
1761165000,6904.25,6908.5,6902.75,6907.75,2538
1761165900,6908,6909,6906.25,6908.5,2450
1761170400,6905.25,6907.5,6900.5,6907.25,4441
1761171300,6907.5,6910.75,6905.75,6906.75,3692
1761172200,6906.75,6908.5,6905.75,6907.25,2318
1761173100,6907.25,6909.5,6906.75,6908,1700
1761174000,6908,6911.75,6906.75,6910.5,2524
1761174900,6910.25,6911,6907.75,6908,1858
1761175800,6908.25,6909.75,6904.5,6905,2915
1761176700,6905,6906,6897.75,6898.25,4268
1761177600,6898.25,6900.5,6888.5,6899.75,9201
1761178500,6899.5,6904.5,6899.5,6903.75,4346
1761179400,6903.75,6907.5,6900.75,6903,4015
1761180300,6903.25,6909.25,6901.5,6908,3206
1761181200,6908,6912.25,6907.25,6911.25,3674
1761182100,6911.25,6914.25,6911,6912.75,3461
1761183000,6912.5,6919.5,6912,6917.5,4708
1761183900,6917.5,6918.5,6915.75,6918.5,1864
1761184800,6918.5,6919.75,6917,6917.25,2260
1761185700,6917.25,6920.5,6917,6919,1535
1761186600,6919,6920,6917,6918.75,1031
1761187500,6918.75,6921,6918.25,6918.25,1410
1761188400,6918.5,6921.25,6918.25,6920.5,1434
1761189300,6920.75,6921.5,6916.75,6917.25,2115
1761190200,6917.25,6919,6913.75,6916.5,3064
1761191100,6916.5,6918.25,6914.75,6916.5,1466
1761192000,6916.5,6918.25,6913,6913.25,1780
1761192900,6913.25,6916.75,6911.75,6915,1959
1761193800,6915.25,6915.25,6910.75,6912.5,1796
1761194700,6912.5,6914,6911.5,6913,1016
1761195600,6913,6914.5,6911.25,6913,1114
1761196500,6913,6913.25,6909.25,6911.5,2084
1761197400,6911.5,6914,6911,6912.5,1477
1761198300,6912.5,6918.5,6912,6917.5,2462
1761199200,6917.5,6918.5,6914.25,6914.75,2413
1761200100,6915,6918.5,6914.75,6916.25,2585
1761201000,6916.5,6918.5,6913.75,6917.5,2176
1761201900,6917.5,6921,6917,6919.5,2748
1761202800,6919.5,6923,6918.75,6921.25,3178
1761203700,6921.25,6922.5,6910.75,6914.25,4131
1761204600,6914.5,6919.25,6914,6917.75,2858
1761205500,6917.75,6920.25,6916.25,6917.75,2412
1761206400,6918,6921.25,6915.75,6917.75,3320
1761207300,6917.75,6919,6916.75,6917.5,1546
1761208200,6917.5,6920,6917,6917.5,1418
1761209100,6917.5,6917.75,6913.5,6916,2817
1761210000,6915.75,6918,6908.75,6912.75,3743
1761210900,6912.25,6912.5,6904.5,6908.75,4585
1761211800,6908.5,6910,6906.75,6907.5,2112
1761212700,6907.25,6912,6903.75,6910.5,3480
1761213600,6910.5,6912.75,6909,6911.25,3208
1761214500,6911.25,6913.5,6910.25,6911.5,1885
1761215400,6911.5,6913.25,6910.5,6910.75,1621
1761216300,6910.5,6912.25,6908.25,6911,3049
1761217200,6911.25,6911.5,6899.75,6903.25,7849
1761218100,6903.5,6907.5,6902,6906.75,4282
1761219000,6907,6907,6899.75,6900.25,4638
1761219900,6900.25,6901,6894.75,6897,6079
1761220800,6897,6898,6894,6895.5,6737
1761221700,6895.75,6899.25,6891.75,6898.75,7666
1761222600,6899,6899.25,6891,6896,7581
1761223500,6896,6908.25,6895.5,6907.25,8294
1761224400,6907.25,6907.75,6895.25,6902.5,13131
1761225300,6902.25,6910.75,6901,6910.5,9670
1761226200,6910.5,6925,6907.25,6925,61374
1761227100,6924.75,6937.25,6923.5,6929.5,74542
1761228000,6929.5,6933.25,6917.75,6920.25,56267
1761228900,6920.5,6927.5,6910.25,6923,64221
1761229800,6923.25,6931.25,6919,6927.75,40987
1761230700,6927.5,6933.5,6922.5,6931.75,40804
1761231600,6931.75,6932.75,6924,6926.25,28556
1761232500,6926.25,6932,6920.25,6930,33969
1761233400,6930,6935,6916.5,6918.75,40007
1761234300,6918.5,6936.75,6917.25,6932.25,38662
1761235200,6932,6940.25,6931,6940,26455
1761236100,6940,6940.75,6931.25,6935,24408
1761237000,6935,6942.5,6934.5,6942,20188
1761237900,6942,6945.25,6939.5,6944.25,16063
1761238800,6944,6946.25,6933.5,6944.25,42727
1761239700,6944.5,6945.75,6937,6939.75,19905
1761240600,6939.75,6953.25,6939.5,6951.75,34241
1761241500,6952,6954.75,6950.5,6953.5,14851
1761242400,6953.75,6954.75,6950.25,6952,13262
1761243300,6952,6955.25,6948,6954.75,17546
1761244200,6954.75,6956.25,6952.75,6954.5,11497
1761245100,6954.5,6957,6953,6955.25,11706
1761246000,6955.25,6957,6953.25,6956,10878
1761246900,6956.25,6956.75,6952.25,6954.5,11380
1761247800,6954.25,6954.5,6949.25,6949.5,18297
1761248700,6949.5,6952.5,6942.75,6945.75,41411
1761249600,6945.75,6949.75,6944.75,6946.25,12055
1761250500,6946,6947,6944.5,6945.75,2812
1761251400,6945.5,6949,6945.25,6948,4050
1761252300,6948.25,6948.75,6946.75,6948.75,2572
1761256800,6949.25,6953,6947.75,6951,3255
1761257700,6951,6952.75,6950.75,6951.5,1535
1761258600,6951.5,6953,6950.5,6951.25,1342
1761259500,6951.5,6952,6949.75,6951.25,1155
1761260400,6951,6953,6950.75,6952,1660
1761261300,6952,6952.5,6951,6951.5,740
1761262200,6951.75,6952.75,6951.5,6951.75,783
1761263100,6951.75,6953.75,6951.25,6952,1152
1761264000,6952.25,6953.25,6948.25,6950,2005
1761264900,6950,6951.25,6949.75,6950.75,1076
1761265800,6950.75,6953,6950.5,6951.75,1354
1761266700,6952,6952.5,6950.25,6952.25,1709
1761267600,6952.25,6956,6952,6955.25,2552
1761268500,6955.75,6956.75,6953,6953.25,2398
1761269400,6953.25,6954,6952,6953.75,2104
1761270300,6953.75,6956.5,6953.5,6956,1450
1761271200,6956,6956.5,6954.75,6956.25,1081
1761272100,6956.25,6958.25,6955.5,6957.75,1769
1761273000,6957.75,6957.75,6952.75,6953.5,1696
1761273900,6953.25,6956.25,6953.25,6954.5,1092
1761274800,6954.5,6955.75,6954,6955.25,757
1761275700,6955.5,6959,6955.25,6958.5,1558
1761276600,6958.75,6959.5,6958,6958.25,911
1761277500,6958.25,6959.25,6957.75,6959,651
1761278400,6959,6959.75,6956.5,6959,1382
1761279300,6959.25,6959.5,6957.5,6958.25,755
1761280200,6958,6958.5,6957,6958,835
1761281100,6958.25,6959.75,6957.25,6959,963
1761282000,6958.75,6959.5,6958.25,6958.25,567
1761282900,6958.25,6962,6957.75,6961,2081
1761283800,6961.25,6961.5,6959.5,6961.25,1091
1761284700,6961,6963,6961,6962.75,1378
1761285600,6962.75,6967.5,6962,6966.75,3503
1761286500,6966.75,6969.5,6966.75,6968.5,2380
1761287400,6968.5,6968.75,6964.75,6965.75,2241
1761288300,6965.75,6967.25,6965.25,6966.25,982
1761289200,6966.5,6966.75,6963.25,6964.5,2092
1761290100,6964.25,6965,6960.75,6962,2214
1761291000,6962.25,6966.5,6961.75,6964,2044
1761291900,6963.5,6964,6958.75,6959.5,2735
1761292800,6959.75,6960.75,6955.25,6955.75,3822
1761293700,6955.75,6958.75,6955.25,6958.5,1403
1761294600,6958.75,6961,6957.5,6960.5,1901
1761295500,6960.5,6965,6960,6960.75,3399
1761296400,6960.75,6962,6960.5,6961.5,1067
1761297300,6961.75,6967,6960.5,6966.25,2296
1761298200,6966.5,6970,6966.5,6968.25,2292
1761299100,6968.5,6968.75,6965,6965.75,2009
1761300000,6965.75,6968.75,6963.75,6968.25,2008
1761300900,6968.5,6969,6965.25,6965.75,1907
1761301800,6966,6968.25,6965,6965.25,2098
1761302700,6965.5,6966.5,6963.5,6964.25,1528
1761303600,6964,6968.25,6964,6968.25,2252
1761304500,6968.25,6968.25,6964.25,6966,2235
1761305400,6966,6968,6964.5,6966.5,1569
1761306300,6966.75,6971.25,6966.5,6969,3562
1761307200,6968.75,6971.25,6967.75,6968,2996
1761308100,6968,6969.25,6959.75,6966,4693
1761309000,6965.25,7003.25,6961.5,6985.5,31011
1761309900,6985.75,6989.75,6982.5,6984,9598
1761310800,6984.25,6989.5,6983.5,6988,8800
1761311700,6988,6993.75,6987,6992.25,11283
1761312600,6992,7005,6983.75,7000.25,66605
1761313500,7000,7006,6992.5,7000.75,52246
1761314400,7000.5,7007,6998,7005.5,37979
1761315300,7005.75,7006,6995,6995.25,37187
1761316200,6995.25,7004.25,6988.5,7003.25,45123
1761317100,7003.25,7004,6986.75,6994.5,37418
1761318000,6994.25,7002.25,6992.25,7002.25,26444
1761318900,7002,7012,7002,7009.5,30101
1761319800,7009.5,7012.25,7004.75,7005.5,21515
1761320700,7005.75,7010,7002.75,7007,24639
1761321600,7007.25,7010.75,7006.25,7010.5,15997
1761322500,7010.25,7013,7005.75,7006.75,14899
1761323400,7006.75,7007.75,6999.5,7000.75,18987
1761324300,7000.75,7010.25,6999.5,7007.25,20188
1761325200,7007,7008.75,7004.5,7005,10527
1761326100,7005,7010,7004,7008.25,11734
1761327000,7008.25,7010.75,7007,7009.25,8251
1761327900,7009.25,7012,7008,7008.25,8814
1761328800,7008,7011,7006,7009.5,11016
1761329700,7009.25,7010.75,7008,7009,6732
1761330600,7009,7010.75,7007.25,7008,7971
1761331500,7008.25,7009.75,7004.5,7009.25,13552
1761332400,7009.25,7012.25,7009,7010.25,11331
1761333300,7010.25,7012,7007.75,7009.5,11078
1761334200,7009.75,7010.25,7004.25,7004.25,16180
1761335100,7004.25,7007.25,6994.75,6998.75,50948
1761336000,6998.75,7000.5,6995.5,6997,13832
1761336900,6996.75,6999,6996,6998.25,3256
1761337800,6998.25,7000.75,6997.5,6997.5,2968
1761338700,6997.75,6998.25,6996,6996.5,2959
1761516000,7046.25,7068.25,7037,7041.25,17708
1761516900,7041.5,7049,7039.5,7048.5,7225
1761517800,7048.75,7050.5,7043.75,7043.75,5962
1761518700,7043.75,7046,7041.5,7043.5,2778
1761519600,7043.5,7048,7042.75,7043.25,4073
1761520500,7043.25,7044.75,7042.25,7043,2550
1761521400,7043,7046.5,7043,7044.25,1940
1761522300,7044.5,7045,7040.5,7042,2394
1761523200,7042,7047.75,7040.5,7047.25,4712
1761524100,7047,7047.25,7043,7045.5,2743
1761525000,7045.25,7048,7045,7046.5,1855
1761525900,7046.5,7046.5,7043.5,7044,2261
1761526800,7043.75,7044.25,7041,7041.25,3022
1761527700,7041,7044,7040.75,7043,1700
1761528600,7043,7044.5,7042.25,7042.75,1821
1761529500,7043,7043.25,7040.5,7040.75,1569
1761530400,7041,7042.5,7038.5,7040.25,2575
1761531300,7040,7042.25,7040,7040.75,1461
1761532200,7041.25,7045,7041.25,7045,2187
1761533100,7044.75,7046.5,7044.75,7046.25,1295
1761534000,7046.25,7048.5,7045.5,7048.5,1571
1761534900,7048.5,7052,7048.25,7051.5,3101
1761535800,7051.5,7052.5,7048.75,7049.25,1531
1761536700,7049.5,7049.75,7048.25,7049.5,1333
1761537600,7049.75,7051,7048,7049.25,1762
1761538500,7049.25,7051.25,7048.5,7051,813
1761539400,7050.75,7051.75,7049.25,7050.75,1024
1761540300,7050.75,7051,7049,7050.75,660
1761541200,7050.5,7053.25,7050.25,7052,1595
1761542100,7051.75,7054.75,7051.5,7054.25,1482
1761543000,7054.5,7055,7052.5,7052.75,887
1761543900,7052.75,7055,7052.75,7054.25,1114
1761544800,7054.25,7057.5,7053.5,7056.25,2400
1761545700,7056.25,7059.5,7055.75,7059,2037
1761546600,7058.75,7059.25,7056,7057.5,1808
1761547500,7057.75,7058.75,7055,7056,1244
1761548400,7055.75,7057.5,7054,7056.75,2490
1761549300,7057,7060.25,7056.75,7058.25,2268
1761550200,7058.5,7060.25,7056.75,7056.75,1245
1761551100,7056.75,7058,7054,7054,2036
1761552000,7054,7055.5,7051.5,7052.75,3729
1761552900,7053,7054,7048.5,7049.25,2488
1761553800,7049.5,7052.25,7047.75,7051.25,2836
1761554700,7051.25,7053.75,7051,7052.5,1712
1761555600,7052.25,7053.25,7051,7052.25,1580
1761556500,7052.5,7053.5,7050,7050.5,1029
1761557400,7050.25,7056,7050,7055.5,2283
1761558300,7055.75,7058.5,7055.5,7058.25,2119
1761559200,7058.5,7058.5,7055.25,7057,2126
1761560100,7057.25,7058.5,7056.25,7058.25,1449
1761561000,7058,7059,7056.75,7058.5,1495
1761561900,7058.25,7059.75,7057.75,7057.75,1656
1761562800,7058,7060.25,7055.25,7056,2747
1761563700,7056,7057,7054.75,7055.5,2227
1761564600,7055.25,7056,7052,7052.5,3068
1761565500,7052.25,7053,7050,7051.5,2661
1761566400,7051.25,7056.5,7050.5,7055.75,3744
1761567300,7055.75,7055.75,7053.25,7053.25,1987
1761568200,7053.5,7054.25,7051.25,7053.5,2522
1761569100,7053.75,7055.5,7053.5,7054.25,2369
1761570000,7054.25,7056.75,7053.5,7054.5,3939
1761570900,7054.25,7057.75,7051.75,7054.25,9983
1761571800,7054.25,7059,7048,7054.25,50182
1761572700,7054.75,7059.75,7050.25,7058,31868
1761573600,7058,7063.5,7056.25,7059.75,33214
1761574500,7059.75,7060.25,7051,7057.5,35127
1761575400,7057.5,7060.75,7054.75,7060.5,22078
1761576300,7060.75,7061,7052.75,7054.25,25640
1761577200,7054.25,7058,7052.5,7057.5,18688
1761578100,7057.75,7061,7055.75,7061,16561
1761579000,7061,7063.5,7059.75,7063,15688
1761579900,7063,7063.25,7059.25,7061.5,15316
1761580800,7061.25,7065.25,7061.25,7063.5,13702
1761581700,7063.5,7063.75,7061,7062.25,11005
1761582600,7062.5,7065,7062.5,7064,10161
1761583500,7064,7066.25,7062.75,7064.75,9349
1761584400,7065.25,7065.5,7062,7063.5,9327
1761585300,7063.5,7064,7059,7061.5,14261
1761586200,7061.5,7066.75,7060.25,7066.5,14911
1761587100,7066.75,7067.5,7065,7067,8890
1761588000,7066.75,7067,7065,7066,7190
1761588900,7066.25,7067,7065.25,7066,6131
1761589800,7066,7068.75,7066,7068.25,12111
1761590700,7068,7070,7067.25,7068.75,12037
1761591600,7068.75,7070.5,7067.75,7069.5,10977
1761592500,7069.25,7070,7067.5,7069.75,10677
1761593400,7069.75,7075.5,7069.25,7073.75,21638
1761594300,7074,7083,7073.5,7079,48417
1761595200,7078.75,7083.25,7078.25,7081.25,14278
1761596100,7081.25,7085,7080.75,7084.75,5756
1761597000,7084.75,7086.75,7084.75,7086.5,4164
1761597900,7086.25,7087.75,7084.75,7085.25,5072
1761602400,7085,7085.25,7081.5,7082.75,3225
1761603300,7082.75,7085,7082.5,7083.5,1524
1761604200,7083.5,7084.5,7082.25,7082.5,1083
1761605100,7082.5,7083.75,7082.25,7082.75,927
1761606000,7083,7084.5,7082.25,7083.75,1515
1761606900,7084,7088.5,7083.75,7087.75,2963
1761607800,7087.75,7089,7085,7085.25,1958
1761608700,7085.25,7087,7082,7082.25,2930
1761609600,7082,7083.25,7079.5,7082,3970
1761610500,7082.25,7082.5,7080.5,7081,1664
1761611400,7081,7082.75,7079.75,7081,1932
1761612300,7081,7081.75,7079.75,7080.25,1682
1761613200,7080.25,7081,7078,7078.75,2572
1761614100,7078.75,7080.5,7077.25,7078.75,3616
1761615000,7078.75,7081.5,7077.75,7078.75,2758
1761615900,7079,7080,7077.75,7078.5,1527
1761616800,7078.5,7080.5,7078.25,7079,1342
1761617700,7079,7080.5,7078.25,7079.5,840
1761618600,7079.5,7079.5,7077.25,7077.75,1100
1761619500,7077.5,7079.75,7076.5,7079,1619
1761620400,7078.75,7080.5,7077.25,7077.75,1528
1761621300,7077.75,7079.25,7077.5,7079,538
1761622200,7078.5,7079,7077.5,7078.75,382
1761623100,7078.5,7081.25,7078.5,7079.5,1139
1761624000,7079.25,7080.5,7078.5,7079.5,585
1761624900,7079.5,7079.5,7076.75,7077.75,1228
1761625800,7077.5,7078,7076,7076.5,1025
1761626700,7076.5,7077.5,7076,7076.25,722
1761627600,7076.5,7078,7074.75,7074.75,1365
1761628500,7075,7075.75,7074.25,7075.25,986
1761629400,7075.25,7075.5,7073.75,7074.25,850
1761630300,7074.5,7077.75,7074.25,7076.25,1017
1761631200,7076.25,7078.25,7075.5,7076,1292
1761632100,7076,7078.5,7074.75,7077.5,1087
1761633000,7077.5,7081,7077,7077,1993
1761633900,7077.25,7077.75,7075,7075.25,1505
1761634800,7075,7079.75,7074.5,7075.5,2255
1761635700,7075.75,7080,7075.5,7079,1131
1761636600,7079,7079.5,7077.25,7077.5,995
1761637500,7077.25,7077.25,7073.5,7074.75,1842
1761638400,7075,7076.25,7073,7073.5,3275
1761639300,7073.5,7075.75,7073,7074.5,1956
1761640200,7074.5,7076,7072.75,7074.5,1363
1761641100,7074.25,7079,7074,7077.75,2312
1761642000,7077.75,7079.5,7077,7077.5,1291
1761642900,7077.5,7078.75,7075.25,7076.25,1283
1761643800,7076.25,7076.75,7075,7076.25,912
1761644700,7076.5,7079.5,7076.25,7078.5,1450
1761645600,7078.75,7080,7078,7079.25,1598
1761646500,7079.25,7081.75,7079,7080.25,1610
1761647400,7080.5,7080.75,7078.5,7078.75,1041
1761648300,7078.75,7079.25,7077.25,7079,1267
1761649200,7078.75,7081,7078.75,7080,1627
1761650100,7080,7083.75,7078,7082.5,4017
1761651000,7082.25,7084.5,7081.5,7084.25,2344
1761651900,7084.25,7085.25,7083,7083.75,1839
1761652800,7084,7086.75,7083.25,7086.25,2999
1761653700,7086.25,7089.5,7085.5,7089,3986
1761654600,7089,7089.25,7086,7086.75,3033
1761655500,7087,7087.75,7085.75,7087.25,2555
1761656400,7087.25,7098.5,7087,7097.75,17211
1761657300,7097.75,7098.75,7094.25,7097,8909
1761658200,7097,7098.75,7084.75,7085.75,51697
1761659100,7086,7090.5,7078,7082.25,60102
1761660000,7083,7086,7080.5,7084.25,25450
1761660900,7084.5,7088,7083,7087.75,24179
1761661800,7087.75,7090,7083.5,7085.5,27425
1761662700,7085.25,7088.75,7082,7085,23356
1761663600,7085,7088.5,7083.25,7084.75,16520
1761664500,7084.75,7086.5,7079.75,7081.75,15688
1761665400,7081.5,7081.75,7074.5,7077.5,27846
1761666300,7077.5,7082.5,7076.25,7082.25,16251
1761667200,7082,7086.75,7082,7084.25,18987
1761668100,7084.5,7089,7082.25,7088.5,17438
1761669000,7088.5,7101.25,7087.25,7094,51292
1761669900,7093.75,7098.5,7093.25,7095.75,19324
1761670800,7095.5,7100.75,7095.25,7098.25,16734
1761671700,7098.5,7100,7095.75,7097,12573
1761672600,7096.75,7100,7095,7099.75,11469
1761673500,7099.75,7104,7097.75,7103,19276
1761674400,7102.75,7105.5,7102.25,7105,11509
1761675300,7105,7111,7104.5,7107.5,19344
1761676200,7107.5,7108.75,7104.5,7106.5,12058
1761677100,7106.5,7108.5,7104.75,7108.25,11201
1761678000,7108.25,7109.25,7104.75,7109,12993
1761678900,7108.75,7116,7106.25,7113.5,16855
1761679800,7113.75,7114,7100.75,7101.75,29198
1761680700,7102,7104.25,7095.5,7096.75,42391
1761681600,7097,7099,7092.75,7095.25,16957
1761682500,7095.25,7097.75,7095,7097,4543
1761683400,7096.75,7098.5,7096.5,7098,3656
1761684300,7097.75,7099.5,7096,7098.75,3304
1761688800,7100,7102.5,7098.25,7102.5,2881
1761689700,7102.25,7102.75,7100.5,7101.5,1142
1761690600,7101.5,7102.25,7097.75,7097.75,2090
1761691500,7098,7098.75,7096.5,7097,2080
1761692400,7097.25,7097.75,7095.5,7097.75,1711
1761693300,7097.5,7100.25,7097.5,7097.75,1716
1761694200,7097.75,7099.5,7097.25,7098,996
1761695100,7098,7100.25,7097.5,7099,1158
1761696000,7099.25,7099.5,7096.25,7097.25,2083
1761696900,7097.5,7100.5,7096.5,7100.25,1386
1761697800,7100.25,7101.5,7097.5,7098,2027
1761698700,7098,7098.75,7095.75,7097,1678
1761699600,7097,7100.75,7096.75,7099.75,1607
1761700500,7099.5,7101.75,7099,7100.75,1389
1761701400,7101,7105.5,7100.25,7101.5,4234
1761702300,7101.25,7106.25,7098.5,7104,5076
1761703200,7104,7108.25,7103.75,7106,3310
1761704100,7106.25,7109.75,7105.25,7108.25,2338
1761705000,7108.25,7109.25,7107.5,7108,1430
1761705900,7108,7111.25,7107.75,7108.75,1773
1761706800,7109,7110.5,7108.75,7109,1099
1761707700,7108.75,7110.5,7107.75,7108.5,1696
1761708600,7108.25,7110,7105.5,7109.25,1731
1761709500,7109,7110.25,7108.25,7109.5,896
1761710400,7109.25,7109.25,7104.25,7104.5,1637
1761711300,7104.5,7109.5,7104.5,7108,1145
1761712200,7108,7110.25,7108,7109.5,837
1761713100,7109.5,7110.5,7109.25,7110,536
1761714000,7109.75,7111,7109.5,7110.5,798
1761714900,7110.75,7112.25,7110.25,7111.25,1680
1761715800,7111.5,7112,7110,7111,1106
1761716700,7111,7112.25,7109.5,7111.75,933
1761717600,7111.75,7113.75,7110.75,7113,1313
1761718500,7112.75,7115.25,7112.25,7114.25,2308
1761719400,7114.25,7115.5,7113,7113.5,1291
1761720300,7113.5,7114.25,7113,7114.25,606
1761721200,7114.25,7115.25,7111.75,7115,2029
1761722100,7114.75,7116,7110.5,7113.5,1492
1761723000,7113.75,7117,7113,7116,1731
1761723900,7115.75,7116.5,7113.25,7116.25,1335
1761724800,7116,7118.5,7115.25,7116,2846
1761725700,7116,7120.75,7114.75,7115,3397
1761726600,7114.75,7117,7108,7110,3556
1761727500,7109.75,7111.25,7107,7108.75,2048
1761728400,7108.5,7109,7103.25,7104.5,2991
1761729300,7104.25,7107.25,7103,7103.75,2704
1761730200,7103.75,7106.25,7102,7105,2718
1761731100,7105,7107.5,7104,7107.25,2229
1761732000,7107.25,7109.75,7105.5,7108.75,2951
1761732900,7109,7111.75,7108.25,7110.75,1873
1761733800,7111,7112,7109.75,7110.25,2636
1761734700,7110,7113.75,7109.5,7110,1679
1761735600,7109.75,7115,7108.25,7114.75,3717
1761736500,7114.5,7118,7113.25,7117.5,3495
1761737400,7117.25,7120,7116.25,7118.75,4080
1761738300,7118.75,7119,7113.75,7114.25,2668
1761739200,7114.25,7116.5,7113.75,7115.75,3229
1761740100,7115.75,7117.25,7111.75,7112.5,3396
1761741000,7112.25,7113.5,7108.75,7109.75,3383
1761741900,7109.75,7114.75,7109.5,7113.25,3385
1761742800,7113.25,7116.25,7112.5,7115.25,4458
1761743700,7115.25,7116.5,7112.75,7113.25,8487
1761744600,7113.25,7118.75,7107.5,7118.5,44064
1761745500,7118.75,7123.25,7113.25,7122,41216
1761746400,7122.25,7123.25,7110.5,7114,35191
1761747300,7114,7116.5,7111.25,7116,18776
1761748200,7115.75,7117.25,7107.75,7108.75,21499
1761749100,7108.75,7111.75,7103.75,7109.25,27621
1761750000,7109.5,7111.5,7106.25,7109.5,19666
1761750900,7109.5,7114,7107,7108.75,18463
1761751800,7108.75,7109.5,7104.5,7108,19481
1761752700,7107.75,7109.5,7104,7106,15627
1761753600,7106,7107.25,7101.25,7106,24279
1761754500,7105.75,7111.25,7105.5,7110.5,14761
1761755400,7110.5,7112.25,7108.75,7110.75,9940
1761756300,7111,7113.75,7109,7111.25,11321
1761757200,7111.25,7112.25,7108.5,7111.75,8281
1761758100,7111.75,7113.75,7102.75,7105,14097
1761759000,7104.75,7107.25,7101.5,7106.75,10267
1761759900,7106.75,7111.25,7104.25,7105.5,9966
1761760800,7105.25,7116.25,7098.75,7102,31035
1761761700,7102,7108.5,7099.25,7106.25,19032
1761762600,7106.25,7113.25,7053.75,7058,82578
1761763500,7058,7095,7056.5,7086.25,66768
1761764400,7086,7094.5,7070,7086,45886
1761765300,7086.25,7093.25,7075.25,7080,31748
1761766200,7079.75,7083.5,7066,7080.5,34890
1761767100,7080.75,7100.5,7080.25,7099.25,39634
1761768000,7099.25,7118,7076.5,7092.75,33608
1761768900,7092.5,7099.75,7083,7095.75,11708
1761769800,7095.5,7100.25,7090.5,7099.25,6802
1761770700,7099.5,7100.75,7088.75,7089.5,5901
1761775200,7079.25,7093.25,7073.5,7085.5,9766
1761776100,7086,7087.5,7079.25,7079.25,3944
1761777000,7079.5,7087.25,7079.5,7085,2640
1761777900,7085,7087.25,7083.25,7084.25,1465
1761778800,7084.5,7086.75,7082.25,7084,2883
1761779700,7084,7092.5,7083.75,7091,3806
1761780600,7091,7091.25,7079.25,7082.25,5205
1761781500,7082.5,7096,7082,7093.5,4730
1761782400,7093.75,7103,7093.5,7101.5,6093
1761783300,7101.5,7107.25,7099.25,7105.75,4523
1761784200,7106,7111.25,7104,7104.25,4624
1761785100,7104.5,7106.5,7101.5,7104.25,3360
1761786000,7104.5,7108.75,7097.5,7104.5,6705
1761786900,7104,7106.5,7102,7103.75,1971
1761787800,7103.75,7110.5,7100,7109,3307
1761788700,7108.75,7110,7105.75,7107.25,1665
1761789600,7107.25,7115.75,7106.5,7115.5,3942
1761790500,7115.5,7120,7115.25,7117,4547
1761791400,7117,7120,7114,7117,2944
1761792300,7117.25,7118.5,7113,7115.5,2150
1761793200,7115.25,7120.75,7115.25,7120,3112
1761794100,7120.25,7123.5,7119.25,7120.5,3439
1761795000,7120.25,7123.5,7118.75,7121.25,2358
1761795900,7121,7126.25,7116.75,7119.25,4657
1761796800,7119.25,7120,7081.25,7085.5,17703
1761797700,7085.5,7094.5,7072,7076.75,17861
1761798600,7077,7109.5,7075.25,7087.25,33666
1761799500,7087,7095.25,7083.75,7085.5,8765
1761800400,7085.75,7094.25,7083.5,7093,5558
1761801300,7093.25,7102.25,7089.25,7101.5,4766
1761802200,7101.75,7109.5,7100.75,7102.25,5651
1761803100,7102.75,7105.75,7098,7101.25,3860
1761804000,7100.75,7101.75,7091.75,7093,3874
1761804900,7093.5,7094,7087.25,7089,3974
1761805800,7088.75,7093.5,7088.25,7093,2810
1761806700,7092.75,7098,7090.25,7090.75,3274
1761807600,7090.75,7100.25,7083,7099.25,6857
1761808500,7099.25,7103.75,7092.75,7093.25,5614
1761809400,7093,7097.5,7092,7096.5,4154
1761810300,7096.75,7101.25,7095.25,7098.25,2131
1761811200,7098.5,7100.5,7088.5,7089,6421
1761812100,7089,7095.5,7087.25,7092.25,4197
1761813000,7092.25,7096,7089,7095.25,2585
1761813900,7095.25,7097.75,7092.5,7093.25,2315
1761814800,7093,7097.25,7090.75,7093.75,3575
1761815700,7093.75,7094.25,7083.75,7087.5,3843
1761816600,7087.5,7088.75,7079.5,7082.25,3399
1761817500,7082.5,7082.5,7076.75,7079.5,3693
1761818400,7079.75,7085.25,7077.75,7082.75,3758
1761819300,7082.75,7085.25,7080,7083.75,3445
1761820200,7083.5,7087.5,7082.25,7084.75,3455
1761821100,7084.75,7091.25,7084.75,7089.25,5400
1761822000,7089.25,7093.25,7087.75,7093,4105
1761822900,7093,7100,7092.25,7099,4371
1761823800,7099,7101,7095.5,7100,3587
1761824700,7100.25,7100.75,7092.25,7092.75,4371
1761825600,7093,7096,7081,7081.75,8395
1761826500,7081.75,7085.75,7069.25,7072.5,13282
1761827400,7072.5,7078.25,7067,7069.25,12926
1761828300,7069.25,7072.5,7061.5,7062.25,13822
1761829200,7062.25,7070.5,7059,7067.25,14474
1761830100,7067.5,7067.5,7058.25,7064.5,12992
1761831000,7064.25,7064.5,7039,7049.5,87644
1761831900,7049.25,7082,7047,7075.5,72871
1761832800,7075.5,7085,7063.5,7073.75,68269
1761833700,7073.5,7074.25,7057.25,7059.75,53937
1761834600,7059.75,7083,7059.25,7078,48463
1761835500,7078,7080,7061.5,7069.75,43049
1761836400,7069.5,7079,7069.5,7078.25,30161
1761837300,7078.5,7080.75,7072,7073.5,21822
1761838200,7073.25,7074.75,7056.5,7060.75,33073
1761839100,7060.75,7065.75,7054.5,7059,32859
1761840000,7059.25,7076.75,7057.25,7076,28093
1761840900,7076.25,7077.25,7070.25,7074.75,20973
1761841800,7075,7075.25,7061.25,7067.75,26288
1761842700,7068,7071.75,7065,7069.5,17012
1761843600,7069.5,7069.5,7055.5,7059,27968
1761844500,7058.75,7071.25,7057.5,7069,23078
1761845400,7069.25,7069.25,7061,7065,18648
1761846300,7065.25,7071.75,7065,7069.25,16019
1761847200,7069.25,7069.25,7053.75,7054.75,25135
1761848100,7054.5,7058,7050.25,7054.5,25713
1761849000,7054.5,7060.25,7046.5,7049.75,26944
1761849900,7049.75,7056.5,7047,7048.75,23297
1761850800,7048.75,7049.5,7041.25,7041.75,26808
1761851700,7042,7043.25,7027.75,7038,40431
1761852600,7038,7045.25,7030.5,7031.75,31223
1761853500,7032,7037,7023.75,7025,48789
1761854400,7025.25,7048.75,7022,7045.75,25581
1761855300,7046,7052,7044.5,7048.5,7181
1761856200,7048.75,7066.75,7022.25,7065.25,25030
1761857100,7065.25,7067.5,7061.25,7065.75,7211
1761861600,7067.75,7071,7064,7065,8093
1761862500,7065,7067.75,7063.75,7067.5,3097
1761863400,7067.5,7068.75,7064.5,7065,2319
1761864300,7065,7065.5,7062,7064.5,2458
1761865200,7064.75,7067.5,7062.5,7063.75,4259
1761866100,7063.75,7064.25,7059.75,7062.75,3166
1761867000,7063,7065.5,7059,7065.25,3189
1761867900,7065.25,7070.5,7064.25,7069.75,3062
1761868800,7070,7070.25,7060.75,7065.5,4453
1761869700,7065.25,7074.25,7064.5,7073.5,3942
1761870600,7073.25,7074.25,7069.75,7071.5,2990
1761871500,7071.75,7073.5,7070.75,7072.5,1922
1761872400,7072.25,7073.75,7070,7070.5,2056
1761873300,7070.75,7071.75,7066.75,7071.75,2922
1761874200,7071.75,7074.75,7070.5,7073.5,2648
1761875100,7073.5,7075.25,7071.25,7074.75,1898
1761876000,7074.75,7076,7071.5,7072.75,2596
1761876900,7072.75,7073.5,7070,7070.5,1336
1761877800,7070.25,7070.25,7065.5,7065.75,3026
1761878700,7065.75,7069.5,7064.5,7068.5,2230
1761879600,7068,7071.25,7067.75,7070.25,1573
1761880500,7070.25,7070.75,7063.75,7065.75,2844
1761881400,7065.75,7070.5,7065.25,7070,1704
1761882300,7070.25,7071.75,7069.25,7071,937
1761883200,7071.25,7074.25,7071,7073,1573
1761884100,7073.25,7074.25,7071.25,7072.5,1221
1761885000,7072.75,7074.25,7071.5,7073.25,839
1761885900,7073.75,7073.75,7070.75,7072.25,1077
1761886800,7072,7072.25,7069.25,7070,1831
1761887700,7070,7071.75,7067.75,7068,1105
1761888600,7068.25,7069,7067.25,7068.75,1100
1761889500,7068.75,7069,7065.25,7066.5,1211
1761890400,7066.25,7070.25,7065.5,7069.75,1468
1761891300,7069.75,7072,7066.75,7071.75,1838
1761892200,7071.75,7073.75,7069.25,7070.25,2098
1761893100,7070.5,7070.5,7066,7067.25,1469
1761894000,7067.25,7067.5,7064.5,7065.75,1918
1761894900,7065.75,7070,7065.75,7069.25,1541
1761895800,7069.5,7076,7069.25,7074.5,3200
1761896700,7074.25,7077.5,7073.75,7077.25,1873
1761897600,7077.25,7077.25,7068.75,7068.75,5105
1761898500,7068.5,7071.75,7067.5,7070.75,2871
1761899400,7070.5,7071.75,7067.75,7071.25,2067
1761900300,7071,7075.25,7070.25,7074.75,1816
1761901200,7074.75,7077.25,7073.5,7077.25,1876
1761902100,7077,7077.25,7072.25,7073.25,1583
1761903000,7073.25,7074.25,7070.25,7071,1819
1761903900,7070.75,7073,7070.25,7071,1853
1761904800,7071.25,7072,7069.5,7069.75,1195
1761905700,7070,7070.25,7064.5,7067,3390
1761906600,7066.75,7070.5,7065.5,7069.75,2582
1761907500,7070.25,7072,7068.75,7069,2019
1761908400,7069.25,7072.75,7066,7071.75,3880
1761909300,7071.75,7076.25,7070.5,7076,3845
1761910200,7076,7076.5,7073.75,7076.25,2349
1761911100,7076.25,7082.75,7075.5,7079,6328
1761912000,7078.75,7084.5,7078,7084.25,4412
1761912900,7084.25,7089.75,7084,7086.75,7562
1761913800,7087.25,7088,7073,7075.75,13199
1761914700,7075.5,7081.25,7074.5,7077,8974
1761915600,7077,7077.5,7071.75,7076.25,10187
1761916500,7076,7077,7070.5,7073,12631
1761917400,7073.5,7073.75,7053.25,7055.75,56241
1761918300,7055.5,7063.5,7051.25,7057.5,58185
1761919200,7057.5,7059.5,7048.25,7050.5,49939
1761920100,7050.5,7058,7044.75,7055.5,40639
1761921000,7055.5,7068,7054,7066.75,32811
1761921900,7066.75,7070.75,7064.5,7067.75,24523
1761922800,7067.75,7070,7062.25,7065.5,22987
1761923700,7065.25,7070.75,7059,7060.25,23872
1761924600,7060.5,7064.75,7046.25,7057.25,42057
1761925500,7057.25,7065.25,7043.5,7044.75,48747
1761926400,7044.75,7046.5,7033.5,7038,48554
1761927300,7038,7043.5,7027.75,7040.5,43057
1761928200,7040.5,7047.5,7032.5,7034.5,33990
1761929100,7034.5,7038.5,7023.75,7026.5,32660
1761930000,7026.25,7030.5,7019.75,7022,42002
1761930900,7021.5,7023.75,7014.75,7020.5,40703
1761931800,7020.75,7030.25,7016.75,7029.75,43179
1761932700,7029.5,7037.75,7029.5,7031.5,28477
1761933600,7031.5,7045,7030.75,7042.75,27800
1761934500,7042.75,7047.25,7038.25,7046.25,23229
1761935400,7046.25,7048.75,7042.75,7046.75,18585
1761936300,7047,7050.75,7040,7049.25,22529
1761937200,7049,7053.25,7045.75,7051.5,22034
1761938100,7051.5,7066,7050.5,7064.25,26766
1761939000,7064.25,7071.25,7062,7067.5,31525
1761939900,7067.25,7068,7043,7043.5,68951
1761940800,7043.5,7046.25,7038.75,7043.25,20066
1761941700,7043.25,7044,7038,7039.25,5201
1761942600,7039,7043,7039,7041.25,3632
1761943500,7041,7044.75,7040.75,7043.25,3534
1762124400,7048.75,7062.5,7047.5,7062.5,9779
1762125300,7062.5,7064.5,7058.5,7059.75,5198
1762126200,7059.5,7066,7058.5,7063.25,3901
1762127100,7063.25,7066.25,7063.25,7063.75,2528
1762128000,7064,7067.75,7063.25,7066.5,2685
1762128900,7066.25,7069,7065.75,7067,2388
1762129800,7067.25,7069,7066.25,7068.25,2091
1762130700,7068.5,7070,7068,7069.75,1388
1762131600,7069.5,7070.25,7066.25,7068.75,2427
1762132500,7069,7070.5,7066.25,7067.25,2476
1762133400,7067.5,7067.75,7062.75,7065.5,2970
1762134300,7065.5,7065.75,7062.75,7063.25,2525
1762135200,7062.75,7064.5,7061.5,7064,2512
1762136100,7063.75,7067.25,7063.25,7065,3029
1762137000,7064.75,7065,7058.5,7061.25,3955
1762137900,7061.5,7062.5,7058.75,7059.75,2512
1762138800,7059.75,7060.25,7055.5,7055.75,2613
1762139700,7056,7058.25,7052.25,7055.25,3623
1762140600,7055.25,7058.5,7054,7056.5,2383
1762141500,7056.5,7058,7054.5,7057.75,1817
1762142400,7057.25,7057.5,7055,7057,1102
1762143300,7057.25,7059.25,7055.5,7057.75,1241
1762144200,7058,7059.25,7056,7057,1419
1762145100,7056.75,7058.5,7056.25,7058.25,973
1762146000,7058.25,7059.25,7057.25,7057.75,1151
1762146900,7058,7058,7053.25,7057.5,1974
1762147800,7057.75,7060.25,7055.75,7059,2113
1762148700,7059,7059.25,7053.75,7056,1371
1762149600,7056.25,7059.25,7055.25,7055.25,1591
1762150500,7055.25,7056,7049.75,7051.75,3226
1762151400,7051.5,7055.25,7050,7051,2192
1762152300,7051,7054.75,7048.75,7051.75,2094
1762153200,7051.5,7052,7046,7047.5,3155
1762154100,7047.25,7051,7046,7048,2362
1762155000,7048,7048.75,7045.25,7045.5,1995
1762155900,7045.5,7048.75,7044.75,7047.25,2368
1762156800,7047.25,7052.75,7044.5,7052,4206
1762157700,7052.25,7055.75,7049,7054,3477
1762158600,7054,7057.5,7052.5,7057.5,2468
1762159500,7057.5,7061,7056.5,7058.75,2450
1762160400,7058.75,7066,7058.25,7065.75,3642
1762161300,7066,7072,7065,7071.5,4549
1762162200,7071.75,7073.5,7069.25,7070.75,2946
1762163100,7070.75,7071,7065.25,7066.25,3083
1762164000,7066.25,7068.25,7064.5,7067,3745
1762164900,7067,7069.25,7065.25,7067.75,1962
1762165800,7067.75,7070.5,7065.5,7070.25,1886
1762166700,7070.5,7072.25,7065.5,7067.25,2928
1762167600,7067.25,7072,7067.25,7070.5,2936
1762168500,7070.5,7074.25,7069.25,7070,3342
1762169400,7069.75,7071.75,7067.5,7069,2093
1762170300,7068.75,7071.5,7067,7067.5,1994
1762171200,7067.5,7071.5,7067,7071,2633
1762172100,7070.75,7071,7064.25,7064.25,3252
1762173000,7064.5,7067.25,7062.5,7064.75,3786
1762173900,7064.75,7068.5,7062.75,7063,3633
1762174800,7062.75,7063.5,7057,7061,7703
1762175700,7061,7064.25,7059.5,7060,4713
1762176600,7060,7067,7060,7066.25,5655
1762177500,7066.5,7068.5,7065.25,7067.75,4337
1762178400,7068,7078.5,7067.5,7072.5,25962
1762179300,7072.25,7080.25,7071.5,7079.5,14296
1762180200,7079.5,7080.75,7052.5,7053.75,57284
1762181100,7053.75,7057.5,7043.5,7047.25,49524
1762182000,7046.25,7051.75,7038,7044.75,54851
1762182900,7044.75,7045.25,7023.75,7026.25,57198
1762183800,7026,7044.25,7020.75,7041,54026
1762184700,7041,7050,7035.5,7045.5,39152
1762185600,7045.5,7048.5,7041,7046,27687
1762186500,7046.25,7050.75,7040,7042.25,25014
1762187400,7042.5,7054.25,7041.25,7050,30271
1762188300,7050,7058,7044,7056,25809
1762189200,7056,7058,7048.75,7058,22097
1762190100,7058,7061,7046,7049.25,30346
1762191000,7049.5,7059.75,7049.25,7057.25,19722
1762191900,7057,7061.75,7056.5,7060.5,11898
1762192800,7060.5,7064.25,7058.25,7063,12456
1762193700,7063,7063.5,7057.25,7058.25,14007
1762194600,7058.25,7064.5,7058.25,7063.75,11215
1762195500,7064,7064.25,7056,7058,15245
1762196400,7058,7061,7053,7055.75,24746
1762197300,7056,7058.25,7052.75,7055,13406
1762198200,7054.5,7058.25,7047.75,7053.25,20617
1762199100,7053.25,7058.75,7053,7056.25,16843
1762200000,7056.25,7058.75,7052.5,7055.25,14346
1762200900,7055.25,7057.5,7052.5,7053.75,10224
1762201800,7054,7054.75,7047,7054,19388
1762202700,7054,7057,7046.75,7056.5,30394
1762203600,7056.75,7063.75,7053.5,7056.75,16216
1762204500,7056.75,7057,7053.75,7054,2695
1762205400,7053.75,7055.5,7053.75,7054.25,1883
1762206300,7054.25,7056.25,7053.75,7055.25,1810
1762210800,7055.75,7055.75,7049.75,7050,2254
1762211700,7050.25,7051.5,7048,7050.75,1562
1762212600,7051,7051,7046.25,7047.25,1404
1762213500,7046.75,7048.5,7046,7047.5,1259
1762214400,7047.5,7047.5,7042.25,7043.25,3214
1762215300,7043.25,7043.75,7034,7034.25,6832
1762216200,7034,7040,7033.5,7038.5,4332
1762217100,7038.5,7041.25,7037.5,7040.75,2912
1762218000,7040.75,7041.25,7036.5,7038.25,3080
1762218900,7038.5,7043,7037.25,7040.5,3172
1762219800,7040,7040,7036.25,7037.25,2448
1762220700,7037.5,7039.75,7033,7037,3878
1762221600,7037,7037.5,7033.5,7034.75,2629
1762222500,7034.5,7035.75,7031.75,7032,3475
1762223400,7032,7032.75,7028.5,7028.75,3681
1762224300,7028.75,7031,7024.25,7024.5,4077
1762225200,7024,7033.25,7023.5,7031.75,4606
1762226100,7031.75,7032,7029,7032,2270
1762227000,7031.75,7032.25,7023.75,7026.75,4740
1762227900,7026.5,7026.75,7023.5,7023.75,1839
1762228800,7023.75,7026,7022.5,7022.75,2697
1762229700,7022.75,7023.5,7018.25,7021,4492
1762230600,7021,7021.75,7017.5,7018,2552
1762231500,7018,7021.75,7017.75,7020.75,2483
1762232400,7020.75,7021.75,7017,7017.5,2569
1762233300,7017.5,7018.5,7010,7010.5,5336
1762234200,7010.5,7014.5,7002.5,7002.5,8091
1762235100,7002.25,7007.5,6997.75,7001.25,8785
1762236000,7001,7002,6988,6995.5,14776
1762236900,6995.5,6997.75,6990,6991,8862
1762237800,6991,6995.5,6984.75,6991,11773
1762238700,6991.25,6996.5,6989.75,6991.75,5200
1762239600,6991.75,6992.25,6982.75,6986.5,9707
1762240500,6986.25,6993.75,6983.25,6989.25,6463
1762241400,6989.25,6995.75,6987,6989.5,5534
1762242300,6989.5,6995.5,6987.5,6993,4286
1762243200,6993,6993,6978,6979.25,10325
1762244100,6979,6990,6977.5,6986.25,7923
1762245000,6986,6990,6984,6987.5,5745
1762245900,6987.75,6988.75,6982.75,6985.5,3964
1762246800,6985.75,6990,6978.5,6982.25,5904
1762247700,6982,6984.75,6976.25,6977,5831
1762248600,6976.75,6983,6974.25,6974.75,6480
1762249500,6975,6978.25,6962.75,6964,12769
1762250400,6964.25,6968.5,6957.5,6965.75,10551
1762251300,6965.5,6974,6963,6973.25,6724
1762252200,6973.5,6984.25,6973,6983.25,8512
1762253100,6983.5,6986.75,6982.5,6984.75,4826
1762254000,6984.75,6986.5,6981.75,6984,4133
1762254900,6984,6986.5,6983.75,6986.25,4336
1762255800,6986,6989,6983,6986.5,6259
1762256700,6986.25,6987.5,6983,6983.75,4779
1762257600,6984.25,6985,6976.25,6980.5,8896
1762258500,6980.25,6990.25,6979.75,6990,7450
1762259400,6989.75,6992,6983.75,6984,7919
1762260300,6984.25,6990.75,6982.75,6985.75,5665
1762261200,6985.75,6987.75,6982.5,6984,6174
1762262100,6984.25,6985.5,6977.25,6977.75,9184
1762263000,6978,6980.25,6973.5,6977.75,10630
1762263900,6977.75,6983.75,6974.75,6980.5,10933
1762264800,6980,6981.25,6972.25,6978.25,14812
1762265700,6978.5,6985.5,6978.25,6981.75,17889
1762266600,6981.5,6992.25,6967,6990.25,97318
1762267500,6990.25,7009,6985.25,7007.5,67840
1762268400,7007.75,7013.25,7004.25,7010,46446
1762269300,7010,7017.25,7009.75,7014,35149
1762270200,7014,7020.75,7010,7015.25,35306
1762271100,7015.5,7015.5,6996.75,7002.75,43387
1762272000,7002.75,7009,6997.25,7001.75,35044
1762272900,7001.75,7004.25,6996.25,7003,30948
1762273800,7003,7007,6999.5,7002.75,28556
1762274700,7003,7004.75,6995,7002.75,32695
1762275600,7003,7003,6990,6990.25,28180
1762276500,6990.5,6996,6977.25,6989.5,50314
1762277400,6989.75,6991.75,6978.25,6981.75,30539
1762278300,6982,6993.25,6977.5,6980.75,33304
1762279200,6980.5,6981.75,6975.25,6979.25,22738
1762280100,6979.25,6981,6970,6973,37467
1762281000,6972.75,6979,6967.25,6978.5,29326
1762281900,6978.75,6984.5,6974,6981.75,33045
1762282800,6981.5,6987,6976.75,6981,32240
1762283700,6980.75,6986.5,6978.75,6983.5,25376
1762284600,6983,6984.25,6966,6969.5,39136
1762285500,6969.25,6974.75,6967.5,6972.5,27392
1762286400,6972.5,6981.25,6970.75,6980,29172
1762287300,6980.25,6983,6971.25,6980.75,31033
1762288200,6980.75,6985.25,6974.25,6983.75,24331
1762289100,6983.75,6986.5,6967,6974.75,50270
1762290000,6974.75,6977.75,6971.75,6974.5,15356
1762290900,6974.5,6976.5,6968.75,6970.5,7541
1762291800,6970.25,6976,6968,6975.5,4526
1762292700,6975.75,6979.25,6973,6977.5,4093
1762297200,6974.25,6977.75,6964.75,6968.25,6271
1762298100,6968.5,6972.25,6966.25,6966.75,4135
1762299000,6967.25,6970.5,6965.75,6969,2923
1762299900,6969,6969.25,6963.75,6964.5,3255
1762300800,6964.75,6964.75,6954,6962.75,10411
1762301700,6962.75,6964,6953,6954,6787
1762302600,6954,6954.5,6945.25,6946,10314
1762303500,6946,6948,6944,6944.5,5292
1762304400,6944.5,6944.5,6933.25,6939.75,14207
1762305300,6939.75,6940,6926,6927.5,12698
1762306200,6927.25,6930,6919.75,6924.5,15448
1762307100,6924.25,6935.25,6923.25,6930.75,11265
1762308000,6931.25,6935.75,6927,6931.5,9969
1762308900,6931.25,6933.25,6924,6925.5,7208
1762309800,6925.5,6938,6925.25,6938,6254
1762310700,6938,6948.25,6937.75,6946.5,10379
1762311600,6946.75,6956.25,6946.5,6955.25,9335
1762312500,6955,6956.5,6949.5,6955.25,4727
1762313400,6955.5,6960,6952.25,6959.75,5529
1762314300,6959.5,6966.75,6959.25,6966.5,7422
1762315200,6966.5,6966.75,6955,6958.75,5382
1762316100,6958.75,6961.25,6955,6960,3409
1762317000,6960.25,6963,6957.75,6961.75,2240
1762317900,6962,6962.25,6954,6958,3252
1762318800,6958.25,6969,6957.75,6968.75,3783
1762319700,6968.25,6969.25,6963.75,6967.5,2640
1762320600,6967.75,6969.75,6962,6962.5,2722
1762321500,6962.5,6962.5,6955.5,6960,3600
1762322400,6960.25,6965,6954.75,6963.25,4313
1762323300,6963.25,6972.25,6963.25,6971,4844
1762324200,6970.75,6972.25,6967,6970.5,2248
1762325100,6970.25,6970.75,6967.75,6969,1825
1762326000,6969.25,6970,6960.25,6960.5,2930
1762326900,6960.5,6963,6957.5,6962.25,3273
1762327800,6962.75,6964.25,6958,6962.75,3133
1762328700,6962.75,6964,6957.5,6958,2593
1762329600,6958.25,6969,6953.25,6966.25,8614
1762330500,6966.75,6968.5,6960.75,6967.75,4061
1762331400,6967.5,6970.75,6966.5,6969.5,3495
1762332300,6969.75,6971.75,6966,6966.25,3992
1762333200,6966.5,6972.25,6964.5,6966,4583
1762334100,6965.75,6967.75,6962,6965.5,3606
1762335000,6965.25,6966.25,6959,6964.25,3652
1762335900,6963.75,6966.75,6961.25,6965.25,2221
1762336800,6965,6970.25,6959.5,6962.25,7951
1762337700,6962,6964,6960.5,6961.25,2384
1762338600,6961,6962,6958.25,6959.25,2193
1762339500,6959.25,6959.25,6944.5,6945.25,7951
1762340400,6944.75,6951,6942.75,6950,6730
1762341300,6949.5,6957,6949.5,6953.75,5444
1762342200,6953.25,6959,6950.25,6957.75,5162
1762343100,6957.75,6960.25,6956.5,6958.5,4004
1762344000,6958.5,6959,6953.5,6956.5,4345
1762344900,6956.75,6964.75,6956.25,6961.25,4261
1762345800,6961.25,6967.75,6960.5,6966.5,3820
1762346700,6966.5,6967,6959.75,6966.75,5309
1762347600,6966.5,6968.5,6961.25,6963.5,5230
1762348500,6963.5,6974,6962,6972.5,7500
1762349400,6972.5,6979,6968.5,6978,11576
1762350300,6978,6979,6975.5,6976.5,6448
1762351200,6976.75,6977,6971.5,6974.5,8883
1762352100,6974.25,6974.5,6968.5,6969.75,11153
1762353000,6969.5,6973.25,6961,6964,68419
1762353900,6963.75,6995.75,6963.25,6993.5,66178
1762354800,6993,7000.75,6983.75,6988,56883
1762355700,6988.25,7000,6980.5,6994,58539
1762356600,6994,7002.75,6991.75,6997.5,33435
1762357500,6997.25,7002,6989,6998.5,37385
1762358400,6998.5,7001,6987.5,6989.75,36129
1762359300,6989.75,7004.25,6987.25,7002.75,34070
1762360200,7002.5,7011,7000.5,7010.25,26036
1762361100,7010.5,7018,7009,7014,28789
1762362000,7013.75,7017.25,7010.25,7014.5,20476
1762362900,7014.5,7021.25,7012.75,7020.25,16742
1762363800,7020.75,7028.75,7019.25,7027,26386
1762364700,7026.75,7027.25,7020,7022.25,15398
1762365600,7022.25,7024.75,7020,7024.25,13536
1762366500,7024,7027.25,7020.75,7024.25,15303
1762367400,7024,7028.75,7022.25,7026,12987
1762368300,7026.25,7027.25,7024.5,7026.75,9810
1762369200,7026.5,7026.5,7017.25,7023.25,22358
1762370100,7023.25,7025.5,7021.75,7022.5,13313
1762371000,7022.25,7025.5,7021.75,7022.75,9774
1762371900,7023,7024.75,7021.25,7022.5,10449
1762372800,7022.5,7025.75,7021.5,7024.25,12855
1762373700,7024.5,7025.25,7017,7017.75,16433
1762374600,7018,7019,7013,7014.25,25411
1762375500,7014.25,7015.25,6994.25,6995.5,62382
1762376400,6995.75,7002.25,6991,6993.5,23673
1762377300,6993.25,6999.5,6991.25,6997.25,6313
1762378200,6997.25,7000,6997.25,7000,2513
1762379100,6999.75,7001,6998.25,6998.75,3234
1762383600,7000.5,7003.25,6992,6997.75,5031
1762384500,6997.75,7000.25,6993.5,6997.75,2857
1762385400,6997.75,7005.25,6996.75,7004.5,3409
1762386300,7004.5,7007,6999.25,7005.75,4499
1762387200,7005.75,7006.25,6994,6995.75,5476
1762388100,6995.5,6997.75,6981.75,6986.5,9564
1762389000,6986.75,6994.25,6986.5,6991.25,5434
1762389900,6991.5,6994.25,6988.75,6992.25,3240
1762390800,6992,6992,6982.25,6987.5,6544
1762391700,6987.75,6991,6976.75,6979,6118
1762392600,6979,6987.5,6978.75,6987.25,4541
1762393500,6987.25,6989.25,6984,6986.5,3327
1762394400,6986.25,6987,6979,6981.5,3216
1762395300,6981.25,6986.25,6980.75,6983.75,2456
1762396200,6984,6993.25,6983.5,6991,4589
1762397100,6990.75,6994.25,6989,6993.25,2791
1762398000,6993.25,6995.25,6992.25,6995,2730
1762398900,6995,6997,6990.25,6992.5,3745
1762399800,6992.75,6996.5,6991.25,6995.25,2040
1762400700,6995.25,6997.25,6990.5,6994.5,2357
1762401600,6994.5,6995.75,6991.25,6995.75,1556
1762402500,6995.75,6998.25,6995,6997.25,1711
1762403400,6997.25,6998.75,6995.75,6997.75,1043
1762404300,6997.75,6998.25,6994.75,6997.5,1206
1762405200,6997.75,6998.5,6993.5,6995,1588
1762406100,6995,6997.25,6994,6995,1208
1762407000,6995,6995.5,6990,6990.5,2112
1762407900,6990.5,6991.5,6988,6989,2005
1762408800,6989,6992.75,6988.25,6990,2225
1762409700,6990,6992.5,6986,6986.75,1755
1762410600,6986.75,6990.75,6984.5,6989,2868
1762411500,6989.25,6991.75,6986.5,6986.5,1723
1762412400,6986.5,6988.75,6985,6988,1711
1762413300,6988,6992.75,6985,6989.5,2579
1762414200,6989.25,6989.75,6979.25,6982.75,4560
1762415100,6983,6986,6979,6979.75,3214
1762416000,6979.75,6981.75,6975.5,6980.25,5844
1762416900,6980.25,6980.5,6974.75,6978.25,4613
1762417800,6979.25,6980.75,6975,6980.25,3879
1762418700,6980.25,6986,6978.25,6984,4471
1762419600,6984,6992.75,6983.5,6992.25,4625
1762420500,6992.75,6997.25,6992,6996.75,3377
1762421400,6996.5,6997.75,6993.25,6996,2349
1762422300,6996.25,6998.75,6994.25,6995,2492
1762423200,6995.25,6998.5,6994.25,6997.75,2020
1762424100,6998,7003.25,6996.5,7002.75,2601
1762425000,7002.75,7004.75,6999.75,7001.75,2427
1762425900,7001.75,7003,6997.75,7000,2437
1762426800,7000.25,7002.75,6998.75,7000,2393
1762427700,7000.25,7004,6999.25,7002.5,2160
1762428600,7002.75,7005.25,6998.5,7002.25,3827
1762429500,7002.25,7004,6999.5,6999.75,2018
1762430400,6999.5,7008.5,6999,7006,5364
1762431300,7006.25,7009,7002.25,7005,4789
1762432200,7005.25,7009,7004.25,7007.75,3407
1762433100,7008,7009.5,7006.5,7007.25,2646
1762434000,7007.25,7010.25,7006.5,7009.75,3480
1762434900,7009.75,7012.75,7007.25,7012.75,4121
1762435800,7012.75,7015,7009.75,7010.25,5703
1762436700,7010.25,7011.25,7002.25,7003.25,6062
1762437600,7003,7005.25,6989,6994.25,24987
1762438500,6994,6994.75,6981.75,6983.5,20889
1762439400,6983.75,6992.5,6975.5,6978.5,78436
1762440300,6978.25,6988.5,6959.25,6960,98289
1762441200,6959.75,6961,6943.25,6949.25,101668
1762442100,6949.25,6972,6945.75,6963.75,78504
1762443000,6964,6965.25,6928.25,6929.25,90125
1762443900,6929,6937,6925.25,6927.25,68398
1762444800,6927.25,6938,6926.25,6932,58936
1762445700,6931.75,6936.25,6919.75,6932,65455
1762446600,6931.75,6931.75,6911,6917.5,63423
1762447500,6917.5,6922.75,6907.75,6910.25,54706
1762448400,6910,6929.25,6910,6918.5,61426
1762449300,6918.75,6920.75,6904.75,6913.5,52544
1762450200,6913.5,6925,6910.5,6924,42393
1762451100,6924,6933.75,6923.5,6929.5,38333
1762452000,6929,6932.5,6909,6914,48602
1762452900,6913.75,6931,6911,6927.75,34686
1762453800,6927.25,6940.25,6927,6937.5,33844
1762454700,6938,6939.25,6928.75,6933.25,34655
1762455600,6933.25,6948.25,6931,6946.25,43691
1762456500,6946.5,6953.75,6940,6952.5,33810
1762457400,6952,6955.5,6940.25,6946.75,37757
1762458300,6946.75,6952.5,6938.5,6948.25,35294
1762459200,6948,6951.5,6943.25,6948.25,28038
1762460100,6948,6951.75,6940.75,6941.5,28019
1762461000,6941.5,6945.5,6932,6932.5,42979
1762461900,6932.5,6934.25,6914,6921.5,75554
1762462800,6921.5,6931.25,6920,6930.75,20448
1762463700,6931,6932,6926.75,6930,6260
1762464600,6930,6936.75,6929.5,6935.75,5953
1762465500,6936,6938.5,6935,6935.75,5112
1762470000,6935.25,6935.25,6927,6929.25,5052
1762470900,6929,6935.25,6928.75,6934,2980
1762471800,6934,6938.75,6932.25,6938.5,3560
1762472700,6938.5,6940.5,6935.75,6936.25,3892
1762473600,6936.5,6941.75,6928.5,6934.75,11703
1762474500,6934.5,6938.5,6931.25,6937,4688
1762475400,6937,6942.5,6936.5,6942,3807
1762476300,6941.75,6943,6937.25,6937.5,3934
1762477200,6938,6938.5,6925,6932.5,10084
1762478100,6932.75,6933.5,6922,6922.5,7505
1762479000,6922.75,6926,6913.5,6922.25,13395
1762479900,6922,6926.75,6921.25,6926.25,5229
1762480800,6926.5,6927.25,6917.75,6918.5,7275
1762481700,6918.75,6921.25,6913.75,6914,6077
1762482600,6914.25,6923,6914,6919.75,5408
1762483500,6919.75,6925,6919.25,6924.75,3633
1762484400,6924.75,6926.5,6916,6918,5468
1762485300,6918,6920.5,6914,6916.75,4059
1762486200,6917,6918.5,6913.75,6914.25,3798
1762487100,6914.5,6916.5,6910,6915.75,5373
1762488000,6915.5,6915.75,6903.75,6911.25,8179
1762488900,6911.25,6923,6911,6920.5,6701
1762489800,6920.5,6921,6916.75,6918.5,2725
1762490700,6918.75,6921.75,6917,6920.75,2041
1762491600,6920.5,6929.25,6920.25,6928,4721
1762492500,6928,6931.25,6926.25,6927,3386
1762493400,6927,6934,6926.25,6932.75,3291
1762494300,6932.75,6936.25,6931.5,6935.5,2914
1762495200,6935.75,6937.25,6932.75,6934.5,3452
1762496100,6934.75,6936.75,6933.75,6935.25,1841
1762497000,6935.25,6936.25,6931.25,6936,3302
1762497900,6936,6937.5,6931.75,6935,2244
1762498800,6935,6937.25,6932,6936.75,2850
1762499700,6937,6940,6932.5,6935.25,3315
1762500600,6935.5,6938,6935,6937.25,1807
1762501500,6937.25,6940.5,6936.25,6938,2968
1762502400,6938.25,6941.25,6937,6940.25,5467
1762503300,6940.5,6942.25,6928,6930.5,7079
1762504200,6930.25,6932,6926.25,6929.75,5889
1762505100,6930,6934.75,6929.75,6933.75,3458
1762506000,6933.5,6937.25,6927.5,6936.25,5601
1762506900,6936.5,6937.5,6926.25,6927.75,4318
1762507800,6927.5,6929.75,6921,6923.25,6119
1762508700,6923.5,6925.75,6919.5,6923.25,4982
1762509600,6923.25,6927.25,6915,6915.25,6212
1762510500,6915.25,6916,6908.5,6914.5,7503
1762511400,6914.5,6920.25,6913.75,6916,4309
1762512300,6916,6917.75,6913,6915.5,3771
1762513200,6915.25,6915.25,6895.25,6896.25,9500
1762514100,6896,6902.5,6890,6895,17200
1762515000,6894.75,6898.25,6884.5,6898,12121
1762515900,6898.25,6910.75,6897.5,6909.5,11307
1762516800,6909.25,6910.5,6904.75,6906.75,9412
1762517700,6906.75,6909.75,6898.75,6901.75,11769
1762518600,6901.75,6901.75,6892.5,6892.5,9000
1762519500,6892.5,6893.75,6883.5,6889,14690
1762520400,6889,6899.5,6884.5,6895.5,21566
1762521300,6895.5,6901.75,6888.5,6889,11475
1762522200,6890,6894.5,6886.75,6889.25,12087
1762523100,6889.25,6900,6889,6894.5,12565
1762524000,6894.75,6896.75,6888.25,6892,12975
1762524900,6892.25,6896.25,6887.25,6894.75,17757
1762525800,6894.75,6895,6858.5,6869.5,135078
1762526700,6869.5,6883.75,6862.75,6878.25,93914
1762527600,6878.25,6881.75,6854.75,6880.75,93913
1762528500,6880.5,6887.75,6869.5,6874.5,94525
1762529400,6874.5,6878.5,6856.5,6857.25,78332
1762530300,6857.25,6862.5,6847.75,6848.25,65703
1762531200,6848,6855.25,6841.25,6842.75,55550
1762532100,6842.5,6853.25,6837.5,6843.5,50587
1762533000,6843.25,6849,6836.75,6847.25,49006
1762533900,6847.25,6848.75,6828,6834.75,55610
1762534800,6834.5,6841.75,6826.75,6840.75,46940
1762535700,6840.25,6858,6839.75,6850.75,53562
1762536600,6850.5,6855.75,6842.25,6846.25,49229
1762537500,6846.25,6855.25,6835.25,6854.5,50878
1762538400,6854.5,6862.25,6851,6860.25,43758
1762539300,6860.5,6871,6855.25,6868.5,36976
1762540200,6868.5,6876.25,6864.75,6872.75,36527
1762541100,6872.75,6875.5,6857.25,6871.25,43296
1762542000,6871.25,6878.75,6867.25,6878,32154
1762542900,6878.25,6882.25,6874.25,6879.75,27960
1762543800,6880,6911.5,6880,6909.25,63596
1762544700,6909.25,6915.25,6899,6914.5,67383
1762545600,6914.5,6916,6902,6910.25,62344
1762546500,6910.25,6912,6894.5,6902.25,50818
1762547400,6902,6916.5,6902,6915.75,41682
1762548300,6915.5,6926.75,6902,6924.75,68154
1762549200,6924.75,6933.75,6924.5,6932,20074
1762550100,6931.75,6935.5,6930,6931,5962
1762551000,6931.25,6935.25,6931.25,6933.25,3648
1762551900,6933,6937,6933,6936.5,4358
1762729200,6957.5,6966,6954.75,6958.25,12196
1762730100,6958.25,6959,6950,6950.5,7216
1762731000,6950.75,6955.5,6949.5,6953.5,6311
1762731900,6953.5,6961,6952.5,6956.25,5252
1762732800,6956.25,6956.25,6943.25,6953,12890
1762733700,6952.75,6956.75,6949.75,6952.5,7341
1762734600,6952.5,6956,6949.75,6951.75,5179
1762735500,6951.75,6958.5,6948.75,6954.75,6695
1762736400,6954.5,6962.5,6954,6961.5,8358
1762737300,6961.5,6965.25,6959.5,6961.75,6811
1762738200,6961.5,6962.25,6959,6959.25,4040
1762739100,6959.25,6969.25,6959.25,6968.25,6227
1762740000,6968.5,6969.5,6964.5,6966.75,3601
1762740900,6966.75,6968.25,6965.75,6966.75,2277
1762741800,6967,6970,6966.75,6969,2673
1762742700,6968.75,6971,6967.75,6968,2748
1762743600,6967.75,6972.75,6967.75,6971,3810
1762744500,6971.25,6974.5,6970.75,6974.25,3441
1762745400,6974,6975.5,6970.75,6972,3600
1762746300,6971.75,6972.5,6970,6970,2158
1762747200,6970,6975,6969.75,6972.25,3286
1762748100,6972.25,6973.25,6970.5,6972.5,1881
1762749000,6972.25,6973.5,6970,6972.5,1840
1762749900,6972.75,6974.5,6970.75,6972.25,1685
1762750800,6972.25,6977,6972.25,6976.25,2898
1762751700,6976.25,6977.5,6975.5,6976.25,2233
1762752600,6976.25,6976.25,6972,6974.75,3842
1762753500,6975,6976,6972.75,6974.75,1900
1762754400,6974.75,6976.5,6973,6974,2165
1762755300,6974.25,6976,6971.5,6972.75,1969
1762756200,6972.75,6976.5,6972.25,6974.25,2250
1762757100,6974.25,6978.5,6970.75,6971.25,2526
1762758000,6971.5,6974.5,6969.5,6973.5,3976
1762758900,6973.25,6974,6971,6972,1926
1762759800,6972.5,6975.25,6971.5,6974.5,2945
1762760700,6974.5,6975.75,6972.75,6973.5,2075
1762761600,6973.5,6974.75,6968.5,6968.75,4195
1762762500,6969,6976.25,6967.25,6975.5,5137
1762763400,6975.75,6981.5,6974.5,6980,5757
1762764300,6980,6983.75,6979.25,6983,3292
1762765200,6983.25,6987.25,6981.75,6986.5,5523
1762766100,6986.5,6994,6985.5,6987.75,7711
1762767000,6987.75,6990,6986.25,6988.5,3576
1762767900,6988.25,6992,6987.5,6990.5,2525
1762768800,6990.75,6991.25,6988.25,6989.5,2400
1762769700,6989.25,6991.75,6988.5,6989,2070
1762770600,6989.25,6993,6988.75,6991.25,2034
1762771500,6991.5,6992.25,6987.5,6988.25,2984
1762772400,6988.25,6991,6984.25,6985.25,3319
1762773300,6985,6986.25,6982.25,6983.25,3444
1762774200,6983.25,6987.25,6982.25,6987.25,2563
1762775100,6987.5,6991,6986.5,6990.75,3480
1762776000,6991,6992.5,6984.75,6986.75,6351
1762776900,6986.75,6988,6983.75,6984.5,4064
1762777800,6984.5,6987.75,6983.75,6985.75,4124
1762778700,6985.75,6988.25,6982.25,6986.25,4927
1762779600,6986.5,6988.75,6984.5,6985.75,3838
1762780500,6985.75,6989.5,6985,6988.5,4016
1762781400,6988.75,6991.25,6986.75,6988.75,4791
1762782300,6988.5,6992,6985,6990.75,6070
1762783200,6991,6991.25,6984.5,6984.75,6367
1762784100,6984.75,6991.75,6984,6987,12580
1762785000,6987,7005.75,6984.5,7002.25,79888
1762785900,7002.5,7006.75,6995,7000,60302
1762786800,7000,7006.5,6997.25,7000,41763
1762787700,7000.5,7006.75,6996,7003.25,39528
1762788600,7003.25,7004.5,6991.75,6992,36229
1762789500,6992,6995.5,6975.5,6976.75,59810
1762790400,6977,6982.25,6966.25,6978.25,66881
1762791300,6978.25,6980.75,6969.25,6969.5,41624
1762792200,6969.25,6977,6964.25,6971.75,40993
1762793100,6971.75,6980.75,6967.5,6980.25,39293
1762794000,6980.25,6993,6978.25,6981.5,48634
1762794900,6981.5,6992.25,6979.5,6988.75,33770
1762795800,6989,7003,6989,6999.25,29675
1762796700,6999,7012.5,6999,7008.75,30179
1762797600,7009,7013.25,7008,7012,21217
1762798500,7012,7015.5,7008.75,7009.75,19649
1762799400,7009.75,7018.75,7009.75,7016.75,20223
1762800300,7017,7020.25,7013,7013.5,18633
1762801200,7013.75,7019.5,7013.25,7016,15601
1762802100,7016,7024.5,7015,7022.75,16843
1762803000,7022.75,7025.25,7020,7024.25,14496
1762803900,7024.25,7031.75,7023.5,7028,22613
1762804800,7027.75,7036,7027.5,7035,18788
1762805700,7035.25,7035.25,7026.25,7028,24263
1762806600,7027.75,7035,7025.25,7032.25,25679
1762807500,7032.25,7037.25,7026.25,7028.5,55667
1762808400,7028.25,7034.5,7026.75,7033.75,15606
1762809300,7033.5,7035.25,7032.25,7032.75,4438
1762810200,7033,7034,7031.25,7033,3271
1762811100,7033,7033.25,7028.5,7028.5,5083
1762815600,7028.75,7031.75,7025.5,7027.75,4148
1762816500,7027.75,7030,7025.5,7028.5,3850
1762817400,7028.75,7029.5,7025.75,7027,2724
1762818300,7027.25,7034,7027.25,7033.25,4016
1762819200,7033.5,7038.25,7030.5,7033.75,5949
1762820100,7034,7034,7030,7033.75,2638
1762821000,7033.75,7035.5,7031.25,7033.25,2318
1762821900,7033.25,7034,7030.75,7031.75,2742
1762822800,7031.75,7034,7030.75,7033,2580
1762823700,7033,7036.5,7032,7034.75,2663
1762824600,7034.75,7035.75,7030.25,7033,3220
1762825500,7033,7033.75,7031,7032.25,1878
1762826400,7032.25,7034.75,7028.25,7030.5,3797
1762827300,7030.75,7033,7029,7030.75,2331
1762828200,7030.75,7035.5,7028.75,7033,2598
1762829100,7032.75,7033.75,7030,7031.5,1651
1762830000,7031.5,7033.75,7029.25,7031.5,1986
1762830900,7031.75,7032,7029.75,7030,1262
1762831800,7030,7031.75,7028.5,7030.5,1733
1762832700,7030.75,7033.75,7029.5,7032.75,1229
1762833600,7033,7033,7028,7030.25,1860
1762834500,7030,7030.75,7027.75,7029,1685
1762835400,7029,7031,7028,7029.25,1135
1762836300,7029,7029.25,7023.5,7024.75,3048
1762837200,7024.5,7025.75,7020.75,7021,4336
1762838100,7021,7024,7019.25,7023.75,3206
1762839000,7023.75,7024,7019.5,7020.25,2445
1762839900,7020.5,7023.25,7018.75,7018.75,1865
1762840800,7018.75,7026.25,7018.5,7024.75,2785
1762841700,7024.25,7026.75,7023.75,7025,1764
1762842600,7025,7028,7025,7025.5,1983
1762843500,7025.5,7025.75,7022.5,7023.25,1991
1762844400,7023.5,7025.25,7019.5,7022.5,2545
1762845300,7022.25,7023.25,7019,7020.5,2365
1762846200,7020.25,7022.75,7019,7021.25,2206
1762847100,7021.25,7021.25,7016.5,7017.5,2527
1762848000,7017.25,7021.75,7016.75,7019.75,3296
1762848900,7019.75,7022.25,7014.75,7015.75,3972
1762849800,7015.5,7017.75,7013.5,7015.25,2499
1762850700,7014.75,7017,7014,7014.25,1533
1762851600,7014.75,7018.75,7013.25,7015.75,3043
1762852500,7016,7016.75,7014,7015.5,1594
1762853400,7015.75,7017,7010.5,7012,3881
1762854300,7012.25,7016.25,7010.5,7011.25,2767
1762855200,7011.25,7013.75,7010.5,7013.5,2074
1762856100,7013.25,7016,7012.5,7015.75,1894
1762857000,7016,7016.5,7012.5,7013.75,1909
1762857900,7013.75,7015,7012.5,7014.25,1323
1762858800,7014.5,7018.5,7013.75,7018.25,2768
1762859700,7018,7018.25,7014.5,7016.5,2173
1762860600,7016.5,7016.75,7013.5,7015.5,1985
1762861500,7015.25,7016.25,7013.25,7015.75,1965
1762862400,7015.75,7018.5,7014.25,7017,3417
1762863300,7017.25,7018.25,7014,7014.75,2066
1762864200,7014.75,7016,7009,7012,5674
1762865100,7011.75,7013.75,7009.25,7011,3707
1762866000,7011,7016.75,7010,7016.25,4665
1762866900,7016.25,7016.5,7007,7009.25,8252
1762867800,7009,7015,7009,7010.5,7986
1762868700,7010.5,7013.25,7009.75,7012.5,4678
1762869600,7012.25,7014.25,7009.5,7013.5,8020
1762870500,7013.5,7018.25,7011,7014,13758
1762871400,7013.75,7019.75,7012,7015.25,54735
1762872300,7015,7023.25,7008.75,7021.75,56610
1762873200,7021.5,7021.75,7004.5,7009.5,64969
1762874100,7009.25,7013.5,7002.5,7009,51795
1762875000,7009,7011.5,7002.25,7008.75,43779
1762875900,7008.5,7010.75,7001.25,7006,32013
1762876800,7006,7014,7005,7010,34795
1762877700,7009.75,7022.25,7007,7007.75,43671
1762878600,7007.75,7014.75,7002.25,7012.25,35641
1762879500,7012.25,7017.5,7010.75,7012,22136
1762880400,7012.25,7023,7011.5,7022,27918
1762881300,7022,7028.75,7022,7025,31753
1762882200,7025.25,7029.25,7024.25,7029,17948
1762883100,7029,7037.5,7027,7036,27410
1762884000,7035.75,7041,7035.25,7038.75,23922
1762884900,7038.5,7047.75,7037.5,7044.25,29340
1762885800,7044.5,7046.25,7036.5,7044.25,26036
1762886700,7044.25,7048,7043.25,7047,18592
1762887600,7047,7047,7039.5,7044.75,21949
1762888500,7044.75,7048.25,7043,7046.25,18321
1762889400,7046.25,7048.5,7043.5,7044,16059
1762890300,7044.25,7049.25,7042,7046.25,16460
1762891200,7046.25,7050.5,7045.75,7048.75,12566
1762892100,7048.75,7049.25,7042.75,7044,20482
1762893000,7043.75,7046.25,7039.75,7046.25,23130
1762893900,7046,7051,7038.25,7044.25,45080
1762894800,7044,7050,7040.5,7049.75,13131
1762895700,7050,7051.5,7046,7047.25,4713
1762896600,7047.5,7048.75,7046.5,7048.75,2523
1762897500,7048.5,7048.5,7044.5,7045.25,2901
1762902000,7045,7047.25,7039.25,7042,4933
1762902900,7042,7046.25,7040.25,7044.5,3011
1762903800,7044.75,7047,7042.5,7046.25,2541
1762904700,7046.25,7047,7042.5,7042.5,1523
1762905600,7042.75,7047.25,7042,7043.75,3159
1762906500,7043.75,7049.5,7042.75,7048.5,2688
1762907400,7048,7049.25,7046.75,7048.5,1751
1762908300,7048.25,7051.5,7047.25,7048.25,2865
1762909200,7048.5,7053.5,7047.25,7053,4757
1762910100,7052.75,7053.5,7050,7050.5,2817
1762911000,7050.25,7053.25,7049.5,7052.5,2103
1762911900,7052.75,7056.75,7052.25,7055.25,3045
1762912800,7055.5,7060.25,7055,7059,3406
1762913700,7059,7060.5,7058.25,7059.25,1995
1762914600,7059.25,7059.5,7055,7056.75,2802
1762915500,7057,7057,7051.25,7053.5,3321
1762916400,7053.75,7054,7051,7052,2082
1762917300,7051.75,7053.75,7050.75,7052.25,1400
1762918200,7052.25,7055,7051.25,7054.5,1703
1762919100,7054.5,7055.25,7053.5,7054,1244
1762920000,7054,7054.5,7050.25,7052.5,2353
1762920900,7052,7052.75,7049.5,7051,1353
1762921800,7050.75,7051.25,7048.25,7049.75,1606
1762922700,7049.5,7052.5,7049.5,7052.25,1144
1762923600,7052.25,7055.5,7052,7055,1880
1762924500,7055.25,7055.5,7052.75,7053.25,999
1762925400,7053,7058.25,7053,7058.25,1675
1762926300,7058.25,7059.5,7056.5,7057,1309
1762927200,7057,7059.25,7056.5,7057.5,1172
1762928100,7057.5,7060.75,7057.5,7060.25,1221
1762929000,7060,7062,7058.5,7061.5,2014
1762929900,7061.25,7062.5,7060.25,7061,962
1762930800,7061.25,7064.25,7061.25,7063.25,1801
1762931700,7063,7064.75,7061.5,7064.5,1149
1762932600,7064.25,7069.25,7064.25,7066.25,3176
1762933500,7066.75,7067,7062.75,7063.25,1671
1762934400,7063.5,7064.25,7060.5,7062.5,2798
1762935300,7062.25,7068.25,7062,7068,2300
1762936200,7068,7069.25,7063.75,7067.75,2763
1762937100,7067.75,7068.75,7063.75,7064.5,2071
1762938000,7064.5,7065.25,7061,7063.75,3483
1762938900,7063.5,7068,7062.75,7066.5,2482
1762939800,7066.5,7071.75,7066,7071.25,3448
1762940700,7071,7071,7068.25,7069.5,1762
1762941600,7069.75,7071.75,7068.5,7069,2019
1762942500,7068.75,7069.5,7066.25,7066.25,1909
1762943400,7066.25,7067.5,7061.25,7061.5,2519
1762944300,7061.25,7066.5,7060.75,7064.75,2152
1762945200,7065,7066.75,7062.75,7063.25,1689
1762946100,7062.75,7064.75,7056.25,7056.25,2183
1762947000,7056.75,7061.25,7053.75,7060.5,4678
1762947900,7060.75,7061.5,7055.25,7056.75,3405
1762948800,7056.75,7066.5,7053.25,7064.25,8518
1762949700,7064.5,7068.25,7064,7067.5,2503
1762950600,7067.25,7069.75,7063.75,7063.75,3455
1762951500,7063.75,7067.75,7061.75,7067.5,3679
1762952400,7067.25,7069.75,7066.25,7068.5,3501
1762953300,7068.5,7069.75,7065,7066.25,3247
1762954200,7066,7068.25,7064.75,7065.75,3209
1762955100,7065.75,7068.25,7065.25,7066.5,2633
1762956000,7066.75,7066.75,7063,7064.75,5544
1762956900,7064.5,7066.25,7062,7062.5,6939
1762957800,7062.5,7063.75,7053.5,7056,56837
1762958700,7055.75,7058.5,7045,7051.25,68472
1762959600,7051,7056.5,7043.75,7045.5,53511
1762960500,7045.25,7049.25,7042,7046.25,41066
1762961400,7046,7046.75,7032,7042.5,54691
1762962300,7042.5,7045.5,7033.25,7037.5,41423
1762963200,7037.75,7039.25,7025.25,7028.5,41042
1762964100,7028.75,7039.25,7028.5,7038.25,37707
1762965000,7038,7044.25,7034.5,7035,40615
1762965900,7035.25,7039.25,7023.25,7031.25,50650
1762966800,7031.5,7038.75,7029.25,7037.75,33380
1762967700,7037.75,7042,7031.75,7038.5,33546
1762968600,7038.25,7052.5,7037.25,7047.5,40150
1762969500,7047.5,7051.75,7039.5,7050.25,38401
1762970400,7050.5,7052.25,7044.25,7050.25,22582
1762971300,7050.5,7053,7045,7048.75,22374
1762972200,7048.75,7055.5,7047.75,7050,23998
1762973100,7050,7052,7046.25,7050.25,17432
1762974000,7050.25,7051.75,7043,7043.75,21017
1762974900,7043.75,7046.25,7038.5,7041,27894
1762975800,7041.25,7046,7036.25,7042.5,27102
1762976700,7042.75,7046.5,7038.75,7042,19646
1762977600,7041.75,7042.75,7034.5,7040.25,22379
1762978500,7040.25,7048.25,7037.75,7047.5,19111
1762979400,7047.25,7053.75,7045,7051.25,29040
1762980300,7051,7055,7040.75,7047.5,44174
1762981200,7047.5,7052.25,7046.75,7050.5,17026
1762982100,7050.25,7050.75,7046.75,7049.25,4957
1762983000,7049.5,7050,7047.75,7049.5,2826
1762983900,7049.25,7049.5,7043.75,7044.5,3318
1762988400,7045.25,7046.5,7025.5,7033.5,12548
1762989300,7033.5,7034.5,7028.75,7034.5,4939
1762990200,7034.5,7035,7028,7030,7550
1762991100,7030,7030.75,7022.5,7029.25,9062
1762992000,7029.75,7040.25,7029.25,7038.25,7315
1762992900,7038.25,7040.75,7034.25,7034.5,3886
1762993800,7034.75,7037,7032.5,7036,5044
1762994700,7036,7036,7031.25,7035,4713
1762995600,7035,7060.75,7033.75,7056,18028
1762996500,7056,7058.75,7049.25,7051,9048
1762997400,7050.75,7059.75,7050.5,7057.25,7320
1762998300,7057.25,7058.25,7053.5,7055.5,3821
1762999200,7055.5,7057.5,7050.5,7053.75,4144
1763000100,7054,7057.25,7052.5,7054,2908
1763001000,7054,7054,7048.25,7049.75,3190
1763001900,7049.75,7052.75,7047.75,7050.25,2539
1763002800,7050.25,7051.25,7046.25,7046.75,2504
1763003700,7047.25,7056.25,7046,7055.5,3445
1763004600,7055.5,7057.75,7053.5,7053.75,3197
1763005500,7053.75,7054.75,7051.25,7054.5,2343
1763006400,7054.5,7056,7052,7054,1911
1763007300,7054.25,7055.5,7052.25,7054,1172
1763008200,7053.75,7056.5,7053.5,7056.25,1218
1763009100,7056.5,7058.75,7056.25,7057.5,1627
1763010000,7057.75,7060.25,7057.25,7059,1832
1763010900,7059.25,7061.25,7058.75,7060,1329
1763011800,7059.75,7061.75,7058.5,7060.5,1435
1763012700,7060.5,7061.25,7058,7059,1364
1763013600,7059,7061.75,7057.25,7059.5,1855
1763014500,7059.5,7061.75,7058,7061.25,1010
1763015400,7061.25,7063.5,7060.75,7062.5,1569
1763016300,7062.25,7063.25,7060.75,7061,1046
1763017200,7061.25,7062,7057.75,7060,2070
1763018100,7060,7063.25,7059.5,7062.25,1690
1763019000,7062.25,7063.5,7058.5,7059.25,2196
1763019900,7059,7059.5,7053.5,7054.25,3391
1763020800,7054.25,7057,7050.75,7051,4872
1763021700,7051,7057.5,7049.5,7053,4192
1763022600,7053,7056.25,7051.25,7055.5,3211
1763023500,7055.25,7057,7053.5,7055.25,1989
1763024400,7055.25,7056.25,7039.25,7040.25,8480
1763025300,7040.25,7042.25,7033.75,7034.5,5168
1763026200,7034.5,7038,7030.25,7037.75,6420
1763027100,7037.75,7039,7035.75,7036.75,2975
1763028000,7036.75,7043.75,7035.5,7040.5,5052
1763028900,7040.25,7044.75,7039,7042,2873
1763029800,7042.25,7047.25,7041,7044,3731
1763030700,7043.75,7044.25,7039.75,7041.75,2904
1763031600,7041.5,7046.25,7040.5,7044.75,3620
1763032500,7044.75,7046.25,7034.75,7035.75,4943
1763033400,7036,7038,7030,7034.75,5794
1763034300,7035,7039.25,7032.5,7039,5226
1763035200,7038.5,7039.25,7031,7033.25,4433
1763036100,7033.25,7037.75,7033,7036.25,3439
1763037000,7036.25,7042.75,7034.75,7042.5,5208
1763037900,7042.75,7043.5,7036.25,7037.25,4515
1763038800,7037,7037,7032.75,7036.75,6698
1763039700,7036.5,7038.25,7028,7033.75,7534
1763040600,7032.75,7034,7019.75,7023.5,16196
1763041500,7023.75,7030,7021.25,7022.5,13860
1763042400,7022.75,7024.5,7012.75,7017.75,27595
1763043300,7018,7024.25,7015,7018.75,20046
1763044200,7018.5,7020.5,6989.75,6990.5,108299
1763045100,6990.75,7007,6988,7001,89125
1763046000,7001,7019,6992.5,7017.25,83925
1763046900,7017.5,7021.75,7000.25,7002.25,68252
1763047800,7002.5,7003.25,6983.75,6985,73972
1763048700,6985,6985.75,6965.5,6977,80119
1763049600,6977.25,6980.5,6964.75,6971.25,54041
1763050500,6971.5,6975.5,6962,6969.75,56516
1763051400,6969.75,6979,6954.25,6957.5,71871
1763052300,6957.75,6966.5,6955.25,6964.5,47084
1763053200,6964.25,6972.5,6955.75,6958.25,56349
1763054100,6958.25,6974,6957.75,6971.5,52175
1763055000,6971.25,6977.5,6963,6963.5,48409
1763055900,6963.5,6964.25,6951.75,6953.75,51263
1763056800,6954,6960,6949.75,6957.25,39479
1763057700,6957,6958.25,6938.25,6940.5,48400
1763058600,6940.5,6941.25,6927.5,6938,55773
1763059500,6937.75,6941.5,6933.5,6939.25,49998
1763060400,6939,6941.25,6928.25,6929.75,46551
1763061300,6929.75,6948,6928,6947.75,48355
1763062200,6947.5,6948.75,6930.75,6936.25,49946
1763063100,6936.5,6939,6917.25,6929.25,51496
1763064000,6929.25,6932.5,6921.75,6928.25,50645
1763064900,6928.5,6933,6917.25,6928.5,52928
1763065800,6928.5,6942.75,6926.25,6935.5,51154
1763066700,6935.75,6938.75,6919.75,6933.25,75124
1763067600,6933.5,6948,6932.75,6948,22910
1763068500,6948.25,6949.75,6940,6942.75,9061
1763069400,6943,6944.25,6936.25,6938,5731
1763070300,6938,6938.25,6932.25,6933.25,5182
1763074800,6936,6944.5,6934.25,6937,6493
1763075700,6937.25,6945,6936,6944,5301
1763076600,6944.25,6946.25,6940.25,6942.5,5348
1763077500,6942.5,6942.5,6936.75,6938.25,4548
1763078400,6938,6942.5,6936,6940.75,5592
1763079300,6941.25,6945.5,6939.75,6944.75,4493
1763080200,6944.5,6944.75,6939.25,6941.75,4192
1763081100,6941.75,6943.5,6937,6938,3927
1763082000,6938,6944.75,6937.5,6942,3999
1763082900,6942.25,6944.25,6936.5,6937.75,3476
1763083800,6937.75,6945.25,6937.75,6940,3478
1763084700,6940.25,6942,6937,6939.75,2734
1763085600,6940,6944,6939.75,6942.75,2738
1763086500,6942.5,6944.25,6941.25,6942,1968
1763087400,6942.5,6945,6941.25,6942,2322
1763088300,6942.25,6946.25,6941.25,6942.25,2065
1763089200,6942.25,6943.75,6938,6942.5,2634
1763090100,6942.5,6943.75,6940.25,6941.25,1602
1763091000,6941.25,6941.5,6938.5,6939.25,1426
1763091900,6939.25,6940.25,6932.5,6937.75,3123
1763092800,6937.75,6939.25,6929.75,6932.25,5091
1763093700,6932,6933.75,6926.75,6928.5,4442
1763094600,6928.25,6931.75,6925.5,6929.25,3903
1763095500,6929.25,6931.25,6922.5,6925,3843
1763096400,6925.25,6925.75,6917.75,6919.25,4967
1763097300,6919,6931.5,6914,6928.5,8638
1763098200,6928.5,6937,6926.5,6935.75,5275
1763099100,6935.75,6939,6932.75,6935.25,4080
1763100000,6935.25,6935.75,6929,6931,4307
1763100900,6931,6932,6924,6925.5,4431
1763101800,6925.5,6927.5,6917,6925.75,5651
1763102700,6926,6930,6919.75,6929,5179
1763103600,6928.75,6929.25,6910.25,6912.5,10774
1763104500,6912.5,6913.5,6904.75,6911.75,12794
1763105400,6911.5,6915.75,6910.5,6912.75,6537
1763106300,6912.75,6919.75,6912.75,6917.25,5243
1763107200,6917,6919,6907.5,6908,8654
1763108100,6908.5,6912,6903.25,6908.25,10403
1763109000,6908,6913.5,6899.5,6907.5,10601
1763109900,6907.75,6917.25,6902.25,6915.75,8323
1763110800,6916,6926,6914.5,6918.5,9940
1763111700,6918.5,6919.5,6914.75,6915.25,4457
1763112600,6915.25,6916.25,6910.25,6914,5092
1763113500,6913.5,6914,6906.75,6909.5,5645
1763114400,6909.25,6919.5,6907,6917.25,4541
1763115300,6917.25,6917.75,6912.5,6916,3999
1763116200,6916,6919.75,6914.25,6917.25,3739
1763117100,6917,6917.75,6907.25,6910.25,4139
1763118000,6910,6910,6891.5,6893.75,9951
1763118900,6893.5,6895.25,6884.75,6889.5,10634
1763119800,6889.25,6891,6881.5,6883,11072
1763120700,6882.75,6886.5,6875,6885.75,14210
1763121600,6886,6886.25,6868.75,6870.5,15378
1763122500,6870.5,6878.25,6866.5,6875,16547
1763123400,6875,6876.5,6856.25,6861.75,19709
1763124300,6861.75,6871.5,6856.25,6866.5,15892
1763125200,6866.5,6871.75,6861.25,6869,15806
1763126100,6869.25,6869.75,6852.25,6859.5,17052
1763127000,6858.75,6862,6849,6851.75,16364
1763127900,6852,6867,6850.75,6863.5,17709
1763128800,6863.25,6872,6859.25,6864.75,19059
1763129700,6864.75,6871,6861,6863.25,22304
1763130600,6863.25,6878,6841.75,6876.5,141558
1763131500,6876.5,6898,6873.5,6896.5,115431
1763132400,6896.25,6899,6879,6885,101723
1763133300,6885,6909.25,6883.75,6907.5,103586
1763134200,6907.75,6922,6901,6920.25,92822
1763135100,6920,6938,6918.75,6932.25,77081
1763136000,6932,6935.75,6918.25,6930.75,61760
1763136900,6931,6958.75,6931,6953.75,63484
1763137800,6953.75,6960.25,6945.25,6949,62138
1763138700,6949,6958.25,6941.25,6957,47893
1763139600,6957,6966.5,6951.75,6962.5,42019
1763140500,6962.75,6964.25,6953.25,6960.5,43460
1763141400,6960.5,6966.75,6952,6958.25,42477
1763142300,6958,6962.25,6941.25,6950.25,57232
1763143200,6950.5,6953.75,6932,6952.75,74552
1763144100,6952.75,6953,6931.25,6941.25,50715
1763145000,6941,6946.5,6925.25,6926.5,57382
1763145900,6926.5,6948,6924.75,6942.25,56868
1763146800,6942.25,6945.75,6932.5,6940.75,45267
1763147700,6940.75,6954.25,6939.25,6950,44217
1763148600,6950,6953.75,6946.5,6951,32800
1763149500,6951.25,6958.75,6950,6956.25,35833
1763150400,6956.25,6961.25,6945.75,6946.75,41779
1763151300,6947,6948.5,6931.75,6936,44954
1763152200,6936,6941,6929,6930.5,43215
1763153100,6930.5,6934.75,6921.25,6929.5,67901
1763154000,6929.25,6937.25,6922,6935.5,22471
1763154900,6935.5,6940.75,6934.75,6938,5467
1763155800,6938,6938.25,6934.25,6935.5,4631
1763156700,6936,6937,6935.25,6936.25,3043
1763334000,6935.75,6937.5,6911.5,6926,16847
1763334900,6926,6935,6924.25,6932.75,9041
1763335800,6932.5,6941.25,6932.25,6937.75,7120
1763336700,6938,6941.75,6935.75,6937.75,4800
1763337600,6937.75,6940.25,6929.75,6932.75,8520
1763338500,6932.75,6939,6927,6939,7444
1763339400,6939.25,6950,6938.5,6947.25,11109
1763340300,6947.25,6950.25,6946,6947,4356
1763341200,6947.5,6950.75,6942.75,6948.5,6833
1763342100,6948.25,6951.5,6948,6948.5,4195
1763343000,6948.5,6949.5,6943.5,6945,3581
1763343900,6945,6946.5,6941,6941.75,5059
1763344800,6942,6949.25,6941.25,6948,5153
1763345700,6948,6949.5,6943.25,6943.5,3488
1763346600,6943.5,6947,6943.25,6946.25,2300
1763347500,6946.25,6953.25,6946,6952,4149
1763348400,6952,6956.25,6951.5,6954.5,3179
1763349300,6954.75,6955.5,6951.5,6951.75,2313
1763350200,6951.75,6953,6950.25,6952.25,2091
1763351100,6952,6955.75,6951,6955.25,2111
1763352000,6955.5,6957.25,6953.75,6956.5,1683
1763352900,6956.5,6958.75,6955.25,6958,1874
1763353800,6958,6958,6955.5,6957.75,1695
1763354700,6957.5,6959,6957,6957.25,1287
1763355600,6957.5,6959.75,6956.25,6957.75,1824
1763356500,6957.75,6959,6954.25,6956.5,2539
1763357400,6956.5,6957.75,6953,6954.75,2067
1763358300,6954.25,6955.75,6951.25,6952,2092
1763359200,6952,6954.5,6950.5,6953.25,2707
1763360100,6953,6956.75,6951.75,6955.25,2456
1763361000,6955.25,6956.5,6950.25,6951.75,2670
1763361900,6951.5,6952.75,6949.25,6950.75,1971
1763362800,6950.75,6960.25,6949.75,6959.25,2956
1763363700,6959.75,6966.5,6958.75,6965.5,4560
1763364600,6965.5,6966.5,6963,6964.25,2915
1763365500,6964.75,6965.75,6963.25,6963.5,1626
1763366400,6963.5,6970.25,6961.5,6969.75,5827
1763367300,6970,6971.75,6965.5,6966,4164
1763368200,6966.5,6972.75,6965.75,6969.75,3284
1763369100,6969.75,6971.5,6967.25,6970.25,2588
1763370000,6970.25,6971.75,6959.5,6963.75,6134
1763370900,6964,6966,6961.25,6963.25,3345
1763371800,6963.5,6965.5,6954.75,6960,5048
1763372700,6960.25,6961.25,6956.5,6958.75,2244
1763373600,6958.75,6959,6955,6957,3509
1763374500,6956.5,6956.5,6945,6946.25,5854
1763375400,6946.5,6950.25,6941.75,6942.5,4965
1763376300,6942.25,6946.25,6935.5,6940,6438
1763377200,6940.25,6943.25,6935.25,6942.75,5590
1763378100,6942.5,6946,6940.75,6944.5,4412
1763379000,6944.25,6950.25,6942.5,6943.25,4382
1763379900,6943.5,6947.75,6940.5,6942.75,5228
1763380800,6943,6943,6930.75,6933.5,8276
1763381700,6933.75,6938.75,6933.25,6934,5894
1763382600,6934,6935.75,6929.75,6933.25,7160
1763383500,6933.5,6933.75,6927,6930,5794
1763384400,6930.25,6931.25,6916.25,6919.25,11615
1763385300,6919,6926.5,6918.5,6923.75,7564
1763386200,6923.5,6923.5,6910.25,6910.75,10607
1763387100,6910.75,6919.25,6905.75,6919,13812
1763388000,6918.75,6919,6906.75,6908.5,11871
1763388900,6908.75,6915,6903.25,6905.5,13514
1763389800,6905.5,6935.75,6897.75,6928.75,101342
1763390700,6928.5,6946,6927,6936.25,61467
1763391600,6936.5,6940.5,6913.25,6926,84967
1763392500,6926.25,6932,6914.25,6929.25,67091
1763393400,6929.25,6932.75,6909.5,6926,66529
1763394300,6925.5,6929.75,6911.75,6915.75,50486
1763395200,6915.75,6918.5,6893.5,6895.25,63963
1763396100,6895.25,6914,6886.25,6913.5,70039
1763397000,6913.25,6929.5,6912.25,6925.75,57224
1763397900,6926,6938.75,6924.25,6938.25,37426
1763398800,6938.25,6939,6928.5,6933,30571
1763399700,6933,6934.75,6925.75,6932.25,30696
1763400600,6932.25,6935,6917,6918,38109
1763401500,6918.25,6918.25,6900,6900.75,45234
1763402400,6901,6903.25,6890.75,6898.5,56761
1763403300,6898.5,6903,6892.75,6895.5,32454
1763404200,6895.5,6897.5,6888.75,6896.5,31300
1763405100,6896.75,6907.5,6873.25,6873.75,61074
1763406000,6874,6877.25,6864.25,6867.5,59410
1763406900,6868,6870,6857.75,6866.75,46888
1763407800,6866.5,6869.75,6845,6853.5,58384
1763408700,6853.25,6854.25,6835,6835.75,55652
1763409600,6835.5,6844.5,6829.5,6835.5,61766
1763410500,6835.75,6848.75,6833.25,6845.75,53572
1763411400,6845.75,6850.75,6838.75,6848.75,50632
1763412300,6848.5,6866,6847.75,6865.25,91457
1763413200,6865.25,6872.25,6864,6871.5,19743
1763414100,6871.25,6871.75,6866,6868.5,6348
1763415000,6868.25,6869.25,6863.25,6865.75,4828
1763415900,6865.5,6869.5,6865.25,6868.5,3610
1763420400,6868.25,6878,6866,6868.5,7358
1763421300,6868.5,6873.25,6864,6872.5,4293
1763422200,6873,6876.5,6870.75,6872.75,2948
1763423100,6872.75,6873.25,6869.75,6872.75,2706
1763424000,6872.75,6876,6870.75,6873,3254
1763424900,6873,6873.5,6861.5,6861.75,6379
1763425800,6862,6864.25,6856.25,6857,6691
1763426700,6857.25,6867.75,6857,6861,6975
1763427600,6861,6871.25,6860.25,6869.25,8410
1763428500,6869.5,6879.75,6869.5,6872,8499
1763429400,6872,6878.75,6870.5,6878.5,5372
1763430300,6878,6880,6874.75,6875.5,3512
1763431200,6875.25,6879,6873,6873.5,4133
1763432100,6873.75,6876.5,6870.5,6873.5,3601
1763433000,6873.5,6875.25,6863.25,6864.25,6140
1763433900,6864,6866.25,6857.5,6857.75,5015
1763434800,6858,6858.25,6851,6854.25,7515
1763435700,6854.25,6858.5,6851.5,6851.75,5009
1763436600,6851.75,6854.5,6848,6850.5,7091
1763437500,6850.25,6852.25,6843.75,6846.5,6684
1763438400,6846.75,6846.75,6832.75,6832.75,9285
1763439300,6832.75,6834.25,6809.75,6818.25,20961
1763440200,6818.5,6827.5,6818.5,6825.75,8399
1763441100,6825.75,6835,6824,6833,6366
1763442000,6832.75,6838.75,6824,6837,9444
1763442900,6836.5,6839,6829.75,6830.75,5820
1763443800,6831,6835.25,6830.25,6833.75,3803
1763444700,6834.25,6837.25,6827,6827.5,4401
1763445600,6827.5,6833.5,6825.5,6831.25,5879
1763446500,6831.25,6835.25,6827,6831,3900
1763447400,6830.75,6830.75,6814.25,6816.75,8217
1763448300,6817.25,6823,6815,6817.75,5400
1763449200,6818,6818.5,6806.75,6812.5,8770
1763450100,6812.5,6823.25,6808.5,6821.25,7879
1763451000,6821,6834.25,6820.25,6830.75,7637
1763451900,6830.5,6832.5,6822.25,6826,5395
1763452800,6826,6842,6825.5,6835,9794
1763453700,6835,6838,6829.75,6837.25,6578
1763454600,6837.25,6857,6835.75,6849.75,11078
1763455500,6849.75,6850.25,6841.75,6845.5,5197
1763456400,6845.25,6850.25,6840.5,6848.75,5984
1763457300,6848.75,6855.75,6843,6844.5,4714
1763458200,6844.75,6849.5,6838.75,6845.25,5150
1763459100,6845,6854.25,6843,6852.25,3933
1763460000,6851.75,6853.5,6843,6843.75,3826
1763460900,6843.5,6848.75,6842,6843.75,2987
1763461800,6844,6849.75,6841.5,6844.5,3414
1763462700,6844.75,6853.25,6843.75,6851.25,3472
1763463600,6851.25,6853,6840.5,6842.5,5725
1763464500,6842.75,6848.75,6840.5,6844.5,4304
1763465400,6844.75,6845.75,6836.5,6839.75,6610
1763466300,6839.75,6846.25,6837.25,6846.25,4578
1763467200,6846,6846.25,6825.25,6826.75,10476
1763468100,6826.5,6838.25,6826,6829,7966
1763469000,6829.25,6837.25,6828,6829.75,6617
1763469900,6829.25,6831,6814.5,6821.75,14368
1763470800,6822,6835,6821.5,6832.75,9447
1763471700,6832.75,6836.75,6826.5,6828.5,9397
1763472600,6828.5,6839.25,6826.75,6829.75,11936
1763473500,6829.75,6838.75,6827.75,6832.75,11503
1763474400,6832.75,6837.5,6828.75,6831.5,13005
1763475300,6831.5,6833.25,6824,6828.25,17827
1763476200,6828.25,6850.25,6816.75,6825.75,130965
1763477100,6825.5,6842,6792.75,6793.25,132581
1763478000,6793,6801.5,6774.5,6795.25,134091
1763478900,6794.75,6810.25,6777.5,6797.75,112880
1763479800,6797.75,6809.25,6781,6789.25,99785
1763480700,6789.25,6794.25,6777.75,6778.75,81083
1763481600,6778.75,6802.25,6765.25,6795,109245
1763482500,6795,6826,6787.75,6822.75,85819
1763483400,6822.75,6830.75,6816.25,6826.25,70555
1763484300,6826.25,6830.25,6814,6818.5,57634
1763485200,6818.5,6826,6805.75,6806.25,52740
1763486100,6806.25,6816.25,6792.5,6793,56115
1763487000,6793.25,6837.5,6786,6835.25,73814
1763487900,6835.5,6851,6824.25,6844,65720
1763488800,6844.25,6851.75,6840.25,6845,48634
1763489700,6845.5,6851.25,6838,6840.5,42756
1763490600,6840.75,6858.5,6838.25,6846,50578
1763491500,6846.25,6856.75,6834,6837.5,49141
1763492400,6837.5,6849.75,6835.5,6847,44254
1763493300,6847,6849.5,6832.5,6836.5,35729
1763494200,6836.5,6856.75,6831,6841.75,48820
1763495100,6841.75,6856,6836.75,6851.5,42804
1763496000,6851.25,6856.75,6835,6838.75,42141
1763496900,6838.5,6842.5,6822,6831.25,48254
1763497800,6831.25,6835,6822.75,6823.75,39420
1763498700,6823.5,6830.75,6807.75,6809,78284
1763499600,6809,6810.25,6796,6804.5,27501
1763500500,6804.75,6805,6798,6802,5715
1763501400,6802,6805.25,6799.25,6799.75,4342
1763502300,6799.75,6803.25,6796.5,6799,3813
1763506800,6801.25,6814.25,6800.75,6810,9019
1763507700,6810.25,6818.25,6810.25,6816.75,6671
1763508600,6817,6818.75,6810.25,6816.25,6781
1763509500,6816.25,6816.5,6811.75,6813,3422
1763510400,6812.75,6815,6801,6801.75,8768
1763511300,6802,6803.5,6793.5,6797.75,8620
1763512200,6797.75,6809.25,6795.75,6808.25,5865
1763513100,6808,6810.25,6802.75,6807.25,5003
1763514000,6807,6808,6799,6802.25,7440
1763514900,6802.25,6819,6802.25,6813.25,8894
1763515800,6813.25,6815.75,6807.75,6809.75,6542
1763516700,6809.5,6813.25,6800.25,6804.75,6908
1763517600,6805,6819,6805,6816.25,7368
1763518500,6816.25,6820,6812.25,6818.25,5022
1763519400,6818.25,6823.25,6817.75,6820,5635
1763520300,6820,6822.25,6818,6822,2954
1763521200,6821.75,6824,6816.5,6816.75,3852
1763522100,6816.75,6816.75,6808.25,6812.5,5725
1763523000,6812.5,6812.5,6806.75,6808.25,4024
1763523900,6808,6808.5,6801,6801.75,4513
1763524800,6802,6803.75,6793,6797,5818
1763525700,6797,6803.75,6797,6801.75,4384
1763526600,6802,6802.25,6793.25,6800.5,4455
1763527500,6800.5,6805.75,6797.5,6798.25,4345
1763528400,6798.75,6804.25,6798,6799,3717
1763529300,6798.75,6805,6797,6797.75,3543
1763530200,6797.75,6799.25,6786.5,6787.5,6501
1763531100,6787.25,6805.25,6784,6801.5,7569
1763532000,6801.75,6803.75,6798,6801.25,3517
1763532900,6801.25,6808,6801,6803.75,4216
1763533800,6803.75,6806.5,6801.5,6803.75,3125
1763534700,6803.5,6806.25,6801,6805.5,2613
1763535600,6805.25,6819,6801.5,6814.25,5996
1763536500,6814.5,6816.75,6812,6813.5,4145
1763537400,6813.75,6818,6810,6815.25,5507
1763538300,6815,6818.5,6813,6815.75,3508
1763539200,6815.75,6818,6807.75,6808.75,5541
1763540100,6808.75,6821.25,6807.5,6820.75,5722
1763541000,6820.5,6823.75,6811.5,6816.25,5857
1763541900,6816.25,6817.5,6810.25,6810.75,4507
1763542800,6810.25,6819.75,6806.25,6819.5,5601
1763543700,6819.25,6820.5,6816.75,6820,3630
1763544600,6819.5,6823.75,6816.75,6823.25,4541
1763545500,6823.25,6830.5,6822.5,6829.5,4246
1763546400,6829.5,6831,6826.5,6829.25,3605
1763547300,6829.5,6834.75,6829,6833,3225
1763548200,6833,6833.75,6829.5,6832.75,3136
1763549100,6832.75,6836,6829.75,6834.75,3914
1763550000,6834.5,6840.75,6833.25,6837.25,6345
1763550900,6837.5,6838.5,6835,6835.75,2655
1763551800,6835.5,6838.25,6832.25,6836.75,4270
1763552700,6837,6840,6831.25,6832.25,4669
1763553600,6832.25,6834,6828,6833.25,6367
1763554500,6833.25,6835.25,6829.25,6832.25,5255
1763555400,6832.5,6838,6832.5,6836.25,4707
1763556300,6836.25,6838.5,6832.75,6833,4917
1763557200,6833.25,6836.25,6821.25,6823,10335
1763558100,6823,6829.75,6822,6829.25,7163
1763559000,6829.5,6833.75,6823.5,6826.25,9636
1763559900,6826,6830.5,6822.5,6824,7422
1763560800,6824,6825.25,6814.25,6814.75,14878
1763561700,6815,6818.5,6812.5,6813.5,16337
1763562600,6813.75,6839.75,6807,6836.25,102880
1763563500,6836.25,6865,6833,6863,86465
1763564400,6863.25,6874.25,6860.5,6872.5,72083
1763565300,6872.5,6880.25,6865.5,6869.25,64096
1763566200,6869.25,6872.25,6857.25,6861.5,47206
1763567100,6861.75,6861.75,6832,6836.25,77408
1763568000,6836,6841.75,6825,6829,72837
1763568900,6829,6837.5,6819,6826.25,64103
1763569800,6826.5,6829.5,6813.75,6822.5,49549
1763570700,6822.25,6832.25,6816.5,6831.5,43960
1763571600,6831.25,6836,6810.75,6813.75,60322
1763572500,6814,6821,6808.5,6818,47076
1763573400,6818,6821.75,6793.5,6816.5,72836
1763574300,6816.25,6825.75,6805.75,6820,57532
1763575200,6819.75,6832.75,6816.75,6829,42029
1763576100,6829,6832,6815.75,6816.75,44845
1763577000,6816.5,6840,6814.5,6822.5,59268
1763577900,6822.5,6836.5,6814,6832.25,34179
1763578800,6832.25,6834.75,6818.5,6825,35156
1763579700,6824.75,6826.75,6801,6804.5,39617
1763580600,6804.25,6809.5,6799.5,6803.5,36421
1763581500,6803.75,6826.75,6800,6819,46471
1763582400,6818.75,6830.75,6816.5,6830,33856
1763583300,6830,6851,6830,6841.75,55654
1763584200,6841.75,6854.75,6836.5,6843,45225
1763585100,6842.75,6843.75,6824,6833,61755
1763586000,6832.75,6836.25,6823.25,6835.25,20680
1763586900,6835.25,6867.75,6829.25,6853.5,27781
1763587800,6853.25,6875,6853,6874.5,20698
1763588700,6874.5,6875.5,6865.25,6867,9576
1763593200,6871,6894,6865.25,6893.5,16557
1763594100,6893.5,6896.5,6887,6892,11265
1763595000,6891.75,6899.5,6889.75,6896.75,9477
1763595900,6897,6904,6896.25,6903.25,7294
1763596800,6903,6904.25,6899.25,6902,6405
1763597700,6902.25,6912.75,6902.25,6911.5,8071
1763598600,6911.5,6914.5,6909.25,6914,4488
1763599500,6914,6914.75,6906.25,6907.25,5376
1763600400,6907,6908,6903.5,6905.25,4271
1763601300,6905.25,6912.75,6905,6912.5,4095
1763602200,6912.25,6913.75,6909.25,6911,3128
1763603100,6911,6914.25,6908,6913.5,4129
1763604000,6913.25,6916.75,6909.5,6910,4636
1763604900,6909.75,6911,6908.5,6909.25,2521
1763605800,6909.5,6914.25,6908.75,6913.25,2910
1763606700,6913.25,6917,6913,6916.25,2631
1763607600,6916.25,6921,6915.75,6917.75,4725
1763608500,6917.5,6919.75,6916.25,6918.75,2141
1763609400,6918.5,6919.25,6915,6916,2598
1763610300,6916.25,6919,6909.75,6916,4806
1763611200,6915.5,6919.25,6914.5,6916.25,2381
1763612100,6916.25,6918.25,6913.25,6916,2200
1763613000,6916.25,6921,6915.25,6920.25,2091
1763613900,6920,6921,6919,6920.75,1041
1763614800,6920.75,6925.25,6919.25,6922,4172
1763615700,6921.75,6923.5,6920,6920.25,1507
1763616600,6920.25,6920.75,6917.5,6920,2063
1763617500,6920,6920.75,6915.75,6917.75,1636
1763618400,6918,6921,6916.5,6918.25,2416
1763619300,6918,6918,6911.5,6913,3744
1763620200,6913.25,6920,6913,6918.75,3077
1763621100,6918.5,6920.5,6916,6920.25,2013
1763622000,6920.25,6922.5,6918,6921.75,3584
1763622900,6921.75,6927.25,6920,6924.75,6260
1763623800,6925,6928.25,6917.5,6918.75,6584
1763624700,6918.75,6918.75,6914,6915.5,3643
1763625600,6915.5,6919.25,6911.75,6916.25,6061
1763626500,6916.5,6919.75,6913.5,6918.25,3468
1763627400,6918.25,6923,6914,6922.5,3780
1763628300,6922.75,6926.25,6914.75,6914.75,4298
1763629200,6915,6917.25,6909.75,6913.75,5635
1763630100,6913.5,6914.75,6901.5,6901.75,5903
1763631000,6901.5,6906.25,6900.5,6902.75,4164
1763631900,6902.75,6903.25,6896.75,6900,4996
1763632800,6900.25,6901,6895.25,6897.75,4200
1763633700,6898,6908.75,6898,6907.75,5344
1763634600,6907.75,6913,6907.25,6912.75,3252
1763635500,6912.75,6917.75,6912,6915.75,3673
1763636400,6915.5,6916,6903.75,6907.5,6725
1763637300,6907.25,6908,6900.5,6902.5,4239
1763638200,6902.5,6912.5,6902.25,6911.25,4814
1763639100,6911,6911.75,6900.25,6904,5994
1763640000,6904.25,6906.75,6897.5,6901.75,8317
1763640900,6901.75,6908.25,6900,6904.75,5070
1763641800,6904.75,6913.5,6904,6911,4428
1763642700,6911,6918.5,6910.25,6917.5,5657
1763643600,6917.75,6922,6916,6919,8058
1763644500,6919,6920.5,6907.75,6913.5,9601
1763645400,6911.5,6938.25,6910.5,6929.25,25215
1763646300,6929.5,6944,6925.75,6939,20630
1763647200,6939,6943.25,6933,6935.5,14458
1763648100,6935,6941,6932.5,6936,17344
1763649000,6936.25,6948.25,6931.25,6943.25,107760
1763649900,6943,6957.25,6936.25,6955.75,79269
1763650800,6956,6961.25,6934.25,6938.5,78545
1763651700,6938.5,6957,6934.5,6955,61251
1763652600,6955,6962.5,6949.5,6959,45574
1763653500,6959,6960.25,6933.75,6934.25,59299
1763654400,6934.75,6934.75,6904.75,6905.75,94794
1763655300,6905.75,6905.75,6880,6884.5,142398
1763656200,6884.75,6887.75,6847,6850,128895
1763657100,6849.75,6863.75,6799,6807.5,156248
1763658000,6807.25,6829.25,6785.75,6800.75,163803
1763658900,6800.5,6800.5,6771.25,6791,139798
1763659800,6791,6800.75,6759.75,6767.75,97400
1763660700,6767.75,6784,6759.75,6777.75,76211
1763661600,6778,6824,6772,6823.75,76773
1763662500,6823.5,6825.25,6792.5,6800.5,78418
1763663400,6800.75,6805,6767.25,6768.25,62374
1763664300,6768.25,6769,6746,6755.25,60058
1763665200,6755.5,6763.75,6743.5,6758.75,56135
1763666100,6758.5,6780.75,6753.25,6775.5,52425
1763667000,6775.25,6775.25,6757.25,6771.25,45835
1763667900,6771.25,6787.5,6757.75,6786.5,42113
1763668800,6786.25,6786.5,6762.25,6768,49559
1763669700,6767.75,6780.75,6758.75,6767.25,36231
1763670600,6767,6771,6736.25,6738.75,57729
1763671500,6738.75,6744.25,6723.75,6730,77659
1763672400,6730,6733.75,6721.5,6728,26599
1763673300,6728,6730.5,6724,6729.25,8987
1763674200,6729.25,6730.75,6723.75,6726.5,6385
1763675100,6726.75,6728,6722.25,6723.5,5945
1763679600,6731.25,6736.75,6710.25,6721.25,15268
1763680500,6721.5,6734.75,6721,6733,8859
1763681400,6732.75,6738,6728.25,6735.75,9539
1763682300,6735.75,6742.75,6735.5,6737.25,8624
1763683200,6737,6745.75,6732.75,6743.5,10047
1763684100,6743.5,6749.25,6740.5,6747,5576
1763685000,6747,6751.25,6745.25,6747.5,4258
1763685900,6747.5,6752.75,6743.75,6748.75,6624
1763686800,6748.75,6754.5,6746.25,6749.75,6032
1763687700,6749.25,6757.75,6749.25,6756.75,5818
1763688600,6757,6758.75,6747.75,6756.25,8470
1763689500,6756,6760.5,6754.25,6754.5,5419
1763690400,6754.75,6756.25,6748,6749,5822
1763691300,6748.75,6756,6748.5,6752.75,4745
1763692200,6752.25,6759.5,6751.25,6756.25,5415
1763693100,6756.75,6758.5,6750.75,6751.75,4083
1763694000,6751.75,6756.75,6749.75,6754.25,4340
1763694900,6754.25,6756.5,6751.5,6755.5,3182
1763695800,6755.75,6765.5,6754.25,6760.75,7177
1763696700,6760.75,6761.75,6755.5,6756,3263
1763697600,6755.75,6757.25,6750.75,6753.75,3786
1763698500,6753.5,6753.75,6742.25,6749.5,8367
1763699400,6749.75,6750.5,6737.5,6742,6854
1763700300,6742,6751.5,6739.5,6751,5834
1763701200,6750.75,6756.25,6747,6753.75,5834
1763702100,6753.5,6756.75,6749.25,6750.25,2916
1763703000,6750.25,6752.25,6741.75,6745.5,3443
1763703900,6745.75,6746.25,6740.75,6743.25,3005
1763704800,6743.5,6749,6742.5,6746.75,3297
1763705700,6746.75,6750.75,6741.5,6741.5,2238
1763706600,6741.5,6749.25,6740.25,6748,2686
1763707500,6747.75,6753.5,6746.75,6748,2119
1763708400,6748,6750.25,6743.75,6746,2755
1763709300,6746,6751.25,6744.25,6750.5,2635
1763710200,6750.25,6751.25,6738.25,6739.75,4422
1763711100,6740,6740,6722.75,6725.5,9937
1763712000,6725.5,6748.25,6725.5,6745,8785
1763712900,6745.75,6746.75,6733,6742.25,8087
1763713800,6742,6745.75,6735,6745,4699
1763714700,6745,6756.5,6743.75,6754.25,6612
1763715600,6754.25,6755.5,6747,6747.25,3476
1763716500,6747.5,6748,6734.5,6739.5,4723
1763717400,6738.75,6741.75,6726.75,6726.75,5002
1763718300,6726.75,6732.25,6723,6724,6483
1763719200,6724,6724.5,6701.75,6706.5,17141
1763720100,6706.75,6707.25,6696,6698,10556
1763721000,6698,6727.5,6697.75,6721,10901
1763721900,6721.25,6732.75,6719.25,6732,7805
1763722800,6732.25,6742.5,6730,6742.25,8364
1763723700,6742.5,6744,6729.5,6729.5,6176
1763724600,6730,6733.75,6724.25,6730,5101
1763725500,6729.5,6730.25,6715.25,6724,7684
1763726400,6724.25,6728,6706.25,6716,11442
1763727300,6716,6718.75,6702.75,6705,9691
1763728200,6705,6753.75,6705,6749.75,32135
1763729100,6749.5,6768,6749,6756.75,21191
1763730000,6757,6762.5,6744.5,6756.5,13062
1763730900,6756.5,6770.25,6751.5,6752.5,15946
1763731800,6753,6768.5,6752.5,6766.25,9779
1763732700,6766.25,6767.75,6758.5,6762.25,8575
1763733600,6761.75,6765.5,6755.25,6760.5,13163
1763734500,6760.25,6760.25,6751,6752.75,17103
1763735400,6752.5,6767.25,6742.75,6745.5,100863
1763736300,6745.75,6767.5,6734,6747.5,86705
1763737200,6748,6759.75,6734.25,6739.75,87162
1763738100,6739.5,6762,6725.75,6733.25,112436
1763739000,6733,6743,6710.75,6730.75,114318
1763739900,6731,6746.25,6726,6729.75,84320
1763740800,6729.75,6740.25,6713,6735.25,76987
1763741700,6735.25,6762,6721.75,6761.5,72727
1763742600,6761.75,6779.25,6754.5,6776,78895
1763743500,6776.25,6809.75,6769,6809,74098
1763744400,6809,6814.75,6796.25,6808.25,64194
1763745300,6808.75,6813,6797.5,6806.75,60677
1763746200,6806.75,6818.25,6804.25,6814.5,46171
1763747100,6814.5,6817.75,6799.75,6804.5,50228
1763748000,6804.75,6807.75,6777.75,6778.5,66662
1763748900,6778.25,6787.25,6771.5,6786.5,48415
1763749800,6786.5,6812,6782.75,6810.75,55635
1763750700,6810.75,6844.25,6805.75,6825.5,99157
1763751600,6825.5,6843.25,6824.25,6835.75,51757
1763752500,6835.5,6849,6832.5,6845.25,40991
1763753400,6845.5,6848.25,6825.5,6828.75,54767
1763754300,6828.75,6833.25,6812.75,6820.75,55346
1763755200,6820.5,6825,6815.75,6820,42713
1763756100,6819.75,6822.75,6799.25,6799.25,45518
1763757000,6799,6815.75,6793,6803,69801
1763757900,6803,6814.75,6785,6794,86594
1763758800,6794,6803,6792.25,6798.25,24816
1763759700,6798.75,6799,6793.25,6794.75,6014
1763760600,6794.75,6803.5,6794.25,6803.25,4112
1763761500,6803,6803.75,6795.5,6802.75,4480
1763938800,6825.75,6837.5,6825.75,6828.5,12535
1763939700,6828.5,6831.25,6823,6827.5,7932
1763940600,6827.5,6827.5,6821.25,6825.5,7747
1763941500,6825.5,6829,6823.25,6824.5,5169
1763942400,6824.25,6824.25,6813.25,6816,6418
1763943300,6815.75,6817.25,6808.25,6815,6202
1763944200,6814.75,6822,6814.25,6819.75,4433
1763945100,6820,6823.25,6818,6818.75,3716
1763946000,6818.75,6822.5,6813.75,6820.75,5852
1763946900,6821,6825,6817.5,6822,4272
1763947800,6822.25,6824.25,6813.25,6815,4770
1763948700,6814.5,6820.75,6813.5,6818.25,4014
1763949600,6818.5,6821.25,6815,6816.25,4589
1763950500,6816.25,6826.75,6816,6825.75,5054
1763951400,6825.25,6829.5,6820.75,6829.25,4638
1763952300,6829,6832.5,6828,6832.25,4391
1763953200,6832.25,6833.5,6831,6832.5,3216
1763954100,6832.25,6833.5,6828.75,6831.5,3255
1763955000,6831.75,6831.75,6825.25,6828.5,3991
1763955900,6828.5,6829.5,6825.25,6826.75,2175
1763956800,6826.5,6828,6819.5,6820.75,4177
1763957700,6820.75,6821.25,6817,6819.5,5120
1763958600,6819.5,6824,6818.5,6822.25,4070
1763959500,6822.5,6824,6818.5,6819.75,3346
1763960400,6819.75,6829.25,6818.5,6828.25,3827
1763961300,6828.25,6830.5,6828,6829.5,2665
1763962200,6829.5,6829.75,6824.75,6826.25,2920
1763963100,6826.5,6828.5,6825.25,6828,1400
1763964000,6828,6828.25,6824,6824,2097
1763964900,6824,6827.25,6823.75,6824.5,1934
1763965800,6824.25,6826,6822.25,6823,2206
1763966700,6823,6824.25,6821,6823.5,1977
1763967600,6823.5,6826.25,6818,6822.25,3963
1763968500,6822,6825.75,6821,6825.25,1896
1763969400,6825.5,6831,6823.25,6829.75,3011
1763970300,6829.75,6834,6829.5,6831.5,3749
1763971200,6831.5,6831.5,6818.75,6829.25,9599
1763972100,6829.75,6839.25,6829.5,6836.5,6760
1763973000,6836.5,6838.75,6832,6836,4747
1763973900,6835.75,6840.75,6835,6839,4170
1763974800,6839,6841,6828.5,6829.75,4244
1763975700,6829.75,6832.25,6796.5,6797.5,15918
1763976600,6797.5,6814,6796.5,6806.75,11031
1763977500,6806.75,6814,6805.75,6809.25,6952
1763978400,6809.5,6813.25,6802,6804.75,5783
1763979300,6805,6811,6800.25,6803.25,6949
1763980200,6803.5,6809.75,6796.75,6807.5,7479
1763981100,6807.25,6810,6803.5,6804.25,4541
1763982000,6803.75,6806,6797.5,6800.75,5396
1763982900,6800.5,6807,6799.25,6804,5381
1763983800,6804,6810.25,6802.25,6809.25,4882
1763984700,6809.25,6817.5,6807,6817,6164
1763985600,6816.75,6818.5,6811,6812.75,7076
1763986500,6812.75,6825.25,6810.5,6823.5,7919
1763987400,6823.5,6827.25,6819.75,6822.5,7928
1763988300,6822.5,6830,6822,6828.75,6748
1763989200,6828.5,6837.75,6827,6837.25,8142
1763990100,6837.25,6838,6831.75,6836,7511
1763991000,6836.25,6838.5,6832.25,6832.75,5446
1763991900,6833,6834.5,6823,6824.25,8525
1763992800,6824.5,6841.5,6823.75,6840.25,12227
1763993700,6840.5,6840.5,6828.5,6829.25,14979
1763994600,6829,6858,6826,6831.25,120490
1763995500,6831,6842.75,6818,6842.75,107086
1763996400,6842.75,6860.25,6841.5,6856.5,96618
1763997300,6856.75,6860.25,6845.75,6857.5,70631
1763998200,6857.5,6871.75,6851.75,6870.25,58463
1763999100,6870.5,6874.75,6864.75,6868,39297
1764000000,6868,6886.75,6868,6884,46378
1764000900,6884,6886.75,6880.5,6882.5,30188
1764001800,6882.25,6885.5,6876.5,6884,33347
1764002700,6884,6887.75,6874.5,6877.25,34082
1764003600,6877.5,6881.75,6871.5,6875.25,32746
1764004500,6875.25,6886.25,6874,6884.5,27480
1764005400,6884.25,6892.5,6882,6891.5,32500
1764006300,6891.75,6896.75,6891.25,6893.75,23550
1764007200,6893.5,6900.25,6893.25,6899,19044
1764008100,6899,6900.25,6894.25,6894.5,19908
1764009000,6894.5,6896.5,6890.25,6895.75,20492
1764009900,6895.75,6897.75,6892.25,6895,15629
1764010800,6895,6900.75,6894.75,6896.75,16020
1764011700,6896.75,6898.25,6890.5,6891.5,18313
1764012600,6892,6893,6884,6887.5,31984
1764013500,6887.5,6889.5,6881.25,6885.75,29626
1764014400,6886,6896.25,6885.75,6893.75,25985
1764015300,6894,6897.75,6887.75,6892,22586
1764016200,6891.75,6897.25,6890,6896,21260
1764017100,6896,6903,6888.75,6889.75,80541
1764018000,6889.75,6897.25,6887.5,6894.75,19043
1764018900,6894.75,6897.25,6893.25,6895.5,4912
1764019800,6895.5,6898.75,6894.25,6897.25,4916
1764020700,6897,6897.25,6895.75,6896.25,3496
1764025200,6896.5,6899.5,6893.5,6896,5864
1764026100,6895.75,6896.75,6893.25,6894.75,3313
1764027000,6895,6897.75,6893.5,6896.5,3724
1764027900,6896.25,6899.25,6893.25,6893.5,2709
1764028800,6893.25,6893.5,6888.25,6890.5,4581
1764029700,6890.25,6891.75,6886.75,6888.25,2898
1764030600,6888.5,6892.75,6887.5,6889.5,2955
1764031500,6889.5,6895.25,6889.25,6894.25,2240
1764032400,6894.25,6895.25,6891.25,6891.75,1944
1764033300,6891.75,6893.25,6889.25,6890.75,2017
1764034200,6891,6891.5,6887,6887.5,2497
1764035100,6887.5,6888,6885.75,6886.5,1914
1764036000,6886.75,6890.75,6886,6889.25,2355
1764036900,6889.25,6893.25,6887.5,6888.75,2158
1764037800,6888.5,6892.25,6887.75,6891.25,1537
1764038700,6891.25,6892,6889.25,6891.75,1655
1764039600,6891.75,6892.75,6890.5,6892,1189
1764040500,6892,6893.5,6890.75,6891.75,1508
1764041400,6891.5,6892,6886.5,6888.75,3037
1764042300,6889,6889,6885,6886.25,2426
1764043200,6886.75,6890.75,6886,6890.5,1835
1764044100,6890.75,6894,6890.25,6891,1821
1764045000,6890.75,6891.75,6889.25,6889.75,1098
1764045900,6889.5,6891.5,6889.25,6891,722
1764046800,6890.75,6894.25,6889.25,6894.25,1405
1764047700,6894.5,6895,6886,6886.75,2202
1764048600,6886.75,6890.25,6886.5,6889.75,1304
1764049500,6889.75,6890,6887.5,6888,718
1764050400,6888.25,6891.5,6887.75,6889.75,1185
1764051300,6889.75,6889.75,6885.5,6886.75,1746
1764052200,6886.75,6889.5,6885.75,6886,1283
1764053100,6885.75,6886.5,6883.5,6885,1997
1764054000,6885.25,6885.5,6882,6884,2079
1764054900,6884,6885.5,6882.75,6884.5,1284
1764055800,6884.5,6890.5,6884,6890.5,2290
1764056700,6890.75,6893.25,6886.5,6888.75,3646
1764057600,6889,6892,6882.25,6883,4989
1764058500,6883,6891,6883,6889.75,3446
1764059400,6890,6890.5,6886,6886.75,2800
1764060300,6886.5,6887.25,6877.75,6880.5,4415
1764061200,6881,6887,6880,6885,3926
1764062100,6885,6885.25,6874.75,6874.75,4047
1764063000,6875,6880.75,6872.75,6880.5,4639
1764063900,6880.25,6881.25,6875.75,6879.25,3353
1764064800,6879,6882.25,6876.25,6880.75,2476
1764065700,6881,6882.25,6877.25,6879,2394
1764066600,6878.75,6884.75,6874,6881.75,3109
1764067500,6882.25,6886.5,6881,6884,2651
1764068400,6884.5,6886,6881.25,6884.5,2571
1764069300,6884.75,6885.25,6880.25,6880.5,2772
1764070200,6880.5,6881.5,6878,6880.75,3266
1764071100,6880.5,6883.25,6877.5,6883,2583
1764072000,6883,6893.25,6882.25,6891.75,6962
1764072900,6891.75,6892.5,6887.5,6891.25,3702
1764073800,6891.5,6903.75,6883.5,6895.5,12038
1764074700,6895.5,6898.25,6885.75,6888.75,11074
1764075600,6888.5,6895.75,6888,6892.25,7833
1764076500,6892.25,6899.25,6891.75,6895.5,6275
1764077400,6897.25,6901.75,6886,6886.5,11614
1764078300,6886.5,6893.25,6886,6889.25,12485
1764079200,6889,6891,6882.5,6886.25,9465
1764080100,6886,6888.25,6883,6888,9343
1764081000,6887.75,6901.25,6873.25,6875,90812
1764081900,6874.75,6891.25,6845.75,6890,139934
1764082800,6890,6890.25,6860.25,6878.5,109787
1764083700,6878.5,6887.75,6869,6887.25,74314
1764084600,6887.25,6906.25,6885.75,6905.5,68478
1764085500,6905.75,6912.5,6887.75,6899.5,84392
1764086400,6899.5,6900.75,6891.5,6892,45691
1764087300,6892.25,6911.25,6889.75,6905.75,48798
1764088200,6905.75,6916.5,6903.5,6912.75,35738
1764089100,6912.75,6921.25,6906,6918.75,35024
1764090000,6918.75,6928.75,6918.25,6928.5,35227
1764090900,6928.5,6940.75,6925.5,6935,39081
1764091800,6935,6945.5,6935,6940.25,35522
1764092700,6940.5,6943.75,6933,6934.75,32160
1764093600,6935,6940,6934.25,6936.75,26134
1764094500,6936.75,6942.25,6934,6942.25,23938
1764095400,6942.25,6943.75,6937.5,6939,20041
1764096300,6939.25,6946,6939.25,6940.5,21604
1764097200,6940.5,6942,6936.75,6938,20463
1764098100,6938,6939,6928.75,6935,35755
1764099000,6934.75,6936.5,6926.25,6932.75,30323
1764099900,6932.5,6942.75,6930.75,6940.75,26658
1764100800,6940.75,6949.75,6940.75,6945.25,28213
1764101700,6945.5,6949.25,6944.5,6946.5,17047
1764102600,6946.75,6956.25,6946.25,6953.75,29566
1764103500,6953.75,6963.75,6951.25,6951.25,56765
1764104400,6951.25,6955.25,6949.75,6954.25,14836
1764105300,6954.25,6954.5,6951,6951.25,3826
1764106200,6951.25,6953,6950.25,6951.25,2980
1764107100,6951.25,6952.5,6950.75,6952,2826
1764111600,6952,6956.75,6950.5,6955.25,4806
1764112500,6955.5,6955.5,6953,6954,1972
1764113400,6954,6954.5,6952.25,6952.75,1759
1764114300,6952.75,6955.75,6949.25,6954.75,2912
1764115200,6955,6956.75,6951.5,6954.75,3154
1764116100,6954.75,6960.5,6954.75,6959.5,3256
1764117000,6959.5,6960.5,6957,6958.5,1898
1764117900,6958.5,6962,6957.75,6961,2373
1764118800,6961,6965,6959.25,6964.5,3007
1764119700,6965,6968.5,6964,6965.5,4006
1764120600,6965.5,6969.25,6963.5,6969,3091
1764121500,6969,6969.25,6966.25,6969,2120
1764122400,6968.5,6969.75,6967.5,6968.75,1695
1764123300,6968.75,6970.5,6966.75,6968,1953
1764124200,6968,6970.25,6967.5,6969.25,1612
1764125100,6969.25,6970.75,6967.5,6970.5,1918
1764126000,6970.5,6973,6968.75,6969.5,2577
1764126900,6969.75,6970.75,6968.75,6970,946
1764127800,6970.25,6972.75,6969.5,6970,1465
1764128700,6970.25,6972.5,6970.25,6971,980
1764129600,6971.25,6972.25,6969.75,6970.75,1264
1764130500,6971,6971.5,6967.75,6967.75,1356
1764131400,6967.75,6969,6967.25,6968,1156
1764132300,6968,6969.5,6968,6968.5,670
1764133200,6968.75,6974,6968.5,6972,2084
1764134100,6972.25,6975.25,6971.75,6973.25,2094
1764135000,6973.5,6975.5,6973.25,6974.75,1292
1764135900,6974.5,6974.75,6973.25,6974.25,811
1764136800,6974,6975,6972.75,6973.75,1012
1764137700,6973.5,6974.75,6972,6974.25,1333
1764138600,6974.25,6977.75,6974.25,6975.5,2189
1764139500,6975.75,6978.75,6975.75,6976,1538
1764140400,6976,6978.75,6976,6977.5,1667
1764141300,6977.75,6981,6976.5,6980.75,1973
1764142200,6980.75,6982,6979.5,6980,2298
1764143100,6980,6980.75,6978,6978.5,2340
1764144000,6978.25,6978.5,6973.5,6977.25,3955
1764144900,6977.25,6980.25,6975,6977.75,3349
1764145800,6978,6979,6973,6973.5,2476
1764146700,6973.5,6977,6971.5,6972,2596
1764147600,6971.75,6972.25,6966,6968,5372
1764148500,6967.75,6969.75,6964.5,6966,3821
1764149400,6966.25,6971.25,6966,6969.75,2536
1764150300,6969.75,6971,6965,6966.25,2643
1764151200,6966.75,6973,6966.5,6972.75,2654
1764152100,6972.75,6974,6970.5,6970.75,2505
1764153000,6970.5,6975,6967.75,6972.25,2722
1764153900,6972.75,6975.75,6971.75,6974.25,2166
1764154800,6974.25,6975.25,6971.75,6974.5,2587
1764155700,6974.5,6976.25,6972.5,6974.5,2088
1764156600,6974.5,6975,6969,6973.25,3541
1764157500,6973.5,6976.25,6967.75,6969,4154
1764158400,6969,6970.75,6958.25,6961,13846
1764159300,6961.25,6964,6958.5,6962.5,5174
1764160200,6962.5,6965.25,6957.5,6963.5,4423
1764161100,6963.5,6968.75,6963.25,6968,4894
1764162000,6967.75,6970,6966,6969.25,6238
1764162900,6969.25,6974.75,6969.25,6972.5,5249
1764163800,6971.75,6974.5,6963.75,6972.75,8359
1764164700,6972.75,6976,6971.75,6975,6319
1764165600,6975.25,6975.25,6968.75,6971.75,10427
1764166500,6971.75,6978,6970.75,6976.25,13580
1764167400,6976.25,6989.75,6974.25,6988.25,76620
1764168300,6988.5,6995,6971.25,6973,74839
1764169200,6973,6985.75,6967,6976.25,78029
1764170100,6976.25,6985,6972.5,6981.5,55001
1764171000,6981.5,6992.25,6981.5,6986.25,43959
1764171900,6986.25,6996.5,6980.5,6996,40594
1764172800,6996,7004.25,6995,7002.25,36107
1764173700,7002.5,7009.25,7000.5,7005.75,28548
1764174600,7006,7017.75,7003.25,7015.25,33504
1764175500,7015.5,7016.25,7010.25,7014,23725
1764176400,7014.25,7016.25,7007,7007.75,27132
1764177300,7007.75,7011.5,7004.75,7010,25805
1764178200,7010,7016.25,7009,7015.5,26723
1764179100,7015.75,7017.75,7010,7011.75,19758
1764180000,7011.75,7016.25,6998,7009.5,51712
1764180900,7009.25,7015.75,7002,7011.75,27062
1764181800,7012,7012,6997.75,6997.75,35038
1764182700,6998,7008.25,6996,7004.25,33316
1764183600,7004.5,7010.75,7001.75,7007.5,28508
1764184500,7007.5,7013.5,7006.75,7012.75,18109
1764185400,7013,7014.5,7005.5,7007.75,27551
1764186300,7007.5,7011.5,7005,7009,14487
1764187200,7009.25,7014.75,7006.25,7014.5,16879
1764188100,7014.75,7016.5,7011.75,7012.25,13933
1764189000,7012.25,7014.5,7009.25,7012,14338
1764189900,7012,7014,6996.5,6996.75,49355
1764190800,6996.75,7004.5,6996.5,7001.5,13855
1764191700,7001.75,7002.5,7000.25,7000.75,2562
1764192600,7000.75,7001,6999.25,7000,3447
1764193500,7000,7001.5,6999.75,7001.25,3612
1764198000,7001.25,7005.25,6998.75,7000,1630
1764198900,7000.25,7001.5,6998.75,6999.5,924
1764199800,6999.25,7003.5,6999.25,7001.5,1484
1764200700,7001.25,7004,6999.25,7000.5,1781
1764201600,7000.5,7003.5,6999.25,7002.5,1821
1764202500,7002.75,7002.75,7000.25,7002,1180
1764203400,7002.25,7003,7000.75,7001.25,826
1764204300,7001,7003.75,6999.75,7003.5,1400
1764205200,7003.5,7005.25,7000.25,7000.75,1879
1764206100,7001,7001.75,6998.75,7001,1647
1764207000,7001.25,7001.25,6999,7001,927
1764207900,7001,7004,7000.25,7004,969
1764208800,7004,7004.75,7002.75,7004,1078
1764209700,7003.75,7004.75,7002.5,7003.75,883
1764210600,7003.75,7004,7001,7002.5,749
1764211500,7002.5,7002.5,6999.5,7000,765
1764212400,7000.25,7001,6998.25,6998.75,1062
1764213300,6999,7001.25,6998.5,6998.5,1023
1764214200,6998.5,6999.5,6997.75,6999.25,836
1764215100,6999.25,7000,6998.5,6999.75,405
1764216000,6999.75,7000.75,6998.75,6999.25,629
1764216900,6999.25,7000.25,6998.25,7000,361
1764217800,7000,7002,6999.75,7000.25,636
1764218700,7000.5,7001.75,6999.75,7001.5,370
1764219600,7001.5,7003.75,7001,7003.25,719
1764220500,7003.25,7003.75,7002.5,7003,508
1764221400,7003.25,7004.5,7002.75,7003.75,621
1764222300,7003.75,7003.75,7001.25,7001.75,698
1764223200,7002.25,7002.5,6999.5,7000,1007
1764224100,7000.25,7001,6998,7000.25,1478
1764225000,7000.25,7000.25,6998.25,6999.25,693
1764225900,6999.25,6999.75,6996.25,6996.75,1614
1764226800,6996.75,6999,6996,6998.25,1310
1764227700,6998.25,7000,6997.75,6999.25,630
1764228600,6999.25,7000.75,6996,6999.75,1474
1764229500,6999.75,7001.75,6999,7001,924
1764230400,7001.25,7001.25,6995.5,6999.5,2707
1764231300,6999.75,7004,6999.75,7003,2574
1764232200,7003,7003.75,7000.75,7001.5,1303
1764233100,7001.25,7001.75,6998,6998,1521
1764234000,6997.75,6999.75,6997,6997.75,1661
1764234900,6997.5,7001,6997.25,7001,1070
1764235800,7001,7003,7000,7001,1139
1764236700,7001.25,7001.25,6996.5,6996.5,1374
1764237600,6996.5,6998.75,6995.5,6997.75,1228
1764238500,6997.75,6999.25,6996.75,6998,791
1764239400,6998,6999.75,6996.75,6999.75,596
1764240300,6999.5,7000.25,6998.25,6999.75,487
1764241200,6999.75,7000.75,6997.25,6998.5,580
1764242100,6998.5,6999.25,6996.25,6997.5,982
1764243000,6997.5,7000.75,6996.75,7000,999
1764243900,7000,7001,6998.25,6998.75,926
1764244800,6998.75,7001.5,6998,7000.5,1303
1764245700,7000.5,7000.75,6998.75,6999.25,410
1764246600,6999,7000.5,6997.5,6998.25,833
1764247500,6998.25,6999.75,6997.75,6998.25,718
1764248400,6998.25,6999.25,6995.75,6996.5,833
1764249300,6996.5,6998.25,6996,6997.75,1001
1764250200,6997.75,7001.75,6997.75,7001,3214
1764251100,7001,7001,6998.75,6999.25,817
1764252000,6999,7000.25,6997,6999.5,2351
1764252900,6999.5,7001.75,6999.5,7000.25,1466
1764253800,7000.5,7003,6997.5,6999.75,3128
1764254700,6999.5,7000,6997,6998.75,1825
1764255600,6998.5,7000.25,6997,6999.75,1648
1764256500,7000,7000,6998.5,6999,1066
1764257400,6999.25,6999.25,6996.25,6997.75,2604
1764258300,6997.75,6998.75,6997.25,6998.25,928
1764259200,6998.25,6998.75,6996,6997.75,1950
1764260100,6997.75,7000,6997.25,6999.25,1563
1764261000,6999.5,7000,6998.5,6999.75,1095
1764261900,6999.5,6999.75,6996.5,6997.75,1317
1764262800,6998,6999,6996.75,6997.25,609
1764263700,6997,6998.25,6997,6998,387
1764264600,6997.5,6999.25,6997.5,6999.25,787
1764265500,6999.25,6999.5,6998,6999.25,901
1764284400,7000,7005.5,7000,7003.5,3083
1764285300,7003.5,7006.25,7001.75,7006,2059
1764286200,7005.75,7006,7003.5,7004.75,828
1764287100,7005,7008,7004.5,7007.25,1589
1764288000,7007.25,7010,7006,7009.25,1494
1764288900,7009.25,7010.5,7008,7008.5,1013
1764289800,7008.5,7009.25,7007,7007.75,611
1764290700,7007.5,7008.75,7006.25,7007.5,671
1764291600,7008,7011.75,7007.25,7011,1420
1764292500,7011,7012.75,7010,7011,983
1764293400,7011,7011.25,7006,7006.5,1405
1764294300,7007,7009.25,7006.5,7007.75,938
1764295200,7007.5,7009,7000.75,7004.75,1128
1764296100,7004.5,7007,7004.25,7007,505
1764297000,7006.75,7008.75,7005.25,7006.75,411
1764336600,7010.75,7015.5,7006.75,7012.25,3442
1764337500,7012.25,7014.25,7008.25,7009,1966
1764338400,7008.25,7011.25,7007.75,7008,1276
1764339300,7008,7009.25,7004.25,7005.25,3238
1764340200,7005,7015.5,7002.5,7010.25,15820
1764341100,7009.75,7013.5,7006,7009.75,10410
1764342000,7010.25,7015.25,7007.75,7014,12204
1764342900,7014,7021,7012.25,7014.5,16685
1764343800,7014.5,7021,7013.5,7019.25,11445
1764344700,7019.25,7024,7017.25,7022.25,11560
1764345600,7022.25,7026.75,7020.5,7025.5,10030
1764346500,7026,7027.5,7014.5,7019.25,14982
1764347400,7019.25,7026.25,7015.75,7024,14707
1764348300,7024,7027.25,7022.5,7025.75,7797
1764349200,7025.75,7028.5,7021.75,7025.25,10013
1764350100,7025.25,7026.5,7020.25,7020.75,8469
1764351000,7021,7023.25,7016.5,7017,9692
1764351900,7017,7035,7016.5,7031.5,24180
1764352800,7031.5,7034.75,7026,7028.75,15697
1764543600,7026.25,7034.5,7023.5,7030,9138
1764544500,7030.25,7035.75,7029.25,7031.75,4522
1764545400,7031.5,7032,7020,7020,8089
1764546300,7020,7025,7019.75,7024.25,4001
1764547200,7024.75,7025.75,7013.5,7016,7555
1764548100,7015.5,7018,7006,7011,8173
1764549000,7010.75,7012,7003.25,7005,6675
1764549900,7005,7005.25,6997.25,7000,9475
1764550800,7000,7001.75,6988.5,6992.5,15122
1764551700,6992.5,7000.5,6991.75,6997.75,7700
1764552600,6997.5,7000.25,6993.5,6999.75,7389
1764553500,6999.75,7002.25,6996.5,6996.75,4787
1764554400,6996.75,6998.5,6994,6994.5,4469
1764555300,6994.5,6995.5,6991,6993,4459
1764556200,6993,6996.25,6991,6991.25,4434
1764557100,6991.5,6993.5,6987.75,6990.75,5397
1764558000,6990.75,6991.25,6984.5,6985.5,4425
1764558900,6985.25,6987.5,6983.5,6986.25,4615
1764559800,6986.25,6986.5,6982.75,6985.5,3721
1764560700,6985.75,6988.5,6985,6986.25,3070
1764561600,6985.75,6987,6983.5,6983.75,1941
1764562500,6983.5,6985.75,6982.25,6983.25,2466
1764563400,6983,6985,6981.75,6983.5,1964
1764564300,6983.5,6984,6978.75,6979,3077
1764565200,6979,6979.75,6975,6977,4684
1764566100,6977,6978.25,6975,6975.75,2237
1764567000,6975.5,6978,6973.25,6976.25,3648
1764567900,6976.5,6983.75,6976.5,6983,3811
1764568800,6983,6984.25,6979.5,6982,3227
1764569700,6982.25,6985.25,6980.75,6984,3495
1764570600,6984.25,6986.5,6981.25,6986.25,2794
1764571500,6986.25,6987,6984,6986.25,2315
1764572400,6986.5,6987.75,6981,6981.5,3573
1764573300,6981.5,6988.75,6980,6987.25,3618
1764574200,6987.75,6988.5,6984,6985.5,2521
1764575100,6986,6988.75,6984.75,6987.25,2093
1764576000,6987,6993.25,6983.5,6992,5277
1764576900,6992.25,6999,6992.25,6996,6477
1764577800,6996.5,6998.5,6993,6998,3270
1764578700,6998.5,6998.5,6994,6994.25,1685
1764579600,6994.5,7001,6992.5,6997.25,4867
1764580500,6997.5,6999,6993.5,6996.5,3200
1764581400,6996.5,6996.75,6989.5,6991.25,3560
1764582300,6991.25,6992.5,6986.25,6987.25,3878
1764583200,6987.75,6995.25,6987.5,6994.5,2921
1764584100,6994.25,6996.75,6992.5,6994,2322
1764585000,6993.5,6996,6991.5,6995.75,2411
1764585900,6995.75,6996.75,6991,6991.75,2230
1764586800,6991.75,6992.75,6987.25,6991.25,3703
1764587700,6991.25,6992.75,6988,6989.5,2498
1764588600,6989.5,6991.25,6987,6987.5,3198
1764589500,6987.5,6992,6987.5,6990.75,3234
1764590400,6991,6992.75,6981.5,6986.25,7609
1764591300,6986.25,6987.75,6982,6983.25,4998
1764592200,6983.25,6984,6979.5,6980.5,5926
1764593100,6980.75,6983.75,6976.5,6980,7483
1764594000,6980.25,6986.25,6978.25,6985,7375
1764594900,6985,6988.25,6983.25,6985.5,7620
1764595800,6985.5,6989.75,6982.75,6988,6865
1764596700,6988,6989,6983.75,6988.5,6122
1764597600,6988.5,6994.25,6987,6994.25,8455
1764598500,6994.25,6994.5,6983,6984.25,11157
1764599400,6984.75,7000,6984,6989,75784
1764600300,6989.25,7015.5,6987.5,7011.75,69913
1764601200,7011.75,7016.25,7002.75,7004.75,48903
1764602100,7005,7007.25,6992.5,6995.25,52113
1764603000,6995,7001.25,6985,6997.75,63918
1764603900,6998.25,7015.25,6995.25,7013.5,45832
1764604800,7013.5,7015,7000.25,7002.5,42393
1764605700,7002.25,7009.75,6997.75,7007.25,34776
1764606600,7007.5,7020,7007.5,7017.5,33878
1764607500,7017.5,7021.25,7014,7016.5,24801
1764608400,7016.25,7022.25,7015,7015.5,26952
1764609300,7015.5,7018.5,7009.75,7017,30176
1764610200,7017,7022.75,7014,7022.75,19326
1764611100,7022.75,7024.75,7015.25,7017,24146
1764612000,7017,7024,7016.5,7023.25,16998
1764612900,7023,7024.75,7020,7021.75,12799
1764613800,7021.75,7025.5,7021.75,7024.5,13002
1764614700,7024.75,7026.75,7023.5,7025,14165
1764615600,7025,7025.5,7012,7016.75,33572
1764616500,7016.5,7016.75,7001.75,7003,36395
1764617400,7003,7007.75,6994.75,6999.25,44693
1764618300,6999.5,7003,6996.5,6998.75,27589
1764619200,6998.75,7007,6996.75,7006,27268
1764620100,7006,7006.25,6999.5,7004,20838
1764621000,7004,7007.25,6999.5,7006.5,25154
1764621900,7006.5,7007.5,6990.75,7000.5,68458
1764622800,7000.5,7001.25,6996,6997,16096
1764623700,6996.75,7000.5,6996.75,6999,3352
1764624600,6999.25,6999.5,6998,6998.5,2520
1764625500,6998.75,6999.5,6997.75,6998,2449
1764630000,7001.25,7002.5,6993.25,6995,5662
1764630900,6995,7002,6994.5,7000.25,3364
1764631800,7000.5,7002.75,6998.75,6999.5,2881
1764632700,6999.5,7000.5,6995.5,6996,1940
1764633600,6996.25,6998,6993.25,6996,3415
1764634500,6996.25,6997.5,6994.5,6997.25,1570
1764635400,6997,7000.25,6996.75,6998.5,1993
1764636300,6998.5,6999,6997,6997.75,1074
1764637200,6997.5,7004.5,6996,7002.25,4198
1764638100,7002.5,7004.75,7002,7003,2191
1764639000,7003,7003,6998.75,6999.25,2273
1764639900,6999,7000.5,6998.25,6998.5,1168
1764640800,6998.5,6998.75,6994.25,6996.25,4447
1764641700,6996.25,6998.25,6996,6996.5,1338
1764642600,6996.5,6999.75,6994.75,6999.75,1833
1764643500,6999.5,7002.25,6999.25,7000.5,1495
1764644400,7000.25,7001,6997.5,6997.5,1122
1764645300,6997.25,6997.5,6989.25,6990.75,4228
1764646200,6990.5,6993,6986.5,6993,4643
1764647100,6992.75,6998.5,6990.75,6995.25,3468
1764648000,6995.5,6997,6994.5,6996.25,1334
1764648900,6996.5,6996.75,6994.75,6995.5,918
1764649800,6995.25,6997,6994.75,6995.5,1238
1764650700,6995.25,6996,6991,6992.25,1667
1764651600,6992.25,6994.25,6990.75,6991.75,1255
1764652500,6991.5,6993.5,6990,6992,1176
1764653400,6992.25,6993.25,6990.75,6990.75,1242
1764654300,6991,6992.75,6991,6992.25,806
1764655200,6992,6992.25,6987,6988.25,1809
1764656100,6988.25,6989,6985.5,6986.25,2330
1764657000,6986.5,6990.5,6986.25,6990,2254
1764657900,6990.25,6995.5,6990,6992,2057
1764658800,6992.25,6995,6992,6994.25,1405
1764659700,6994.25,6996,6993,6995.75,1242
1764660600,6995.5,6996.25,6988.75,6991,2124
1764661500,6990.75,6991.5,6989.5,6990.5,1398
1764662400,6990.5,6990.75,6983.5,6989.5,4773
1764663300,6989.75,6991.75,6988,6990.25,2473
1764664200,6990.5,6995.25,6989.75,6995,2792
1764665100,6995,7002,6995,7001,4551
1764666000,7000.75,7005.75,7000.25,7004.25,4079
1764666900,7004.25,7008.25,7003.25,7006.5,3763
1764667800,7006.75,7006.75,7002,7003.5,2809
1764668700,7003.25,7007.5,7001.5,7005.5,2448
1764669600,7005.5,7008.75,7005.5,7007.5,1975
1764670500,7007.25,7009.75,7004.5,7008.5,2461
1764671400,7008.25,7012.75,7008,7012.75,3261
1764672300,7012.75,7018,7012.25,7016.5,4350
1764673200,7016.25,7017.5,7014.25,7016.25,3373
1764674100,7016.25,7018.5,7015.25,7018.25,2335
1764675000,7018.25,7020.25,7014.75,7016.25,3229
1764675900,7016.75,7017.25,7013.75,7014.75,2182
1764676800,7014.5,7016.25,7010.75,7013,3656
1764677700,7013.25,7015.75,7011.75,7015,3167
1764678600,7014.75,7015,7008.5,7010.25,3745
1764679500,7010.5,7017.25,7009.5,7016.75,3939
1764680400,7016.5,7016.5,7013.5,7015.75,3138
1764681300,7015.75,7017,7013.5,7016,2780
1764682200,7016.25,7019.25,7013.75,7018.5,4637
1764683100,7018.5,7019.75,7014.25,7019.75,6329
1764684000,7019.5,7022.5,7018.75,7020.75,8757
1764684900,7020.5,7021,7014,7015.25,8662
1764685800,7015.5,7025.75,7012.25,7020.25,73327
1764686700,7020.5,7022.25,7011,7019.25,62390
1764687600,7019.5,7029.25,7018.25,7026.25,63707
1764688500,7026,7028.75,7010,7011.75,55089
1764689400,7011.75,7024.75,7004.5,7023.25,74601
1764690300,7023.5,7033.25,7021.75,7031.5,47068
1764691200,7031.25,7034.75,7008,7011.75,83618
1764692100,7011.5,7015,6992.5,6996,70968
1764693000,6995.75,7008.75,6989,7000.25,57257
1764693900,7000.25,7008.75,6997.5,7001.5,45744
1764694800,7001.75,7010,7000.75,7008.5,31963
1764695700,7008.5,7022.75,7007.75,7020.5,39296
1764696600,7020.5,7024.5,7015.25,7018.75,31131
1764697500,7018.75,7020.75,6997.25,6997.5,41927
1764698400,6997.25,7011,6995.25,7004,39082
1764699300,7004,7012,7001.25,7006.25,29806
1764700200,7006.25,7009.75,6998,7003,25435
1764701100,7003,7009.25,7000,7007,19895
1764702000,7006.75,7015.5,7005.25,7012.75,22009
1764702900,7012.75,7014.75,7003.5,7010,19823
1764703800,7009.75,7015,7008.75,7011.25,18030
1764704700,7011.5,7022,7010,7019.25,22103
1764705600,7019.5,7022.75,7016,7020.25,19408
1764706500,7020.5,7023.25,7019.25,7020.75,10176
1764707400,7021,7024.75,7018,7020.5,18423
1764708300,7020.75,7023.75,7009.25,7010.5,44950
1764709200,7010.5,7013.5,7009.25,7011.25,8491
1764710100,7011.5,7014,7010.25,7013.5,2334
1764711000,7013.75,7014,7011.75,7011.75,1411
1764711900,7012,7014.25,7011.5,7014,1658
1764716400,7013.75,7017,7013,7014,3030
1764717300,7013.75,7018,7013,7017,2209
1764718200,7017.25,7017.75,7015.75,7016.75,1807
1764719100,7016.75,7019,7015.25,7017,2100
1764720000,7017.25,7020,7016.25,7017.5,2721
1764720900,7017.25,7018.5,7008.5,7009.75,4453
1764721800,7009.75,7015.25,7008.75,7015,2880
1764722700,7015,7022.5,7014.75,7019.5,4250
1764723600,7019.75,7022.25,7018.75,7021,2178
1764724500,7021,7022,7019.25,7020.75,1470
1764725400,7020.5,7023,7020.5,7021.5,1865
1764726300,7021.5,7022.25,7019.75,7021,1271
1764727200,7021,7024,7020,7023.5,1712
1764728100,7023.75,7027,7022.75,7025.25,2640
1764729000,7025.25,7025.5,7021,7021.75,2007
1764729900,7022,7023.75,7021.25,7023.25,934
1764730800,7023.25,7023.75,7021,7023,947
1764731700,7022.75,7026.25,7022.75,7026.25,1225
1764732600,7026.25,7028.5,7026,7027.5,2543
1764733500,7027.75,7028,7026.25,7027,935
1764734400,7027,7028,7026.5,7027.25,772
1764735300,7027.25,7027.5,7026.5,7026.75,511
1764736200,7026.5,7027,7025.75,7026.25,657
1764737100,7026.25,7026.75,7025,7025.5,615
1764738000,7025.5,7028,7025.5,7027.75,1093
1764738900,7027.75,7029,7026.75,7028,1149
1764739800,7027.75,7028.25,7025,7025.75,697
1764740700,7025.5,7026.25,7024,7025,794
1764741600,7025,7026,7023.5,7024.25,1280
1764742500,7024,7025,7022.5,7023,1040
1764743400,7023.25,7025,7020.5,7024.5,2043
1764744300,7024.25,7027.5,7023,7024.25,1881
1764745200,7024.5,7026.75,7024,7026.25,879
1764746100,7026.25,7028.25,7025.75,7027,1093
1764747000,7026.75,7027,7022.5,7022.75,1879
1764747900,7022.75,7025,7021.75,7023.5,1193
1764748800,7023.75,7026.25,7022.5,7024,2395
1764749700,7024,7024.5,7018,7019.25,2372
1764750600,7019.5,7023.25,7017,7022.5,2357
1764751500,7023,7027.25,7021.75,7026.5,2186
1764752400,7026.5,7027,7019,7021.5,3023
1764753300,7021.75,7021.75,7018.5,7019.5,2053
1764754200,7019.75,7024,7018.25,7021.5,3694
1764755100,7021.25,7024,7021,7023.25,1464
1764756000,7023.25,7025.75,7022.75,7024.25,1506
1764756900,7024.5,7025.5,7023.75,7025,787
1764757800,7025,7025.25,7020.75,7022.75,1674
1764758700,7022.75,7022.75,7017.5,7021.25,2305
1764759600,7021,7022.25,7018.25,7020.75,2129
1764760500,7021,7024.5,7020.5,7024.25,2094
1764761400,7024,7025,7022.75,7024,1504
1764762300,7023.75,7025,7021.5,7021.75,2464
1764763200,7021.5,7025.5,7018,7025,4151
1764764100,7024.75,7027.5,7023.5,7026.75,3159
1764765000,7026.75,7030.25,7026.5,7029.75,3589
1764765900,7029.75,7031.5,7029.25,7029.25,3401
1764766800,7029.25,7033,7029.25,7032.5,3063
1764767700,7033,7033.75,7025.25,7029.75,10175
1764768600,7029.75,7031.75,7027.25,7029.75,5440
1764769500,7029.75,7031.75,7026.5,7026.75,5518
1764770400,7026.5,7027.75,6988.75,6991,82827
1764771300,6991.5,7002.5,6989,7000.5,39192
1764772200,7000.75,7010,6994,7003.5,95090
1764773100,7003.75,7007,6991.5,7004,60853
1764774000,7004,7018.5,7002.5,7007.5,69267
1764774900,7007.5,7016.25,7005.25,7011.5,44937
1764775800,7011.5,7024.5,7008,7021.25,65570
1764776700,7021.5,7024.25,7015.5,7018.25,35458
1764777600,7018.25,7025,7011.5,7015.5,42513
1764778500,7015.5,7023.25,7014.25,7019,36224
1764779400,7019,7030.75,7017.75,7027.25,37853
1764780300,7027.25,7028.5,7011.25,7017,44215
1764781200,7017.25,7025.75,7016,7025,34817
1764782100,7025.25,7032.25,7023.5,7030.75,30884
1764783000,7030.75,7032.75,7027.75,7032,18216
1764783900,7032,7037,7029.25,7034,25114
1764784800,7034.25,7037.25,7032.25,7035.75,19010
1764785700,7035.5,7036,7029.75,7034.75,17969
1764786600,7034.75,7040.5,7034.25,7039.75,18916
1764787500,7039.75,7040.25,7033,7034.25,17720
1764788400,7034.25,7039.75,7033.5,7039.25,14392
1764789300,7039.25,7039.75,7036.25,7038.5,8363
1764790200,7038.5,7041.5,7036.75,7041,9701
1764791100,7041,7043,7039.5,7041.5,10236
1764792000,7041.5,7044.5,7039.75,7042.5,11104
1764792900,7042.25,7043.5,7037,7040.5,14752
1764793800,7040.25,7040.75,7036.75,7039.75,11352
1764794700,7039.75,7041.25,7030.5,7033.75,44691
1764795600,7033.75,7036.25,7032.75,7035.25,10854
1764796500,7035.25,7036,7034,7034,2339
1764797400,7034,7035.75,7033.5,7035,2550
1764798300,7035,7036.5,7034.5,7036,2534
1764802800,7037,7037.25,7032,7033.5,4360
1764803700,7034,7036.25,7033.75,7035.25,1548
1764804600,7035,7036.25,7034.5,7035.5,1065
1764805500,7035.75,7035.75,7033.25,7034.5,1083
1764806400,7034.75,7038,7033.25,7036.25,2473
1764807300,7036.25,7037.25,7035,7035.5,1116
1764808200,7035.5,7036.5,7035.25,7035.25,657
1764809100,7035.25,7035.5,7029,7030.5,3566
1764810000,7030.75,7036.75,7030,7035,3531
1764810900,7035,7036.25,7033.5,7036,1273
1764811800,7035.75,7036,7032.5,7034,1183
1764812700,7034,7034.25,7031,7032.25,1092
1764813600,7032.25,7033.75,7029.25,7030,2099
1764814500,7029.75,7032.75,7028.25,7031.75,1931
1764815400,7031.5,7033.25,7031.5,7032.25,822
1764816300,7032.25,7035.75,7032,7034.5,1414
1764817200,7034.5,7034.5,7031.5,7033,1114
1764818100,7033,7033,7030.25,7030.5,1684
1764819000,7030.75,7031.5,7028,7030,2258
1764819900,7030,7032,7029.75,7031.75,849
1764820800,7031.75,7032.75,7030.5,7032.25,649
1764821700,7032.25,7032.75,7029.75,7031.75,1992
1764822600,7031.75,7034.25,7031.25,7034,941
1764823500,7034,7035,7033,7034,690
1764824400,7034,7035.75,7033.25,7035.25,827
1764825300,7035.25,7035.75,7032,7032.75,1055
1764826200,7032.75,7034.25,7032.25,7033.75,782
1764827100,7033.75,7034.75,7033,7034,557
1764828000,7034.25,7036.25,7034,7034.25,1259
1764828900,7034.25,7036,7032.75,7036,792
1764829800,7035.75,7036.5,7035,7035.5,1019
1764830700,7035.75,7037.5,7035.75,7036.5,891
1764831600,7036.5,7039.75,7035.75,7036.25,1962
1764832500,7036.25,7039,7036,7037.75,816
1764833400,7037.75,7037.75,7035.75,7036.25,778
1764834300,7036.25,7038.25,7035.75,7036.5,918
1764835200,7036.75,7036.75,7030.25,7032.25,3652
1764836100,7032.25,7034,7025.5,7028,4011
1764837000,7028,7033.5,7027,7031.25,2500
1764837900,7031.25,7033,7029.25,7030.25,1863
1764838800,7030.25,7034,7029.25,7031.25,2491
1764839700,7030.75,7034,7027,7033.75,2249
1764840600,7033.75,7041.25,7033.75,7039.5,3814
1764841500,7039.75,7040.5,7037.5,7039.5,2197
1764842400,7039.5,7040.75,7038.25,7038.5,1729
1764843300,7038.25,7039.5,7037.5,7038.75,737
1764844200,7038.75,7039,7034.25,7035,2130
1764845100,7035,7035.75,7032.75,7033.75,1508
1764846000,7034,7035.5,7031.5,7033.5,2780
1764846900,7033.25,7034,7031.5,7033,1862
1764847800,7032.75,7035.75,7031.75,7033.5,1608
1764848700,7033.25,7037,7032.75,7036.75,1977
1764849600,7036.5,7039.75,7036,7039.5,2709
1764850500,7039.75,7040.75,7038.25,7039.5,1680
1764851400,7039.25,7041.5,7038.25,7041,1850
1764852300,7041,7042.5,7038.75,7039.5,3589
1764853200,7039.5,7039.5,7035.75,7036,4207
1764854100,7036,7040.25,7035.5,7039.5,2886
1764855000,7039.25,7041.75,7034.25,7036.25,6768
1764855900,7036,7037,7033.25,7035.5,5997
1764856800,7035.75,7051.25,7035.75,7051.25,18577
1764857700,7051.25,7052,7045.5,7047.25,12325
1764858600,7047.5,7048.25,7030.75,7032.75,91966
1764859500,7032.75,7035.5,7021.5,7024.5,72497
1764860400,7024.75,7029.5,7019.5,7025.75,47159
1764861300,7025.75,7032.25,7015.75,7029.75,62937
1764862200,7030.25,7040,7027.75,7036.75,45807
1764863100,7036.75,7037.75,7025.5,7027,52835
1764864000,7027,7030.25,7016.25,7024.5,49818
1764864900,7024.5,7031.75,7022.25,7027.75,32765
1764865800,7027.25,7030.5,7022.75,7024.25,29709
1764866700,7024.25,7040,7024,7038.5,31666
1764867600,7038.25,7040,7027.75,7035.5,37751
1764868500,7035.5,7037.75,7032.5,7034.75,20548
1764869400,7034.5,7038.25,7030.25,7036,23063
1764870300,7036.25,7039.25,7034.75,7037.25,14551
1764871200,7037.25,7038.5,7029,7034.75,23776
1764872100,7034.75,7042.25,7033.75,7041,21948
1764873000,7041.25,7042,7033.25,7035.25,22966
1764873900,7035.5,7038,7034.5,7035.5,13726
1764874800,7035.5,7036.75,7028.25,7030.5,20417
1764875700,7030.5,7030.5,7007.5,7016.25,66413
1764876600,7016.25,7034,7014,7028.25,50113
1764877500,7028.75,7032.5,7024.5,7026.75,26498
1764878400,7026.5,7028.75,7017.25,7027.25,36272
1764879300,7027,7027.75,7021.75,7021.75,23012
1764880200,7021.75,7027.25,7021.25,7023.75,18002
1764881100,7023.5,7040.25,7021.5,7038.75,47761
1764882000,7038.5,7039.75,7035,7037,10715
1764882900,7037,7039.5,7036.75,7038.5,3939
1764883800,7038.5,7039,7037.5,7038.25,2143
1764884700,7038.25,7038.25,7036.25,7037,2550
1764889200,7037,7040.75,7036,7037,3448
1764890100,7037,7037.75,7035.75,7037.25,1490
1764891000,7037.25,7037.75,7033.5,7034.25,2090
1764891900,7034,7036.5,7032.5,7035,1764
1764892800,7035,7036.5,7033.25,7034.5,1732
1764893700,7034.5,7040.5,7034.5,7039.25,2277
1764894600,7039.25,7042.5,7038.25,7041.25,2462
1764895500,7041.25,7042.25,7039.75,7042,1258
1764896400,7042.25,7045.25,7041.25,7043.5,2651
1764897300,7043.75,7045,7042.75,7044,1439
1764898200,7043.75,7046.5,7043.5,7045.5,1849
1764899100,7045.75,7047,7045,7046.25,1390
1764900000,7046.5,7048.25,7045.75,7048,1518
1764900900,7048,7052.25,7047.25,7052,3046
1764901800,7052,7052,7048,7048.5,2325
1764902700,7048.25,7049,7046,7047.5,1429
1764903600,7047.25,7048.5,7046.25,7047.25,1209
1764904500,7047,7049.25,7047,7048,1246
1764905400,7048,7048.75,7046,7048,1307
1764906300,7047.5,7050.5,7047.5,7049.25,1320
1764907200,7049.25,7052,7048.5,7051.5,1765
1764908100,7051.5,7051.5,7049,7050.75,1456
1764909000,7050.75,7051.5,7049.5,7049.5,645
1764909900,7049.5,7051.5,7049,7051.25,809
1764910800,7051,7053,7051,7051.75,1360
1764911700,7052,7052.5,7051,7051.5,678
1764912600,7051.5,7052.5,7050.25,7052.25,718
1764913500,7052.25,7053.5,7051.75,7053.25,915
1764914400,7053.25,7055,7052.75,7054,1570
1764915300,7054,7055,7052.25,7052.5,972
1764916200,7052.75,7053.75,7050.25,7052.75,1446
1764917100,7052.5,7053.25,7051,7052,720
1764918000,7052,7055.25,7050.75,7052.5,1467
1764918900,7052.25,7054.5,7051.25,7054.25,845
1764919800,7054.25,7055,7052.25,7052.75,2271
1764920700,7052.5,7054,7051.75,7053.25,693
1764921600,7053.25,7055.75,7052.25,7054.75,2969
1764922500,7054.75,7057.75,7051.75,7053,3450
1764923400,7053,7055,7051.75,7053.5,1514
1764924300,7053.75,7054.25,7049.75,7049.75,1682
1764925200,7049.75,7052.5,7048.5,7049.75,2124
1764926100,7049.75,7052.5,7049,7052.25,1085
1764927000,7052.25,7052.25,7047.75,7048.75,1263
1764927900,7048.75,7050.5,7048.75,7050.25,705
1764928800,7050,7052.75,7048.75,7050.5,1434
1764929700,7050.75,7051.75,7049.75,7050.75,698
1764930600,7051,7052,7049.75,7051.5,790
1764931500,7051.5,7051.5,7048.5,7049,1167
1764932400,7049,7051.5,7047.25,7050.5,2032
1764933300,7050.25,7052.5,7048.5,7051.75,1811
1764934200,7052,7053.25,7050.75,7051.5,1753
1764935100,7051.5,7052,7050.75,7051.25,594
1764936000,7051.5,7053.5,7050.75,7051.75,1596
1764936900,7051.5,7052.5,7047.25,7050.5,3452
1764937800,7050.5,7052,7050,7050,1759
1764938700,7050,7051,7048.5,7050.75,1589
1764939600,7050.5,7052,7050.25,7050.75,1817
1764940500,7050.75,7051,7046,7047.75,4073
1764941400,7047.5,7048,7032.75,7034.75,18373
1764942300,7034.75,7036.5,7027.75,7035.25,22077
1764943200,7035.25,7041,7034.75,7041,11564
1764944100,7041,7047.25,7040.5,7046.75,12859
1764945000,7046.75,7057.75,7045.25,7050.25,79007
1764945900,7050.5,7062.5,7050,7061,53558
1764946800,7061,7074.75,7059.25,7074.5,59430
1764947700,7074.5,7075.25,7067.75,7071,38836
1764948600,7071.25,7076.25,7068,7069.5,37182
1764949500,7069.25,7074,7054.75,7058.75,75881
1764950400,7058.75,7063.5,7052.5,7053.25,51851
1764951300,7053,7060,7048.75,7051.75,63108
1764952200,7051.5,7051.5,7042.25,7045.75,59457
1764953100,7045.75,7058.5,7044.75,7052.25,43421
1764954000,7052,7054.75,7044.5,7045.5,39932
1764954900,7045.25,7049,7044.5,7045.75,20037
1764955800,7045.75,7047.25,7037.5,7044.75,39953
1764956700,7044.75,7056.25,7042.5,7054.75,32189
1764957600,7054.5,7059.25,7054.25,7054.75,23461
1764958500,7055,7058.5,7047,7057.75,31605
1764959400,7057.75,7061.75,7052.75,7056,27956
1764960300,7056.25,7057.75,7053,7053.75,15025
1764961200,7054,7056.25,7050.25,7055.75,20666
1764962100,7055.75,7055.75,7048.5,7051.25,20775
1764963000,7051.5,7053.25,7047.5,7049.75,19219
1764963900,7049.5,7056,7047.75,7054.75,17234
1764964800,7054.5,7055,7047.75,7051.75,19347
1764965700,7051.75,7054.75,7049.5,7052,15448
1764966600,7052.25,7052.25,7046.75,7050.75,17306
1764967500,7050.75,7052,7038,7048,60058
1764968400,7047.75,7052.75,7047.5,7051.75,13142
1764969300,7051.5,7053,7051,7051.5,2969
1764970200,7051.5,7052.5,7051.25,7051.5,1941
1764971100,7051.5,7052.5,7050.5,7050.75,2470
1765148400,7054,7057.5,7048.5,7049.75,5818
1765149300,7049.75,7054,7049,7053,4214
1765150200,7053,7054.75,7051.75,7053,2202
1765151100,7052.75,7054,7051.75,7052.25,1328
1765152000,7052.5,7052.75,7044,7046,6285
1765152900,7046,7050.25,7045.5,7049.5,2913
1765153800,7049.25,7051,7048.25,7050.5,1641
1765154700,7050.25,7053,7049.5,7052.25,2063
1765155600,7052.25,7055.5,7051.5,7052.25,3001
1765156500,7052,7053.5,7051,7051.75,2088
1765157400,7051.75,7055.25,7051.75,7054.25,1819
1765158300,7054.5,7055.5,7054,7054.75,1316
1765159200,7054.75,7055.75,7053.5,7055.5,1236
1765160100,7055.5,7057.75,7055.25,7056.75,1904
1765161000,7057,7058,7055.75,7057,1308
1765161900,7057,7058.75,7056,7058.5,1164
1765162800,7058.75,7059.25,7057.5,7059.25,1074
1765163700,7059.25,7060.75,7058.75,7059.5,1315
1765164600,7059.5,7061.25,7059.25,7059.5,1401
1765165500,7059.5,7060.25,7058.75,7059.75,951
1765166400,7060,7061.75,7060,7061.25,897
1765167300,7061.25,7062.25,7060.75,7061.5,864
1765168200,7061.75,7062.25,7060.5,7061.5,782
1765169100,7061.75,7062.75,7061,7062,700
1765170000,7062,7062.75,7060.5,7062,1330
1765170900,7062.25,7063.25,7061.75,7062.5,660
1765171800,7062.5,7063.25,7061.75,7062.75,683
1765172700,7062.5,7063.25,7060.5,7061.5,727
1765173600,7061.25,7063.25,7059.75,7063.25,1316
1765174500,7063.25,7063.75,7062,7062.25,962
1765175400,7062.25,7063.75,7060.5,7061,961
1765176300,7061.25,7062,7059,7059.5,1000
1765177200,7059.25,7060.75,7057.5,7060.25,2150
1765178100,7060,7064.5,7059.75,7063.25,1928
1765179000,7063.5,7065.25,7062,7064,1012
1765179900,7064,7064,7061.25,7062,1212
1765180800,7062,7062.25,7058.5,7058.75,2353
1765181700,7059,7061.75,7057.75,7059.25,1791
1765182600,7059,7060,7056.75,7057.75,1871
1765183500,7057.75,7057.75,7054.5,7055.75,2159
1765184400,7055.75,7058.75,7055.5,7058.5,1362
1765185300,7058.5,7060.5,7056.75,7060,1332
1765186200,7060,7061,7057.75,7058.5,1476
1765187100,7058.25,7058.25,7055,7055.75,1492
1765188000,7056,7056.75,7053.5,7056,2328
1765188900,7056,7058.25,7053.75,7058.25,1413
1765189800,7058,7059.75,7057,7058.25,1356
1765190700,7058.25,7059.75,7057.75,7058.5,990
1765191600,7058.25,7058.25,7054.5,7057,1856
1765192500,7056.75,7057.25,7052.75,7053.5,1539
1765193400,7053.5,7055,7052.5,7055,1342
1765194300,7054.75,7055,7053.25,7053.75,1120
1765195200,7054,7056.5,7052,7056,2803
1765196100,7055.75,7057.75,7055.5,7056.25,1373
1765197000,7056.25,7059.25,7056.25,7058.75,1931
1765197900,7058.75,7061,7058,7058.75,2904
1765198800,7059,7061.25,7058,7061,1967
1765199700,7060.75,7064.5,7058.5,7060.25,6318
1765200600,7060.5,7061.25,7056,7058.25,4577
1765201500,7058.25,7060.5,7058.25,7059.75,3428
1765202400,7060,7063,7059.25,7062.5,3711
1765203300,7062.5,7062.5,7056.75,7057,9062
1765204200,7057,7057.5,7043.5,7049.75,48716
1765205100,7050,7052.25,7040.5,7045.25,35649
1765206000,7045.25,7048.75,7038.75,7039.75,25940
1765206900,7040,7043,7029.25,7036.25,39951
1765207800,7036,7041.25,7031,7031.5,28263
1765208700,7031.25,7036.25,7026.5,7027.75,27073
1765209600,7027.75,7029.75,7019.75,7024.75,38219
1765210500,7024.5,7032,7023.25,7031.75,30261
1765211400,7031.5,7032,7025.25,7029.25,24900
1765212300,7029.25,7029.75,7021,7024.5,22879
1765213200,7024.5,7024.5,7015.5,7019.75,34210
1765214100,7019.75,7022.25,7012.25,7017.75,25429
1765215000,7017.75,7022,7016.25,7019.5,20284
1765215900,7019.5,7034,7017.5,7032,36831
1765216800,7032,7035,7026.5,7029,27862
1765217700,7029,7031.25,7018.75,7019.25,25737
1765218600,7019,7022.25,7013.75,7020.5,36398
1765219500,7020.5,7022,7006.5,7012,31522
1765220400,7012.25,7014,7007.5,7010,27853
1765221300,7010,7017,7010,7013.25,22545
1765222200,7013,7018.5,7012.5,7017.25,15589
1765223100,7017,7019,7012.25,7014,15999
1765224000,7014.25,7017,7012.5,7016.5,12569
1765224900,7016.75,7018.5,7014.5,7017.5,12265
1765225800,7017.25,7018,7011.25,7018,18241
1765226700,7018,7029,7014.25,7027.75,39636
1765227600,7027.75,7029.25,7024.25,7026,15192
1765228500,7026,7031.5,7025,7030.5,5541
1765229400,7030.75,7034,7029.75,7033.5,9249
1765230300,7033.5,7035.75,7031.25,7035.5,4873
1765234800,7036.25,7038.25,7033.5,7033.5,5304
1765235700,7033.75,7035,7032.5,7033.25,2360
1765236600,7033.5,7035,7031.25,7034,2498
1765237500,7034,7040,7033.5,7039.75,3886
1765238400,7039.75,7039.75,7037,7038,1922
1765239300,7037.75,7038,7036.25,7037,1543
1765240200,7037,7037.75,7035.75,7037,912
1765241100,7037.25,7039,7036.25,7038,1221
1765242000,7038,7038.25,7034.25,7038.25,2914
1765242900,7038.25,7039.25,7034.75,7034.75,1778
1765243800,7035,7036.25,7031,7033,4326
1765244700,7033,7034.5,7032.5,7032.75,1160
1765245600,7033,7034,7030.25,7033.5,1920
1765246500,7033.5,7036.25,7033.25,7034.25,2059
1765247400,7034.25,7034.25,7031.5,7033.5,1340
1765248300,7034,7034.5,7032.75,7033.75,774
1765249200,7033.5,7034.75,7032.25,7033.5,968
1765250100,7033.25,7034.5,7032.5,7033.25,700
1765251000,7033.5,7034.75,7032.75,7033.25,1152
1765251900,7033.25,7034.75,7032,7034,866
1765252800,7034,7034.25,7032.75,7033.25,809
1765253700,7033,7034,7032.5,7033.25,616
1765254600,7033.25,7033.75,7031.5,7033,804
1765255500,7033.25,7033.5,7032,7032.5,293
1765256400,7032.5,7033,7029.5,7030.75,1474
1765257300,7030.5,7031,7029.25,7029.5,824
1765258200,7029.25,7031,7029.25,7030.5,705
1765259100,7030.25,7031.75,7029,7029.5,776
1765260000,7029.25,7029.5,7026.25,7028,1768
1765260900,7028,7029.25,7026.75,7028.75,946
1765261800,7028.75,7033.25,7028.25,7033,1609
1765262700,7033.25,7034.25,7031.25,7033.5,1074
1765263600,7033.25,7035.25,7033,7033.75,1270
1765264500,7033.75,7034.75,7032.5,7033.75,831
1765265400,7034,7035.5,7032.25,7034.5,903
1765266300,7034.5,7036.25,7034.25,7035.5,800
1765267200,7035.25,7037.75,7034,7036.25,2863
1765268100,7036.5,7039.5,7035.25,7035.75,2260
1765269000,7035.75,7037,7033.25,7035.25,1534
1765269900,7035.5,7036.75,7034.25,7035,1062
1765270800,7035,7035,7031.25,7033.25,2137
1765271700,7033.25,7033.5,7029.25,7031,1972
1765272600,7031,7033,7027.5,7028.5,2305
1765273500,7028.5,7030.75,7027.5,7028.75,1207
1765274400,7028.5,7032,7027.75,7031,1236
1765275300,7031,7034,7030,7033.75,2140
1765276200,7033.75,7034.5,7016,7029.5,17024
1765277100,7029.75,7033,7025.5,7032.25,5256
1765278000,7032,7033,7026,7027.5,4490
1765278900,7027.75,7032,7023.75,7031.25,4129
1765279800,7031.75,7033.25,7029.75,7032,1856
1765280700,7032,7033.75,7031.5,7032.75,1476
1765281600,7033,7033.25,7030.75,7031.75,1854
1765282500,7031.5,7032.5,7030.25,7031.25,1263
1765283400,7031.25,7032.25,7027.75,7028.5,3105
1765284300,7028.5,7032.75,7026.25,7030,3997
1765285200,7030,7031.75,7027.75,7029.5,2974
1765286100,7029.5,7031,7025.75,7028.25,3556
1765287000,7028.5,7028.75,7020.5,7023.25,6693
1765287900,7023.5,7026.75,7020,7021.75,5539
1765288800,7021.75,7023.25,7017.75,7019,6715
1765289700,7019,7022,7016,7021.75,9214
1765290600,7021.75,7031.75,7018.5,7027,69717
1765291500,7027.25,7035.75,7024.75,7034,39587
1765292400,7034.75,7039.75,7029.75,7032,51077
1765293300,7032,7034.75,7027.5,7032,35550
1765294200,7032.25,7035.5,7028.5,7035,30966
1765295100,7035,7036,7025.75,7035,40343
1765296000,7035,7039.25,7034.5,7038.5,29239
1765296900,7038.75,7043.75,7037.75,7038,32254
1765297800,7038,7044.25,7035.25,7036.25,33130
1765298700,7036.25,7043.25,7036.25,7039.75,24147
1765299600,7039.75,7043.75,7038.25,7039.75,19636
1765300500,7039.75,7040,7032.75,7036.75,27199
1765301400,7037,7038.75,7029,7031,30899
1765302300,7031,7033.5,7026.25,7033,24786
1765303200,7032.75,7035,7028.75,7032.75,22406
1765304100,7032.75,7035.25,7031.25,7032.75,17619
1765305000,7032.5,7033.75,7026.5,7026.75,20944
1765305900,7026.75,7033.5,7023.75,7030.75,28184
1765306800,7030.75,7031.5,7026.5,7028.25,21361
1765307700,7028,7030.5,7027,7027.25,13576
1765308600,7027.25,7028,7022,7024,18395
1765309500,7024,7028.25,7023.25,7026.5,15067
1765310400,7026.25,7028.75,7025,7025.25,14653
1765311300,7025.25,7026.75,7022.75,7023,13328
1765312200,7023,7024.75,7020.25,7023.5,19326
1765313100,7023.75,7026,7015.75,7020.5,51148
1765314000,7020.5,7021,7016.25,7018.25,10638
1765314900,7018,7018.25,7015,7016.75,3609
1765315800,7016.75,7018.5,7016,7017.25,3308
1765316700,7017,7019,7016.75,7017.75,3452
1765321200,7017.75,7020.25,7017.75,7018.75,2924
1765322100,7019,7019.5,7017.5,7019,1815
1765323000,7019.25,7019.25,7018,7019,636
1765323900,7019,7019.25,7017.25,7017.75,887
1765324800,7017.75,7022.25,7017.25,7020.25,2214
1765325700,7020.5,7020.5,7016.5,7018.75,2102
1765326600,7018.75,7019.25,7018,7018.25,627
1765327500,7018.5,7018.5,7014.5,7014.75,1806
1765328400,7014.5,7017.25,7013.5,7014.5,2524
1765329300,7014.75,7015.75,7013.5,7015.5,1786
1765330200,7015.5,7016.5,7014,7015.5,1349
1765331100,7015.75,7016.5,7014.5,7014.75,1018
1765332000,7015,7017,7014.75,7016.75,934
1765332900,7016.75,7019.25,7016.25,7018.25,1574
1765333800,7018.25,7020,7017.5,7017.75,1017
1765334700,7017.75,7019.5,7017.25,7018.75,758
1765335600,7018.5,7020.5,7018.5,7019,913
1765336500,7019,7019,7016.5,7016.75,931
1765337400,7016.75,7018.25,7016,7017.25,703
1765338300,7017.25,7018.75,7016.25,7018.25,612
1765339200,7018.5,7021.5,7018.5,7020.75,1635
1765340100,7020.5,7021,7019.75,7021,762
1765341000,7021,7025.5,7020.75,7022.25,2565
1765341900,7022.25,7023.5,7021.75,7022.75,529
1765342800,7022.5,7022.75,7017,7018.25,1829
1765343700,7018,7019.75,7017.75,7018.75,708
1765344600,7018.75,7020.25,7018,7019.5,650
1765345500,7019.5,7020.25,7019,7019.25,369
1765346400,7019.5,7024,7019.25,7023,1469
1765347300,7023,7023.5,7021.75,7022.75,725
1765348200,7022.75,7024.5,7022.25,7022.5,1229
1765349100,7022.75,7023.25,7021.5,7023,568
1765350000,7022.75,7023.5,7021.25,7023,892
1765350900,7023,7025,7022.75,7024.5,768
1765351800,7024.25,7027.25,7023.75,7026.75,1909
1765352700,7026.75,7027.25,7025.25,7026.75,919
1765353600,7027,7030.5,7025,7028,3961
1765354500,7028,7030.25,7027.25,7027.5,1997
1765355400,7027.75,7029.5,7024.5,7025.5,3172
1765356300,7025.75,7028,7023,7026,3345
1765357200,7026,7028.5,7024.5,7024.75,2460
1765358100,7024.75,7025.25,7021.5,7023.75,2558
1765359000,7024,7024.5,7022.5,7023.25,1192
1765359900,7023.5,7026,7023.25,7023.75,1293
1765360800,7023.5,7029,7020.75,7023,7325
1765361700,7023,7024,7008.5,7008.75,6949
1765362600,7008.75,7014.5,7005.5,7013,5394
1765363500,7013,7016,7011.5,7012,2053
1765364400,7012,7021.25,7010.25,7016.75,8615
1765365300,7016.25,7017.75,7014.5,7015.75,1349
1765366200,7015.75,7016.75,7013.75,7014.25,1863
1765367100,7014,7017.5,7013.5,7016.25,1981
1765368000,7016.25,7017,7010.75,7012.75,3495
1765368900,7013,7013.5,7010.25,7013.25,3073
1765369800,7013,7014.5,7009.5,7010.75,2268
1765370700,7011.25,7014.75,7010.25,7014.25,1762
1765371600,7014.5,7017.25,7012.75,7017,2910
1765372500,7017,7027.5,7016,7025,9058
1765373400,7025,7027.25,7019.5,7020,5776
1765374300,7020,7020.75,7017.75,7018.25,4239
1765375200,7018.25,7019.5,7013.75,7014.5,7147
1765376100,7015,7016,7011.25,7014.75,8770
1765377000,7014.75,7019.75,7002,7015.5,78472
1765377900,7015.5,7022.5,7012,7020.25,63588
1765378800,7020.25,7023.5,7016.25,7019.5,39049
1765379700,7019.25,7023.75,7016.75,7018.75,29126
1765380600,7018.75,7019.5,7005.5,7012.75,49794
1765381500,7012.5,7021.25,7009.25,7011.5,43834
1765382400,7011.25,7020.25,7003.25,7020.25,44992
1765383300,7020.25,7028,7019,7026.25,38759
1765384200,7026.25,7027.75,7020.75,7022,25105
1765385100,7021.75,7026.25,7019.25,7025,22456
1765386000,7025,7026,7019.75,7021.5,17500
1765386900,7021.5,7023.5,7018.25,7020.5,15307
1765387800,7020.5,7024.5,7018.25,7019.75,12158
1765388700,7019.75,7031.5,7019.25,7027.5,21454
1765389600,7027.5,7029.75,7025.25,7027.5,13158
1765390500,7027.5,7028.75,7016,7018,19335
1765391400,7017.75,7023,7015.5,7015.75,19297
1765392300,7015.75,7020,7013.25,7017.5,11853
1765393200,7017.75,7046.75,7015.75,7036.75,88008
1765394100,7036.75,7044.75,7021.5,7031.25,59487
1765395000,7031.25,7057.75,7022.5,7032.25,127691
1765395900,7032,7069.75,7031,7068,65648
1765396800,7068,7075.75,7060,7074.25,44518
1765397700,7074.25,7077.75,7067.25,7070.5,29772
1765398600,7070.5,7079.25,7069,7073,26508
1765399500,7072.75,7076.25,7061,7063.5,46132
1765400400,7063.5,7066.5,7056.25,7062.75,16803
1765401300,7062.5,7065,7059.75,7063.25,5118
1765402200,7063.25,7064.75,7061.5,7064.5,5072
1765403100,7064.5,7067.25,7062.75,7064.5,3551
1765407600,7059.25,7062.5,7055.25,7056.25,5750
1765408500,7056.25,7056.25,7051.75,7053,5115
1765409400,7052.75,7053.75,7052,7052.5,1898
1765410300,7052.75,7055.5,7052.25,7054,2171
1765411200,7054,7054.25,7049.25,7052.25,3820
1765412100,7052.25,7053.75,7050.75,7052.75,2124
1765413000,7052.5,7052.5,7047.25,7048.25,2594
1765413900,7048,7048.25,7043,7045.5,3711
1765414800,7045.5,7046,7042.75,7045,3237
1765415700,7045,7046.5,7043.5,7045,2067
1765416600,7045.25,7046.5,7043.75,7044,1293
1765417500,7044,7044.25,7040.25,7041,3124
1765418400,7040.75,7041,7033.75,7035.75,4965
1765419300,7035.75,7037.25,7029.75,7031,5799
1765420200,7031,7031.75,7023.5,7027.25,7266
1765421100,7027.5,7028,7017.75,7022.75,7575
1765422000,7022.5,7022.75,6988.5,7000.75,30649
1765422900,7001,7007.25,6999,7005.5,9367
1765423800,7005.25,7006.25,6997.5,7004.75,7539
1765424700,7004.5,7008.25,7002.25,7006.25,5657
1765425600,7006.25,7012.75,7003.5,7009.75,5021
1765426500,7009.5,7011,7005,7007.25,3821
1765427400,7007.25,7010.75,7004.75,7008.75,2189
1765428300,7008.75,7011.25,7007,7008.5,2397
1765429200,7008.5,7009.75,7004.75,7004.75,2781
1765430100,7005.25,7007,7001.75,7002.25,2914
1765431000,7002.25,7004.25,7000.5,7002.5,2213
1765431900,7002.75,7008.75,7002.25,7007.25,2381
1765432800,7007,7009.25,7003.75,7005.5,2283
1765433700,7005.5,7006,6999.5,7000,2588
1765434600,7000,7008,6999.75,7007.5,3390
1765435500,7007.5,7009,7005,7008.5,2139
1765436400,7008.5,7009,7000.5,7007.25,3957
1765437300,7007,7009.5,7005,7009,2874
1765438200,7009,7012.25,7008.5,7010.25,3262
1765439100,7010.5,7014,7009.25,7012.5,3365
1765440000,7012.5,7013.25,7002,7004.5,7804
1765440900,7004.5,7007.25,7001,7002.25,6303
1765441800,7002.25,7005.75,6999.75,7002.5,4907
1765442700,7002,7014.25,7001.25,7013,6041
1765443600,7013,7017.25,7011.25,7016.5,6678
1765444500,7016.75,7022.75,7016,7019.5,5984
1765445400,7019.25,7024.5,7018.5,7021.5,4485
1765446300,7021.25,7029.25,7021,7026.25,5309
1765447200,7026.75,7028,7021.75,7027.25,4684
1765448100,7027.5,7028.25,7024.25,7026.5,2940
1765449000,7026.75,7027,7023,7023.25,2801
1765449900,7023.25,7026,7022.75,7023.75,3352
1765450800,7024,7028,7022.5,7026.25,3723
1765451700,7026.5,7027,7024.5,7026.25,1792
1765452600,7026.75,7028.5,7024.75,7028.25,2336
1765453500,7028.25,7035.25,7028,7034,5878
1765454400,7033.75,7039.5,7033,7038.5,6177
1765455300,7038.75,7045.75,7038.25,7044.75,6392
1765456200,7045,7048,7043.75,7045.5,7873
1765457100,7045.75,7046.75,7042.75,7045.5,5687
1765458000,7045.25,7046.5,7040.25,7041.75,7131
1765458900,7041.5,7043.75,7040.25,7041.25,3777
1765459800,7041,7042.5,7034.75,7036.5,10953
1765460700,7036.25,7039,7033.5,7035.5,9653
1765461600,7035.75,7041.25,7034.25,7040.25,12326
1765462500,7040.25,7044.5,7038.75,7039.5,17616
1765463400,7039.5,7046.25,7032.75,7044,101554
1765464300,7043.75,7045,7010.5,7014,115992
1765465200,7014.25,7041.75,7009.25,7038.25,80739
1765466100,7038,7056,7033.5,7050.5,58508
1765467000,7050.5,7052.75,7041.75,7045.75,54615
1765467900,7045.5,7049.75,7028.25,7045.25,60453
1765468800,7045.25,7049.5,7036.75,7041.5,46379
1765469700,7041.5,7046,7031.75,7033.75,38590
1765470600,7033.75,7055.5,7033.25,7052.75,38696
1765471500,7053,7058,7036,7043,49823
1765472400,7043,7058,7041.75,7055,37284
1765473300,7055.25,7067.25,7053.5,7061.75,35779
1765474200,7061.5,7068.5,7061.5,7065.75,23032
1765475100,7066,7067.25,7057.5,7061,24463
1765476000,7060.75,7070,7059,7068,20694
1765476900,7068.25,7069.5,7062,7064,19770
1765477800,7064,7074.5,7060.75,7073.25,25071
1765478700,7073.5,7074.25,7066.25,7067.75,17520
1765479600,7067.75,7072,7066.25,7070.5,14559
1765480500,7070.5,7076,7070.25,7074.75,16366
1765481400,7074.75,7078.5,7073.75,7078,14506
1765482300,7078.25,7080.5,7076,7076.5,16902
1765483200,7076.5,7079.5,7074.75,7075,15054
1765484100,7075,7077.25,7071.75,7072,13532
1765485000,7072.25,7073.5,7068,7071.75,19836
1765485900,7071.5,7080,7068.5,7079.25,39601
1765486800,7079.25,7086,7078.25,7084,15643
1765487700,7084,7095.5,7084,7093.25,12656
1765488600,7093.5,7094.75,7088.25,7090.25,5470
1765489500,7090,7100.25,7089.75,7095.75,7912
1765494000,7086.25,7087,7075,7076.5,9057
1765494900,7076.25,7077.75,7073.75,7074.75,4855
1765495800,7074.75,7078.25,7074.75,7078,2888
1765496700,7077.75,7078.5,7074.75,7075.25,2817
1765497600,7075.25,7075.25,7069.75,7071.5,5269
1765498500,7071.75,7076.25,7071,7075.25,4093
1765499400,7075.25,7079,7074.5,7074.5,3534
1765500300,7074.5,7076.25,7071.25,7072.25,3493
1765501200,7072.25,7075.25,7072,7073.5,2520
1765502100,7073.5,7078.25,7073.5,7078,3532
1765503000,7077.75,7078,7075.75,7076.25,1396
1765503900,7076.25,7078.25,7074.75,7077.75,1585
1765504800,7077.5,7082.5,7077,7081.5,3410
1765505700,7081.25,7082.25,7079.25,7079.5,2353
1765506600,7080,7082.75,7079.25,7082.75,1752
1765507500,7082.75,7083,7079.25,7081,1921
1765508400,7080.75,7082,7078.25,7079,1570
1765509300,7078.75,7079,7075.75,7077,2505
1765510200,7077,7080,7076.5,7080,1582
1765511100,7080,7080.5,7077.25,7077.75,1137
1765512000,7077.75,7078.25,7075.25,7076.25,1477
1765512900,7076.25,7076.75,7074.5,7075.5,1870
1765513800,7075.25,7076.25,7074.75,7075.5,944
1765514700,7075.75,7077.5,7075,7076,1632
1765515600,7075.75,7079,7075.5,7076.75,2191
1765516500,7076.5,7078.75,7076.25,7077.75,1233
1765517400,7078,7083,7078,7082.75,1856
1765518300,7082.75,7084,7081.5,7082.25,1116
1765519200,7082.25,7083.5,7082,7082.75,1263
1765520100,7082.5,7084.5,7082.25,7083.5,1694
1765521000,7083.5,7084,7079,7079,2482
1765521900,7079.25,7079.75,7078,7079,1288
1765522800,7078.75,7079,7076.75,7077,1999
1765523700,7077,7077.75,7076,7077.25,1726
1765524600,7077.25,7078.75,7075.75,7078.75,1448
1765525500,7078.5,7078.75,7076.75,7076.75,1394
1765526400,7076.75,7081,7075,7080.25,4132
1765527300,7080.25,7082,7078.75,7080.75,2359
1765528200,7080.75,7083.75,7080.25,7081,2683
1765529100,7081,7083.75,7078,7081,3822
1765530000,7080.75,7081.75,7071.25,7076.75,7358
1765530900,7077,7078,7068.5,7068.5,5883
1765531800,7068.5,7069.75,7063.25,7065,7719
1765532700,7065.25,7069.5,7063.5,7068.25,4320
1765533600,7068.25,7073.5,7066.25,7073,4294
1765534500,7073,7073.25,7066.75,7067.25,4666
1765535400,7067.5,7068,7063.25,7067.5,4496
1765536300,7067.5,7070.25,7066.75,7069.25,2573
1765537200,7069.25,7070,7066.5,7069.75,3613
1765538100,7070,7072,7068,7068.5,3273
1765539000,7068.25,7070.25,7062.75,7065.25,6472
1765539900,7065.25,7066.5,7061.25,7064.25,4473
1765540800,7064.25,7068.5,7060.75,7068,6320
1765541700,7067.75,7069.5,7065.75,7068.5,3215
1765542600,7068.25,7068.75,7065.5,7065.5,3877
1765543500,7065.5,7072.75,7064.25,7068,12546
1765544400,7068.25,7074.75,7066.5,7072.75,9982
1765545300,7072.75,7075.5,7072,7073,5854
1765546200,7073.25,7074.25,7070.75,7072.5,6492
1765547100,7072.5,7079.25,7071.75,7079.25,11301
1765548000,7079,7080.25,7074.25,7075.25,12773
1765548900,7075.25,7076,7066.75,7067.25,22097
1765549800,7067.5,7074.25,7061.75,7064.75,108973
1765550700,7065,7067.25,7057,7060.25,61794
1765551600,7060.25,7061,7041,7044.5,88377
1765552500,7044.25,7046.5,7021.25,7022.5,96218
1765553400,7022.25,7037,7018,7036.75,87798
1765554300,7036.75,7041,6998,7002,105356
1765555200,7002,7009.75,6986.25,6995,125355
1765556100,6994.75,7001.75,6981.5,6997.5,86729
1765557000,6997.5,6997.5,6976.25,6991.5,70109
1765557900,6991.5,6992.25,6981.5,6990.75,50439
1765558800,6990.5,7006,6988,7003.5,51524
1765559700,7003.5,7015,6998.5,6999.5,49811
1765560600,6999.25,7013.5,6994.25,7009.25,47650
1765561500,7009.25,7017.25,7008.5,7011.5,30992
1765562400,7011.75,7027,7008.5,7021.25,47599
1765563300,7021.25,7028.25,7016,7023.75,35855
1765564200,7023.75,7024,7013,7014.5,24473
1765565100,7014.75,7020.75,7009.5,7010.5,26313
1765566000,7010.75,7011.75,7000.5,7002.5,36064
1765566900,7002.5,7006,6996.75,7000,26474
1765567800,7000,7008,6999.5,7003,25133
1765568700,7002.75,7007.25,7000.5,7004.75,19533
1765569600,7004.75,7010.25,6999.5,7003,25796
1765570500,7003,7005.5,6995.75,6998.75,20673
1765571400,6998.75,6999.75,6985.75,6993.25,41639
1765572300,6993.25,7003.75,6992.5,7002.25,59688
1765573200,7002.5,7007.25,7001,7006.25,16399
1765574100,7006.25,7008.5,7004,7004.75,4585
1765575000,7004.75,7007.25,7004,7005,3411
1765575900,7004.75,7006.75,7004,7004.75,4138
1765753200,7004,7009.25,6989.75,6995.75,6122
1765754100,6995.75,7000.5,6994.75,6999.5,2653
1765755000,6999.5,7003.25,6999,7002.25,1760
1765755900,7002.25,7005.75,7000.25,7003.75,1763
1765756800,7004,7007.25,7002.75,7006,2238
1765757700,7006.5,7009.5,7004.5,7009,2060
1765758600,7009.25,7012.5,7009.25,7012,2323
1765759500,7012.25,7015,7010.75,7013.5,1783
1765760400,7013.75,7014.75,7010,7013,2186
1765761300,7012.75,7013.75,7011.25,7013.5,1343
1765762200,7013.25,7018.25,7013.25,7016.75,2683
1765763100,7016.75,7019.25,7015.5,7018.75,1415
1765764000,7018.75,7020,7017.75,7019.25,1243
1765764900,7019.5,7020.75,7016.25,7020,1390
1765765800,7020.25,7022,7018.75,7019.5,1429
1765766700,7019.5,7019.5,7015.75,7017.25,1328
1765767600,7017.5,7019.75,7015.25,7017,1325
1765768500,7016.75,7017.25,7015.25,7016,780
1765769400,7016,7017.25,7014.75,7015.25,788
1765770300,7015.25,7017.75,7015,7017.25,695
1765771200,7017.5,7018.25,7013.75,7013.75,829
1765772100,7013.75,7018.25,7013.25,7017.25,1043
1765773000,7017.5,7019,7016.25,7019,618
1765773900,7018.75,7022.25,7018.5,7021.25,1000
1765774800,7021,7021.75,7019.5,7020.75,663
1765775700,7020.5,7021.25,7018,7020.25,898
1765776600,7020.25,7023,7019.5,7022.25,680
1765777500,7022.25,7022.5,7020.75,7021.5,496
1765778400,7021.5,7021.5,7016.25,7018.25,1069
1765779300,7018.25,7021.5,7018,7018.75,711
1765780200,7018.5,7020.75,7016.5,7020.5,650
1765781100,7020.75,7022.75,7019.5,7021,751
1765782000,7020.75,7022.75,7017,7018.25,1190
1765782900,7018.25,7020,7014.5,7015.75,955
1765783800,7015.75,7018.75,7014.5,7016.5,1482
1765784700,7016.75,7018.25,7014.75,7016.5,1071
1765785600,7016.75,7020.25,7013.25,7014.25,2423
1765786500,7014.5,7019.5,7013.25,7018.25,1715
1765787400,7018.5,7026.75,7017.75,7025.75,2603
1765788300,7025.75,7028,7024.5,7025.75,1534
1765789200,7025.5,7030.25,7023.25,7029.75,2398
1765790100,7030,7031.25,7026.5,7030,2296
1765791000,7030.25,7031.25,7029.25,7031,1365
1765791900,7031,7034.25,7030.75,7033,2111
1765792800,7033,7036.25,7031.25,7036,1773
1765793700,7036,7036.25,7034,7034.5,1442
1765794600,7034.25,7035.25,7032,7035,1576
1765795500,7035,7036.25,7033.5,7035.5,1002
1765796400,7035.5,7036,7033.75,7034.25,855
1765797300,7034.25,7036,7033.5,7034.25,1279
1765798200,7034.75,7036,7034,7034.5,845
1765799100,7034.5,7037.5,7034.25,7036,2287
1765800000,7036,7036.25,7030,7031.5,2552
1765800900,7031.75,7034.75,7029.75,7031,2309
1765801800,7030.75,7037.75,7030.75,7037,2301
1765802700,7037.25,7037.5,7034.5,7035.5,1434
1765803600,7035.5,7036,7033.75,7035.25,1274
1765804500,7035.5,7036.5,7031.25,7035,2382
1765805400,7035.5,7036.75,7034,7035.5,2853
1765806300,7035.75,7041.25,7035.5,7039,3314
1765807200,7038.75,7042,7037.25,7041.25,3624
1765808100,7041.25,7043.75,7037.25,7042.25,5622
1765809000,7042.25,7043.25,7020.75,7021.5,31642
1765809900,7021.25,7023.75,7008,7009.5,27565
1765810800,7009.25,7010.75,6996.25,6998.25,28796
1765811700,6998,6999.5,6977.25,6983,33536
1765812600,6982.75,7002.75,6980.25,7002.75,32654
1765813500,7002.75,7006,6991.75,6996,21374
1765814400,6995.75,7003.5,6990.25,6995,16392
1765815300,6994.75,7015.25,6994.25,7012.5,16540
1765816200,7012.5,7013.75,6988.5,6990,22964
1765817100,6990.25,7002.25,6986,6993.25,17735
1765818000,6993.25,6998.25,6990.25,6993,9847
1765818900,6992.5,6995.5,6986.5,6991,9024
1765819800,6991,6999.25,6985,6996.5,10738
1765820700,6996.25,6998.75,6978.75,6989.75,15658
1765821600,6989.75,6995.75,6984.5,6994.25,10471
1765822500,6994.5,6996.5,6979.5,6984.5,11682
1765823400,6984.5,6988.5,6980.75,6987.5,9813
1765824300,6987.5,6998.75,6986.5,6994.75,10093
1765825200,6994.75,7000.25,6992.25,6992.75,8591
1765826100,6992.5,6996.25,6989,6992.75,6726
1765827000,6993,6995.5,6989.5,6990.75,5013
1765827900,6990.5,7002.5,6989,7001.5,7950
1765828800,7001.5,7002,6994.75,6997.25,6745
1765829700,6997.5,7000.75,6991.75,6995.5,7092
1765830600,6995.25,6998.25,6990.25,6991.75,6730
1765831500,6991.5,7001,6990.75,6992,21190
1765832400,6992,6997,6990.5,6994.75,5069
1765833300,6994.75,6995.75,6992.25,6992.75,1136
1765834200,6992.75,6995.5,6992.75,6995,855
1765835100,6995.25,6996,6994,6995,907
1765839600,6998,6999.25,6995.25,6997,2439
1765840500,6997,6997.75,6992.5,6993.75,1645
1765841400,6994.25,6994.75,6986.75,6991,2885
1765842300,6990.75,6990.75,6983.5,6988.25,3017
1765843200,6988.5,6990.75,6978.75,6981.75,5092
1765844100,6981.5,6987.25,6976.5,6986,5352
1765845000,6986.25,6988.25,6980,6982.75,2870
1765845900,6982.5,6985.25,6979.25,6979.75,2802
1765846800,6979.75,6983.5,6976.5,6980,3830
1765847700,6979.5,6983,6979.5,6979.75,2032
1765848600,6979.75,6981.5,6952,6953.75,18660
1765849500,6953.5,6963,6952.5,6960,7309
1765850400,6960.25,6964.25,6955.25,6963,5691
1765851300,6963,6966.25,6959.75,6964.5,3420
1765852200,6964.5,6965.25,6956.5,6961.75,3974
1765853100,6961.75,6963,6958.25,6960,2624
1765854000,6960,6963.25,6956.5,6958.25,3693
1765854900,6958.25,6961.25,6955.25,6957.5,2420
1765855800,6957.75,6960,6952.5,6958,3293
1765856700,6958,6965.5,6957.75,6964,2910
1765857600,6964,6964.5,6957,6959.25,2445
1765858500,6959,6962.5,6958.25,6961,1408
1765859400,6961.25,6966,6960.5,6964.75,2072
1765860300,6964.75,6967,6964,6964.5,1383
1765861200,6964.25,6965,6960,6960.75,2137
1765862100,6960.75,6963.5,6959.25,6959.5,1874
1765863000,6959.5,6960,6956.25,6956.75,2027
1765863900,6956.75,6958.75,6951,6952.5,2912
1765864800,6952.75,6956.75,6950.75,6955,2791
1765865700,6955,6956.25,6952.25,6954.25,1731
1765866600,6954.25,6954.75,6951.75,6953.5,1462
1765867500,6953,6956.5,6953,6956.25,1440
1765868400,6956.5,6959,6954.5,6955,2089
1765869300,6955,6959,6954.5,6957,1598
1765870200,6957.25,6957.25,6946.25,6947,4560
1765871100,6947,6957.75,6947,6955.75,4365
1765872000,6955.75,6962.75,6955.25,6961.5,5653
1765872900,6961.5,6967.5,6960,6966.25,4405
1765873800,6966,6968.25,6963.75,6968.25,3196
1765874700,6968,6971.25,6968,6970.5,3644
1765875600,6970.5,6974.5,6967.75,6974.25,3477
1765876500,6974.5,6974.75,6971.5,6972,2736
1765877400,6972.25,6974.5,6968,6969.75,3045
1765878300,6969.5,6970.75,6960.25,6963.75,4547
1765879200,6963.75,6969.75,6960.75,6969.5,4150
1765880100,6969.5,6976,6969.5,6975,3625
1765881000,6975.25,6982.5,6972.75,6982.5,3686
1765881900,6982.75,6983.5,6976,6978,2305
1765882800,6977.75,6979.75,6976,6978,2405
1765883700,6978.5,6978.5,6976,6978.25,1403
1765884600,6978.25,6983.5,6976.25,6982.5,3146
1765885500,6982.25,6987.5,6980.5,6986.75,3815
1765886400,6987.25,6991.5,6984.5,6990.5,5777
1765887300,6990.5,6992.5,6988.5,6989.5,3665
1765888200,6989.5,6993.25,6988.75,6989.75,4881
1765889100,6990,6992.25,6987.75,6988.25,3931
1765890000,6987.75,6989.5,6982.25,6986,6029
1765890900,6986.25,6991.25,6981.75,6986.25,9210
1765891800,6987.5,7005,6982.75,6983.25,24371
1765892700,6983.25,6990.5,6978.25,6981.25,22573
1765893600,6981.25,6984.75,6975.75,6981.25,18713
1765894500,6981.5,6987.75,6973.75,6975,20892
1765895400,6975,6988.25,6964,6969.5,93491
1765896300,6969.5,6993,6959,6991.25,81740
1765897200,6991,6994,6972.5,6975.5,81539
1765898100,6975.75,6977.75,6946,6958.75,89022
1765899000,6958.75,6969,6951.75,6963.25,71776
1765899900,6963.25,6976.25,6957.75,6972.25,51708
1765900800,6972,6975.5,6956.5,6959.25,44221
1765901700,6959.25,6960.5,6949.75,6953.25,40978
1765902600,6953.25,6959.5,6948,6955.75,40698
1765903500,6955.75,6967,6952.25,6964.75,38508
1765904400,6965,6969.75,6956.5,6967.75,33388
1765905300,6968,6971.5,6951.75,6955.5,30453
1765906200,6955.25,6964.5,6944.25,6948.75,36621
1765907100,6948.5,6953,6935.75,6937.25,38944
1765908000,6937,6941.75,6930.75,6941.25,46650
1765908900,6941.25,6943.25,6934.5,6936.75,17884
1765909800,6936.75,6961,6936.75,6960.25,41644
1765910700,6960,6968,6957.75,6959.75,34138
1765911600,6960,6960.25,6941,6942.25,37243
1765912500,6942.25,6951.5,6939.25,6951.25,33221
1765913400,6951,6962.5,6950,6960.5,28083
1765914300,6960.5,6967,6955.75,6960.5,24499
1765915200,6960.25,6971,6959,6963.75,26028
1765916100,6964,6973.5,6963.25,6973,18633
1765917000,6972.75,6986.75,6972.5,6981,34337
1765917900,6981,6985,6968.25,6969,52335
1765918800,6969,6971,6964.25,6966.5,15242
1765919700,6966.5,6966.75,6958.25,6962.75,7513
1765920600,6962.5,6966.25,6961.5,6965.25,2471
1765921500,6965.25,6965.75,6960.5,6961.75,2542
1765926000,6964.75,6968,6956,6961.25,6294
1765926900,6961.25,6964.5,6959,6963.75,3610
1765927800,6964,6968.5,6962,6967.5,4740
1765928700,6967.75,6967.75,6958,6959,3700
1765929600,6958.75,6959,6948.5,6953.75,8205
1765930500,6953.5,6959.5,6952.25,6956.5,4458
1765931400,6956.5,6960.75,6952.25,6957.25,4401
1765932300,6957.25,6962,6955,6956.75,3931
1765933200,6957,6967.25,6957,6965,5020
1765934100,6965.25,6967.5,6960,6963.5,4240
1765935000,6963.25,6967,6958.5,6965,3819
1765935900,6964.75,6969.5,6960.25,6968.75,3238
1765936800,6969,6969.5,6962.5,6963.75,2565
1765937700,6963.75,6968.5,6962.5,6968.5,2534
1765938600,6968.25,6970.5,6965.5,6969,2949
1765939500,6969,6970.5,6966.25,6968.5,1488
1765940400,6968.25,6969.75,6967,6968.25,1307
1765941300,6968.25,6970.75,6968,6970.25,1473
1765942200,6970,6970.5,6966.75,6969,2102
1765943100,6969.25,6970,6963.75,6964.75,2378
1765944000,6965.5,6969.5,6964.75,6967.25,1724
1765944900,6967,6967.5,6960.25,6962.25,1939
1765945800,6962.25,6963.25,6959,6960.25,1913
1765946700,6960.25,6962.75,6959.25,6960,1291
1765947600,6960.25,6962.75,6956,6960.5,2881
1765948500,6961,6961.75,6957.25,6958.75,1514
1765949400,6958.75,6966,6958.75,6966,1805
1765950300,6966,6967.5,6965.5,6966.5,1426
1765951200,6966.25,6975.5,6966,6975.5,3413
1765952100,6975.5,6977,6972.5,6975.5,2682
1765953000,6975.25,6977.5,6972.5,6976.25,1789
1765953900,6976.25,6976.75,6972.75,6973.25,1251
1765954800,6973.25,6981.25,6971.5,6979,3714
1765955700,6979.25,6980.25,6973.25,6975.5,3681
1765956600,6975.25,6977.75,6973,6974.5,2444
1765957500,6974.5,6979.5,6974.25,6976,2368
1765958400,6976,6977.75,6971,6975.75,4878
1765959300,6975.5,6978.75,6973,6977.25,3884
1765960200,6977.25,6980.5,6976,6979.5,3526
1765961100,6980,6982.75,6974.5,6978.25,3637
1765962000,6978.25,6980,6975.75,6979.75,3506
1765962900,6980,6985.25,6980,6983,5083
1765963800,6983.25,6988,6982.25,6987.5,3227
1765964700,6987.5,6991.25,6987.5,6989.5,3338
1765965600,6989.25,6994,6988.25,6993,2608
1765966500,6993,6994.25,6990.5,6992,2124
1765967400,6992.25,6995.75,6990,6993.25,3453
1765968300,6993.5,6995.5,6992.25,6994.25,2446
1765969200,6994,6996,6989.75,6990.75,2652
1765970100,6990.75,6994,6990,6991.5,2550
1765971000,6991.5,6995,6991.25,6994.25,2506
1765971900,6994.5,6995.5,6991.5,6994.75,2351
1765972800,6994.75,6995.5,6990.75,6994.75,4298
1765973700,6994.75,6994.75,6991.5,6991.5,2175
1765974600,6991.5,6995.25,6991.25,6994.25,2474
1765975500,6994.5,6996.25,6992,6992,2757
1765976400,6992,6994,6983.75,6987.25,10030
1765977300,6987.5,6991.5,6976.5,6986.75,24465
1765978200,6986.5,6987,6981,6986,8154
1765979100,6986,6994.25,6982.25,6987.25,14548
1765980000,6987.25,6991.25,6983,6983,9335
1765980900,6983,6984.75,6978.25,6978.75,11186
1765981800,6979,6984.75,6960.25,6964.25,88490
1765982700,6964.5,6973.75,6954.75,6971.25,85225
1765983600,6971.25,6975.75,6960.75,6967.5,59771
1765984500,6967.5,6972.25,6959.5,6967.75,47728
1765985400,6967.75,6970.5,6933.75,6938.5,73283
1765986300,6938.25,6942.25,6917.5,6923.5,95762
1765987200,6923.25,6934.75,6914.25,6915,66618
1765988100,6914.75,6931.75,6912,6924.25,57975
1765989000,6924,6925.75,6912.5,6921,48369
1765989900,6921,6925.5,6908,6919.5,47976
1765990800,6919.75,6922.5,6908.25,6911,39661
1765991700,6911,6928,6909,6918.75,34828
1765992600,6919,6928.25,6911.75,6913,32355
1765993500,6913.25,6918.25,6906.5,6915.25,29788
1765994400,6915.25,6926.25,6910.75,6911.5,25177
1765995300,6911,6914.5,6907,6910.5,24293
1765996200,6910.25,6913.25,6897.25,6903.75,33658
1765997100,6903.5,6907,6897.75,6902,24829
1765998000,6902,6905.5,6897,6903,21372
1765998900,6903.25,6907,6899.75,6901.5,18973
1765999800,6901.25,6905.75,6898.75,6903.75,19126
1766000700,6904,6909.75,6902.75,6908,18674
1766001600,6908,6910.25,6900.75,6904.5,19256
1766002500,6904.25,6909.25,6899,6902,17336
1766003400,6902,6905.75,6895.5,6904.5,21768
1766004300,6904.75,6907,6889,6890.25,53221
1766005200,6890.25,6908.5,6890.25,6908,23872
1766006100,6908,6908.25,6901.75,6902.25,5439
1766007000,6902.25,6904.25,6899.5,6901.25,3981
1766007900,6901.25,6905.75,6898.25,6900,5828
1766012400,6903.25,6906.75,6899,6900.75,4833
1766013300,6901,6901.75,6895.5,6901.25,3701
1766014200,6901,6905.25,6898.5,6903.75,2927
1766015100,6903.75,6904,6894,6895.75,3375
1766016000,6896,6899.75,6889.5,6898,7700
1766016900,6897.75,6904.5,6896.5,6897.75,7459
1766017800,6898,6902,6895.5,6897.25,3403
1766018700,6897.25,6906.25,6897.25,6905.5,3375
1766019600,6905.5,6906.75,6899.5,6903.25,3967
1766020500,6903,6906,6900.25,6903.75,2474
1766021400,6903.25,6904.75,6900,6901.75,2299
1766022300,6902,6905,6896.5,6898.25,2961
1766023200,6898.25,6907,6896.5,6902,5011
1766024100,6902,6908.5,6899.5,6900.25,4955
1766025000,6900.25,6904.25,6899.75,6899.75,1793
1766025900,6900,6901.25,6897.5,6899.25,1499
1766026800,6899,6899.75,6889,6890,3083
1766027700,6889.75,6890.75,6884.75,6887,4722
1766028600,6887.25,6891.75,6887,6887.75,3138
1766029500,6887.5,6896,6887.5,6893.5,2724
1766030400,6893.75,6899,6892.5,6893,2390
1766031300,6893,6898.25,6893,6897.75,1476
1766032200,6897.25,6902,6896.5,6901.25,1817
1766033100,6901.25,6902.5,6900.25,6902,1152
1766034000,6902,6902.75,6899.75,6901,1553
1766034900,6901,6901.5,6896,6898,1365
1766035800,6898,6902.25,6896.5,6899.5,1658
1766036700,6899.5,6900.75,6896.75,6899.5,1310
1766037600,6899.25,6900.75,6897.5,6898.5,1258
1766038500,6898.25,6900.75,6897.5,6899.5,1170
1766039400,6899.25,6901,6897.75,6899.5,1481
1766040300,6899.5,6899.75,6894,6899.5,2032
1766041200,6899.5,6906.5,6899.25,6905,3190
1766042100,6905,6908,6904,6906.75,3369
1766043000,6907,6909,6905.25,6908.25,2133
1766043900,6908.25,6908.5,6905.75,6907,1476
1766044800,6907,6908.25,6903.5,6907,4296
1766045700,6907,6911,6902.5,6904.5,3568
1766046600,6904.25,6910.25,6903.75,6908.75,2954
1766047500,6909.25,6914.5,6909.25,6912,4706
1766048400,6911.75,6914.5,6908.25,6911.25,3315
1766049300,6911.25,6914,6908.75,6912.5,2547
1766050200,6912.5,6918.5,6912.5,6917.5,3419
1766051100,6917.5,6921,6917.5,6921,2971
1766052000,6921,6921.5,6917.5,6918.25,2472
1766052900,6918.25,6919.25,6916,6918.75,2077
1766053800,6919,6921.75,6917.25,6919.25,2513
1766054700,6919.5,6920,6917,6918.75,1276
1766055600,6918.75,6922.5,6917.75,6922.5,2653
1766056500,6922.5,6924,6919,6922,2735
1766057400,6921.75,6924.5,6920.75,6921,2023
1766058300,6921,6925.25,6920.5,6924.5,2461
1766059200,6924.5,6925.75,6922,6922.5,3044
1766060100,6922.5,6923.5,6919.75,6919.75,3233
1766061000,6919.75,6922,6917.75,6920,2980
1766061900,6919.75,6920.5,6917,6918.5,2982
1766062800,6918.5,6922.25,6914.25,6921.5,5168
1766063700,6921.5,6923.75,6920.75,6922.25,6432
1766064600,6923,6949.5,6921.75,6948.5,36393
1766065500,6948.5,6951.25,6941.25,6942.75,20763
1766066400,6942.5,6952,6941.75,6949,13805
1766067300,6949.25,6954,6947.5,6953.5,13103
1766068200,6953.5,6963.75,6937.75,6940,117688
1766069100,6940.25,6960.25,6934,6958,101020
1766070000,6958,6962,6940,6944.75,64179
1766070900,6944.5,6968.75,6938.25,6967.5,77598
1766071800,6967.75,6984.25,6964.5,6982.75,73339
1766072700,6982.75,6983.25,6974.5,6978.25,39304
1766073600,6978.25,6984.75,6976.25,6977,35018
1766074500,6977.25,6982,6973,6975.5,34042
1766075400,6975.5,6985.75,6975.5,6980.75,29000
1766076300,6980.5,6982,6971,6973.25,29462
1766077200,6973.25,6973.5,6936.5,6941.25,93263
1766078100,6941.25,6942.25,6925.25,6934.25,93093
1766079000,6934.25,6959.75,6931,6959.5,63795
1766079900,6959.75,6964.25,6950.25,6960.75,53045
1766080800,6960.75,6966,6952.75,6960,35156
1766081700,6960,6968,6959.75,6965.25,23742
1766082600,6965.5,6974.25,6965.5,6965.75,27474
1766083500,6965.75,6966.75,6957,6959.25,33377
1766084400,6959,6959.75,6942.5,6951.5,57271
1766085300,6951.5,6951.5,6943.5,6948.25,32737
1766086200,6948.25,6949.75,6938.75,6940,33624
1766087100,6939.75,6950,6929.75,6934,44175
1766088000,6934,6951.25,6931.25,6950.5,39973
1766088900,6950.75,6956,6945.75,6953.5,35726
1766089800,6953.5,6961.75,6951,6959.25,25389
1766090700,6959.25,6963.5,6941.25,6942,52987
1766091600,6942,6943.25,6934.5,6935.25,16662
1766092500,6935.25,6937.25,6933.25,6936.75,4347
1766093400,6937,6938,6933.5,6934.25,2545
1766094300,6934.25,6937.25,6934,6936.5,2561
1766098800,6938.5,6942.5,6933,6937.5,4776
1766099700,6937.25,6940.25,6934,6936,2782
1766100600,6936.25,6939,6935,6937.25,2547
1766101500,6937.25,6943.5,6937,6943.5,2901
1766102400,6943.5,6944.75,6937,6938,4169
1766103300,6937.75,6940.75,6936.5,6939.5,2329
1766104200,6939.5,6940.25,6936.25,6937.75,2289
1766105100,6937.75,6943.5,6936.5,6941.75,1746
1766106000,6941.75,6942.25,6935.5,6939,2673
1766106900,6939,6942.25,6938.5,6940,1561
1766107800,6939.5,6942,6935.75,6939,3348
1766108700,6938.75,6946.25,6937.5,6943.75,3481
1766109600,6943.75,6946.25,6940.5,6943.5,2357
1766110500,6943.25,6945.25,6941,6944,1147
1766111400,6943.75,6947,6940.75,6943.75,1465
1766112300,6943.5,6944,6939,6939.5,1347
1766113200,6939.5,6942.5,6937.75,6941.25,1774
1766114100,6941,6949.75,6935.75,6945.25,5067
1766115000,6945.25,6949,6943.25,6948.5,2731
1766115900,6948.5,6950.5,6946.75,6947.75,1888
1766116800,6948.25,6950,6946.5,6948.25,1183
1766117700,6948.5,6950,6944.75,6946.75,1226
1766118600,6946.5,6948.25,6944.25,6946.5,1141
1766119500,6946.5,6948.5,6945.75,6947.5,1279
1766120400,6947.25,6948,6942.75,6943,1499
1766121300,6943.5,6944.25,6942,6944,962
1766122200,6944.25,6947,6943,6945,1244
1766123100,6945,6945.25,6940.75,6941.25,1295
1766124000,6941.25,6944.25,6939.5,6940.25,1940
1766124900,6940,6941.5,6939,6940.25,1420
1766125800,6940.25,6942,6935.5,6936,2425
1766126700,6936,6941,6934,6940.75,2305
1766127600,6941,6954,6940.75,6953,4354
1766128500,6953.25,6955,6949.75,6951,2761
1766129400,6951,6951.5,6947.5,6948.75,2029
1766130300,6949,6954,6946.5,6953.25,2222
1766131200,6953,6959.5,6951,6958.5,4814
1766132100,6958.5,6961.5,6954.25,6954.5,3875
1766133000,6954.75,6963,6954.5,6962,2886
1766133900,6962,6964.75,6961,6961.75,3102
1766134800,6961.5,6965.5,6958,6961.25,3982
1766135700,6961.25,6966.5,6959,6966,2644
1766136600,6966,6967.75,6963.75,6964.5,2400
1766137500,6964.75,6967,6963.25,6966.25,1223
1766138400,6966.25,6966.75,6959.25,6965.5,3171
1766139300,6965.5,6966.75,6964.5,6965,1391
1766140200,6964.75,6965.75,6960,6964,2010
1766141100,6963.75,6966,6959.25,6960.5,2417
1766142000,6960,6960.75,6951.25,6957,4288
1766142900,6956.75,6959.75,6953.5,6959.25,4220
1766143800,6959.25,6961.5,6956,6958.75,2656
1766144700,6959,6959.75,6954,6955.75,2182
1766145600,6956,6959.5,6950.25,6954.75,5592
1766146500,6954.75,6957.25,6950,6954.75,3277
1766147400,6954.75,6956.5,6949.25,6951.25,3539
1766148300,6951,6953.25,6942.5,6943.75,6953
1766149200,6943.75,6948.75,6942.25,6948.25,5688
1766150100,6948.25,6949,6945.75,6948.5,4768
1766151000,6948.5,6954.25,6944.5,6949.25,10394
1766151900,6949,6952.25,6947.75,6949.25,4367
1766152800,6949.5,6954,6944.5,6953.5,9899
1766153700,6953.5,6962.75,6945.75,6960.75,29183
1766154600,6960.75,6989.75,6959.25,6989.5,90837
1766155500,6989.75,6995,6983.5,6994.25,51071
1766156400,6993.5,7001,6988,6991.75,43208
1766157300,6992.25,6996,6980.25,6987.75,41440
1766158200,6987.75,6997.5,6983,6988.75,37045
1766159100,6989,6990.5,6982.5,6985.75,30945
1766160000,6985.75,6999,6981.5,6992.75,37764
1766160900,6993,6998.5,6990.75,6998,20109
1766161800,6998,7002,6994.25,6994.5,24079
1766162700,6994.25,6998.25,6989.5,6993.25,23569
1766163600,6993,6998.5,6992.5,6997.75,13234
1766164500,6997.75,7004.75,6997.75,7002.75,19800
1766165400,7003,7004.25,6999,7000.75,14898
1766166300,7001,7006.75,6999.5,7002.75,14523
1766167200,7002.75,7006,7000.5,7005.25,11303
1766168100,7005.5,7007.25,7002.25,7003.75,9992
1766169000,7003.75,7004.5,6997.75,6999.5,14262
1766169900,6999.5,7002,6997.5,6998.5,12114
1766170800,6998.25,7003.75,6998,7002.25,12036
1766171700,7002,7004.25,7000.75,7002.25,7801
1766172600,7002.25,7005.5,7001.25,7004,8225
1766173500,7004,7006.25,7001.5,7002.25,7653
1766174400,7002,7004.5,7000,7000.75,10794
1766175300,7000.75,7003.75,6999.5,7001.25,9918
1766176200,7001.25,7003.25,6992.75,6996,15801
1766177100,6996,7004,6994,7002.25,52481
1766178000,7002,7005,6999.75,7003,11810
1766178900,7003,7004.75,7001.5,7004.25,2545
1766179800,7004.25,7007.5,7003,7006.25,6342
1766180700,7006.5,7008.75,7005.5,7006.75,4742
1766358000,7019.25,7023.25,7015.75,7016.25,7036
1766358900,7016.25,7018.25,7014.25,7016.25,3231
1766359800,7016,7020.25,7016,7019,2251
1766360700,7019,7021,7018,7019.75,1926
1766361600,7019.75,7021.25,7015.75,7017,2894
1766362500,7017,7017.5,7013.75,7014.75,2919
1766363400,7014.75,7017,7014.75,7015,1833
1766364300,7015.25,7016.25,7014,7014.25,1322
1766365200,7014.25,7021,7014.25,7019.75,3483
1766366100,7019.75,7022.5,7018.75,7021.25,2090
1766367000,7021.25,7022.75,7020.75,7021,1954
1766367900,7020.75,7022,7020,7020.75,1077
1766368800,7020.5,7021.5,7018.5,7019.5,1194
1766369700,7019.75,7021.5,7019,7020.5,1096
1766370600,7020.5,7021.75,7019.5,7020.75,1135
1766371500,7020.5,7021.75,7020,7021.5,581
1766372400,7021.75,7022.75,7020.5,7020.75,1210
1766373300,7021,7021,7018,7018.25,1495
1766374200,7018.25,7019,7017.5,7018.5,1110
1766375100,7018.25,7019.25,7017.25,7018,1005
1766376000,7018.25,7019.75,7017,7018.25,1416
1766376900,7018.5,7019.5,7018,7018.75,671
1766377800,7018.75,7019,7017.25,7018.25,529
1766378700,7018.25,7019.25,7017.75,7018.25,478
1766379600,7017.75,7019,7016.25,7016.5,967
1766380500,7016.5,7017,7015.25,7015.25,1049
1766381400,7015.25,7017.5,7014.75,7017,767
1766382300,7017,7017.75,7016.75,7016.75,368
1766383200,7016.75,7019,7016.75,7017.75,948
1766384100,7017.75,7018.5,7017,7017.75,681
1766385000,7018,7019.75,7017.25,7018.5,1117
1766385900,7018.75,7021.5,7018.75,7020.25,971
1766386800,7020.25,7022.75,7020,7022.5,1338
1766387700,7022.5,7025,7021.25,7022.75,2009
1766388600,7023,7025.25,7022.75,7023.5,1236
1766389500,7023.75,7025.5,7022.5,7023.75,977
1766390400,7024,7026.75,7022,7023.5,2418
1766391300,7023.25,7025,7022.75,7024.25,1010
1766392200,7024.5,7025.25,7020.5,7021.75,1410
1766393100,7021.5,7023,7018.5,7019.25,2094
1766394000,7019,7023,7018.75,7023,1417
1766394900,7022.75,7025,7022.5,7023.75,1159
1766395800,7024,7025.75,7023.25,7024.5,1679
1766396700,7024.5,7025.5,7024,7024.25,674
1766397600,7024.25,7025.75,7023,7025.25,993
1766398500,7025.5,7025.75,7023.5,7024.75,933
1766399400,7024.75,7025.5,7023.75,7024.75,891
1766400300,7024.75,7025.5,7024.25,7024.5,557
1766401200,7024.5,7027,7024.25,7025.5,1495
1766402100,7025.5,7027.25,7024.25,7026.25,1768
1766403000,7026.25,7026.75,7023.25,7026.25,1586
1766403900,7026.25,7026.5,7023.75,7024.25,1244
1766404800,7024.5,7026.75,7023.75,7024.25,1712
1766405700,7024.25,7027.5,7022.75,7027.25,2487
1766406600,7027.25,7029,7025.75,7028,2432
1766407500,7028,7028.5,7025,7028.25,2158
1766408400,7028.25,7030.5,7027.5,7029.5,3040
1766409300,7029.75,7033,7028.5,7031.75,2916
1766410200,7032,7032.25,7028,7029.5,3793
1766411100,7029.5,7033.25,7029,7032.75,3869
1766412000,7032.75,7036,7032.5,7034,6438
1766412900,7034.25,7037.25,7033.5,7035,8671
1766413800,7035.25,7041.25,7025.25,7028.5,81847
1766414700,7028.25,7037.25,7026.5,7035.5,52607
1766415600,7035.75,7037.25,7024.25,7025.5,50497
1766416500,7025.25,7035,7024.75,7033.25,35872
1766417400,7033.5,7035.75,7022,7032.75,48072
1766418300,7033,7035.5,7031.25,7032.25,25491
1766419200,7032.25,7042.75,7032,7042.5,32773
1766420100,7042.5,7046,7041.5,7043,24940
1766421000,7043,7044,7039.5,7039.5,18788
1766421900,7039.75,7045.75,7039.5,7045.5,15605
1766422800,7045.75,7047,7042.75,7044,15605
1766423700,7044,7045.75,7041,7042.5,12048
1766424600,7042.5,7045.25,7041.25,7044,12190
1766425500,7044,7050,7042.75,7048.25,16768
1766426400,7048.5,7048.5,7043.5,7044,12197
1766427300,7044,7044.25,7039,7043,18214
1766428200,7042.75,7044.75,7042,7043.25,10740
1766429100,7043,7043.5,7039.25,7040.75,13379
1766430000,7040.75,7041.5,7038,7039,12849
1766430900,7038.75,7043.5,7037.75,7043,14052
1766431800,7043.25,7046,7043,7043.25,14693
1766432700,7043.5,7045,7042.25,7043.5,8804
1766433600,7043.5,7045.25,7042.25,7043.25,10468
1766434500,7043.5,7046.25,7042.75,7044.75,12141
1766435400,7044.75,7047.25,7044.25,7044.75,12809
1766436300,7044.75,7046,7041.5,7043.25,34934
1766437200,7043.25,7046,7043,7044.75,7761
1766438100,7044.75,7045.25,7042.75,7043,2169
1766439000,7043,7044.5,7043,7043.75,2862
1766439900,7043.5,7044.25,7042.25,7044.25,3361
1766444400,7044.5,7047,7043,7044.75,2743
1766445300,7044.75,7046.25,7044.25,7045.25,1192
1766446200,7045,7047,7044.25,7045.5,1184
1766447100,7045.25,7045.75,7043.25,7044.25,972
1766448000,7044.5,7045.75,7043,7044.5,1409
1766448900,7044.25,7045,7043.25,7044.25,636
1766449800,7044,7045.75,7043,7044.75,927
1766450700,7044.75,7046.25,7044.5,7046,657
1766451600,7046,7047,7044,7045.5,1434
1766452500,7045.25,7046,7044,7044.5,803
1766453400,7044.25,7047,7041.75,7046,1959
1766454300,7046,7046,7044,7044.75,706
1766455200,7044.75,7048.25,7044.5,7047.75,1188
1766456100,7048,7049.25,7046.25,7046.75,1851
1766457000,7046.75,7048.25,7046,7046.25,1024
1766457900,7046.25,7046.75,7044.5,7046.5,1150
1766458800,7046.5,7047.75,7045.25,7045.75,826
1766459700,7046,7046.25,7044,7045,810
1766460600,7044.75,7045.5,7044.25,7044.75,448
1766461500,7044.75,7045,7043.25,7044,691
1766462400,7043.75,7044,7042.25,7043.75,1141
1766463300,7043.75,7044.5,7042.5,7042.75,661
1766464200,7042.75,7043.5,7039.75,7040.5,1889
1766465100,7040.5,7040.75,7038.75,7039.75,1032
1766466000,7039.5,7040.25,7038,7038.5,1500
1766466900,7038.25,7041,7038,7040,1339
1766467800,7040.25,7040.5,7039.25,7039.75,598
1766468700,7040,7040.25,7038.25,7038.75,631
1766469600,7038.25,7039.25,7038,7038.5,792
1766470500,7038.25,7039.25,7036,7036.5,1932
1766471400,7036.5,7038.25,7035.75,7037.25,1178
1766472300,7037.5,7038.25,7036,7037.75,759
1766473200,7038,7038.5,7036.5,7038,738
1766474100,7038,7039.5,7037.25,7039,834
1766475000,7039,7039,7036.75,7038.75,755
1766475900,7039,7040.5,7037.75,7039,949
1766476800,7039,7044.25,7038.25,7044,2403
1766477700,7044,7046,7043,7043.75,1805
1766478600,7044,7045,7043,7043.5,837
1766479500,7043.5,7044.5,7041.75,7042.75,1114
1766480400,7042.75,7045,7042.5,7044.25,916
1766481300,7044.25,7048,7044,7047.5,1985
1766482200,7047.5,7050.25,7047.25,7049.5,2057
1766483100,7049.5,7050,7048.25,7049,979
1766484000,7049,7050,7048.25,7048.5,1157
1766484900,7048.5,7048.5,7045,7047,1948
1766485800,7046.75,7047,7044.75,7046,1464
1766486700,7046,7047,7045.25,7046.5,765
1766487600,7046.5,7047,7044,7044.25,1436
1766488500,7044.25,7045.75,7042.75,7044.5,1235
1766489400,7044.5,7046,7044.25,7044.75,752
1766490300,7045,7045.75,7043.25,7044,688
1766491200,7043.75,7045.5,7039.25,7040.5,2857
1766492100,7040.75,7041.5,7039,7039.5,1334
1766493000,7039.25,7041.75,7037.5,7040,2637
1766493900,7040,7042,7039.5,7041.75,1802
1766494800,7041.5,7042.25,7038.75,7040,3266
1766495700,7040.25,7041,7038,7040.25,2314
1766496600,7040.25,7042.5,7028.75,7033.75,13384
1766497500,7033.5,7034.75,7026.75,7029.25,9088
1766498400,7029,7032.25,7027.25,7030,9721
1766499300,7030,7033,7028.25,7032.75,7800
1766500200,7032.75,7052.25,7032.25,7052,68596
1766501100,7052,7057,7045,7048.75,47408
1766502000,7048.75,7049.5,7037.5,7041.75,50157
1766502900,7041.5,7049.75,7041.5,7046.5,36386
1766503800,7046.75,7056.5,7046.5,7055.5,30104
1766504700,7055.75,7060,7053.25,7058.5,22925
1766505600,7058.25,7061.5,7057.5,7059.5,21327
1766506500,7059.75,7062.5,7059.5,7059.75,15518
1766507400,7060,7063,7058.5,7062,13036
1766508300,7062.25,7065.25,7061.75,7064,12823
1766509200,7064,7065.5,7061.75,7064.5,11382
1766510100,7064.5,7067.25,7063.75,7066,8299
1766511000,7065.75,7067.25,7064,7065.75,9446
1766511900,7065.5,7066.25,7063,7065,10077
1766512800,7065,7069,7064.25,7068.75,11147
1766513700,7068.75,7072.75,7067.75,7070.5,16218
1766514600,7070.75,7072.25,7070.25,7071.75,5576
1766515500,7071.75,7072.25,7070,7070.25,5166
1766516400,7070.25,7073.5,7070,7072.25,8378
1766517300,7072.25,7074.5,7072.25,7074.25,8002
1766518200,7074,7074.75,7072.25,7073.25,7401
1766519100,7073.5,7074.5,7072.75,7073.5,7005
1766520000,7073.5,7076,7073.5,7074,8854
1766520900,7074.25,7075.25,7072.75,7073.75,6518
1766521800,7073.75,7075.25,7072.25,7072.5,8109
1766522700,7072.5,7077.25,7071.25,7073.75,37471
1766523600,7073.75,7075.5,7071,7071,11398
1766524500,7071.25,7073.25,7071,7071.5,2870
1766525400,7071.75,7072.5,7070.5,7071.25,3319
1766526300,7071,7071.75,7070.25,7071,4130
1766530800,7072,7072.75,7069.5,7070.75,2154
1766531700,7070.75,7071.5,7069.5,7070,782
1766532600,7070,7071.25,7069.25,7069.75,1049
1766533500,7069.75,7071,7069.25,7070.5,708
1766534400,7070.5,7073,7070.5,7071.75,1538
1766535300,7071.75,7072,7070.75,7071,542
1766536200,7071,7072.25,7070.25,7071.5,868
1766537100,7071.75,7071.75,7070.5,7071.25,364
1766538000,7071.5,7072,7070,7071.75,735
1766538900,7071.5,7073.25,7070.75,7071,727
1766539800,7071,7072.5,7068.75,7070,1145
1766540700,7070,7070.75,7069,7069.75,763
1766541600,7069.5,7070.5,7068.75,7069.75,853
1766542500,7069.75,7069.75,7068.25,7068.5,627
1766543400,7068.5,7069,7067.25,7068.25,1033
1766544300,7068,7069.5,7067.75,7068.25,704
1766545200,7068.25,7068.5,7067,7068.25,662
1766546100,7068.25,7069,7067.5,7069,414
1766547000,7068.75,7069.75,7068.25,7069.25,708
1766547900,7069,7069.5,7068.25,7068.5,345
1766548800,7068.75,7069.75,7068.25,7069,476
1766549700,7069.25,7069.25,7067.5,7068,424
1766550600,7067.75,7068.5,7067.25,7067.5,396
1766551500,7067.5,7068,7066.5,7067.25,466
1766552400,7067,7068,7066.5,7066.75,476
1766553300,7067,7067.5,7066,7067.25,482
1766554200,7067.25,7069,7066.75,7068.75,741
1766555100,7068.75,7069,7067.5,7067.75,402
1766556000,7067.75,7068.25,7067,7068,509
1766556900,7067.75,7068.75,7067.75,7068,341
1766557800,7068,7068.5,7067,7068,409
1766558700,7068.25,7068.5,7067.25,7068.25,265
1766559600,7068.5,7068.75,7068,7068.25,314
1766560500,7068.25,7068.25,7066,7066.75,560
1766561400,7066.5,7068,7066.5,7067.25,369
1766562300,7067.5,7068,7066.75,7067,248
1766563200,7067.25,7069,7067,7068.5,785
1766564100,7068.5,7069.75,7067.25,7068.5,654
1766565000,7068.5,7069.25,7067.5,7068,447
1766565900,7068,7069.25,7067.5,7068.25,409
1766566800,7068.25,7070.75,7067.5,7070.5,1051
1766567700,7070.75,7072.25,7070.25,7071,1082
1766568600,7071,7071.25,7070,7070.25,550
1766569500,7070.25,7070.25,7069.5,7070,407
1766570400,7070,7070,7068,7069.25,994
1766571300,7069.5,7070.75,7068.75,7069.5,671
1766572200,7069.5,7070.75,7069.5,7070.25,473
1766573100,7070.25,7071,7069.25,7070.25,481
1766574000,7070.5,7071.25,7069.75,7071,512
1766574900,7071,7071.5,7069.25,7070.25,658
1766575800,7070.25,7070.5,7069,7070.25,445
1766576700,7070,7070.25,7069.25,7070.25,318
1766577600,7070.25,7072.25,7069.75,7072.25,722
1766578500,7072.25,7074.25,7071.25,7071.75,1494
1766579400,7072,7073.5,7071.5,7073,883
1766580300,7073.25,7074,7072.75,7073.75,699
1766581200,7073.5,7073.75,7070.25,7071.75,1776
1766582100,7071.5,7072.75,7071.25,7072.25,1573
1766583000,7072.25,7075.5,7072.25,7074.5,2828
1766583900,7074.75,7076.25,7074.5,7075,1718
1766584800,7075.25,7075.75,7073.75,7075,2560
1766585700,7075.25,7075.5,7071.5,7072.25,4836
1766586600,7072.5,7080,7070.5,7076,37253
1766587500,7076,7080.75,7075.25,7079.5,17850
1766588400,7079.25,7084.5,7078.25,7084,15817
1766589300,7083.75,7085.75,7081.5,7085.25,19573
1766590200,7085.25,7086.5,7083.5,7086.25,13873
1766591100,7086.25,7088.75,7085.75,7088.25,12191
1766592000,7088.5,7093,7087.25,7093,15998
1766592900,7092.75,7093.75,7090.25,7093.25,12980
1766593800,7093.5,7099,7092.5,7098.75,20847
1766594700,7099,7099,7096.25,7097.5,10203
1766595600,7097.5,7100,7097.5,7099.5,9286
1766596500,7099.25,7099.75,7095.5,7098.5,12791
1766597400,7098.25,7101.5,7096.25,7096.5,15835
1766598300,7096.25,7099.75,7094.5,7096,20170
1766599200,7096,7096.75,7090.5,7093.5,7838
1766703600,7094.5,7108.5,7093.75,7102.25,4937
1766704500,7102.25,7102.25,7095,7096.5,1977
1766705400,7097,7099.25,7096.5,7096.75,1349
1766706300,7096.75,7098.75,7096,7098.25,710
1766707200,7098.25,7102.25,7097.75,7101.75,1582
1766708100,7101.75,7102.5,7100.5,7101.75,725
1766709000,7101.5,7102.25,7100.75,7101,484
1766709900,7101,7101.75,7099,7101.25,854
1766710800,7101.25,7102.5,7099.25,7100.25,1210
1766711700,7100,7101.5,7098.75,7099,827
1766712600,7098.75,7099.75,7095,7096.25,1585
1766713500,7096.25,7097.75,7095.5,7096,895
1766714400,7096,7097,7095.25,7096.5,654
1766715300,7096.5,7097,7094.25,7095.25,1062
1766716200,7094.75,7097.5,7094.5,7096.75,877
1766717100,7096.75,7097.25,7096.25,7096.5,321
1766718000,7096.5,7097.75,7096.5,7096.75,492
1766718900,7097,7097,7095.5,7095.75,564
1766719800,7095.5,7096.25,7094.5,7094.75,856
1766720700,7094.5,7095.5,7094.5,7094.5,498
1766721600,7094.5,7095.25,7092.25,7095,1154
1766722500,7095,7095.25,7093.75,7094.5,520
1766723400,7094.5,7095,7093.75,7095,330
1766724300,7094.75,7095.25,7094.25,7094.75,450
1766725200,7094.75,7095.25,7094,7095,296
1766726100,7094.75,7095.5,7094.25,7094.75,370
1766727000,7095,7095,7093.75,7094,382
1766727900,7094,7094.5,7092.5,7093.5,674
1766728800,7093.5,7094.25,7092.75,7093.5,344
1766729700,7093.75,7094.25,7092.75,7093.25,440
1766730600,7093.25,7094,7092.5,7093.5,499
1766731500,7093.5,7094,7092,7092.5,577
1766732400,7092.75,7093.25,7091.5,7092.25,485
1766733300,7092.25,7092.25,7088.25,7090.75,1984
1766734200,7090.75,7092.25,7089.75,7090.75,1013
1766735100,7090.25,7091.25,7089.75,7090.5,656
1766736000,7090.25,7091.25,7087.5,7089.5,1021
1766736900,7089.5,7090.25,7088.5,7089.75,709
1766737800,7089.5,7089.75,7088,7089.5,607
1766738700,7089.25,7091.75,7088.75,7091,689
1766739600,7090.75,7093.75,7090.25,7093.75,1425
1766740500,7093.5,7093.75,7091,7091.5,796
1766741400,7091.5,7092.5,7090.75,7091.5,440
1766742300,7091.5,7093.75,7091.5,7092.75,561
1766743200,7092.75,7095.5,7092.75,7094.5,1338
1766744100,7094.75,7095.5,7093.75,7094,1133
1766745000,7094,7095.25,7093.25,7094.75,731
1766745900,7094.75,7094.75,7092.75,7093.5,469
1766746800,7093.75,7094.5,7093,7093.5,435
1766747700,7093.5,7093.5,7092,7092,575
1766748600,7092,7092.5,7090,7091,907
1766749500,7091,7091.75,7088.5,7091,1289
1766750400,7091.25,7092.5,7090,7092,960
1766751300,7092.25,7094,7091.25,7093.5,1026
1766752200,7093.5,7095.25,7092.75,7094.5,1058
1766753100,7094.25,7095.25,7093.25,7093.75,1000
1766754000,7093.75,7095,7092.25,7093,1824
1766754900,7093,7096.25,7093,7094,2225
1766755800,7094.25,7099,7094.25,7098.25,3071
1766756700,7098,7099,7094.5,7096,2670
1766757600,7096,7097.5,7094.5,7097.25,2999
1766758500,7097.25,7098.5,7096,7097,4221
1766759400,7096.75,7106.25,7092.75,7106,43921
1766760300,7106,7107.5,7094.75,7098.25,40090
1766761200,7098.25,7098.75,7087.75,7089.5,39752
1766762100,7089.25,7098,7086.5,7097.25,33106
1766763000,7097.5,7100.25,7094.25,7095,22318
1766763900,7095.25,7099,7094,7098.25,15871
1766764800,7098.25,7099.5,7089,7089.5,20567
1766765700,7089.25,7094,7087.75,7093,21153
1766766600,7093,7093.75,7091.25,7092.5,8981
1766767500,7092.5,7093,7087.75,7090.25,13166
1766768400,7090,7090.25,7084,7084.75,16415
1766769300,7084.75,7091.75,7084,7091.75,14839
1766770200,7091.5,7092.25,7085,7086.5,14423
1766771100,7086.5,7089.5,7085.5,7088,9654
1766772000,7088.25,7090.75,7088,7089,8739
1766772900,7089,7089,7082.5,7087.25,14133
1766773800,7087,7091.25,7086.5,7089.25,10820
1766774700,7089.25,7093.25,7088,7092.5,10500
1766775600,7092.5,7094.75,7090.75,7092.75,10900
1766776500,7092.5,7093.25,7089.75,7090.5,8416
1766777400,7090.75,7093.25,7090.5,7091.75,6323
1766778300,7092,7092.25,7090.75,7091.5,6780
1766779200,7091.5,7093.5,7090.25,7091.75,9245
1766780100,7092,7092.5,7090.5,7092,5764
1766781000,7092,7095,7091.5,7094.5,8634
1766781900,7094.75,7095,7089.75,7093.5,25413
1766782800,7093.75,7094.5,7090.25,7091.5,7137
1766783700,7091.5,7092.5,7091,7091.25,1661
1766784600,7091.5,7091.5,7090,7090.5,1928
1766785500,7090.75,7091.5,7089.75,7090.5,2595
1766962800,7093.5,7097.25,7091.25,7093.75,3635
1766963700,7093.75,7095.25,7090.25,7093.25,2390
1766964600,7093.25,7096.25,7092.75,7095.5,1561
1766965500,7095.25,7095.75,7092.75,7093.25,1357
1766966400,7093,7094,7090.5,7091.75,2246
1766967300,7091.75,7093.5,7090.5,7092.5,1532
1766968200,7092.75,7095.5,7092,7095,1650
1766969100,7095,7098.5,7094.5,7097.75,2632
1766970000,7097.5,7098.25,7093.75,7094.75,2222
1766970900,7094.5,7095.5,7091.75,7092,1853
1766971800,7091.75,7093,7088,7089.75,2848
1766972700,7089.75,7091.25,7087,7088.25,1884
1766973600,7088.25,7089.75,7087.5,7088.5,1344
1766974500,7088.5,7089,7087.25,7087.75,812
1766975400,7087.75,7089.25,7086.25,7088.75,1658
1766976300,7089,7089.75,7087.75,7088.25,851
1766977200,7088,7090,7087.75,7088.5,991
1766978100,7088.5,7088.75,7086.25,7087.25,1028
1766979000,7087.5,7091.25,7087.5,7090.25,1441
1766979900,7090.25,7091,7089.75,7091,526
1766980800,7091,7091.5,7090.5,7091.25,644
1766981700,7091.25,7092.25,7091,7091.25,771
1766982600,7091.5,7093,7091,7092.5,640
1766983500,7092.75,7093,7089.5,7090,829
1766984400,7090,7090.25,7085.25,7086.5,2130
1766985300,7086.5,7087,7084.5,7085.5,1276
1766986200,7085.75,7086.25,7084.75,7085.25,628
1766987100,7085.5,7088,7085.25,7085.25,1063
1766988000,7085.5,7088.25,7084,7087,1538
1766988900,7087,7090.5,7086.5,7088.75,1167
1766989800,7089,7089.75,7085.25,7086.5,1337
1766990700,7086.5,7086.5,7084,7085,673
1766991600,7085.25,7086.75,7080.75,7082.5,2788
1766992500,7082.5,7085.5,7081,7085.5,1944
1766993400,7085.75,7086,7083,7083.75,1138
1766994300,7083.75,7084.5,7082.25,7082.5,833
1766995200,7082.75,7083.5,7078.25,7079.5,4356
1766996100,7079.5,7082.5,7078.75,7079.5,1849
1766997000,7079.25,7080.75,7074.75,7077,3245
1766997900,7077,7077,7071,7072.25,4038
1766998800,7072.75,7077.25,7072.75,7076.5,2932
1766999700,7076.5,7079.25,7076,7078.5,1864
1767000600,7078.75,7079,7075,7075,1556
1767001500,7075.25,7078.25,7072.75,7077.75,1986
1767002400,7078,7079,7075.25,7078.75,1095
1767003300,7079,7080.25,7076.5,7078.25,1499
1767004200,7078,7078.5,7076,7077,870
1767005100,7077,7078,7075.75,7076,649
1767006000,7076.25,7077.5,7074.75,7076,1225
1767006900,7075.5,7076,7073.5,7075,1361
1767007800,7075,7080,7074.75,7079.5,1515
1767008700,7079.5,7080.25,7078.25,7079.75,1423
1767009600,7079.5,7079.75,7076.75,7078.75,1815
1767010500,7078.5,7079.25,7076.75,7076.75,1273
1767011400,7076.75,7078.25,7071.5,7072,2851
1767012300,7071.75,7074.75,7069.75,7073.25,3241
1767013200,7073.25,7076.75,7070.5,7074,3892
1767014100,7074.25,7074.75,7071,7073,3234
1767015000,7072.75,7073.25,7069.75,7071.5,2736
1767015900,7071.5,7072,7059,7065.5,14120
1767016800,7065.75,7066.25,7061.25,7063.75,7648
1767017700,7063.75,7065.75,7055.75,7065,15523
1767018600,7064.75,7081.25,7061,7073.75,73784
1767019500,7073.75,7073.75,7062.25,7064.75,46897
1767020400,7064.75,7067.75,7057,7059.75,49217
1767021300,7060,7069.5,7059.75,7068.5,37973
1767022200,7068.5,7073.25,7065.75,7071.25,35723
1767023100,7071,7071.5,7057.75,7062.5,42990
1767024000,7062.75,7065.5,7059,7064,26125
1767024900,7064,7064,7058.25,7060.75,19891
1767025800,7060.5,7064,7055.25,7057.5,25114
1767026700,7057.75,7063,7057.25,7059.75,17816
1767027600,7060,7061.5,7055,7057.5,15873
1767028500,7057.25,7058.25,7049.75,7051.75,21128
1767029400,7051.75,7054.75,7050.5,7054,12115
1767030300,7054,7060.25,7053.75,7059.25,12802
1767031200,7059,7060.5,7057,7058.25,10236
1767032100,7058.25,7064.75,7058.25,7062.75,13498
1767033000,7062.5,7068.25,7062.25,7063.75,15357
1767033900,7064,7064.25,7060.75,7061.5,8447
1767034800,7061.5,7062,7057.75,7059.25,11336
1767035700,7059.25,7064,7058.5,7063.75,8677
1767036600,7064,7070,7063.75,7068.5,13359
1767037500,7068.5,7074.25,7068,7072.5,15550
1767038400,7072.75,7075,7070.75,7074.75,9241
1767039300,7074.5,7076,7071.75,7071.75,9449
1767040200,7072,7074.5,7068.5,7070,11699
1767041100,7069.75,7073,7064,7068.75,29090
1767042000,7068.5,7069.5,7065.5,7068.25,8769
1767042900,7068,7070.5,7067.5,7070.25,2628
1767043800,7070.25,7070.25,7068.5,7070,1909
1767044700,7069.75,7071,7069.5,7069.75,2808
1767049200,7070.5,7071.25,7066.5,7066.75,2205
1767050100,7067,7067.5,7063.75,7063.75,1749
1767051000,7063.75,7068,7063.75,7066,2141
1767051900,7066,7066,7064.25,7064.25,752
1767052800,7064.5,7066.25,7063.75,7065.75,1008
1767053700,7065.5,7067.75,7065,7067.25,723
1767054600,7067.5,7067.75,7065,7066.5,527
1767055500,7066.75,7068,7062.75,7063.25,1303
1767056400,7063.25,7066,7061.75,7065.5,1321
1767057300,7065.25,7066,7063.5,7064.25,660
1767058200,7064.5,7065.75,7063.5,7065.25,550
1767059100,7065.25,7067,7064,7067,872
1767060000,7067.25,7067.5,7065,7065.5,979
1767060900,7065.25,7066.5,7063.25,7063.25,715
1767061800,7063.25,7064.75,7062.75,7063,516
1767062700,7063.25,7064,7062,7063.75,675
1767063600,7063.5,7065,7063.5,7064,499
1767064500,7064,7066.5,7064,7066,696
1767065400,7066,7069.75,7066,7069,1345
1767066300,7069.25,7069.25,7066.75,7067.75,813
1767067200,7067.75,7070.25,7066.75,7070,755
1767068100,7070,7071,7068.5,7069.5,1017
1767069000,7069.75,7070.5,7069.5,7070.25,422
1767069900,7070,7070.5,7069.5,7070,362
1767070800,7070.25,7071,7068.75,7068.75,530
1767071700,7068.75,7069.5,7067.75,7067.75,529
1767072600,7068,7068.75,7065.5,7068.25,906
1767073500,7067.75,7070,7067.5,7069.25,626
1767074400,7069,7069,7065.75,7067.5,630
1767075300,7067.5,7067.75,7063.75,7064,853
1767076200,7064,7066.75,7063.75,7066.25,570
1767077100,7066,7067.25,7065.5,7065.5,406
1767078000,7065.5,7065.5,7062.5,7063.25,985
1767078900,7063.25,7063.75,7057.75,7059.5,2459
1767079800,7059.75,7059.75,7057,7059.25,1028
1767080700,7058.75,7061,7058.5,7060.25,718
1767081600,7060.25,7066,7060,7065.25,2233
1767082500,7065.25,7066.75,7063.5,7064.5,1159
1767083400,7064.5,7067.5,7064.25,7066.75,971
1767084300,7067,7069.25,7067,7068.5,1132
1767085200,7068.25,7070.25,7067,7068.5,1260
1767086100,7068.5,7070.5,7068.5,7070.25,617
1767087000,7070.25,7070.75,7067.25,7068,1413
1767087900,7067.75,7068.75,7066.5,7068.25,986
1767088800,7068.5,7069.5,7067,7067.25,1010
1767089700,7067.25,7069.25,7067,7068.25,749
1767090600,7068,7068.75,7066.5,7068,769
1767091500,7067.75,7068.25,7064.5,7065.25,1575
1767092400,7065,7065.5,7062,7063.75,1251
1767093300,7063.5,7063.75,7060.5,7061.5,1422
1767094200,7061.75,7062.5,7060.75,7062.5,1246
1767095100,7062.25,7067.75,7062,7066.5,1494
1767096000,7066.75,7068.75,7065.75,7067.75,1338
1767096900,7067.75,7069.25,7065.5,7066.5,1391
1767097800,7066.25,7068,7063,7067.75,2221
1767098700,7067.5,7067.75,7064.25,7065.25,1573
1767099600,7065.25,7068,7064.25,7067,2104
1767100500,7066.75,7069.25,7066.25,7066.75,1763
1767101400,7066.75,7067,7061.5,7064.5,3803
1767102300,7064.5,7066.25,7061.75,7065.75,2645
1767103200,7065.75,7066.5,7064,7066,2657
1767104100,7066,7067,7062.75,7063.5,4589
1767105000,7063.5,7067.5,7059.5,7060,34692
1767105900,7060.25,7074.25,7057.5,7069.75,52568
1767106800,7069.75,7070.5,7056.5,7057.75,40230
1767107700,7057.75,7062.75,7055.75,7057.75,33135
1767108600,7057.75,7058.75,7054,7056.5,22005
1767109500,7056.5,7066,7055.5,7065,25120
1767110400,7064.75,7069.25,7063.75,7067,20414
1767111300,7067.25,7075,7067,7071.75,22642
1767112200,7071.75,7072.25,7063,7065.25,20822
1767113100,7065.5,7065.75,7060.75,7061,12865
1767114000,7061,7061.75,7058.75,7059,15972
1767114900,7059.25,7062.5,7057,7062,12969
1767115800,7062,7065.5,7061.75,7062.5,11786
1767116700,7062.25,7065.5,7060.25,7064.75,10077
1767117600,7064.75,7066.5,7060.5,7065.25,13052
1767118500,7065.5,7066.25,7063.5,7066,6904
1767119400,7066,7067.75,7063,7065,9497
1767120300,7065.25,7067.5,7064.5,7066,6017
1767121200,7066.25,7067.25,7062.5,7067.25,10103
1767122100,7067.25,7067.5,7065,7066.75,5787
1767123000,7066.5,7068,7064.75,7066.25,6246
1767123900,7066.25,7067,7061.75,7063.5,9907
1767124800,7063.75,7064.75,7058.25,7060.75,11751
1767125700,7060.5,7065.5,7060.25,7063.5,9613
1767126600,7063.25,7066.75,7063,7065,8368
1767127500,7065.25,7065.5,7055.75,7058.5,29770
1767128400,7058.5,7060,7056.25,7059,11730
1767129300,7058.75,7060.5,7058.25,7059,2287
1767130200,7058.75,7060,7058.25,7059.75,2019
1767131100,7059.5,7060,7058.5,7058.75,1794
1767135600,7058.5,7061.75,7055.5,7056.5,3929
1767136500,7056.25,7057.25,7055.25,7056.25,1624
1767137400,7056.25,7057.25,7052.5,7056,2356
1767138300,7055.75,7056.25,7054.25,7056,1116
1767139200,7055.75,7056,7051.25,7054,1890
1767140100,7053.75,7055,7052.75,7054.25,958
1767141000,7054,7054,7051.25,7051.75,1328
1767141900,7051.5,7051.75,7045.75,7047,4929
1767142800,7047,7048.5,7041.75,7047.25,5914
1767143700,7047,7048.75,7045.75,7047.75,2263
1767144600,7047.5,7048,7045,7046.5,1368
1767145500,7046.75,7048,7045.75,7046.75,980
1767146400,7047,7049,7046,7047.5,1311
1767147300,7047.25,7049.75,7046.5,7049.75,1357
1767148200,7049.5,7051,7048.75,7050,1619
1767149100,7050,7051.5,7046.75,7051,1871
1767150000,7050.75,7052.25,7050,7051.75,1241
1767150900,7051.5,7052.5,7049,7049,1160
1767151800,7049,7049.25,7047.5,7048.5,1043
1767152700,7048.5,7049.75,7047.75,7048.75,591
1767153600,7048.75,7050.75,7048.5,7050.75,620
1767154500,7050.5,7051.75,7050.25,7050.25,910
1767155400,7050.5,7051,7048.75,7048.75,576
1767156300,7048.75,7049.25,7047.75,7048.5,530
1767157200,7048.5,7049.75,7047.75,7048,605
1767158100,7047.75,7049,7047,7048.25,650
1767159000,7048.25,7049.5,7045.75,7046.25,849
1767159900,7046.75,7046.75,7042.75,7043.75,1431
1767160800,7043.75,7044.75,7042.5,7044.5,886
1767161700,7044,7044.5,7040.25,7041.5,2380
1767162600,7041.25,7043,7041.25,7042.5,765
1767163500,7042.5,7043.25,7041.75,7043,1077
1767164400,7042.75,7044,7039.75,7041,1560
1767165300,7041.25,7044.75,7040.5,7044.5,1345
1767166200,7044.5,7046.25,7044.25,7045,1467
1767167100,7045.25,7046,7042,7043.75,1058
1767168000,7043.75,7045.5,7041.25,7042,1316
1767168900,7042.25,7043.5,7040.75,7040.75,1378
1767169800,7040.75,7041.5,7035.75,7038.5,4134
1767170700,7038.75,7039.5,7037,7037,997
1767171600,7037,7042,7036.25,7040.5,2302
1767172500,7040.5,7041.75,7038.25,7039.25,1179
1767173400,7039.25,7041,7039,7039.5,927
1767174300,7039.25,7040.25,7037.75,7038.5,983
1767175200,7038.25,7039.25,7036.5,7039,1469
1767176100,7039,7041,7038.5,7040.5,978
1767177000,7040.75,7042,7039,7040.25,1070
1767177900,7040.25,7040.75,7039.25,7040,429
1767178800,7040.5,7042.5,7040.25,7042.5,1011
1767179700,7042.5,7043.75,7040.5,7043,1275
1767180600,7043,7044.5,7042.25,7044.25,584
1767181500,7044.5,7045,7042.75,7044.75,1323
1767182400,7044.5,7045.75,7042.75,7045,1844
1767183300,7045,7049.5,7045,7048.5,2354
1767184200,7048.5,7050.5,7048,7048.5,2563
1767185100,7048.5,7050.25,7048.5,7049.75,1768
1767186000,7049.75,7050.5,7048.5,7049.75,1911
1767186900,7049.75,7053.25,7049.5,7053,3675
1767187800,7052.5,7057.5,7051.25,7057,4562
1767188700,7057,7065,7056.5,7062.5,8966
1767189600,7062.5,7064.75,7061.5,7062,4256
1767190500,7061.75,7062.25,7058.25,7058.5,4847
1767191400,7058.75,7061,7043.25,7045,49887
1767192300,7044.75,7051,7038.75,7045.5,42698
1767193200,7045.75,7046.75,7038.5,7040.25,29359
1767194100,7040.25,7042.5,7035,7041.25,30270
1767195000,7041.25,7042.5,7035.25,7037,20312
1767195900,7037,7037,7027.25,7028.75,30870
1767196800,7028.75,7032.25,7028.5,7031,19400
1767197700,7031,7036.75,7030.5,7036.75,16973
1767198600,7036.75,7037.25,7033,7035,15636
1767199500,7035,7040.25,7033.5,7039.5,13940
1767200400,7039.5,7040.5,7032,7035.5,18353
1767201300,7035.25,7038.25,7034.25,7035.75,11683
1767202200,7035.75,7039.25,7035,7037,10907
1767203100,7036.75,7037.5,7032.5,7033.75,10008
1767204000,7033.75,7039.25,7033,7039.25,9234
1767204900,7039.25,7040,7035.5,7040,8975
1767205800,7039.75,7043.75,7038.75,7043.5,13229
1767206700,7043.75,7047,7042.75,7044.5,13236
1767207600,7044.75,7048.75,7044.5,7045.25,12475
1767208500,7045.5,7045.75,7036,7036.25,16973
1767209400,7036.5,7037.5,7026.75,7031.25,30310
1767210300,7031.25,7032,7025.75,7027,15103
1767211200,7026.75,7027.5,7014.75,7018,33019
1767212100,7017.75,7021,7011,7012.75,28420
1767213000,7013,7022.75,7010.75,7020.25,26523
1767213900,7020,7020.75,7003.5,7005.25,55116
1767214800,7005.25,7011.25,7005,7011.25,16262
1767215700,7011.25,7011.25,7007,7008.75,3835
1767216600,7009,7009,7006,7006.5,2573
1767217500,7006.5,7008.5,7006.25,7007.25,2535
1767308400,7014.5,7017,7010.5,7014.75,5338
1767309300,7014.75,7017.5,7014.25,7015,2148
1767310200,7015,7018.5,7013.75,7016,2296
1767311100,7016,7018.25,7015,7016.25,1283
1767312000,7016.5,7017.25,7011.5,7013.75,2492
1767312900,7013.75,7018.25,7013,7017.75,1462
1767313800,7017.75,7018,7015,7016.25,1295
1767314700,7016.25,7018.5,7015.25,7018.25,926
1767315600,7018.25,7024.5,7018,7023.25,3461
1767316500,7023.5,7024.25,7021,7023.5,2280
1767317400,7023.25,7026.5,7023.25,7026,2101
1767318300,7026.25,7027,7025,7026.5,1400
1767319200,7026.75,7029.75,7026.5,7029.75,2579
1767320100,7029.5,7031.5,7028.75,7031,1826
1767321000,7030.75,7031.75,7029.75,7030.75,1397
1767321900,7031.25,7033.5,7030.5,7032.75,1899
1767322800,7032.5,7033.75,7031.75,7033,1079
1767323700,7032.75,7033.75,7032,7033.75,885
1767324600,7034,7036.5,7032.5,7036,2314
1767325500,7035.75,7037,7035,7037,1126
1767326400,7037,7037.75,7035.75,7037,1389
1767327300,7037,7038.25,7035.75,7036.75,1177
1767328200,7036.75,7037.25,7035,7037,1417
1767329100,7037,7037.25,7035.25,7035.75,710
1767330000,7035.75,7036.5,7033.75,7035.25,1552
1767330900,7035.25,7037,7035.25,7036.75,934
1767331800,7037,7037,7035.75,7036,653
1767332700,7036.25,7038.25,7036.25,7037.75,1060
1767333600,7037.5,7039.25,7037.25,7038.75,1575
1767334500,7038.75,7039.25,7038.5,7038.5,529
1767335400,7038.75,7039,7037.75,7039,658
1767336300,7039,7039,7037,7037,792
1767337200,7037,7038.25,7034.5,7034.5,1915
1767338100,7034.5,7037,7034,7036,1564
1767339000,7036,7036.75,7035,7036.25,679
1767339900,7036.25,7036.5,7034.25,7035.25,991
1767340800,7035.25,7042.25,7035.25,7041.5,3626
1767341700,7041.5,7043.25,7039.25,7040.75,3281
1767342600,7040.75,7043,7038.75,7042.5,1405
1767343500,7042.75,7046.25,7042.25,7044.5,3039
1767344400,7044.5,7050.75,7044,7050,4495
1767345300,7050,7050.25,7046.75,7050.25,1990
1767346200,7050.25,7051,7048.25,7050.25,1491
1767347100,7050.5,7051.5,7048.5,7050.75,1361
1767348000,7050.75,7051.25,7048.25,7049.25,1754
1767348900,7049.25,7052,7046.25,7046.75,2438
1767349800,7047,7047.5,7044.25,7047,1513
1767350700,7047,7050.5,7047,7049.25,1590
1767351600,7049.5,7051.5,7049,7049.75,1439
1767352500,7049.5,7050,7045.5,7046.25,2038
1767353400,7046,7048.5,7046,7047.75,1373
1767354300,7048,7048.25,7045.5,7046.75,1320
1767355200,7046.5,7047,7041.5,7043,3114
1767356100,7043.25,7044.75,7042.75,7044.25,1788
1767357000,7044.25,7046.75,7042.75,7045.5,2324
1767357900,7045.75,7046.25,7043.5,7044.75,1330
1767358800,7044.75,7045,7042.5,7043.25,1806
1767359700,7043.5,7044.75,7041.25,7042.5,2232
1767360600,7042.25,7043.25,7040,7042.75,3427
1767361500,7042.5,7044,7039.25,7042,3836
1767362400,7041.75,7045,7040,7040.75,5828
1767363300,7040.5,7043.75,7037.25,7041.25,9245
1767364200,7041.25,7046,7025,7033,69610
1767365100,7033.25,7052.75,7031.5,7046.25,61837
1767366000,7046.25,7053.25,7024.75,7027.25,64240
1767366900,7027,7027.75,6998.5,7007.5,89828
1767367800,7007.25,7029.25,7003.75,7024.75,73494
1767368700,7024.75,7027.75,6993.75,6997.25,82121
1767369600,6997.5,7001.25,6986.75,7001,86162
1767370500,7001,7007,6994.5,7000.75,61508
1767371400,7000.75,7009.25,6996.5,6996.75,50352
1767372300,6996.75,6999,6984.75,6993.75,50554
1767373200,6993.5,7006.25,6988.5,7005.5,41428
1767374100,7005.75,7007.75,7001.25,7007.25,28313
1767375000,7007.25,7010.75,6999.5,7002.5,25793
1767375900,7002.5,7005.5,6992,6994.25,29708
1767376800,6994,6998,6989.75,6990.5,18152
1767377700,6990.25,7000.25,6988.5,6992,20217
1767378600,6992,6996,6989.5,6993.25,13787
1767379500,6993.5,6995.75,6980,6987.25,30605
1767380400,6987.25,7007.75,6985.25,7006,34136
1767381300,7006,7013.75,7001.25,7011.75,29881
1767382200,7011.75,7022,7011.25,7018,29332
1767383100,7018,7020.25,7011.5,7014,23000
1767384000,7014,7019.25,7011.25,7014.5,20801
1767384900,7014.5,7019.5,7012.5,7014.75,16235
1767385800,7014.75,7016.75,7008,7008.75,17255
1767386700,7008.5,7016,7002.75,7013.75,58003
1767387600,7014,7019,7013.5,7016.5,16688
1767388500,7016.5,7017.25,7015.25,7016.25,2342
1767389400,7016.5,7016.75,7014.75,7014.75,2043
1767390300,7015,7015.25,7011.25,7014.25,2796
1767567600,7024.75,7028,7012.75,7016.25,9208
1767568500,7016.25,7023,7016,7021.5,5053
1767569400,7021.5,7021.75,7016.5,7016.5,4168
1767570300,7016.75,7021.25,7014,7020.75,3810
1767571200,7020.75,7023.5,7017,7018.5,4924
1767572100,7018.5,7024,7018,7022.5,3300
1767573000,7022.5,7023,7016,7018.75,2918
1767573900,7018.75,7022.25,7018.75,7021.5,1989
1767574800,7021.5,7025.75,7019.75,7022.5,5027
1767575700,7022.75,7023,7019.5,7023,2385
1767576600,7022.75,7025.75,7021.75,7024.25,2262
1767577500,7024,7024.75,7020.75,7022,2184
1767578400,7022.25,7026.25,7022.25,7024,2240
1767579300,7024.25,7025.25,7022.75,7023.5,1094
1767580200,7023.75,7024.5,7021.75,7024,1633
1767581100,7023.75,7026.25,7023.75,7025,1663
1767582000,7024.75,7025.75,7023.75,7024,1190
1767582900,7024,7024.75,7023,7024.25,768
1767583800,7024,7024,7021.75,7022,1087
1767584700,7022,7023,7020.25,7021,1630
1767585600,7020.75,7021.25,7020,7020.75,700
1767586500,7020.5,7022.75,7019.75,7020.75,1125
1767587400,7021,7024.5,7020.5,7024.5,1127
1767588300,7024.5,7026.25,7024.25,7025.25,1622
1767589200,7025.5,7025.5,7021.75,7022.25,1609
1767590100,7022,7024.25,7020.75,7023.25,940
1767591000,7023.5,7024.5,7022.5,7024,832
1767591900,7024,7026.25,7023.5,7025.75,919
1767592800,7026,7027,7025.25,7025.75,1428
1767593700,7026,7027.25,7021.25,7022,1822
1767594600,7021.75,7025.5,7020.25,7025.25,1901
1767595500,7025.25,7029,7025.25,7028.75,1705
1767596400,7028.75,7029.5,7025,7026.25,1964
1767597300,7026.25,7026.25,7020,7021.75,2322
1767598200,7021.25,7024.75,7020,7021.25,2218
1767599100,7021,7024.5,7019.5,7023.5,1612
1767600000,7023.25,7030.25,7021.5,7029.75,3695
1767600900,7029.75,7034.25,7029,7030.5,4210
1767601800,7030.5,7034,7029.5,7031.25,2429
1767602700,7031.25,7032,7029,7029.75,1946
1767603600,7029.75,7033.5,7029,7031.75,2009
1767604500,7031.75,7032,7025.5,7025.5,2508
1767605400,7025.25,7030,7025.25,7029,2094
1767606300,7029.25,7031,7026.5,7027.5,1689
1767607200,7027.25,7033.25,7027.25,7032.25,2249
1767608100,7032.25,7035.5,7032,7032.75,2649
1767609000,7032.5,7033.25,7030.75,7031.5,1977
1767609900,7031.5,7034.5,7031.5,7033.75,1596
1767610800,7033.75,7035.25,7031.75,7033.25,1613
1767611700,7033.5,7036.25,7032.5,7032.75,2172
1767612600,7032.75,7036.25,7032.75,7034.5,2493
1767613500,7034.5,7037,7034.25,7035.5,1967
1767614400,7035.75,7039.25,7033.5,7036.25,3496
1767615300,7036.25,7038.75,7033,7033.75,2013
1767616200,7034,7037.25,7031.5,7032.5,3015
1767617100,7032.75,7036,7031.25,7034.5,2629
1767618000,7034.5,7036.25,7030.25,7033,5069
1767618900,7033,7033.25,7025.75,7027.5,6021
1767619800,7027.25,7033.25,7027.25,7031.75,4762
1767620700,7031.75,7039.25,7031.5,7036.5,6217
1767621600,7036.25,7044.25,7036,7042.75,10589
1767622500,7043,7049.25,7042.25,7047.75,12932
1767623400,7047.75,7059,7046,7056,81747
1767624300,7056.25,7061.25,7047.25,7053.25,70436
1767625200,7053.25,7062.25,7048.5,7058.25,52160
1767626100,7058.5,7068.75,7055,7067.75,48268
1767627000,7067.5,7070.75,7062,7063,39535
1767627900,7063,7068.5,7062.75,7065.75,27536
1767628800,7065.75,7069.5,7062.5,7066,26723
1767629700,7066,7071.25,7064.5,7068.75,21195
1767630600,7068.5,7072,7066.5,7071,20853
1767631500,7071,7077,7070,7071.25,26967
1767632400,7071.5,7073.75,7070,7072,17280
1767633300,7072,7072.75,7064.25,7065.75,24993
1767634200,7065.75,7068.5,7064.25,7066,18302
1767635100,7065.75,7070.25,7065.25,7068,16035
1767636000,7068,7070,7063,7066.5,16267
1767636900,7066.25,7066.75,7058.5,7066,29666
1767637800,7066,7069,7065.25,7068.25,14258
1767638700,7068.25,7070.25,7067,7067.75,10410
1767639600,7068,7069.75,7064,7065,15658
1767640500,7065.25,7066.25,7063.5,7064.25,9370
1767641400,7064.25,7065.25,7054.75,7058.75,23727
1767642300,7058.5,7062.25,7057.25,7058,18357
1767643200,7058.25,7064.5,7057,7063.5,17225
1767644100,7063.5,7064.5,7059.75,7061.75,12598
1767645000,7061.5,7063.25,7059.5,7059.75,11344
1767645900,7059.75,7062.25,7053.5,7059.5,47273
1767646800,7059.75,7060,7056,7057.75,9139
1767647700,7057.75,7060.5,7057,7059.25,3224
1767648600,7059.5,7060,7057,7057,2360
1767649500,7057,7057.75,7056.75,7057.25,3054
1767654000,7058.5,7061.5,7058,7060,2663
1767654900,7060,7060.25,7057.25,7059.5,1311
1767655800,7059.75,7059.75,7055,7056.5,2087
1767656700,7056.5,7056.75,7054.75,7055.5,1004
1767657600,7055.25,7058.25,7053.75,7054,2156
1767658500,7054,7057,7054,7056.75,1161
1767659400,7056.75,7057.25,7053,7054.25,1441
1767660300,7054.25,7055.25,7053.75,7054.75,689
1767661200,7055,7058,7053.75,7056.25,2253
1767662100,7056.5,7062,7055.5,7060.75,2660
1767663000,7060.75,7062.25,7060.75,7060.75,1590
1767663900,7061,7062.25,7060.75,7061.25,842
1767664800,7061.25,7062.5,7060,7060,1632
1767665700,7060,7062.5,7059.75,7061.75,1226
1767666600,7062,7064,7061,7063.25,1769
1767667500,7063.5,7065,7062.75,7064.75,1337
1767668400,7064.75,7065,7063.5,7064.75,1092
1767669300,7064.5,7065,7063.5,7064.25,676
1767670200,7064.5,7065.5,7064,7065.25,703
1767671100,7065,7065.25,7063.5,7064.5,731
1767672000,7064.5,7067.5,7064.25,7066.75,1804
1767672900,7067,7067.5,7066.25,7067.5,574
1767673800,7067.25,7068.25,7066,7067,1328
1767674700,7066.75,7067.75,7066,7067.5,502
1767675600,7067.5,7068.25,7066.5,7068,801
1767676500,7068.25,7068.5,7066.75,7067.25,890
1767677400,7067.25,7067.75,7066.5,7066.5,634
1767678300,7066.25,7067,7066,7066.5,587
1767679200,7066.5,7068.5,7066.25,7067.75,753
1767680100,7067.75,7069.75,7067.75,7068.5,1346
1767681000,7068.5,7072.25,7068.5,7072,1792
1767681900,7072,7072.25,7070.25,7070.75,540
1767682800,7070.5,7070.75,7068,7069,1273
1767683700,7069,7069,7066.75,7067.5,903
1767684600,7067.75,7068.5,7066.25,7066.5,719
1767685500,7066.25,7066.75,7065.25,7066.75,762
1767686400,7066.75,7066.75,7053.75,7054.5,5366
1767687300,7054.25,7055.5,7048,7049,6367
1767688200,7049,7050,7044.5,7048.5,6186
1767689100,7048.75,7051.5,7047.25,7050.5,2391
1767690000,7050.5,7053.75,7049.5,7052.75,3668
1767690900,7052.75,7054.75,7050,7051.25,2236
1767691800,7050.5,7054.25,7049.25,7054,2251
1767692700,7054.25,7058,7052,7052.75,5310
1767693600,7053,7055.25,7052,7053.25,1933
1767694500,7053.5,7053.75,7051.75,7053,1391
1767695400,7053,7055.25,7052.5,7054.5,1186
1767696300,7054.75,7055.5,7053,7053.75,1260
1767697200,7054,7056,7053.75,7055,1322
1767698100,7054.75,7056.25,7053.5,7054.25,1356
1767699000,7054.25,7055,7053,7054,1068
1767699900,7054,7056,7052.5,7053.5,1741
1767700800,7053.5,7057.25,7052.5,7056.75,2253
1767701700,7056.5,7057.75,7056,7057.25,1482
1767702600,7057.25,7061,7056,7060.25,3317
1767703500,7060.5,7062.75,7059.75,7061.5,3423
1767704400,7061.25,7062.75,7058,7060.25,4568
1767705300,7060.25,7062.5,7057.25,7058.25,2600
1767706200,7058,7060.75,7057.5,7058.25,2720
1767707100,7058.25,7058.75,7052.25,7057.25,8152
1767708000,7057.25,7057.5,7053.25,7055.75,6775
1767708900,7056,7060.25,7054.75,7060.25,8416
1767709800,7060.25,7067.75,7058.75,7066.25,67344
1767710700,7066.25,7083.5,7066,7082.5,62293
1767711600,7082.75,7088.75,7081.5,7088.25,40232
1767712500,7088.25,7090.75,7083,7088.5,31054
1767713400,7088.5,7088.5,7078.5,7079.25,36639
1767714300,7079.25,7081.75,7068,7072.5,44979
1767715200,7072.5,7072.5,7063.75,7069.5,39582
1767716100,7069.75,7076.25,7068.25,7071.75,25696
1767717000,7071.75,7074.75,7067,7068.75,25698
1767717900,7068.5,7076.5,7068.25,7075.25,19708
1767718800,7075.25,7081,7072.5,7079.5,20233
1767719700,7079.75,7087.5,7079.5,7085,20174
1767720600,7085.25,7092.5,7084.75,7089.25,22042
1767721500,7089.5,7092,7087.5,7091,10537
1767722400,7091.25,7091.5,7087,7091,12257
1767723300,7091,7093.75,7089.75,7090.5,13827
1767724200,7090.5,7096.25,7088,7095.25,15496
1767725100,7095.25,7099.25,7095.25,7099,16313
1767726000,7099,7103,7098.25,7102.25,13933
1767726900,7102.5,7103.5,7100.75,7101,9880
1767727800,7101,7103.5,7100.5,7102.5,8460
1767728700,7102.5,7103.25,7099.75,7100.25,9108
1767729600,7100.25,7103.75,7099.75,7102.5,10329
1767730500,7102.25,7104.25,7101,7101.5,7138
1767731400,7101.25,7104.75,7100.75,7102.5,10113
1767732300,7102.25,7105.25,7099.75,7099.75,29750
1767733200,7099.75,7102.75,7099.5,7100.5,9644
1767734100,7100.5,7101.75,7100.25,7100.75,2211
1767735000,7100.75,7102.25,7099.75,7102,2645
1767735900,7101.75,7102.75,7101.5,7102,3749
1767740400,7102.5,7105.25,7100.25,7102.25,2818
1767741300,7102,7102.5,7100.5,7101.75,1087
1767742200,7101.5,7101.75,7099.75,7100.25,1148
1767743100,7100.25,7102,7100,7100.25,1313
1767744000,7100.5,7103.75,7099.75,7102,2349
1767744900,7102,7103,7101.25,7102.75,654
1767745800,7102.5,7102.5,7100.25,7101,995
1767746700,7101.25,7104,7100.75,7102,1254
1767747600,7102.25,7103.25,7101.5,7102.5,705
1767748500,7102.25,7102.25,7099.5,7100.75,1448
1767749400,7100.75,7103,7100.25,7101.5,892
1767750300,7101.25,7102.75,7100.75,7101.5,584
1767751200,7101.5,7104.5,7101,7101.75,1355
1767752100,7101.5,7102.5,7100.75,7100.75,605
1767753000,7100.5,7102.25,7100,7102,895
1767753900,7101.75,7101.75,7099.75,7100.75,742
1767754800,7100.75,7102,7100.5,7101.5,494
1767755700,7101.25,7102.75,7101.25,7101.75,780
1767756600,7101.75,7102,7100.25,7101,478
1767757500,7101.25,7102,7099.5,7099.75,1035
1767758400,7099.75,7100.25,7097.5,7099.25,1874
1767759300,7099.25,7099.25,7097.5,7097.5,713
1767760200,7097.5,7099.5,7097.5,7099.5,724
1767761100,7099.25,7100,7098,7098.5,648
1767762000,7098.5,7099.25,7096.75,7098.5,936
1767762900,7098.75,7099.5,7098,7099,453
1767763800,7099.5,7100.5,7098.25,7098.5,1521
1767764700,7098.25,7098.5,7097,7097.25,788
1767765600,7097.75,7100.5,7097.5,7100,743
1767766500,7100.25,7100.75,7097.75,7098.25,879
1767767400,7098,7099.5,7095.25,7095.75,1304
1767768300,7095.75,7096.5,7094.5,7095,1358
1767769200,7094.75,7096.75,7094.25,7095.75,1007
1767770100,7095.75,7097,7095.5,7096,709
1767771000,7096.25,7096.75,7094.75,7094.75,740
1767771900,7095,7096.5,7094,7094.25,982
1767772800,7094.5,7096.25,7093.75,7095.5,1902
1767773700,7095.75,7098.5,7095.25,7095.75,1583
1767774600,7095.5,7096.5,7094,7094.25,1129
1767775500,7094.25,7095,7092.25,7092.75,1935
1767776400,7092.5,7093.25,7090.5,7091.75,2974
1767777300,7091.5,7092.25,7089.25,7091.5,2055
1767778200,7091.5,7093.5,7090.25,7092,2319
1767779100,7092,7093.25,7091.5,7092.25,1076
1767780000,7092.25,7094.75,7090.75,7094.25,1786
1767780900,7094.25,7094.25,7089.25,7089.5,1752
1767781800,7089.5,7091.25,7088.75,7090.5,1344
1767782700,7090.5,7092,7089.5,7092,1360
1767783600,7092,7094,7090.75,7093,1702
1767784500,7093,7094,7091.75,7092.25,1218
1767785400,7092.25,7095.5,7092,7094.25,2908
1767786300,7094.5,7096,7093.75,7095.75,1414
1767787200,7095.75,7097.75,7095.25,7096,2649
1767788100,7096,7098.25,7095.75,7097,2019
1767789000,7097,7097.25,7093.5,7096.25,3305
1767789900,7096.5,7098.5,7095.5,7097.25,2429
1767790800,7097,7097.25,7094,7096.25,3384
1767791700,7096,7100.25,7095.75,7099.75,5739
1767792600,7099.75,7103.5,7098.5,7102.75,7556
1767793500,7102.5,7103.5,7100.25,7103,4462
1767794400,7102.75,7103,7098.25,7099.5,7064
1767795300,7099.5,7102.75,7098.75,7102.5,8595
1767796200,7102.5,7109.5,7097.5,7108.25,58890
1767797100,7108,7111.75,7104.5,7106,39322
1767798000,7106,7108,7095.5,7096.75,56532
1767798900,7096.75,7099.75,7091.25,7097,48437
1767799800,7097.25,7105.75,7089.75,7098,78009
1767800700,7097.5,7106.25,7097,7105.5,26607
1767801600,7105.5,7108.75,7104.5,7106.25,19612
1767802500,7106.5,7107.75,7099.5,7102.75,20431
1767803400,7103,7113,7102,7112.5,28151
1767804300,7112.5,7116,7110.75,7115.5,28652
1767805200,7115.5,7120.25,7115,7117.75,23734
1767806100,7117.5,7120.25,7116,7117,15096
1767807000,7117.25,7118.5,7113.75,7118.25,16350
1767807900,7118.25,7118.75,7108.25,7110.5,29014
1767808800,7110.25,7110.5,7106.25,7108.25,17478
1767809700,7108,7108.25,7100.5,7101.75,25048
1767810600,7101.75,7109,7101.5,7107.75,23627
1767811500,7107.75,7111.75,7106.25,7108.5,19417
1767812400,7108.75,7109.25,7097.5,7099.75,30801
1767813300,7100.25,7100.75,7094.75,7097,24471
1767814200,7097.25,7102,7096.25,7099.75,18130
1767815100,7100,7100.5,7097.5,7098,10805
1767816000,7097.75,7098.5,7087.25,7088,31301
1767816900,7088,7091.25,7081,7083.75,39137
1767817800,7083.75,7083.75,7072.75,7076.25,40181
1767818700,7076.5,7079.75,7073.5,7076.25,40544
1767819600,7076.25,7076.75,7072.5,7073.25,11963
1767820500,7073.5,7075.25,7071.25,7074.75,5104
1767821400,7075,7077.25,7074.25,7076.5,3589
1767822300,7076.75,7080.75,7076.5,7080.25,4423
1767826800,7080.75,7083.25,7078.25,7078.25,4252
1767827700,7078.5,7080.5,7077.75,7078.75,1914
1767828600,7078.75,7080,7078,7079.5,1196
1767829500,7079.5,7079.75,7077,7078.25,1435
1767830400,7078,7079.25,7077,7078.75,1278
1767831300,7078.75,7079.25,7075.75,7076.75,1651
1767832200,7076.5,7080.75,7076.5,7080.5,1886
1767833100,7080.5,7082.25,7080.25,7081.75,1449
1767834000,7082,7082.25,7077.5,7077.75,2254
1767834900,7078,7081,7077.75,7080.75,1116
1767835800,7080.75,7081,7077.75,7080.5,1053
1767836700,7080.5,7081.75,7079.75,7081.5,1096
1767837600,7081.25,7082.25,7079,7079.25,1443
1767838500,7079.5,7080.25,7077.25,7078,1185
1767839400,7078,7078.25,7073,7074,2410
1767840300,7074,7074.25,7068.75,7071.25,3103
1767841200,7071,7072,7069.25,7070.75,1487
1767842100,7071,7071.75,7068,7069.75,1574
1767843000,7069.75,7071,7067.75,7068,1584
1767843900,7068,7069.25,7067,7068.25,994
1767844800,7068.25,7069.25,7067.5,7068.5,845
1767845700,7068.5,7070.5,7066.75,7068.75,1263
1767846600,7068.75,7069.25,7067.25,7067.75,717
1767847500,7067.75,7068.5,7067.5,7068,397
1767848400,7068.25,7069,7064.5,7064.5,1737
1767849300,7064.5,7066.75,7064.5,7065.25,801
1767850200,7065.25,7065.25,7060.75,7061.5,2728
1767851100,7061.5,7062.25,7059.5,7059.75,1344
1767852000,7059.75,7060.25,7051.5,7052.75,5616
1767852900,7052.5,7053,7048.75,7049.25,3089
1767853800,7049.25,7054,7049,7053.5,3388
1767854700,7053.5,7056.25,7053,7055,2197
1767855600,7055.25,7056.75,7050.25,7056,2775
1767856500,7056.25,7071.5,7054.75,7063.25,10616
1767857400,7062.75,7067.25,7060.5,7065.5,4102
1767858300,7065.75,7065.75,7061,7061.25,1925
1767859200,7061.5,7067.5,7061,7067,3794
1767860100,7067,7068,7065.5,7067.5,1738
1767861000,7067.75,7070.25,7065.25,7069,2828
1767861900,7069.25,7069.5,7064.75,7065,2331
1767862800,7065.25,7069,7064.5,7066.75,1758
1767863700,7066.75,7067,7062.5,7064.25,1857
1767864600,7064.25,7064.75,7060.75,7061.5,1668
1767865500,7061.5,7063.5,7059.5,7063.25,2147
1767866400,7063.25,7063.25,7058,7059.25,1986
1767867300,7059.25,7060,7058,7058.75,1220
1767868200,7058.5,7064,7058,7063.25,2393
1767869100,7063.25,7064,7061,7063.75,1772
1767870000,7063.5,7066,7063,7064.25,2054
1767870900,7064.25,7066.75,7062.75,7064.75,1667
1767871800,7064.75,7066.25,7057,7064.5,7814
1767872700,7064.25,7066,7061.5,7062.25,2387
1767873600,7062.25,7063.5,7058.25,7061,4414
1767874500,7061.25,7065.5,7061,7064.75,2876
1767875400,7064.5,7064.75,7060,7060.75,2704
1767876300,7060.75,7064.5,7059.75,7062.75,2466
1767877200,7062.5,7067.25,7061.25,7066.5,3578
1767878100,7066.75,7071.75,7064.5,7070.5,6552
1767879000,7071,7073.25,7067,7068.5,6797
1767879900,7068.25,7070.25,7067,7070,3925
1767880800,7070,7072,7066,7068.5,7406
1767881700,7068.5,7069.5,7065,7067,8885
1767882600,7067,7072,7054.75,7057,93244
1767883500,7057.25,7071,7053.5,7061.75,89478
1767884400,7061.75,7078,7057.5,7075.75,77299
1767885300,7076,7079.5,7073.25,7075.75,44996
1767886200,7075.75,7079,7066.25,7076.25,60698
1767887100,7076.25,7078.75,7064.25,7078.25,50044
1767888000,7078,7079.5,7067.75,7068.5,45628
1767888900,7068.5,7075.25,7065.75,7070.5,34477
1767889800,7070.5,7076.75,7063.75,7075.75,37463
1767890700,7076,7080.75,7071.25,7079,35234
1767891600,7078.75,7079.5,7072.25,7074.75,24076
1767892500,7074.75,7080,7071,7073.25,23232
1767893400,7073,7082,7072.75,7080.5,21832
1767894300,7080.5,7086,7079,7080.5,24286
1767895200,7080.5,7082,7068,7069,32539
1767896100,7068.75,7077.25,7067.5,7074.75,26302
1767897000,7074.75,7075.75,7072,7074,14879
1767897900,7074,7078,7067.25,7068.75,20964
1767898800,7068.5,7073.25,7066,7066.5,21236
1767899700,7067,7073.5,7062.75,7069.25,26528
1767900600,7069,7073.5,7065.75,7067,17138
1767901500,7066.75,7071.5,7065.75,7068.75,16813
1767902400,7068.5,7073.25,7067.25,7072.75,16855
1767903300,7072.75,7076.75,7068.5,7076,21555
1767904200,7076,7080.75,7072.5,7074.5,24261
1767905100,7074.25,7079,7072.5,7074.25,34608
1767906000,7074.25,7079.25,7074.25,7077.75,9477
1767906900,7078,7081,7077.75,7080.75,2850
1767907800,7080.75,7091.25,7080.75,7089.25,8813
1767908700,7089.25,7089.75,7084.5,7084.75,4591
1767913200,7086,7087.5,7083,7083.25,2568
1767914100,7083,7084,7080.5,7080.75,1795
1767915000,7081,7081.5,7078.5,7079,1916
1767915900,7079,7080.25,7076.5,7077.5,1813
1767916800,7077.5,7079.75,7076.75,7079.5,1789
1767917700,7079.5,7081,7076.75,7079,1408
1767918600,7079,7080.25,7078.25,7080.25,1076
1767919500,7080,7080.25,7074.5,7075,2055
1767920400,7075,7076.75,7074.25,7075.25,1765
1767921300,7074.75,7075.75,7069,7069.75,3389
1767922200,7070.25,7070.75,7067.75,7069,1882
1767923100,7069,7071.75,7068.75,7071.25,1377
1767924000,7071.25,7073.25,7070.25,7071.5,1608
1767924900,7071.75,7077.75,7071.25,7077,2743
1767925800,7076.75,7077.25,7074.25,7077,1470
1767926700,7077,7078.25,7075,7076.25,1394
1767927600,7076.25,7076.75,7073.75,7076,753
1767928500,7075.75,7077.25,7074.25,7074.5,671
1767929400,7074.5,7075.75,7073.25,7075.5,766
1767930300,7075.5,7076.25,7073.75,7074.25,527
1767931200,7074.5,7075.25,7072.25,7073.5,1075
1767932100,7073.25,7074,7071.25,7073.5,762
1767933000,7073.25,7074.5,7073.25,7073.5,532
1767933900,7074,7075.5,7073,7074.75,793
1767934800,7075.25,7077,7074.5,7074.75,890
1767935700,7074.75,7075.25,7074,7075.25,608
1767936600,7075,7075.25,7072.25,7073.25,558
1767937500,7073.25,7077,7072,7076.25,730
1767938400,7076.25,7078.25,7073,7074.25,1079
1767939300,7074,7075,7073.25,7074.25,391
1767940200,7074.5,7078,7074.5,7077.5,845
1767941100,7077.5,7078.75,7076.25,7076.75,765
1767942000,7077,7077,7074.75,7075.75,723
1767942900,7075.75,7076,7070.25,7071.5,1445
1767943800,7071,7074.25,7069.75,7073.5,1217
1767944700,7073.25,7075.75,7073,7074.25,864
1767945600,7074.5,7079,7074,7077,2483
1767946500,7077.25,7078.75,7075,7075.5,1654
1767947400,7075.75,7076.5,7071.5,7074.75,2276
1767948300,7074.75,7074.75,7070.25,7071,2032
1767949200,7071.5,7073,7070.25,7072.75,1474
1767950100,7073,7077.25,7072.25,7077,1296
1767951000,7077,7081.5,7077,7078.75,2579
1767951900,7079,7081.5,7078.5,7081.25,1618
1767952800,7081.25,7082.25,7080,7080.5,1624
1767953700,7080.75,7082.75,7080.5,7081.5,837
1767954600,7081.75,7082.25,7079.5,7080,1080
1767955500,7080.25,7081.75,7080,7080,996
1767956400,7080,7081.5,7079,7079.75,1525
1767957300,7079.5,7084,7079.25,7083.5,1737
1767958200,7083.75,7087,7083.25,7086.25,2139
1767959100,7086.25,7086.75,7081,7081.5,2028
1767960000,7081.5,7084.5,7080.5,7081.25,2040
1767960900,7081.25,7081.75,7079.5,7080.5,1875
1767961800,7080.5,7082,7078.75,7081.75,1999
1767962700,7082,7085.5,7081.75,7085.5,2732
1767963600,7085.5,7086.75,7083,7086.25,4503
1767964500,7086,7090.25,7083.75,7089.5,6888
1767965400,7088.25,7102,7087.75,7099.25,18775
1767966300,7099.25,7101,7095.5,7100.5,7771
1767967200,7100.5,7103.25,7090.75,7093.5,17219
1767968100,7093.25,7094.25,7081.75,7084,24122
1767969000,7084,7101,7082,7091.5,79808
1767969900,7091.5,7096.75,7082.75,7092.5,60475
1767970800,7093,7097.5,7069,7090.5,83667
1767971700,7090.5,7112,7086.75,7109.75,69464
1767972600,7109.75,7113.25,7094.5,7094.5,60497
1767973500,7094.75,7099.25,7090.75,7097.25,57538
1767974400,7097.25,7115,7097.25,7113,51342
1767975300,7113,7114,7106.5,7106.75,30163
1767976200,7106.75,7110.75,7103.5,7110,31353
1767977100,7109.75,7119,7109.75,7117.5,30479
1767978000,7117.25,7121.25,7115.5,7120.25,22907
1767978900,7120.25,7122.25,7116,7120.75,18050
1767979800,7120.75,7123.5,7118.5,7119.5,16957
1767980700,7119.5,7122.25,7117.75,7118,16184
1767981600,7118,7118.5,7112.75,7115,22770
1767982500,7115,7117.25,7111.5,7117,15583
1767983400,7117,7127.5,7116.75,7123.75,29227
1767984300,7123.75,7125,7122.5,7123.5,12126
1767985200,7123.75,7126.25,7121.75,7124,13406
1767986100,7124,7126.75,7124,7126.25,9668
1767987000,7126.5,7127.25,7125.25,7126.25,8786
1767987900,7126.25,7130.5,7125.75,7127,18000
1767988800,7127,7129.75,7125.75,7126.25,11878
1767989700,7126.25,7131.25,7125.75,7128.25,13327
1767990600,7128.25,7129.25,7124.5,7126,13520
1767991500,7126,7127,7116.75,7118.25,41388
1767992400,7118,7119.5,7116.25,7117.5,12081
1767993300,7117.25,7118.25,7116.25,7116.5,2452
1767994200,7116.25,7117,7115.5,7115.5,2438
1767995100,7115.5,7118.75,7115.25,7117.75,3140
1768172400,7120.25,7123.5,7105.5,7113,8040
1768173300,7112.75,7114.75,7107.25,7113.25,4484
1768174200,7113.25,7115.25,7112.5,7113.25,2362
1768175100,7113.25,7115,7111.5,7111.5,1879
1768176000,7111.75,7112.75,7105.75,7106.25,5429
1768176900,7106.25,7108.75,7105.25,7106.75,2115
1768177800,7106.5,7106.75,7088.75,7095.75,12556
1768178700,7095.75,7097.5,7091.5,7093,4493
1768179600,7092.75,7093.5,7085.25,7089.75,9594
1768180500,7089.75,7090.25,7084.25,7086.75,4833
1768181400,7086.5,7089,7080.75,7088.5,7295
1768182300,7088.75,7093.5,7088,7091,6180
1768183200,7091,7091,7083.75,7084,5676
1768184100,7084,7084.75,7082.5,7084.25,3879
1768185000,7084.25,7086.25,7084,7085,3033
1768185900,7085.25,7088,7082,7083.5,3373
1768186800,7083.5,7084.5,7081.75,7083.5,1480
1768187700,7083.5,7085,7082.75,7083.75,1508
1768188600,7083.75,7085,7082.75,7083.25,1353
1768189500,7083.5,7083.75,7078,7081.25,5061
1768190400,7081.5,7081.75,7077.5,7079.25,2053
1768191300,7079.5,7081.25,7078.5,7081,1450
1768192200,7080.75,7082.5,7080.25,7081.25,1245
1768193100,7081.25,7081.75,7079.75,7080,949
1768194000,7080,7082.25,7078,7078,1668
1768194900,7078,7078.75,7073.5,7075.5,3779
1768195800,7075.25,7075.75,7073.5,7073.75,1295
1768196700,7073.75,7076,7071.75,7076,2303
1768197600,7076,7080.5,7075,7079,2666
1768198500,7079.25,7079.5,7076,7077.75,1937
1768199400,7078,7079.25,7076.75,7078.5,1022
1768200300,7078.5,7080,7077.5,7078,1003
1768201200,7078,7083.75,7077.75,7081.5,2757
1768202100,7081.5,7081.75,7078.75,7080.75,1599
1768203000,7080.5,7080.75,7078,7078.5,1097
1768203900,7078.25,7081,7077.75,7081,1315
1768204800,7081.25,7084.25,7078.5,7079.25,4018
1768205700,7078.75,7080,7069.25,7070.75,7177
1768206600,7070.5,7070.75,7062.75,7067,8055
1768207500,7067,7069.25,7064,7066.5,3671
1768208400,7066.75,7071.75,7066,7069.5,3780
1768209300,7069.75,7071,7065.75,7066.75,3080
1768210200,7066.75,7068.75,7065,7067.25,1852
1768211100,7067.25,7072.75,7067,7071.25,3375
1768212000,7071.5,7072,7068.75,7070.25,1791
1768212900,7070.25,7072.75,7069.5,7071.75,2265
1768213800,7072,7075.5,7072,7074,2519
1768214700,7074,7074.25,7070.75,7072,1948
1768215600,7072.25,7077.25,7071,7076.75,2973
1768216500,7077,7078,7074.75,7075.5,2210
1768217400,7075.75,7076.25,7074.25,7075.25,1542
1768218300,7075,7076.25,7073.25,7074.25,1736
1768219200,7074.25,7080.5,7074.25,7078.75,4409
1768220100,7079,7081.25,7078.25,7079.25,2554
1768221000,7079,7081,7077.5,7080.75,3037
1768221900,7080.75,7084,7080,7082,4500
1768222800,7082.25,7083.25,7078,7078.5,5381
1768223700,7078.5,7083.5,7078.25,7082.25,3186
1768224600,7082.75,7083,7079.25,7080.25,3939
1768225500,7080.25,7082.75,7078.5,7080,4032
1768226400,7080,7082.5,7079,7081.75,5501
1768227300,7081.5,7083.5,7078,7083,10542
1768228200,7083,7109,7082,7104.25,86600
1768229100,7104.25,7116.25,7102,7113.25,56237
1768230000,7113.5,7115,7107.25,7110,45003
1768230900,7110.25,7115.25,7107.75,7112.75,30834
1768231800,7112.5,7113,7106.25,7110.75,30126
1768232700,7111,7118,7107.5,7116.5,28598
1768233600,7116.5,7122.25,7113.75,7122.25,23438
1768234500,7122,7124.25,7118.75,7119.75,26600
1768235400,7120,7123.5,7118,7120.75,15715
1768236300,7120.75,7126,7119.75,7123.25,19113
1768237200,7123,7125.75,7121,7123.5,13727
1768238100,7123.5,7123.75,7120,7123,12398
1768239000,7122.75,7123,7118,7122,10871
1768239900,7121.75,7125,7121.5,7124.25,10278
1768240800,7124.25,7128,7123.25,7126.75,14765
1768241700,7127,7129.5,7125.75,7128.5,11209
1768242600,7128.75,7129.25,7126.75,7128.5,7789
1768243500,7128.25,7131.5,7128.25,7129.75,10176
1768244400,7129.75,7130.5,7127,7130.25,9503
1768245300,7130.25,7132.25,7129.75,7130.75,8783
1768246200,7130.75,7136.25,7130.5,7134,18467
1768247100,7134,7138,7133.75,7137.25,13045
1768248000,7137.5,7138.75,7133,7133.75,14604
1768248900,7133.75,7134.25,7129.5,7131,16751
1768249800,7131,7132.25,7129.5,7131.25,10277
1768250700,7131,7135.5,7129.25,7129.5,38815
1768251600,7129.5,7131,7128.5,7130,9438
1768252500,7129.75,7132.25,7128,7131.5,5136
1768253400,7131.5,7131.5,7130.25,7131.5,2201
1768254300,7131.25,7131.5,7123.25,7125,10164
1768258800,7126,7127.75,7120.25,7123.5,4800
1768259700,7123.5,7126.25,7123.25,7123.75,2281
1768260600,7123.75,7125,7122,7123.25,1411
1768261500,7123,7123.25,7119,7119.5,2658
1768262400,7119.25,7119.75,7116.75,7117.75,2978
1768263300,7117.75,7120.75,7117,7117.5,2388
1768264200,7117.25,7118.75,7115.75,7116,2293
1768265100,7116,7117.25,7115.5,7116,1439
1768266000,7116,7117.5,7115,7116,1936
1768266900,7115.75,7117.75,7115.25,7116,1538
1768267800,7115.75,7117,7112.25,7114,2654
1768268700,7113.75,7122,7112.75,7119.25,4561
1768269600,7119.5,7122.75,7118.5,7121.75,2641
1768270500,7121.75,7123,7119.25,7119.75,1263
1768271400,7119.75,7122.25,7119.25,7121.25,881
1768272300,7121.5,7122,7119.75,7120.75,623
1768273200,7120.5,7122.5,7119.25,7121.75,834
1768274100,7121.75,7123,7121,7121.75,691
1768275000,7121.5,7121.75,7118.75,7119.75,1156
1768275900,7119.5,7121,7118.5,7120.5,815
1768276800,7120.75,7121.25,7119.5,7120.5,601
1768277700,7120.5,7123.25,7120.25,7121.75,970
1768278600,7122,7122.25,7119.75,7120,419
1768279500,7120,7122.5,7119.5,7122,713
1768280400,7122,7122.5,7120,7121.25,651
1768281300,7121,7124,7120.25,7124,970
1768282200,7124,7124.25,7120.5,7122.5,1093
1768283100,7122.75,7124,7122.25,7123.25,451
1768284000,7123.25,7124.5,7122.75,7124,941
1768284900,7124.25,7124.75,7123.5,7124.25,735
1768285800,7124.5,7125.75,7123.25,7124.75,1022
1768286700,7124.5,7127.5,7124,7124.5,1337
1768287600,7124.75,7126,7123.25,7126,1017
1768288500,7126,7126.5,7122.5,7125,879
1768289400,7125,7125,7123.25,7124,528
1768290300,7124,7125.5,7124,7124.5,441
1768291200,7124.75,7124.75,7121,7121.25,1817
1768292100,7121.25,7124,7121,7123,1614
1768293000,7122.75,7123.5,7119.25,7122.5,1664
1768293900,7122.5,7123,7121.25,7122,699
1768294800,7122.25,7125.5,7121.75,7124.5,1890
1768295700,7124.25,7126,7123.25,7123.75,1157
1768296600,7124,7124.25,7119.75,7120.5,1258
1768297500,7120.75,7122.75,7119.25,7122,1120
1768298400,7121.75,7122.5,7116.75,7117,1530
1768299300,7117,7119.75,7116,7118,1467
1768300200,7117.75,7120.75,7117.75,7118.25,1139
1768301100,7118.25,7120,7117.75,7118.75,946
1768302000,7118.5,7121.25,7118.25,7119.25,1053
1768302900,7119.25,7121,7118.75,7120.25,722
1768303800,7120.5,7120.5,7117.25,7117.75,1760
1768304700,7118.25,7123.75,7118.25,7123.75,3765
1768305600,7123.5,7124.25,7121.5,7123.5,1709
1768306500,7123.25,7124.75,7122.5,7124,1555
1768307400,7123.75,7125,7123,7124.5,1672
1768308300,7124.5,7124.5,7119,7120,3343
1768309200,7120.25,7122.5,7118.75,7121,2648
1768310100,7121.25,7121.75,7118.75,7121.5,4293
1768311000,7121.5,7150,7113.5,7136.75,34137
1768311900,7136.5,7137.75,7126.25,7133.5,14072
1768312800,7133.25,7138,7131.25,7137,10349
1768313700,7136.75,7141,7131.5,7132,11442
1768314600,7132,7137.75,7125.5,7127.75,73332
1768315500,7127.75,7128.5,7118.5,7119,73931
1768316400,7118.75,7121.75,7107.75,7111,74786
1768317300,7111,7111,7096.75,7103.5,63178
1768318200,7103.25,7114,7101.5,7107,56085
1768319100,7107,7116.75,7102.25,7113.75,49885
1768320000,7113.75,7116.25,7111.25,7114.75,26737
1768320900,7114.75,7119.25,7100,7111.25,47915
1768321800,7111,7124.75,7108.75,7122.25,32781
1768322700,7122.25,7128.75,7120,7126,24933
1768323600,7125.75,7128,7122.5,7125.5,18589
1768324500,7125.75,7126.25,7115.75,7122.25,30553
1768325400,7122.25,7124,7111,7113.5,36958
1768326300,7113.5,7117.5,7101.75,7105.75,40625
1768327200,7105.5,7110.25,7100.5,7110,38339
1768328100,7110,7111.25,7103,7105.5,20614
1768329000,7105.5,7113,7103.75,7107.5,20539
1768329900,7107.75,7110.25,7101.75,7104.25,21646
1768330800,7104.5,7107,7098.5,7099.75,26836
1768331700,7100,7107.5,7099.5,7106.5,32550
1768332600,7106.25,7108,7103.5,7105,17091
1768333500,7105.25,7108.75,7102,7105.75,16343
1768334400,7105.75,7106,7099.75,7100.25,17786
1768335300,7100.5,7102.5,7096,7096.75,18595
1768336200,7096.75,7100,7090.25,7099.75,29691
1768337100,7099.75,7116.5,7097.25,7114.25,55262
1768338000,7114.5,7117.75,7113.5,7114.25,12381
1768338900,7114.25,7116.25,7114,7115.25,2981
1768339800,7115.25,7115.5,7112,7112,2739
1768340700,7112,7113.25,7111.75,7112.5,2142
1768345200,7112.25,7115.25,7111,7113.25,3020
1768346100,7113.25,7113.75,7110.25,7111,1967
1768347000,7110.75,7113.5,7110.75,7112.25,1107
1768347900,7112.25,7112.25,7110.75,7111.25,1113
1768348800,7111.25,7116.25,7109.5,7115,3074
1768349700,7115,7116,7113.75,7115.75,1240
1768350600,7115.75,7116,7112.5,7113.5,1293
1768351500,7113.5,7115,7112.75,7113,738
1768352400,7112.75,7114,7110.25,7110.5,1445
1768353300,7110.75,7113.75,7110.75,7113.25,1372
1768354200,7113.25,7113.5,7108.75,7109.5,1602
1768355100,7109.5,7109.75,7105.5,7106.25,2512
1768356000,7106.25,7107.75,7104.5,7107,1779
1768356900,7107,7109,7105.5,7108.25,1245
1768357800,7108.5,7108.5,7106.25,7106.5,699
1768358700,7106.75,7108.5,7106.25,7108.25,560
1768359600,7108.25,7112.5,7107.75,7111.75,1457
1768360500,7111.75,7112.5,7110.75,7111.75,728
1768361400,7111.75,7113.75,7111.75,7112.75,856
1768362300,7112.75,7112.75,7110.5,7112,872
1768363200,7112,7112.5,7108.5,7108.5,1243
1768364100,7108.25,7108.75,7107.75,7108.25,620
1768365000,7108,7108.25,7106.75,7107,496
1768365900,7106.75,7106.75,7102.5,7104,1952
1768366800,7104,7105,7102.25,7103.75,1239
1768367700,7103.5,7104.25,7101,7102,1035
1768368600,7102,7103,7101,7101,988
1768369500,7101,7101.25,7098.75,7100,1273
1768370400,7100,7100.25,7096.75,7099.25,1738
1768371300,7099.25,7099.75,7097.5,7098.5,1123
1768372200,7098.5,7101.5,7097.25,7100.5,1622
1768373100,7100.75,7102.75,7098,7102.75,1771
1768374000,7102.75,7103.75,7101.25,7102.25,1054
1768374900,7102.5,7103.25,7099.75,7101.75,1196
1768375800,7102,7104,7101.75,7103,578
1768376700,7103.25,7103.25,7100.75,7102.5,770
1768377600,7102.5,7105.75,7102,7103.75,2037
1768378500,7103.75,7105,7101.25,7103.25,1764
1768379400,7103.5,7103.75,7099.5,7101.75,2338
1768380300,7102,7104,7099.5,7103,1236
1768381200,7103.25,7107.25,7102.5,7106.75,1567
1768382100,7106.75,7107.5,7104.5,7105.25,1153
1768383000,7105.5,7106.25,7102.25,7104,1592
1768383900,7104,7104.75,7100.25,7103.5,1560
1768384800,7103.5,7103.75,7099.5,7100.75,1508
1768385700,7100.75,7101,7088.25,7090.5,7448
1768386600,7090.5,7091.25,7084,7087.5,7691
1768387500,7087.75,7088,7080.75,7085,5687
1768388400,7085,7086.75,7080,7086,5116
1768389300,7086,7090.25,7085.25,7089,3618
1768390200,7089.25,7091,7085.5,7086.25,3386
1768391100,7086.5,7088.75,7084.25,7085.75,2335
1768392000,7085.75,7088,7077,7087.5,8789
1768392900,7087.5,7093.25,7087,7091.5,4922
1768393800,7091.5,7094.5,7090.5,7091.5,3551
1768394700,7091.5,7092,7088.25,7089.5,2525
1768395600,7089.25,7090.25,7085,7086,5164
1768396500,7086,7092.75,7084,7092.75,8300
1768397400,7092.5,7095.5,7083,7083,8798
1768398300,7083.25,7086.5,7080.25,7084.25,6442
1768399200,7084.5,7087.75,7083,7086,8118
1768400100,7086,7088.25,7083,7085.75,11474
1768401000,7085.75,7093,7069.5,7071,100508
1768401900,7070.75,7080.5,7059,7062.25,83082
1768402800,7062.5,7082,7051.5,7081.75,84418
1768403700,7081.5,7084.25,7062.75,7063,68242
1768404600,7063,7066,7052,7053.75,69234
1768405500,7053.5,7055.75,7040.25,7046.75,66530
1768406400,7047,7052,7044.75,7049.5,35658
1768407300,7049.5,7069.25,7048,7067.25,48869
1768408200,7067.5,7070.5,7050.5,7050.75,50582
1768409100,7050.75,7050.75,7036.5,7041.5,54660
1768410000,7041.25,7049,7038.75,7047.75,36660
1768410900,7047.75,7048.75,7037.25,7046.75,34560
1768411800,7046.75,7046.75,7037.75,7044.75,26260
1768412700,7044.5,7050.25,7037.25,7041.75,33221
1768413600,7041.5,7050.25,7040.5,7049,26492
1768414500,7048.75,7052,7044.25,7051.5,25310
1768415400,7051.5,7054,7038,7044.5,34271
1768416300,7044.5,7058.25,7043.25,7056.5,34060
1768417200,7056.75,7058,7051.75,7056,25675
1768418100,7055.5,7059,7053.25,7057,20632
1768419000,7057.25,7059.75,7053.25,7057.25,20456
1768419900,7057.25,7062,7055.25,7056.75,21362
1768420800,7056.5,7073.25,7049,7063.75,74048
1768421700,7063.75,7068.25,7058,7067.75,22601
1768422600,7068,7081.25,7067.5,7068,34389
1768423500,7068,7083.5,7062.75,7081.5,65223
1768424400,7081.75,7084.25,7074.25,7078,16679
1768425300,7078,7078.75,7073.75,7075,4494
1768426200,7075,7075.75,7071.75,7073.75,3634
1768427100,7073.5,7077,7058.5,7073.75,14300
1768431600,7070.75,7074.5,7066.5,7070.5,5560
1768432500,7070.5,7073.25,7063,7071,5160
1768433400,7071,7073.5,7069.25,7070.25,2796
1768434300,7070.5,7074.5,7070,7073.25,1696
1768435200,7073.25,7073.75,7071.25,7072,1953
1768436100,7071.75,7073,7069,7070.5,1465
1768437000,7070.75,7072.25,7070.75,7072,836
1768437900,7072.25,7073.5,7069.25,7071.75,1578
1768438800,7071.75,7078.75,7071.25,7075,3572
1768439700,7075,7076,7072.75,7074.25,1805
1768440600,7074,7075.5,7066,7073.5,4030
1768441500,7074,7078.25,7073.25,7077.75,1840
1768442400,7077.75,7078,7075.5,7077.25,1016
1768443300,7077.25,7078.25,7073.5,7073.5,1287
1768444200,7074,7074.75,7071.5,7073,1234
1768445100,7073,7074.75,7071.5,7073.75,754
1768446000,7073.75,7076.75,7073.75,7074.75,775
1768446900,7074.75,7076.5,7072,7072,1251
1768447800,7072.25,7075,7070.25,7072.25,1639
1768448700,7072.25,7072.75,7069.5,7070.25,1258
1768449600,7070.25,7072.25,7069.5,7072.25,1002
1768450500,7072,7073.75,7070.25,7072,992
1768451400,7072,7073,7070,7071.25,814
1768452300,7071.5,7071.5,7069,7070.5,762
1768453200,7070.5,7076.25,7070.25,7075.5,1797
1768454100,7076,7077.5,7075.25,7076.75,1246
1768455000,7076.5,7080,7075,7079.75,3476
1768455900,7080,7082,7076.25,7077,2004
1768456800,7076.75,7083,7074.75,7081,3102
1768457700,7081.25,7091.25,7080.75,7087,7763
1768458600,7087,7090.75,7084,7090.5,2804
1768459500,7090.75,7090.75,7087,7087.25,1603
1768460400,7087.25,7088.75,7084.75,7085.5,2029
1768461300,7085.5,7086.25,7083,7083.25,1814
1768462200,7083.5,7086.5,7082.75,7084.25,1746
1768463100,7084.75,7086.25,7083.25,7085.25,1994
1768464000,7085,7093.25,7082,7088.75,5091
1768464900,7088.75,7091,7086.75,7087.25,2535
1768465800,7087.25,7091.5,7087,7091,1783
1768466700,7091,7092.5,7088.25,7091.75,1641
1768467600,7091.5,7099,7090.5,7098.75,4720
1768468500,7099,7102.75,7096.75,7101.5,4577
1768469400,7101.5,7106,7101.5,7105.5,4246
1768470300,7105.25,7106,7100.75,7101.75,2284
1768471200,7101.75,7104.25,7100.5,7104,2670
1768472100,7104,7104.25,7100.25,7102,2838
1768473000,7102.25,7104.25,7101.5,7104,1580
1768473900,7104.25,7105,7102.25,7103,1803
1768474800,7103,7106.25,7102.75,7106,2506
1768475700,7106,7107,7104,7104,2812
1768476600,7104,7106.75,7103,7104.25,1709
1768477500,7104,7107,7104,7104.5,1697
1768478400,7104.25,7105,7101.75,7102.5,2279
1768479300,7102.25,7103.75,7101,7103,4317
1768480200,7103,7104.25,7100.75,7103.75,2817
1768481100,7103.75,7107.25,7102.75,7106.25,4105
1768482000,7106,7109,7102.75,7106.75,6145
1768482900,7106.75,7110,7105.75,7109.25,3547
1768483800,7109,7114.25,7106.25,7113,9266
1768484700,7113,7115.5,7111,7111.5,4727
1768485600,7111.75,7117.5,7110.5,7114,8325
1768486500,7114.25,7124.75,7113.25,7122.5,13536
1768487400,7122.5,7123.25,7111.5,7117,74751
1768488300,7117,7122,7108,7112.25,63789
1768489200,7112.5,7118.25,7108.75,7116,42950
1768490100,7116.25,7123.5,7112.25,7115.75,45586
1768491000,7115.75,7125.5,7114.75,7115.25,49069
1768491900,7115,7122,7105.75,7120.75,77076
1768492800,7120.75,7125.25,7119.5,7121,33065
1768493700,7121.25,7128.25,7119.75,7124.5,32543
1768494600,7124.25,7126.75,7121,7126,23686
1768495500,7126,7129.75,7123.5,7126.5,22439
1768496400,7126.25,7130.75,7125,7126.25,18568
1768497300,7126.25,7127.25,7120,7120.75,22662
1768498200,7120.5,7123.5,7117.75,7123.5,23080
1768499100,7123.5,7126.25,7115,7116,27408
1768500000,7115.75,7124.25,7114.75,7121.75,20836
1768500900,7122,7125.25,7119.75,7125,12837
1768501800,7124.75,7128.75,7124,7126,17518
1768502700,7126,7126.75,7122.25,7123,11444
1768503600,7123,7123,7113.75,7119.75,28753
1768504500,7119.5,7121,7110.75,7112,25623
1768505400,7111.75,7113.25,7102,7109.5,53936
1768506300,7109.5,7112,7101.5,7103.25,26780
1768507200,7103.25,7106.25,7099.25,7100,31891
1768508100,7100,7100.75,7088.25,7093.75,51272
1768509000,7093.75,7098.25,7089.5,7092.25,31497
1768509900,7092.25,7098.5,7088.5,7098.25,48577
1768510800,7098.25,7100,7094.5,7095,13372
1768511700,7094.75,7096.5,7094.75,7095.25,3481
1768512600,7095.5,7097.25,7094.5,7096.5,3429
1768513500,7096.75,7097.5,7096,7097,3091
1768518000,7098.75,7101,7096.75,7100.75,4198
1768518900,7101,7103.25,7100.25,7102.5,3000
1768519800,7102.5,7103,7099.75,7101.25,1741
1768520700,7101,7104.5,7100.5,7103,1796
1768521600,7103,7105.5,7101,7103,2755
1768522500,7102.75,7104,7102.5,7104,1116
1768523400,7104,7105.5,7103.5,7105.25,1104
1768524300,7105.5,7106,7104,7105.5,1080
1768525200,7105.5,7108.25,7104.75,7104.75,2542
1768526100,7105,7106.25,7102,7105,2540
1768527000,7104.75,7109,7104.75,7106.75,2471
1768527900,7107,7107.75,7106.25,7106.75,728
1768528800,7106.75,7108.75,7105,7108.75,1414
1768529700,7108.5,7110,7108,7110,937
1768530600,7109.75,7111.5,7109.75,7110.75,1615
1768531500,7110.75,7111.75,7110,7111,1037
1768532400,7111,7112,7110.25,7111.25,1133
1768533300,7111.5,7113.5,7111,7111.75,1469
1768534200,7112,7113,7111.75,7112.25,791
1768535100,7112.25,7113,7111.25,7111.75,720
1768536000,7111.75,7113.5,7111.25,7113,805
1768536900,7113.25,7116.75,7112.75,7114.75,2273
1768537800,7114.75,7115.25,7113.75,7114.25,1021
1768538700,7114.25,7116.75,7114.25,7116.5,794
1768539600,7116.75,7117,7114.75,7115,991
1768540500,7115,7117.25,7114.75,7117,618
1768541400,7117,7117.5,7114.25,7115,1179
1768542300,7115,7115.5,7114.25,7115,997
1768543200,7115,7115.5,7113.5,7115,1006
1768544100,7115,7115.75,7114,7114.75,772
1768545000,7115,7115.75,7114.25,7115.5,814
1768545900,7115.5,7117.5,7115.25,7117,950
1768546800,7117.25,7117.75,7115.75,7117,670
1768547700,7116.75,7118.5,7116.25,7117,847
1768548600,7117,7117.25,7114,7117.25,1411
1768549500,7117,7119,7116.25,7116.5,1484
1768550400,7116.5,7120.25,7116,7116.25,2503
1768551300,7116.5,7118,7113.25,7114.5,2101
1768552200,7114.5,7115,7110.25,7112.5,2567
1768553100,7112.5,7116.25,7111.5,7113.5,2064
1768554000,7113.5,7117.5,7113.5,7116,1856
1768554900,7115.75,7117.5,7112,7117,1940
1768555800,7117.25,7117.5,7114,7114.75,1409
1768556700,7114.75,7115,7111.5,7111.5,1163
1768557600,7111.5,7114.75,7110.75,7113.25,1447
1768558500,7113.25,7115.5,7112.25,7115,1245
1768559400,7115,7117.25,7115,7116.25,1673
1768560300,7116.25,7117,7114.5,7115.25,1883
1768561200,7115.25,7116.25,7113,7116,1182
1768562100,7116,7117.5,7115.25,7117,2647
1768563000,7117.25,7117.75,7113.5,7113.75,1939
1768563900,7113.5,7113.75,7105.25,7106.75,6074
1768564800,7106.5,7109.25,7104.5,7108,3863
1768565700,7108.25,7109.25,7103.5,7106.25,3261
1768566600,7106.25,7110,7105,7109.75,3272
1768567500,7109.75,7111,7101,7105.25,6824
1768568400,7105.25,7106,7102.5,7104.5,4948
1768569300,7104.5,7107,7102,7106,5745
1768570200,7106,7108.75,7102.25,7104.5,8002
1768571100,7104.25,7107.5,7104,7104.25,4436
1768572000,7104.25,7107.5,7103.75,7106,9350
1768572900,7105.75,7112.75,7105,7110,26965
1768573800,7110,7115.5,7103.75,7104,65036
1768574700,7104.25,7111.5,7092.25,7092.5,66015
1768575600,7092.5,7101.25,7088.75,7096,61582
1768576500,7095.75,7099,7088,7089.75,63257
1768577400,7089.5,7090.5,7074,7079.75,86569
1768578300,7080,7092,7077.25,7091.75,58439
1768579200,7091.75,7100.25,7088.5,7096,56028
1768580100,7096.5,7102,7094.75,7100.75,36839
1768581000,7101,7106,7100.25,7105.25,28525
1768581900,7105.5,7108.5,7095,7100.5,43462
1768582800,7100.25,7103.25,7098.25,7101,23238
1768583700,7101,7103.5,7097.75,7099,20298
1768584600,7098.5,7102.75,7096,7100.5,22203
1768585500,7100.5,7100.5,7092.5,7092.75,24734
1768586400,7092.75,7101,7091.5,7099,20857
1768587300,7099.25,7105.5,7099.25,7103.75,18846
1768588200,7103.5,7106.25,7101.25,7102.25,12527
1768589100,7102.5,7103.75,7099.5,7100.25,12472
1768590000,7100.25,7111,7098.5,7099.25,35686
1768590900,7099.25,7100.75,7093.5,7094.25,31148
1768591800,7094.5,7104,7094,7101,29545
1768592700,7101.25,7103.75,7099.75,7100.5,14734
1768593600,7100.5,7102.5,7098.75,7101.75,14428
1768594500,7101.75,7102,7095.5,7095.5,16045
1768595400,7095.5,7098.5,7091.75,7094.5,32235
1768596300,7094.25,7099,7088.5,7090,65604
1768597200,7090,7093.75,7087,7089.5,16223
1768598100,7089.75,7092,7089,7091.5,4142
1768599000,7091.75,7091.75,7089.5,7090.25,2395
1768599900,7090.5,7092,7090.25,7091.5,3132
1768777200,7054.5,7054.5,7024.5,7039.5,20957
1768778100,7039.5,7044,7031,7042.25,12868
1768779000,7042.25,7045.5,7039.5,7041.5,6121
1768779900,7041.5,7047.25,7036.25,7047,7740
1768780800,7046.75,7047.25,7035.5,7037.75,5968
1768781700,7037.75,7037.75,7027.75,7032.5,10066
1768782600,7032.25,7039.75,7030,7037.75,5809
1768783500,7037.5,7039.5,7035,7036.75,2640
1768784400,7036.5,7038.5,7031.75,7037.75,3425
1768785300,7037.5,7040.75,7033.25,7034.25,3443
1768786200,7034.5,7036.5,7031.75,7032.25,2838
1768787100,7032.5,7033.5,7027.75,7029.25,4053
1768788000,7029.5,7035.25,7029.25,7034.25,3699
1768788900,7033.75,7034.75,7033,7033.75,1137
1768789800,7033.5,7035,7032,7033.75,1156
1768790700,7033.75,7036.25,7032.75,7036,1306
1768791600,7035.75,7036.25,7032.75,7034.25,1745
1768792500,7034.25,7034.75,7029,7030.5,3235
1768793400,7030.75,7033.5,7029.5,7032.5,1803
1768794300,7032.75,7032.75,7028.25,7031.25,2362
1768795200,7031.25,7032,7029.25,7030,1908
1768796100,7030,7031.25,7029.25,7031,1355
1768797000,7031,7031.75,7030.25,7030.75,865
1768797900,7030.75,7031,7027.75,7028.5,1404
1768798800,7028.75,7030.25,7026.5,7028.25,1849
1768799700,7028.25,7033.5,7026.25,7033.5,2244
1768800600,7033.5,7034.5,7030.75,7032,1350
1768801500,7031.75,7033,7029.25,7030.25,1263
1768802400,7030.5,7033.5,7029.75,7033.25,922
1768803300,7033.25,7033.75,7031,7032,797
1768804200,7032,7034.25,7031,7033.5,1852
1768805100,7033.5,7035.5,7028.75,7029.5,1848
1768806000,7029.25,7030.5,7021.25,7028.75,5817
1768806900,7029,7030.25,7026,7026.25,3101
1768807800,7026,7027,7018.75,7019.5,4441
1768808700,7019.5,7022.75,7017.75,7022,4010
1768809600,7021.75,7029,7021.75,7025.5,7637
1768810500,7025.75,7037,7024.25,7031,7409
1768811400,7031.25,7038,7030.5,7030.75,3754
1768812300,7031,7034.75,7029.75,7034.25,2252
1768813200,7034.5,7035.5,7023.75,7025.5,3967
1768814100,7025.5,7027.75,7011.75,7017.5,10261
1768815000,7017,7019.5,7003.75,7005.5,9422
1768815900,7005.5,7011,7005.5,7008,4558
1768816800,7008,7013.25,7005,7013,3858
1768817700,7013.25,7017,7011.25,7014.75,3104
1768818600,7014.75,7015.25,7006.75,7007.25,2602
1768819500,7007.5,7010.5,7005.5,7007,2335
1768820400,7007,7009.5,7004.75,7008,3305
1768821300,7007.75,7013.75,7007.25,7013,2745
1768822200,7013,7013.25,7009.25,7011.25,2479
1768823100,7011.25,7012.5,7009.5,7012,1792
1768824000,7011.75,7014,7008.5,7012.5,2603
1768824900,7012.5,7015.25,7012,7014,2511
1768825800,7014,7021.75,7013.5,7021.5,4110
1768826700,7021.5,7023.25,7018.5,7019,3781
1768827600,7019,7021.5,7016.75,7016.75,2981
1768828500,7017,7017.25,7010,7012.25,5965
1768829400,7012.25,7019,7010.75,7017.5,3533
1768830300,7017,7020,7015.75,7015.75,3536
1768831200,7016,7020.5,7011.5,7012,6305
1768832100,7012.25,7013,7008,7010,5984
1768833000,7010,7010.75,7001.75,7002.75,13474
1768833900,7002.5,7013.5,7000.75,7013.5,13997
1768834800,7013.25,7018,7012.5,7015,10004
1768835700,7015,7015.5,7008.75,7013,11428
1768836600,7013,7015.75,7009.5,7014.5,9686
1768837500,7014.5,7016.75,7010.25,7015.5,7647
1768838400,7015.75,7025.5,7014.25,7025.25,10885
1768839300,7025.5,7026,7013.5,7015.5,10836
1768840200,7015.5,7023,7015.25,7021.5,9188
1768841100,7021.5,7024.5,7021.5,7023.75,4092
1768842000,7023.5,7028.25,7021.75,7025.25,6045
1768842900,7025.25,7029.75,7024,7029.75,4422
1768843800,7029.75,7030.5,7026.5,7029,4121
1768844700,7029,7030,7025.75,7026.75,4375
1768863600,7027,7030.25,7022.75,7025,6501
1768864500,7025,7027,7024,7025.75,2905
1768865400,7026,7026.5,7022,7023,2534
1768866300,7023,7025,7019.5,7020.5,3362
1768867200,7020.75,7021.25,7014.5,7016,4278
1768868100,7016,7016,7009.5,7010.75,4569
1768869000,7010.75,7024.25,7010,7022.75,5963
1768869900,7023,7024,7016,7017.5,2988
1768870800,7017.75,7023.5,7017.5,7021.5,4047
1768871700,7021.75,7025.75,7020,7025.5,3341
1768872600,7025.25,7026.25,7023.75,7024.25,1672
1768873500,7024.5,7026.5,7023,7024,1502
1768874400,7024.25,7026,7021.75,7022.25,1842
1768875300,7022.5,7022.5,7017,7020.25,3043
1768876200,7020.5,7026,7020.5,7025.5,2643
1768877100,7025.5,7027.25,7024.75,7025.75,2207
1768878000,7025.5,7026.75,7024,7026.25,1477
1768878900,7026,7026.75,7024.75,7025.5,1125
1768879800,7025.25,7026,7023.75,7024,857
1768880700,7024.25,7025.75,7023.25,7023.75,1333
1768881600,7023.75,7024.5,7020.5,7021,1373
1768882500,7021,7022.25,7019.75,7021.5,925
1768883400,7021.25,7022.75,7019.25,7019.75,989
1768884300,7020,7021.25,7015,7017,2089
1768885200,7016.75,7020.25,7015.25,7017.75,2307
1768886100,7018,7022.75,7015.75,7021.75,1803
1768887000,7021.75,7022.5,7017.25,7018.75,1610
1768887900,7018.5,7022,7017.25,7018.5,1651
1768888800,7018.25,7018.75,7011.25,7012.75,3629
1768889700,7012.75,7012.75,6999.25,7000.75,7844
1768890600,7000.5,7002.75,6992,6997.75,10169
1768891500,6998.25,7002.25,6992.5,7001.25,4678
1768892400,7001.5,7003,6997.25,6997.25,3853
1768893300,6997.25,6999.25,6990.25,6997.5,5316
1768894200,6997.5,6998.75,6993.75,6994.25,2266
1768895100,6994.25,6998.25,6991.5,6996,3804
1768896000,6996,6997.25,6985.5,6991.75,9250
1768896900,6991.75,6993,6982,6984.25,7891
1768897800,6984.25,6984.25,6970.5,6979.25,13098
1768898700,6979.25,6983,6976.25,6978,6801
1768899600,6978,6982,6970.25,6973.5,8681
1768900500,6973.25,6974.75,6966.75,6968.25,8302
1768901400,6968,6969,6961.25,6967.25,9558
1768902300,6967,6968.75,6960.5,6965.75,5668
1768903200,6965.75,6973.75,6961,6972.75,5579
1768904100,6973,6981.5,6972.25,6979.75,6527
1768905000,6980,6981.75,6974,6978,4869
1768905900,6978.25,6980.75,6975.75,6976.25,2993
1768906800,6976,6983.25,6975.75,6980.25,4312
1768907700,6980.25,6988,6975.5,6981.75,6799
1768908600,6981.5,6982.75,6977.5,6981.75,3848
1768909500,6981.25,6987.5,6979.75,6983.25,4589
1768910400,6983,6991.5,6980,6990.5,7204
1768911300,6990.5,6992.75,6984.25,6988.75,6738
1768912200,6988.5,6995.75,6987,6995.5,6089
1768913100,6995.5,7000.5,6992.75,6994.25,8904
1768914000,6994.5,6998.75,6988,6988.75,9438
1768914900,6988.5,6998.75,6988.25,6991,11537
1768915800,6991,6991.75,6974,6983.75,40535
1768916700,6984,6986.25,6979.75,6980.75,12696
1768917600,6980.75,6986,6979.25,6982.5,13578
1768918500,6982.5,6986.75,6978.75,6985.25,19024
1768919400,6985.25,7003.25,6982.5,7002.25,83398
1768920300,7002.5,7004,6988.5,6992,68840
1768921200,6991.75,6993.5,6979,6986.75,53548
1768922100,6987,7010.5,6982,7009,61650
1768923000,7009,7018.5,7007,7013.25,50018
1768923900,7013.25,7014.25,6999.75,7008.5,46667
1768924800,7008.75,7016.5,6999.75,7010,50883
1768925700,7009.75,7010.75,6996,7009,42524
1768926600,7009,7014.5,6999.5,7000.25,34175
1768927500,7000.25,7009.5,6993.75,7007.5,46624
1768928400,7007.5,7010,6996.25,7000.75,33029
1768929300,7000.5,7002.75,6991.5,6994.5,29077
1768930200,6994.25,6994.25,6983.25,6983.75,41763
1768931100,6983.5,6983.75,6974.5,6980.75,38728
1768932000,6980.75,6985.25,6978.5,6981.5,21979
1768932900,6981.5,6981.75,6972.25,6973,18929
1768933800,6972.75,6974.5,6960.5,6961.25,33434
1768934700,6961,6962.75,6950,6957.25,40643
1768935600,6957,6962.75,6951,6954.5,27784
1768936500,6954.5,6954.5,6946.75,6950.5,26297
1768937400,6950,6954.75,6942.25,6948.25,36206
1768938300,6948,6952,6945.25,6948.25,22520
1768939200,6948.25,6948.5,6939.25,6940,26139
1768940100,6940.25,6951.75,6938.75,6943.75,39723
1768941000,6944,6947.25,6936.25,6939.75,25994
1768941900,6940,6947.75,6936,6947,49881
1768942800,6947,6954,6942.75,6953,19317
1768943700,6953.25,6953.5,6949,6950.75,4495
1768944600,6950.75,6951,6945.75,6947.5,4077
1768945500,6947.5,6951.75,6947.25,6951,3255
1768950000,6952.5,6957.5,6950.25,6953.25,6283
1768950900,6953.25,6954.25,6951,6951.75,2416
1768951800,6952,6954.25,6951.5,6953.5,1520
1768952700,6953.25,6953.25,6943,6945.5,4963
1768953600,6946,6952.25,6945.75,6951,3064
1768954500,6951.25,6954,6949.75,6953.75,2425
1768955400,6954,6957.75,6953,6955.75,2902
1768956300,6956,6958.75,6955.5,6957.25,2328
1768957200,6957.5,6961.75,6957,6961.5,2896
1768958100,6961.5,6964.25,6960.75,6962.5,3788
1768959000,6962.75,6964.25,6960.75,6963.5,2747
1768959900,6963.5,6965,6962.25,6962.5,2393
1768960800,6962.75,6963.25,6961,6962.75,1479
1768961700,6962.75,6962.75,6958.25,6958.75,2990
1768962600,6959,6960.25,6956.25,6959.25,3570
1768963500,6959.25,6960.25,6957.75,6958.5,1283
1768964400,6958.5,6965,6958.25,6964.25,3485
1768965300,6964.25,6968.25,6963.5,6967.75,3901
1768966200,6968,6968.25,6964,6965,2141
1768967100,6964.75,6965.5,6961,6962.25,2816
1768968000,6962,6965.25,6961.5,6962.25,1811
1768968900,6962.25,6965.5,6959.5,6964,2450
1768969800,6964,6965,6962.5,6963.5,1045
1768970700,6964,6964.5,6962.75,6963,546
1768971600,6962.75,6967,6960,6966.75,2575
1768972500,6966.5,6966.75,6962.25,6964.25,1067
1768973400,6964.25,6967.5,6964.25,6967,862
1768974300,6967,6967.25,6965.75,6966.5,768
1768975200,6966.25,6968,6965,6967.25,936
1768976100,6967.5,6968,6964.75,6966.5,1143
1768977000,6966.5,6969,6964.75,6965.5,2398
1768977900,6965.5,6965.5,6960.75,6961,2008
1768978800,6960.75,6968.75,6960,6968.5,3157
1768979700,6968.75,6970.5,6968.5,6970.25,2243
1768980600,6970,6971.25,6969,6969,1547
1768981500,6968.75,6969.5,6964.75,6966.25,1812
1768982400,6966,6968,6962,6962.75,2882
1768983300,6962.75,6970.25,6962.75,6967.75,3324
1768984200,6967.5,6969.25,6965.25,6969.25,2283
1768985100,6969,6970,6965.75,6966.25,2454
1768986000,6966.25,6968.75,6963.25,6966,2679
1768986900,6965.75,6967.25,6961,6963.25,2194
1768987800,6963,6963.25,6959.25,6960,3168
1768988700,6960.25,6960.25,6950,6950.25,5971
1768989600,6950.25,6957.5,6948.5,6955.25,3982
1768990500,6955.5,6960.25,6953.5,6960,3044
1768991400,6960,6962.75,6958.75,6961.5,2824
1768992300,6961.5,6962.5,6955.25,6955.75,2196
1768993200,6955.5,6956.25,6952,6952.75,3273
1768994100,6952.75,6955.5,6952,6952.75,3407
1768995000,6952.75,6954.75,6946.25,6948.25,4821
1768995900,6948.25,6948.25,6932.25,6933,11292
1768996800,6933,6939.5,6929.5,6935.75,11462
1768997700,6936,6942.5,6933.75,6938.5,5610
1768998600,6938.25,6938.75,6930.5,6932.5,6978
1768999500,6932.5,6939.75,6928,6939.25,7887
1769000400,6939.25,6942.75,6935.5,6939.75,6748
1769001300,6940,6940.75,6934.25,6935,5605
1769002200,6934.75,6936.5,6929.25,6932,10307
1769003100,6932,6945.5,6931.25,6938.5,19069
1769004000,6938.25,6972.5,6935.25,6967.5,56330
1769004900,6967.5,6979.25,6958.25,6966.25,41020
1769005800,6966.5,6977,6959,6969.5,74347
1769006700,6969.75,6996.75,6969.75,6994.75,62293
1769007600,6994.5,6998.25,6986.25,6993,59782
1769008500,6993,7004.5,6990.25,7000.5,59496
1769009400,7000.5,7016.5,6999.75,7015.25,51872
1769010300,7015.5,7022.25,7015.25,7018.25,36952
1769011200,7018.25,7019.25,7011.25,7012.5,38658
1769012100,7012.75,7017,7008.75,7013.25,34323
1769013000,7013.25,7014,6981.75,6982.5,77823
1769013900,6982.5,6989.5,6969,6970.5,67812
1769014800,6970.5,6977.5,6951.25,6953.5,60997
1769015700,6953.5,6973.25,6950.75,6968.5,62396
1769016600,6968.25,6970.25,6959.75,6962.75,38909
1769017500,6962.5,6979.75,6959.75,6976.25,38971
1769018400,6976,6978,6956,6972,48914
1769019300,6972.25,6977.75,6965,6975.75,33037
1769020200,6975.75,6978.75,6967.5,6970.5,31408
1769021100,6970.5,6985.25,6967,6979.75,40458
1769022000,6979.75,6982.5,6969.25,6970.75,30082
1769022900,6970.75,7021,6968.5,7015,68022
1769023800,7014.75,7046.5,7014.25,7043.5,98735
1769024700,7043.5,7058.5,7042.5,7055.75,79578
1769025600,7055.75,7058.75,7040.25,7042,50634
1769026500,7042,7043.5,7023.5,7024.25,56591
1769027400,7024,7032.25,7017.75,7025,47619
1769028300,7024.75,7027,7016.75,7024.25,56396
1769029200,7024.25,7033,7023.5,7031.75,12869
1769030100,7032.25,7033,7027.75,7029.5,4077
1769031000,7029.75,7030,7027.5,7029,2728
1769031900,7029.25,7029.25,7026.25,7028.75,3618
1769036400,7031.25,7041.75,7031.25,7037.25,6484
1769037300,7037.5,7041,7036.5,7040,2170
1769038200,7040,7040.25,7032.75,7035.5,3902
1769039100,7035.25,7039,7034.75,7037.75,1658
1769040000,7037.75,7041.25,7035.25,7040.75,2843
1769040900,7040.75,7043.25,7038.75,7040.75,3101
1769041800,7040.75,7042.75,7036.75,7040,2706
1769042700,7039.75,7042,7039,7040.5,1256
1769043600,7040.5,7041.75,7039,7041.25,1508
1769044500,7041.25,7046.25,7040.5,7045.75,2541
1769045400,7045.75,7046.25,7044,7046.25,2179
1769046300,7046.25,7047.75,7044.5,7046.5,1526
1769047200,7046.5,7048.5,7045.5,7046.75,1418
1769048100,7046.75,7047,7044.25,7045.25,1616
1769049000,7045,7045,7041.5,7042.25,2322
1769049900,7042.5,7044,7041.75,7043,1381
1769050800,7043,7047.25,7043,7045.5,1834
1769051700,7045.5,7047.5,7044.25,7046,1333
1769052600,7046.25,7046.5,7043.75,7044.5,1125
1769053500,7044.5,7046.5,7044,7046,1068
1769054400,7045.75,7046,7044,7045.25,891
1769055300,7045,7045.25,7041.75,7043.75,1333
1769056200,7043.5,7044,7041.75,7042,840
1769057100,7042,7043.75,7041,7043,1365
1769058000,7043,7044,7041,7041.25,793
1769058900,7041.5,7041.5,7039.75,7041,930
1769059800,7041,7041.25,7035,7036.5,2068
1769060700,7036.5,7037.5,7033.25,7034.25,1874
1769061600,7034,7037,7026,7026.75,3941
1769062500,7026.5,7029.75,7024.5,7025.75,2960
1769063400,7025.5,7033,7025.25,7033,2718
1769064300,7032.75,7037,7031.5,7035.25,2799
1769065200,7035.5,7037.75,7028.25,7031.5,3457
1769066100,7031.25,7035,7029.5,7034.75,1841
1769067000,7035,7045.5,7034.75,7044,4365
1769067900,7044.25,7044.25,7038.75,7043.5,2272
1769068800,7043,7051.25,7042.25,7049.75,5846
1769069700,7049.75,7059,7048.5,7055.75,6976
1769070600,7055.75,7061.5,7053.5,7060,5569
1769071500,7059.75,7065.75,7057.75,7060.5,4920
1769072400,7060.5,7067.25,7059.75,7067,3283
1769073300,7067.25,7069.75,7063.5,7065,3784
1769074200,7065,7068.75,7064.25,7067.75,2266
1769075100,7067.75,7069.5,7065.75,7066.5,1636
1769076000,7066.75,7067.5,7062.75,7063.25,2243
1769076900,7063.5,7066,7060,7063.5,5884
1769077800,7063.5,7066,7063,7064,1597
1769078700,7064.25,7066,7063.5,7064.75,1533
1769079600,7064.5,7068.5,7063.75,7063.75,3087
1769080500,7064,7065.25,7058.25,7062.5,4842
1769081400,7062.5,7066.5,7057.5,7059.25,7412
1769082300,7059,7060,7057.25,7058.5,2233
1769083200,7058.5,7060.25,7055.25,7056.75,4073
1769084100,7056.75,7061.5,7056.5,7059.75,3159
1769085000,7059.5,7062.5,7057,7061,5017
1769085900,7061,7062,7058.25,7061.25,3319
1769086800,7060.75,7064.5,7058.5,7061.75,7276
1769087700,7061.75,7064.75,7061.5,7064,4853
1769088600,7064,7067.5,7059.25,7062.25,9962
1769089500,7062,7071.75,7062,7071.25,8804
1769090400,7071,7071.75,7066,7068.25,7949
1769091300,7068.5,7071.75,7066.5,7069.5,11869
1769092200,7069.5,7077.25,7059.75,7064.5,79895
1769093100,7064.5,7066,7043.75,7049,92191
1769094000,7049.25,7054.5,7039,7043.5,62819
1769094900,7043.5,7056.25,7041,7054.25,55698
1769095800,7054.5,7062.75,7050.25,7062.5,39517
1769096700,7062.5,7065.25,7055.25,7056.5,37972
1769097600,7056.5,7068,7056,7067.25,35490
1769098500,7067.25,7071.25,7062.5,7068.5,25492
1769099400,7068.5,7072.75,7066.5,7071.25,20256
1769100300,7071.5,7075.75,7067,7067.75,23164
1769101200,7067.5,7076.25,7064.5,7074.25,29730
1769102100,7074.5,7075.25,7068.25,7073,18178
1769103000,7073.5,7080,7073.25,7078.25,25604
1769103900,7078.25,7081.75,7077.25,7080.25,15756
1769104800,7080.5,7082.25,7074.25,7075.5,23556
1769105700,7075.25,7078.25,7073,7075.25,14168
1769106600,7075,7079.25,7073.25,7074,12678
1769107500,7074.25,7077,7068.75,7070.75,17120
1769108400,7070.75,7080,7070.5,7077.5,20689
1769109300,7077.5,7079.25,7075.5,7077,9368
1769110200,7077,7078,7067.5,7068,22101
1769111100,7068,7069,7057.75,7058.25,27097
1769112000,7058,7062.75,7056.5,7062.5,23013
1769112900,7062.5,7065.75,7051.5,7051.75,25359
1769113800,7051.75,7053,7046,7052,36240
1769114700,7052,7061,7051.75,7059.25,39372
1769115600,7059.5,7062,7055,7058,12156
1769116500,7058,7060.25,7057.25,7059.75,2407
1769117400,7059.75,7060,7056,7056.5,2521
1769118300,7056.25,7058,7049.5,7053.75,3839
1769122800,7052.75,7055.25,7047,7050.5,6040
1769123700,7050.5,7056.25,7050.25,7054.5,3114
1769124600,7054.5,7057.75,7054.5,7056.75,2151
1769125500,7056.5,7057,7052,7054.75,2284
1769126400,7054.5,7058.25,7050.75,7057.25,2967
1769127300,7057,7060,7055.5,7058,2190
1769128200,7058,7062.75,7057.25,7061.75,2328
1769129100,7062,7063.5,7060.5,7063.25,1494
1769130000,7063.25,7067,7062.5,7065.75,3474
1769130900,7065.75,7068.25,7063.5,7065,3502
1769131800,7064.75,7068.25,7064,7066.5,2938
1769132700,7066.25,7070.5,7066,7070.25,1505
1769133600,7070,7070.5,7067.75,7069.25,1229
1769134500,7069.5,7069.75,7067,7068,1358
1769135400,7068,7068,7065.5,7065.5,1156
1769136300,7065.5,7066.5,7065,7065.5,1207
1769137200,7065.25,7070,7065,7069.75,2106
1769138100,7070,7072,7069.75,7071.25,1581
1769139000,7071,7071.5,7068.75,7071,1317
1769139900,7071,7071,7069,7069.75,639
1769140800,7070,7070.75,7069,7070.5,804
1769141700,7070.5,7070.75,7068.25,7070.25,978
1769142600,7070,7071.5,7069.75,7069.75,695
1769143500,7069.75,7072.5,7068.75,7071.25,1116
1769144400,7071.75,7074,7070.5,7073,1001
1769145300,7073,7073.75,7072,7072.5,491
1769146200,7072.25,7073.25,7071.5,7071.75,509
1769147100,7071.75,7074.25,7071.75,7074,644
1769148000,7074.25,7077,7073.5,7075,2066
1769148900,7074.75,7076.5,7073.75,7074.5,1102
1769149800,7074.25,7075.5,7071,7071.25,1108
1769150700,7071.25,7072.25,7070.75,7071,625
1769151600,7071,7072,7069,7069.75,1447
1769152500,7069.75,7074,7069.75,7072.5,1093
1769153400,7072.5,7072.5,7069.25,7070.5,1176
1769154300,7070.5,7070.5,7066.75,7068.5,1904
1769155200,7068.5,7068.5,7062.25,7062.25,3458
1769156100,7062.5,7065.5,7056.25,7058.25,3884
1769157000,7058.25,7059.5,7053,7054.5,4687
1769157900,7055,7057.5,7048.75,7051.5,4008
1769158800,7051.75,7056.25,7050.25,7052,3543
1769159700,7052,7055.75,7051.25,7052.25,3148
1769160600,7052.5,7053,7040.25,7041.5,5882
1769161500,7041.5,7045.25,7038.75,7042.75,4838
1769162400,7042.75,7045,7041,7041.25,2904
1769163300,7041.5,7044,7040.5,7042,2129
1769164200,7041.75,7042,7039.25,7040.25,1930
1769165100,7040.25,7043.25,7039.75,7043,2301
1769166000,7043.5,7055.5,7042.5,7053.5,14793
1769166900,7053.75,7055.75,7051.5,7055.5,2914
1769167800,7055.75,7057.25,7051,7051.75,2900
1769168700,7052,7052.25,7045.25,7047,3440
1769169600,7046.75,7051.75,7046,7049.5,3858
1769170500,7049.25,7051,7047,7050.75,2827
1769171400,7050.75,7053.5,7044.5,7052.75,5153
1769172300,7052.75,7056,7052,7053.75,3741
1769173200,7053.75,7054,7050.25,7052.25,3534
1769174100,7052,7053,7041.25,7041.5,6594
1769175000,7041.75,7047.5,7041.5,7044.25,7906
1769175900,7044.25,7045.75,7039.5,7041.25,7549
1769176800,7041,7044.25,7038.25,7041.25,9976
1769177700,7041.25,7049.75,7040,7048.5,12173
1769178600,7048.5,7054,7038.5,7046.75,62858
1769179500,7046.75,7056,7039.75,7055.75,45660
1769180400,7055.75,7061.75,7051.75,7053.5,45008
1769181300,7053.25,7066,7049.5,7060.25,54130
1769182200,7060.5,7066.25,7059,7064,25291
1769183100,7064,7074.75,7062.5,7072.25,34980
1769184000,7072.25,7077.5,7069.75,7073.5,30169
1769184900,7073.75,7076,7066.75,7068.25,24029
1769185800,7068.25,7074,7061.75,7072,37582
1769186700,7072.25,7074.25,7064,7065.25,24167
1769187600,7065.25,7070.25,7061,7070.25,25086
1769188500,7070.25,7071.5,7065.5,7069.75,16696
1769189400,7070,7070.75,7054.75,7055.5,30042
1769190300,7055.75,7058.75,7044.5,7047,47036
1769191200,7047,7057.75,7045.75,7052.25,35597
1769192100,7052,7058.75,7051.25,7056.5,20585
1769193000,7056.75,7060,7051.5,7054.75,23054
1769193900,7055,7059,7050.75,7057,15916
1769194800,7057,7066.25,7056.75,7062.75,24457
1769195700,7062.75,7069.75,7062,7063,18812
1769196600,7063,7066.5,7056.75,7062.25,21822
1769197500,7062.5,7064.5,7059,7063,14622
1769198400,7063,7063.75,7052.5,7059,25517
1769199300,7059,7063.25,7055.75,7056,18300
1769200200,7056,7061,7053,7059.75,20829
1769201100,7059.5,7063.75,7055.75,7059,36763
1769202000,7059,7059.5,7051,7052,12391
1769202900,7052,7052,7045.75,7047.5,5838
1769203800,7047.5,7050.25,7047,7048.75,2931
1769204700,7048.75,7049.25,7046,7047.5,3246
1769382000,7022.75,7022.75,6993.75,7013.75,16882
1769382900,7014,7023.25,7011.75,7022.5,11356
1769383800,7022.5,7024.5,7014.25,7014.75,8743
1769384700,7014.75,7030,7014,7027.5,8537
1769385600,7028,7035.75,7025.25,7033,8297
1769386500,7033.25,7038.5,7031.75,7037.5,5217
1769387400,7037.25,7038.5,7030,7032.5,4769
1769388300,7032.75,7035.25,7030,7033.25,3329
1769389200,7033,7044,7030.75,7037,7838
1769390100,7037,7047,7037,7044,5888
1769391000,7043.5,7044.5,7040,7042.5,3058
1769391900,7042.25,7046.75,7041.25,7043.5,3474
1769392800,7043.5,7046.5,7042.5,7044.5,2208
1769393700,7044.5,7046.5,7042.25,7043.5,2379
1769394600,7044,7044,7037.25,7037.75,3150
1769395500,7038,7038,7033.75,7036.75,4009
1769396400,7036.5,7045.5,7036.5,7043,4079
1769397300,7042.75,7043.75,7039,7041.25,2911
1769398200,7041.25,7043,7038.75,7040.5,2000
1769399100,7041,7042,7039.25,7040.5,1897
1769400000,7040.75,7040.75,7038.25,7038.75,1526
1769400900,7039,7043.75,7038.5,7043.75,1752
1769401800,7043.75,7045,7037.75,7039,2617
1769402700,7039,7041.5,7038,7040,1200
1769403600,7040.25,7041.5,7038.25,7039.25,1062
1769404500,7039.25,7046,7039.25,7044.75,2110
1769405400,7044.75,7047.5,7043.75,7045.5,2007
1769406300,7045.5,7047.25,7044,7046.75,1531
1769407200,7046.75,7051.5,7046.75,7049.5,3502
1769408100,7049.75,7052.5,7049.5,7051,1838
1769409000,7051.25,7051.5,7046.25,7047.25,2015
1769409900,7047.5,7052,7046.75,7047.25,2309
1769410800,7047.5,7051,7046.75,7051,1572
1769411700,7051,7053.5,7049,7052.75,1699
1769412600,7052.75,7054.25,7049.75,7052.75,1590
1769413500,7052.75,7056.75,7051.5,7054.25,2850
1769414400,7054.5,7058.25,7054.25,7056.75,2879
1769415300,7056.75,7062.75,7055,7060.5,3977
1769416200,7060.25,7062.75,7058.75,7060.5,2308
1769417100,7060.5,7062.5,7059,7061.5,1527
1769418000,7061.5,7063.75,7058.75,7059.25,3021
1769418900,7059.25,7060.75,7056.75,7057.25,3285
1769419800,7057.25,7057.5,7041.5,7041.75,6216
1769420700,7042,7043.75,7035.25,7042,6574
1769421600,7041.75,7046.5,7040.75,7045.25,3652
1769422500,7045.25,7048.25,7042.25,7047.5,3269
1769423400,7047.25,7052.25,7046.25,7049.5,3082
1769424300,7049.5,7051.25,7047.75,7047.75,1790
1769425200,7048,7049.75,7045.75,7047.5,2280
1769426100,7047.75,7048.75,7046.5,7047.5,1411
1769427000,7047.25,7050.25,7046.25,7047,1977
1769427900,7047.25,7051.25,7045.75,7050.25,2047
1769428800,7050,7058.25,7049.75,7057.25,4637
1769429700,7057.25,7057.75,7052.5,7054.5,2928
1769430600,7054.25,7055.5,7051.75,7052.25,2905
1769431500,7052.25,7055.25,7051.5,7054.25,2993
1769432400,7054.25,7059.5,7052.5,7059.25,5690
1769433300,7059.25,7061.5,7056.25,7056.75,5355
1769434200,7056.75,7058,7051,7055.5,6196
1769435100,7055.5,7066.25,7055,7065.25,7939
1769436000,7065.25,7068.75,7065,7066,8367
1769436900,7066,7071.5,7064.5,7071.5,9563
1769437800,7071.5,7090,7065.5,7089,71371
1769438700,7089.25,7093.5,7087.5,7089.75,35154
1769439600,7089.75,7095.5,7084.5,7093,37757
1769440500,7093.25,7101.5,7092,7092.5,45694
1769441400,7092.5,7098,7089.5,7090.25,35489
1769442300,7090.25,7100.75,7090.25,7097.25,27159
1769443200,7097,7098,7093.5,7095.5,22302
1769444100,7095.25,7100,7089.25,7098.5,28308
1769445000,7098.5,7101,7095.75,7096.5,18188
1769445900,7096.25,7099.75,7095,7098.25,12858
1769446800,7098.25,7104.5,7097.5,7102.25,22078
1769447700,7102.5,7104,7101.75,7102.25,9257
1769448600,7102.25,7103.25,7099.75,7102.75,11184
1769449500,7103,7103.25,7097.5,7099.5,13931
1769450400,7099.5,7101,7096.25,7097.75,11928
1769451300,7097.5,7106.25,7096.5,7105.25,18079
1769452200,7105,7108.75,7102,7102.5,20797
1769453100,7102.5,7104.25,7100.5,7103,11062
1769454000,7103,7107,7101.75,7105.25,12525
1769454900,7105.25,7106.25,7101.75,7105.5,11750
1769455800,7105.75,7107.25,7103,7106,10069
1769456700,7106,7106.75,7102.5,7103,9822
1769457600,7103.25,7104.75,7101.25,7103.5,9786
1769458500,7103.5,7104.25,7101.25,7102.5,11486
1769459400,7102.5,7105.5,7100.75,7102.5,11050
1769460300,7102.5,7104.5,7093,7094,45090
1769461200,7094,7095.25,7091,7093.25,14280
1769462100,7093.5,7096.5,7093.25,7096,3955
1769463000,7095.75,7095.75,7093.75,7095.25,2819
1769463900,7095.25,7095.25,7089.25,7090.5,5710
1769468400,7090.5,7092.25,7085.75,7091,4833
1769469300,7091,7097.25,7090.5,7091.25,5041
1769470200,7091.25,7093.25,7090.25,7092.75,1832
1769471100,7092.5,7094.75,7092.25,7094.75,1985
1769472000,7094.5,7094.75,7090.75,7093,1894
1769472900,7093,7096,7092.75,7094.5,1377
1769473800,7094.75,7097,7093.75,7095.5,1313
1769474700,7096,7097.5,7095,7096.75,1256
1769475600,7097,7098.5,7095.25,7098.25,1531
1769476500,7098.5,7100,7097.25,7099.25,1711
1769477400,7099,7100.75,7098.75,7100.25,1901
1769478300,7100.25,7101.75,7099.25,7100.75,1355
1769479200,7101,7106,7100.75,7105.25,2436
1769480100,7105,7107.5,7105,7106.25,1685
1769481000,7106.5,7108.5,7105.5,7108,2182
1769481900,7108,7110.75,7107,7110.5,2149
1769482800,7110.25,7111.25,7109.5,7110,1410
1769483700,7110,7111.25,7109.5,7110,1016
1769484600,7110.25,7111.75,7109.75,7111.5,1289
1769485500,7111.25,7112.5,7110,7111.75,1269
1769486400,7112,7117,7111.5,7115.25,3797
1769487300,7115.25,7116,7113,7114.25,1101
1769488200,7114.25,7115,7113.75,7114.5,734
1769489100,7114.25,7114.75,7113.75,7114,423
1769490000,7114,7114.25,7110.25,7111.75,1843
1769490900,7111.5,7112.25,7110.5,7111.5,837
1769491800,7111.75,7115,7111.75,7114.75,1434
1769492700,7115,7116.75,7114.25,7116.25,1425
1769493600,7116.25,7120.25,7116.25,7118.5,3166
1769494500,7118.5,7119.25,7117.25,7118.5,1242
1769495400,7118.25,7118.75,7114.75,7115,1313
1769496300,7115,7115.75,7113.75,7114.25,1033
1769497200,7114.25,7116.25,7114,7115.25,1556
1769498100,7115.25,7116,7113,7114.5,1007
1769499000,7114.5,7117.5,7113.5,7116.25,1546
1769499900,7116.25,7116.25,7112.75,7115.5,1434
1769500800,7115.5,7116.75,7111.5,7113.5,3269
1769501700,7113.75,7116.25,7110,7110.5,2934
1769502600,7110.5,7111.75,7107.75,7109.75,3637
1769503500,7109.75,7112.5,7109.5,7110.75,1681
1769504400,7110.75,7113,7109,7110,2499
1769505300,7110,7112.25,7109.5,7110.5,1864
1769506200,7110.25,7112.25,7109.75,7110.75,2240
1769507100,7111,7111.5,7108.25,7108.75,2542
1769508000,7108.75,7112.25,7108.25,7111,1585
1769508900,7111,7113,7111,7112.75,1433
1769509800,7112.5,7113.25,7112,7112.25,1027
1769510700,7112.5,7114,7111,7112.5,2310
1769511600,7112.75,7113,7110.25,7112.25,1664
1769512500,7112.25,7112.75,7110.5,7111.75,1267
1769513400,7111.75,7116.75,7111.5,7116,3588
1769514300,7116,7117.25,7114.75,7115.5,1966
1769515200,7115.5,7115.75,7111.25,7111.75,2741
1769516100,7111.75,7112.5,7108.5,7109,3336
1769517000,7109,7113,7108,7111,3314
1769517900,7111.25,7112.5,7110,7110.75,2376
1769518800,7110.5,7113,7110.5,7112.5,2963
1769519700,7112.75,7113,7110,7110.5,1896
1769520600,7110.25,7112.25,7109.25,7111.25,2979
1769521500,7111,7112.5,7107.25,7108.75,4851
1769522400,7108.75,7111.25,7108,7108.25,5369
1769523300,7108.25,7110.5,7105.5,7107.5,12529
1769524200,7107.75,7110.25,7101.75,7107,51689
1769525100,7107.25,7121.25,7107.25,7118.75,47354
1769526000,7118.5,7121.25,7111.5,7117.75,40662
1769526900,7117.5,7120.75,7114,7114,25387
1769527800,7114.25,7126,7113.25,7125,32393
1769528700,7125,7128.25,7124,7126.75,22789
1769529600,7126.75,7129.75,7126.5,7128.75,17757
1769530500,7128.75,7131.75,7127.5,7128.5,16424
1769531400,7128.75,7132.25,7128,7130.25,12565
1769532300,7130,7131,7126.5,7126.5,14292
1769533200,7126.5,7128.25,7124,7124.25,17093
1769534100,7124,7127.75,7120,7126.25,26123
1769535000,7126,7127.25,7122,7123,17365
1769535900,7123.25,7124.5,7120.25,7120.5,11698
1769536800,7120.75,7121,7115.5,7120.5,24759
1769537700,7120.5,7126.25,7120.25,7124.5,16301
1769538600,7124.25,7128,7123.5,7124.25,10840
1769539500,7124,7128.75,7123.75,7126.75,8680
1769540400,7126.75,7127.25,7124,7126.25,10486
1769541300,7126.25,7128.75,7125.75,7128.25,7014
1769542200,7128.5,7130.5,7127,7128.5,10465
1769543100,7128.5,7128.75,7126.75,7127.25,5738
1769544000,7127.25,7130.75,7126.75,7130.5,9791
1769544900,7130.5,7130.75,7126,7126.5,9628
1769545800,7126.5,7127.5,7124.75,7126.5,12467
1769546700,7126.25,7128.5,7121,7122.25,32585
1769547600,7122.25,7123,7119,7120.25,11551
1769548500,7120.5,7124.25,7119.5,7121.75,4592
1769549400,7121.75,7125.5,7121.25,7124.5,3323
1769550300,7124.75,7125,7122.25,7122.75,3167
1769554800,7123,7129.25,7122.75,7128,4592
1769555700,7127.75,7128,7125.25,7126.75,1895
1769556600,7127,7127.25,7125.5,7126.75,1008
1769557500,7126.5,7127,7125.75,7126.25,644
1769558400,7126.25,7131.5,7126,7130.5,2617
1769559300,7130.5,7133.25,7130.25,7132.75,2664
1769560200,7132.5,7140,7132.25,7139.75,5887
1769561100,7139.75,7139.75,7136,7138.25,2243
1769562000,7138.25,7141,7138,7140.5,2630
1769562900,7140.25,7140.25,7138.25,7140,1863
1769563800,7140,7140.25,7137.25,7137.25,1421
1769564700,7137.25,7138.75,7135.75,7137,1913
1769565600,7136.75,7140,7136.5,7138.75,1804
1769566500,7139,7140,7137.75,7138.5,890
1769567400,7138.75,7140.75,7138.25,7138.75,890
1769568300,7138.75,7140.5,7138.5,7139.5,821
1769569200,7139.25,7140.5,7139,7140.25,610
1769570100,7140.25,7140.75,7137.5,7138.5,1420
1769571000,7138.5,7139.75,7137.25,7137.5,849
1769571900,7137.75,7139,7137.25,7137.5,1305
1769572800,7137.5,7141.25,7137.5,7140.25,1237
1769573700,7140.5,7141.25,7140,7141,608
1769574600,7140.75,7141,7139.25,7140.25,872
1769575500,7140.25,7140.5,7139,7140.5,667
1769576400,7140.5,7142.5,7140.25,7142.5,1571
1769577300,7142.25,7143.25,7141.75,7142.5,1039
1769578200,7142.5,7144.75,7142,7144.25,1337
1769579100,7144.25,7146,7144,7145.25,1701
1769580000,7145.25,7155.25,7145.25,7149.75,11767
1769580900,7149.5,7152.25,7148.25,7149.5,2206
1769581800,7149.75,7156.75,7149.5,7150.5,4575
1769582700,7150.25,7152.75,7147.75,7148.25,1962
1769583600,7148.25,7150.5,7146.25,7150,2350
1769584500,7150.25,7150.5,7146.5,7147.75,1586
1769585400,7147.5,7149.5,7144.25,7149,2697
1769586300,7149.25,7151,7147.75,7150.25,1778
1769587200,7150.25,7152.5,7146,7146.5,3114
1769588100,7147,7148.75,7142.5,7145.75,3345
1769589000,7145.75,7147.5,7144.25,7144.5,1870
1769589900,7144.25,7144.5,7139.5,7141,3428
1769590800,7141,7144.75,7140,7142.75,2580
1769591700,7142.75,7143.75,7140.5,7141.75,2085
1769592600,7141.75,7144.5,7140.25,7143.75,1372
1769593500,7143.5,7146.5,7142.5,7145,1618
1769594400,7145.25,7147,7143,7144.5,1610
1769595300,7144.75,7146,7143,7145.25,1618
1769596200,7145.25,7149,7144.75,7148.25,2151
1769597100,7148.25,7150,7146.75,7148.75,2006
1769598000,7149,7149,7143.75,7144,2632
1769598900,7144.5,7147,7142.25,7146.5,2725
1769599800,7146.75,7148.25,7146.5,7146.75,1687
1769600700,7146.5,7148.75,7145.25,7146.25,1990
1769601600,7146.75,7147.25,7135.75,7141,9083
1769602500,7141.5,7142,7135.5,7138.5,5716
1769603400,7138.25,7141.5,7136.5,7140,4297
1769604300,7140,7142,7136.25,7136.25,3358
1769605200,7136.5,7140.5,7132.25,7133,5570
1769606100,7132.75,7138.25,7132.5,7134,4928
1769607000,7134,7135.5,7131,7131.5,5095
1769607900,7131.5,7136.25,7131.25,7135.75,5841
1769608800,7135.75,7136.75,7131.5,7132.75,6079
1769609700,7132.5,7137,7132,7136,8273
1769610600,7136.25,7143,7135,7142.25,50494
1769611500,7142.5,7144.75,7133.75,7137,37684
1769612400,7137,7139.25,7126.75,7126.75,44314
1769613300,7127,7136.75,7126,7130.75,38419
1769614200,7130.75,7133.75,7123,7123.5,32099
1769615100,7123.75,7126.25,7120.75,7121,25636
1769616000,7121,7129,7121,7125.75,24115
1769616900,7125.75,7127.25,7120,7127,22104
1769617800,7127,7127,7113.25,7114.5,30330
1769618700,7114.25,7117.5,7110.5,7112.75,24376
1769619600,7112.75,7121.25,7112.5,7120,21576
1769620500,7120.25,7122.5,7112,7114.25,20824
1769621400,7114,7115.75,7110.5,7113.75,15613
1769622300,7113.75,7120,7112.5,7114,16031
1769623200,7113.75,7118.25,7110.75,7117.5,14338
1769624100,7117.5,7120,7116,7117.25,9496
1769625000,7117.25,7118.75,7114.25,7115.5,8778
1769625900,7115.75,7118.25,7113,7117.5,8192
1769626800,7115.5,7122.5,7103,7114.75,24336
1769627700,7114.5,7119,7106.5,7107.25,14568
1769628600,7107,7126.25,7104.75,7112.5,40649
1769629500,7112.5,7124.25,7111,7114.5,23724
1769630400,7114.5,7127.5,7112.5,7123.25,17141
1769631300,7123.25,7128.5,7119.25,7120,14283
1769632200,7119.75,7122,7115.75,7116.75,14239
1769633100,7116.5,7127.5,7112.5,7120,30346
1769634000,7120,7125.5,7090.75,7123.75,33201
1769634900,7123.5,7135.25,7121.25,7134.75,9729
1769635800,7135,7136.5,7130,7131.75,6450
1769636700,7132,7135.5,7127.75,7130.25,3950
1769641200,7133.5,7135.25,7110.5,7111,8966
1769642100,7110.75,7126,7110.25,7118.75,8596
1769643000,7118.75,7119.5,7113.25,7114.75,4954
1769643900,7114.75,7121.25,7107.75,7109.75,8518
1769644800,7109.75,7112,7099,7107.25,11494
1769645700,7107,7112.75,7103.75,7112.75,4307
1769646600,7112.5,7112.75,7105,7107,3564
1769647500,7107,7112.75,7105.5,7112.75,2317
1769648400,7113,7113.5,7109.25,7111,3125
1769649300,7111.25,7111.75,7100.5,7105.25,4528
1769650200,7105.25,7108,7102.5,7104.75,3037
1769651100,7104.5,7108.5,7103.5,7108.25,1775
1769652000,7108.25,7112.25,7107,7110.25,3039
1769652900,7110.5,7119.25,7110,7118.5,3733
1769653800,7118.25,7119.5,7116.25,7117.25,1855
1769654700,7117.25,7119.75,7114.5,7116.25,2572
1769655600,7116.5,7119.75,7116.5,7119.5,1997
1769656500,7119.5,7122.5,7119.5,7120,1874
1769657400,7120.5,7123,7119.25,7123,1282
1769658300,7122.75,7123.25,7120,7122.25,1179
1769659200,7122.25,7123,7121.25,7122.75,799
1769660100,7122.75,7127,7122.5,7125,2115
1769661000,7124.75,7128,7124.75,7126.75,1045
1769661900,7127,7129.75,7126.5,7128.75,1176
1769662800,7128.75,7129.75,7125.75,7127.25,1561
1769663700,7127.25,7130.25,7127,7129.25,1237
1769664600,7129.75,7133.25,7129.75,7133,1740
1769665500,7133,7133.5,7129.75,7131,1561
1769666400,7131.25,7136.5,7131,7136.5,1943
1769667300,7136.5,7137.5,7133,7134.25,1828
1769668200,7134.25,7136.25,7132,7132.75,1267
1769669100,7132.75,7134,7130.5,7133.25,1620
1769670000,7133.25,7135.25,7132,7134,1265
1769670900,7133.5,7135.25,7131.25,7135,1788
1769671800,7135.25,7142.75,7134.5,7141.75,3717
1769672700,7142,7143,7139,7140,2486
1769673600,7140,7142.5,7132.25,7141.5,7188
1769674500,7141.25,7143,7136.75,7140.5,2897
1769675400,7140.75,7141.75,7137,7141.5,2888
1769676300,7141.5,7142.5,7135.5,7138.25,2984
1769677200,7138.25,7142.25,7138,7140.75,2841
1769678100,7140.75,7142.75,7138,7139,2899
1769679000,7139,7142.5,7137.25,7140.25,2185
1769679900,7140.5,7140.75,7132.25,7132.75,2936
1769680800,7132.5,7134.75,7131.25,7131.75,3098
1769681700,7131.75,7137,7131.5,7135,2189
1769682600,7135,7135.75,7132,7133.5,2250
1769683500,7133.25,7134.25,7126.25,7127.25,2988
1769684400,7127.25,7130.75,7123.5,7128.75,4261
1769685300,7128.75,7132.75,7126.75,7130.5,3010
1769686200,7130.75,7135.75,7130.75,7133.25,5224
1769687100,7133.5,7134.5,7130.25,7132.75,3133
1769688000,7133,7137,7132.25,7135.75,3569
1769688900,7135.75,7137.5,7134,7136,2641
1769689800,7135.75,7136.5,7127.75,7129.75,4324
1769690700,7129.75,7133,7127.25,7132.25,4967
1769691600,7132.5,7135.75,7130.5,7134.25,4344
1769692500,7134,7134.25,7128.75,7133.75,5258
1769693400,7133.5,7140.5,7128.5,7139,5658
1769694300,7138.75,7139.75,7134.75,7137,4539
1769695200,7137.25,7137.5,7126.25,7127,9410
1769696100,7127.25,7129.75,7126.25,7128.5,10792
1769697000,7128.5,7135.25,7096,7096.5,79468
1769697900,7096.25,7104.75,7079,7080,88240
1769698800,7080.25,7080.75,7053.5,7055.5,88822
1769699700,7055.75,7072,7052,7053.5,67360
1769700600,7053.5,7057,7026.5,7029.25,74514
1769701500,7029.5,7036.75,7015.75,7024.25,76311
1769702400,7024.5,7040.25,7011.5,7039.75,76317
1769703300,7040,7050.5,7036.5,7043,56177
1769704200,7042.75,7054.25,7042.25,7048.75,42481
1769705100,7048.75,7054.25,7045.25,7051,33769
1769706000,7051,7072.5,7050,7069.75,38959
1769706900,7070,7077.75,7067,7074.25,34866
1769707800,7074.25,7081.25,7065.75,7071.25,35174
1769708700,7071.25,7071.5,7050.75,7053,42883
1769709600,7052.75,7075.75,7051,7073,33372
1769710500,7072.75,7074.25,7066,7073.5,22199
1769711400,7073.25,7082.25,7065.75,7077.25,29308
1769712300,7077.5,7079.5,7069.75,7069.75,18398
1769713200,7069.75,7083,7066.25,7080,26311
1769714100,7080,7086.25,7078,7085,17880
1769715000,7084.75,7086.5,7076.25,7081.5,22605
1769715900,7081.75,7083.5,7074.75,7075.25,15817
1769716800,7075.5,7084,7074.5,7080,15754
1769717700,7080,7084.5,7078.5,7080,13711
1769718600,7080,7093.25,7078,7090.75,23866
1769719500,7090.75,7112.5,7089,7103.25,55399
1769720400,7103.25,7109.25,7101.25,7103,16489
1769721300,7103,7105.75,7098.75,7103,4398
1769722200,7103,7116,7102.25,7103.75,11651
1769723100,7104.5,7107.75,7101.5,7103.5,3406
1769727600,7105,7108,7087.25,7087.75,9682
1769728500,7087.5,7101.75,7081,7095,10849
1769729400,7094.5,7108.5,7094.5,7106.25,6671
1769730300,7106.5,7107.5,7098.75,7100.25,3460
1769731200,7100.25,7103.5,7094.75,7097.75,3760
1769732100,7097.75,7100.75,7088.25,7092,7014
1769733000,7092.25,7104.5,7089.25,7090,6907
1769733900,7090,7094.25,7088,7090.25,2386
1769734800,7090.75,7091.25,7083.25,7084.5,4081
1769735700,7084.5,7085.75,7080,7081.25,3412
1769736600,7081.5,7082,7065.75,7070.75,7103
1769737500,7070.75,7078.5,7067.75,7076.5,5415
1769738400,7076.5,7077.75,7069.25,7070.5,4871
1769739300,7070.75,7074.25,7058.75,7059,8731
1769740200,7059,7066.5,7056.75,7063.5,5133
1769741100,7063.5,7075,7062.75,7074.5,4511
1769742000,7074.5,7084.25,7074.25,7079.25,5704
1769742900,7079.25,7082.25,7074.5,7078.5,4033
1769743800,7078.5,7085.25,7077.5,7080.5,3313
1769744700,7080.75,7085.5,7079.25,7079.5,2472
1769745600,7079.5,7085.5,7078.75,7085.25,1691
1769746500,7085.5,7087,7080.25,7083.75,2088
1769747400,7083.75,7087,7083,7083.75,1391
1769748300,7083.75,7084.75,7077.75,7079,1690
1769749200,7079.25,7083.75,7077.5,7079.25,1797
1769750100,7079,7080.25,7076,7078.75,1874
1769751000,7078.25,7078.75,7073,7073.5,1908
1769751900,7073.25,7076.25,7070,7070.25,1903
1769752800,7070.5,7071.5,7063.75,7066,2557
1769753700,7066,7066.5,7053.75,7059.5,4070
1769754600,7059.25,7065,7057,7060.75,2953
1769755500,7060.5,7062.5,7048.5,7051.5,5936
1769756400,7051,7063.25,7050,7059.75,3675
1769757300,7060,7060.25,7052.5,7054,2916
1769758200,7053.75,7057.25,7044.75,7050.25,4189
1769759100,7050.5,7052.25,7041.5,7043.75,3648
1769760000,7043.75,7052,7039.5,7051.25,7157
1769760900,7051,7056.75,7046.5,7051.75,5517
1769761800,7051.5,7051.75,7039.75,7046.75,5754
1769762700,7046.75,7059,7044,7054.5,4385
1769763600,7055,7058.75,7044.75,7046.25,5080
1769764500,7046.25,7050.25,7042.75,7045.5,3526
1769765400,7045.5,7049.25,7041.5,7043,3262
1769766300,7043,7043.75,7031,7040,8039
1769767200,7039.75,7048.75,7039.5,7047.25,4033
1769768100,7047.5,7049.5,7043.25,7045.5,3265
1769769000,7045.5,7056.75,7045.5,7054,4649
1769769900,7054,7057.25,7051,7052,3245
1769770800,7052.5,7062,7051.75,7061.75,3985
1769771700,7062,7066.5,7060.75,7066.25,4486
1769772600,7066.25,7074.25,7065.5,7071.75,5247
1769773500,7071.75,7084.5,7063.5,7082.25,10020
1769774400,7082.25,7089.25,7078.5,7080.5,7838
1769775300,7080.5,7084,7076.5,7079.5,5194
1769776200,7079.25,7085.5,7075.25,7075.75,4816
1769777100,7075.75,7080.25,7070.25,7075,7318
1769778000,7074.75,7083.5,7072.75,7082.25,5871
1769778900,7082.25,7083.5,7071.75,7079.25,4765
1769779800,7076.75,7076.75,7060.75,7075.25,11454
1769780700,7075.5,7076.25,7068.25,7070.5,7327
1769781600,7070.5,7079.25,7068.25,7077.75,11076
1769782500,7077.5,7081.5,7074,7079.75,10720
1769783400,7079.75,7099,7075,7088.25,64713
1769784300,7088,7095,7073.75,7078.75,52611
1769785200,7078.5,7102.5,7078,7096.5,52677
1769786100,7096.5,7100,7074,7075.5,44325
1769787000,7075.5,7099.75,7070.5,7096.75,49351
1769787900,7096.75,7104.25,7081,7083,39049
1769788800,7082.75,7089,7077.5,7081.25,31594
1769789700,7081.25,7081.5,7064,7072,44976
1769790600,7072.25,7086,7070,7080.5,40049
1769791500,7080.5,7081,7065,7068,31389
1769792400,7068.25,7069.25,7048.5,7052.5,46189
1769793300,7052.5,7073.5,7050.25,7072.5,37598
1769794200,7072.25,7077,7057,7066.5,35371
1769795100,7066.75,7073,7052.5,7053,30298
1769796000,7052.75,7064,7050,7053.5,25613
1769796900,7053.5,7056.75,7032.25,7056,47479
1769797800,7056,7058.25,7039.5,7050,33552
1769798700,7049.75,7082.5,7049,7075.5,40042
1769799600,7075.5,7088.75,7075,7081.25,33369
1769800500,7081.25,7088.5,7074.25,7074.75,23216
1769801400,7074.75,7082,7067,7074.25,30545
1769802300,7074,7084.5,7065.75,7067,26176
1769803200,7067,7073.75,7060.75,7061.5,21822
1769804100,7061.5,7066.25,7054.25,7061.5,27437
1769805000,7062,7074.75,7060.75,7073.25,24907
1769805900,7073.25,7090.25,7069.75,7081.5,61177
1769806800,7081.25,7087,7071,7077,13645
1769807700,7076.75,7083.25,7075.5,7076.75,3542
1769808600,7076.75,7077.75,7071,7072,2736
1769809500,7071.75,7077.25,7071,7074.75,3282
1769986800,7053,7058.75,7033.5,7042,22957
1769987700,7042,7046,7031.25,7043,11529
1769988600,7043,7063.5,7040.75,7061.5,12389
1769989500,7061.75,7066,7058.75,7060.25,7721
1769990400,7060,7068,7051.25,7065.5,10031
1769991300,7065.25,7074,7064.25,7070,7908
1769992200,7070.25,7079,7067.5,7076,7011
1769993100,7075.75,7077.5,7071.5,7072,3872
1769994000,7072.25,7076.5,7045.75,7050,12258
1769994900,7049.75,7058.75,7046.75,7054.75,9059
1769995800,7055,7055.75,7041,7042.25,11012
1769996700,7042,7043.75,7029,7030.75,12293
1769997600,7031,7038,7025.5,7032.5,9546
1769998500,7032.5,7036.75,7027,7030.75,7636
1769999400,7030.5,7036,7026,7031.75,5587
1770000300,7031.5,7032.75,7018.5,7020,8378
1770001200,7020,7023.5,7009,7014,6448
1770002100,7013.75,7018.5,7010,7012,6474
1770003000,7011.75,7013.75,6999.5,7003.5,10320
1770003900,7003,7008,6996.5,6999.25,9087
1770004800,6999.75,7000.75,6986,6992.75,11372
1770005700,6993,7006.25,6991,7002,8075
1770006600,7002,7016,7001.75,7014.5,6759
1770007500,7014.25,7015.25,7008.5,7010.5,3506
1770008400,7010.5,7011.25,7001.25,7005.25,5160
1770009300,7005.25,7007.5,6997,6998.25,4067
1770010200,6998.25,6999.25,6991.25,6994.75,6135
1770011100,6994.75,7000.75,6990.75,6994.25,5251
1770012000,6994,6998.75,6987.25,6987.5,4715
1770012900,6987.5,6991.25,6982.25,6990.5,8093
1770013800,6990.25,6992.75,6977.75,6988.75,6791
1770014700,6988.75,6990,6981.25,6988.75,5020
1770015600,6988.75,7002.5,6988.25,6995.5,8481
1770016500,6995.5,7003,6991.5,7002.25,3999
1770017400,7002.25,7006.25,6998.25,7001,4138
1770018300,7001,7010.75,7000.5,7010.25,4376
1770019200,7010,7020,7008.5,7016.5,8114
1770020100,7016.25,7024.25,7015.25,7021,6218
1770021000,7021,7031.25,7020.25,7028.75,5909
1770021900,7029.25,7034.5,7027.75,7031,3917
1770022800,7031,7031.75,7020.75,7026.5,7567
1770023700,7026.75,7041.25,7022.75,7036.5,6922
1770024600,7036.5,7042.25,7035,7037.75,3829
1770025500,7037.75,7041.25,7036.75,7038.75,2394
1770026400,7039,7043.25,7035.25,7037.5,3489
1770027300,7037.75,7041,7035.75,7038,2438
1770028200,7037.75,7040.25,7029,7030.5,4723
1770029100,7031,7032.5,7028,7030.75,2731
1770030000,7030.75,7039.75,7029.25,7039.75,3111
1770030900,7039.75,7045.75,7035.75,7045.75,3544
1770031800,7045.25,7048,7042,7046.25,4206
1770032700,7046.5,7050.75,7043.75,7045.5,4232
1770033600,7045,7052,7044.5,7049.75,4048
1770034500,7049.75,7056.25,7049,7055.5,5017
1770035400,7055.25,7058.25,7054.5,7057.25,3954
1770036300,7057.25,7058,7048,7050,5568
1770037200,7049.75,7051.25,7043.5,7051,7171
1770038100,7051.25,7052.5,7046.5,7047,5218
1770039000,7047,7051,7043.25,7051,5525
1770039900,7050.75,7058.5,7050.25,7055.75,6218
1770040800,7056,7060.5,7054.75,7059.25,8437
1770041700,7059.25,7060.5,7056.25,7057.25,9165
1770042600,7057,7089,7055,7087,77183
1770043500,7087.25,7100,7083.25,7087.5,56872
1770044400,7087.5,7114,7084.25,7112.5,52763
1770045300,7112.5,7118.5,7107,7108.25,39954
1770046200,7108.5,7119,7105.75,7112.75,34265
1770047100,7112.25,7113.5,7104.75,7108.75,29102
1770048000,7108.5,7112.75,7100.25,7112,32329
1770048900,7111.75,7118.25,7110.25,7116.75,21091
1770049800,7116.75,7117,7110,7112.5,17090
1770050700,7112.75,7120,7106,7118.75,23057
1770051600,7118.75,7126.75,7117.75,7123.25,24972
1770052500,7123,7125.5,7120.5,7123.75,13701
1770053400,7123.5,7127.5,7121.75,7124,13328
1770054300,7124,7131,7123.75,7125.5,15957
1770055200,7125.5,7129.75,7123.5,7123.75,11635
1770056100,7123.75,7124.5,7117.5,7121.75,16916
1770057000,7121.75,7126.75,7121.5,7125.5,11924
1770057900,7125.75,7129,7125.5,7126.5,10322
1770058800,7126.25,7130.25,7125,7128.5,9889
1770059700,7128.5,7130,7127.5,7129.5,8047
1770060600,7129.25,7129.5,7123,7127,15449
1770061500,7127,7129.5,7114.75,7116.5,23658
1770062400,7116.5,7126.25,7111.5,7119,31397
1770063300,7119,7123.75,7115.75,7119.25,17920
1770064200,7119,7120.5,7113.5,7114,17073
1770065100,7114,7119.5,7112,7116.5,38956
1770066000,7116.5,7120.75,7111,7118,16420
1770066900,7118.25,7119.5,7115.5,7117.75,3237
1770067800,7117.75,7119.5,7115.75,7116.25,4644
1770068700,7116.25,7118.25,7115.25,7116.5,3636
1770073200,7117.75,7130.25,7116,7125.25,7665
1770074100,7125.5,7129,7125,7128,2543
1770075000,7128.25,7136,7127,7132,7018
1770075900,7131.75,7132.5,7128.25,7129.25,2807
1770076800,7128.75,7130,7123,7128.25,4960
1770077700,7128.5,7136.75,7127.25,7134.25,4760
1770078600,7134.25,7135.5,7130.75,7132.25,2410
1770079500,7132,7132.5,7129.25,7132,1996
1770080400,7131.75,7135.75,7130.5,7135.25,2528
1770081300,7135.25,7137,7133.5,7134.25,2232
1770082200,7133.75,7134.25,7130.25,7133,2243
1770083100,7133,7133.25,7128.5,7131,2283
1770084000,7130.75,7130.75,7125,7126.25,2687
1770084900,7126,7130.5,7125.25,7125.75,2581
1770085800,7125.75,7126.5,7121.5,7123.5,3057
1770086700,7123.25,7127.25,7121.75,7126.25,2994
1770087600,7126,7129.75,7124.75,7125.5,2531
1770088500,7125.5,7129.75,7124,7128.25,2027
1770089400,7128.25,7131.75,7126.25,7131.75,1732
1770090300,7131.75,7132.25,7129.25,7131,1581
1770091200,7131,7134.25,7131,7132.25,1427
1770092100,7132.25,7132.5,7130,7131.5,1095
1770093000,7131.5,7135.25,7131.5,7135,1582
1770093900,7135,7136.5,7134,7135.75,1224
1770094800,7135.75,7136,7129.5,7130.5,1972
1770095700,7130.75,7133.75,7129.75,7131.75,1229
1770096600,7132,7134.25,7131,7133.5,992
1770097500,7133.5,7137,7133.25,7134.75,1512
1770098400,7135,7137,7132.5,7136.75,1306
1770099300,7136.5,7137.75,7134.75,7134.75,1658
1770100200,7134.75,7138.25,7133.75,7137.25,1916
1770101100,7137.25,7137.5,7134.75,7135.25,909
1770102000,7135,7137.5,7134.5,7136,1783
1770102900,7136.25,7136.75,7132.25,7134,1469
1770103800,7134,7137.5,7133.25,7137.25,1682
1770104700,7137.5,7139.5,7136.75,7137,2404
1770105600,7136.75,7140.75,7132.75,7140,4936
1770106500,7140,7140.5,7136,7136,2105
1770107400,7135.75,7136.25,7131.75,7134.25,2491
1770108300,7134,7134.5,7129.5,7131.25,2124
1770109200,7131,7136.75,7130.5,7130.75,3017
1770110100,7131,7132.75,7127.75,7128.25,2847
1770111000,7129,7130.75,7125.75,7128,2363
1770111900,7128,7129.25,7125.5,7127.75,1710
1770112800,7127.75,7131.75,7127.75,7129.75,2260
1770113700,7130,7131,7127.25,7128,1789
1770114600,7127.75,7127.75,7123.5,7124.5,2378
1770115500,7124.25,7126.25,7123.75,7124.75,1752
1770116400,7124.75,7126.25,7122,7125.25,3511
1770117300,7125,7127,7123.25,7124.25,2575
1770118200,7124,7124.5,7120.5,7124,3427
1770119100,7124,7125.5,7120.75,7124.5,2625
1770120000,7124.25,7130,7121.5,7129.75,4488
1770120900,7130,7134,7128.25,7133.25,4257
1770121800,7133,7135.75,7132.5,7134.75,2976
1770122700,7134.75,7136.75,7132.75,7133.5,3933
1770123600,7133.5,7135,7131.25,7132,4006
1770124500,7132.25,7134.25,7129.25,7133.25,4048
1770125400,7133.5,7135.25,7129.25,7129.75,4164
1770126300,7129.75,7131.5,7128.25,7128.75,4482
1770127200,7128.75,7130.25,7124.75,7125.5,7302
1770128100,7125.5,7125.75,7121,7122.75,10078
1770129000,7123,7130.5,7109.25,7112.25,75411
1770129900,7112.25,7122.25,7093.5,7095.5,69052
1770130800,7095.5,7097.5,7076,7079.25,82833
1770131700,7079.25,7089.25,7067.75,7081.75,73232
1770132600,7081.75,7086,7070.5,7073.5,50459
1770133500,7073.5,7094.5,7069,7091.5,60941
1770134400,7091.5,7092.25,7078.75,7080.25,42440
1770135300,7080.25,7084,7066.25,7067.75,46456
1770136200,7068,7074.25,7063.75,7069.75,40054
1770137100,7069.5,7074.5,7062.5,7066.25,33122
1770138000,7066.25,7067.5,7045.75,7051,52890
1770138900,7050.75,7061.25,7047.75,7048,40034
1770139800,7048,7049.25,7033.5,7036,45655
1770140700,7036,7047.25,7034.25,7036.75,38456
1770141600,7036.5,7045,7023.5,7026.75,45815
1770142500,7026.5,7033.25,7022,7023.25,37761
1770143400,7023,7023.75,7016,7017.25,33099
1770144300,7017,7019.5,7007.75,7008,31874
1770145200,7008,7024.25,6999.75,7023.5,57829
1770146100,7023.5,7032,7016.5,7021.75,56005
1770147000,7021.5,7028.5,7017.5,7021,36611
1770147900,7021,7030.5,7010.75,7028,44038
1770148800,7027.75,7030.5,7022.25,7030.25,25290
1770149700,7030,7038,7025.5,7035,32734
1770150600,7035.25,7052,7034.75,7045.75,39663
1770151500,7045.75,7057.5,7044,7054.5,46301
1770152400,7054.25,7058.5,7051.5,7055,16779
1770153300,7055.25,7059.5,7045.25,7053.75,10125
1770154200,7053.5,7054,7047.75,7051,5862
1770155100,7051.25,7052.75,7047.25,7052,3925
1770159600,7049.25,7055.25,7045,7054.75,5777
1770160500,7054.75,7058,7047.25,7048.75,4827
1770161400,7048.75,7051,7047.25,7051,2026
1770162300,7050.75,7056.75,7048.5,7056,3142
1770163200,7056,7057.25,7048.5,7050.5,4318
1770164100,7050.75,7056,7050.25,7052,2713
1770165000,7051.75,7056,7049.75,7051.25,2019
1770165900,7051.25,7052.75,7047,7047.5,2602
1770166800,7047.75,7058.5,7047.75,7058,4844
1770167700,7057.75,7060,7056.25,7058.75,2929
1770168600,7058.75,7060.25,7054.75,7056.5,2403
1770169500,7056.5,7059,7053.75,7057.75,2240
1770170400,7058.25,7064.75,7058.25,7061.75,4738
1770171300,7062,7063.5,7055,7057,2576
1770172200,7057,7059,7053.25,7057,2259
1770173100,7057,7058.25,7052.75,7056.25,2084
1770174000,7056,7059.5,7054,7058,1654
1770174900,7058,7059.5,7054.25,7057.75,3129
1770175800,7057.75,7063,7057.5,7059.75,2577
1770176700,7059.5,7060.75,7055.75,7060.25,2681
1770177600,7060.5,7061.5,7058.75,7060.5,1077
1770178500,7060.25,7060.5,7057.25,7058.75,890
1770179400,7058.75,7062,7058.75,7060.75,897
1770180300,7061,7061.25,7057.75,7059.25,792
1770181200,7059.5,7060.5,7057,7057.25,1371
1770182100,7057.5,7060.25,7057.25,7059,562
1770183000,7059.25,7059.5,7055.25,7058.5,1004
1770183900,7058.5,7062.25,7058.5,7062,891
1770184800,7062.25,7066.75,7060.75,7065,2006
1770185700,7065.5,7066,7060.75,7064.25,1607
1770186600,7064.25,7069.25,7063,7069,2517
1770187500,7069.25,7072.5,7067.75,7068.75,2906
1770188400,7068.75,7073,7067.75,7072,2023
1770189300,7072,7073,7071,7071.75,1000
1770190200,7071.75,7073.5,7068.75,7073,1752
1770191100,7073,7074.5,7071.5,7072.25,1410
1770192000,7072.25,7073.5,7063.75,7072,5517
1770192900,7072,7072.5,7056,7056.75,5971
1770193800,7056.75,7063.75,7054.5,7063.5,5432
1770194700,7064,7064.25,7057,7060,2963
1770195600,7059.75,7063.75,7055,7056,3820
1770196500,7056,7056.75,7047.5,7051.5,6913
1770197400,7051.25,7054.25,7046,7049,3904
1770198300,7049.25,7055.5,7048,7054.25,2908
1770199200,7054,7061.75,7052.25,7058.25,4048
1770200100,7058,7063,7057.5,7062.25,3262
1770201000,7062.5,7067.75,7061.5,7063,3542
1770201900,7063.25,7065.75,7060.75,7063.5,2085
1770202800,7063.75,7065.5,7060.75,7062.75,1839
1770203700,7062.75,7066.5,7061.25,7064.5,2272
1770204600,7064.5,7069.5,7063.25,7066.25,2595
1770205500,7066.25,7079,7066.25,7074.75,8788
1770206400,7074.75,7078.5,7068.5,7073.25,4629
1770207300,7073.25,7074.5,7067,7068.75,3103
1770208200,7068.75,7072.25,7063.75,7067.25,3554
1770209100,7067.25,7070.5,7063.75,7065.75,3762
1770210000,7065.75,7067,7059.75,7062.5,6060
1770210900,7063.25,7067.25,7061,7065.5,4851
1770211800,7065.5,7072.5,7061.75,7068,9817
1770212700,7067.75,7068,7058,7059.75,8345
1770213600,7059.75,7060,7054.25,7059,10797
1770214500,7059,7063.75,7055,7063,9669
1770215400,7062.75,7072,7049,7065.75,78324
1770216300,7065.5,7074,7037.25,7040.75,58549
1770217200,7040.75,7055.5,7024,7048,87006
1770218100,7048.25,7067.75,7042.5,7058.25,61937
1770219000,7058.25,7062,7032.25,7055,80252
1770219900,7055,7057,7041,7045,43101
1770220800,7045,7048,7024.5,7037.5,62952
1770221700,7037.5,7043.75,7022.75,7042.5,48662
1770222600,7042.5,7044,7012.5,7013.25,39501
1770223500,7013,7026.75,7002,7024.75,58870
1770224400,7024.5,7030,7017.25,7027,40079
1770225300,7026.5,7028.5,6990.75,6995.5,58773
1770226200,6995.5,7006.75,6978.5,6989.5,68465
1770227100,6989.75,6997.5,6976,6995.25,52123
1770228000,6995.25,6999.25,6981.75,6987.25,45051
1770228900,6987.25,7009,6982.25,7007,39511
1770229800,7007,7009.5,6989.75,6999.5,41637
1770230700,6999.5,7014,6990.25,7005.25,40862
1770231600,7005.25,7007.75,6992.25,7001.5,40058
1770232500,7001.25,7012.75,7000,7012,31521
1770233400,7012,7028.75,7011.5,7024.75,39084
1770234300,7024.5,7043.75,7022,7041.75,67056
1770235200,7041.5,7043.75,7026.25,7033.75,33224
1770236100,7034,7040.5,7029.75,7034.25,27208
1770237000,7034.25,7042.25,7031.75,7036.75,20068
1770237900,7037,7046.75,7015.25,7019.75,26841
1770238800,7020.25,7039,7004.25,7036.75,20927
1770239700,7036.5,7037.75,7025.25,7033.75,4778
1770240600,7033.75,7054.75,7033.25,7049.25,9585
1770241500,7049.25,7052.75,7042,7042.25,4326
1770246000,7030.25,7039.75,7028,7034.5,6840
1770246900,7034.5,7039,7033,7037.75,3117
1770247800,7037.75,7042.5,7031.5,7033.75,4770
1770248700,7033.75,7038.25,7027.25,7031.75,4029
1770249600,7031.75,7033,7025,7031,4852
1770250500,7031,7042,7030.75,7040.25,3712
1770251400,7040.5,7043.75,7038,7042.25,2847
1770252300,7042.25,7043.5,7038,7038,2439
1770253200,7038.25,7046.5,7037,7045.5,3865
1770254100,7045.5,7047.75,7038,7041.75,3883
1770255000,7042,7048.5,7040.75,7046.75,2943
1770255900,7047,7048.25,7042.75,7044.5,2038
1770256800,7045,7046.25,7021.5,7022,8123
1770257700,7022.25,7030.25,7012.25,7028.75,10925
1770258600,7028.75,7035,7027.5,7031.25,5283
1770259500,7031,7032,7009,7010.25,8654
1770260400,7010.25,7020.25,7008,7018.25,7412
1770261300,7018,7022.75,7013.75,7018.25,4750
1770262200,7018.75,7019.75,7009.75,7015.5,5219
1770263100,7015,7015.25,7002.5,7004.5,5683
1770264000,7005,7012.25,7004.5,7007.5,4081
1770264900,7007.75,7008.75,7001.5,7007,3449
1770265800,7007.25,7018.25,7005.25,7017.75,4302
1770266700,7017.75,7020.5,7016.25,7017.5,2776
1770267600,7017.75,7019.75,7012,7012.25,3222
1770268500,7012.25,7016.25,7007,7015,3344
1770269400,7015,7022.25,7011.75,7019.5,3526
1770270300,7019.5,7020.75,7012.25,7014,2302
1770271200,7014,7021,7013.5,7019.5,2437
1770272100,7019.5,7023.25,7015.5,7019.25,3185
1770273000,7018.75,7024.25,7017,7023,2569
1770273900,7023,7027.25,7023,7026.5,2273
1770274800,7026.5,7029,7025,7025.25,2717
1770275700,7025,7030.75,7023.75,7028.75,2237
1770276600,7028.75,7030.75,7023.25,7025,2128
1770277500,7025,7029.75,7020.5,7021.5,2942
1770278400,7021.5,7034.75,7021.25,7032.5,5929
1770279300,7032.75,7037.25,7028.25,7031.25,4042
1770280200,7031,7035.5,7025.25,7029.75,4441
1770281100,7029.5,7029.75,7014.25,7014.25,6516
1770282000,7014.5,7021.5,7009,7012.5,6696
1770282900,7012.5,7027,7009,7026.75,4609
1770283800,7026.75,7032.25,7018.5,7019.25,4385
1770284700,7019.25,7023.25,7014.25,7018.75,3622
1770285600,7019,7029.25,7016.75,7029,3744
1770286500,7029.25,7031.75,7026.5,7030.75,3032
1770287400,7031,7031.5,7017.75,7019.75,4032
1770288300,7020,7024.5,7019,7021.5,2086
1770289200,7021.25,7024.5,7018,7023,2744
1770290100,7023,7030,7022.75,7022.75,3509
1770291000,7022.5,7026.75,7017.75,7024.25,3968
1770291900,7024.25,7029,7022.5,7028.5,3095
1770292800,7028.25,7034,7023.5,7031.25,5033
1770293700,7031.25,7032.75,6995.5,7000.5,13018
1770294600,7000,7003.5,6974.25,6981.75,23692
1770295500,6981.75,6986,6969.75,6984,17991
1770296400,6983.75,6990.75,6977,6982,10674
1770297300,6982.5,6987.25,6976.75,6981,8534
1770298200,6981.25,6993,6973.75,6980.25,11903
1770299100,6980.25,6981.5,6968,6971,13061
1770300000,6970.5,6982.5,6963.5,6969.5,20493
1770300900,6969.5,6972,6960.25,6967,21012
1770301800,6967,6991.5,6944.75,6987.25,110195
1770302700,6987.25,6995,6960.25,6963.5,75779
1770303600,6963.5,6971.5,6925,6925.5,76333
1770304500,6925.5,6943,6918.5,6923.5,72272
1770305400,6923.5,6942.25,6916.25,6936.25,53981
1770306300,6936,6939.75,6917.5,6930.5,44054
1770307200,6930.75,6933.75,6914.75,6915.75,35955
1770308100,6916,6955.5,6915.5,6954,54692
1770309000,6954.25,6964.75,6951.75,6956.75,42684
1770309900,6957,6972.75,6946.75,6969.75,42251
1770310800,6969.5,6971,6949.75,6957.5,29416
1770311700,6957.5,6977,6947,6972.5,30644
1770312600,6972.75,6980.25,6964.5,6974.75,29215
1770313500,6974.75,6983.75,6958.75,6961.75,31368
1770314400,6962,6970.75,6954.75,6959,25951
1770315300,6958.75,6961.25,6946,6949,21304
1770316200,6948.75,6957.5,6942.25,6947.5,21649
1770317100,6947.25,6949.75,6934,6940,21049
1770318000,6940.5,6966,6937.5,6963.25,29038
1770318900,6963.5,6972.5,6958.25,6960,22781
1770319800,6959.5,6960,6942.75,6946,26661
1770320700,6946,6950,6940.75,6948,16868
1770321600,6948,6966.5,6943.75,6955.75,24921
1770322500,6955.75,6956.25,6933.5,6935,26868
1770323400,6935,6941,6926,6928.25,27670
1770324300,6928.25,6938,6918.75,6931.5,37689
1770325200,6931.5,6942,6912,6929.5,26739
1770326100,6929,6930.5,6914,6918.5,8080
1770327000,6918.5,6919.25,6899.25,6903.25,11625
1770327900,6903.25,6907.25,6898.5,6902.25,8017
1770332400,6900.25,6908.25,6894,6901.75,8974
1770333300,6902,6904.25,6887.5,6900.75,9869
1770334200,6900.5,6902.75,6886.75,6888,8359
1770335100,6888,6888.5,6877.5,6885,10265
1770336000,6884.75,6885.5,6869.75,6871,11566
1770336900,6871,6891.75,6865,6889,14400
1770337800,6888.75,6895.75,6885.75,6891.25,8869
1770338700,6891.25,6897.75,6885.25,6896,6980
1770339600,6896,6903.25,6890.75,6891,7670
1770340500,6891.5,6893.75,6882,6887.5,7987
1770341400,6887.75,6909,6887.75,6908.75,8340
1770342300,6908.75,6918,6905.5,6917,7356
1770343200,6917,6924,6916.5,6920.5,6879
1770344100,6921,6924.5,6915.25,6922,5088
1770345000,6922,6924,6917,6919.25,4147
1770345900,6919.5,6921.5,6912,6917.75,4750
1770346800,6917.75,6922,6914,6915.5,3731
1770347700,6916,6917,6908.75,6913.25,4414
1770348600,6913.5,6919.5,6903.5,6905.25,5758
1770349500,6905,6916.25,6904.75,6914.75,3482
1770350400,6914.25,6914.5,6908.5,6910.75,2511
1770351300,6911,6912.75,6906.75,6908,1652
1770352200,6908,6908.75,6898,6902,4152
1770353100,6902.25,6903.75,6896,6901.25,2883
1770354000,6901.25,6904.5,6895.5,6902.25,2857
1770354900,6902.25,6906.5,6900,6906.25,3231
1770355800,6906,6921,6905.75,6920,3980
1770356700,6920,6927.25,6917.5,6923.75,3152
1770357600,6923.75,6929.25,6923,6926.25,2881
1770358500,6926.25,6929,6923.25,6926.75,2160
1770359400,6926.25,6929.75,6918.5,6920.5,3065
1770360300,6920.75,6921.25,6917,6918.5,1828
1770361200,6918.5,6919.25,6910.75,6914.75,3140
1770362100,6915,6925.5,6913.75,6923.25,3466
1770363000,6923.25,6924.75,6919,6919.25,2509
1770363900,6919.25,6923,6916.75,6923,2271
1770364800,6922.75,6930.5,6910.25,6927,7457
1770365700,6926.75,6931.25,6921,6921.25,5175
1770366600,6921.25,6931,6918.5,6926.25,5657
1770367500,6926.25,6934.25,6919.5,6929.75,4399
1770368400,6929.75,6945,6924.75,6944.25,7047
1770369300,6944.25,6952.5,6937.5,6951.75,9073
1770370200,6951.25,6962.5,6951,6961.75,8015
1770371100,6961.75,6961.75,6955,6956.75,4094
1770372000,6956.5,6957,6950.5,6953.5,3463
1770372900,6953.5,6957.5,6949.25,6949.75,2773
1770373800,6950.5,6959.5,6948.5,6957.25,2642
1770374700,6957.25,6963.5,6955.25,6962.75,2588
1770375600,6962.25,6972.5,6962,6972,5844
1770376500,6971.75,6975.5,6969,6970.25,3690
1770377400,6970,6979,6967.75,6976.25,5149
1770378300,6976,6983.5,6973.25,6979.25,5188
1770379200,6979,6981.25,6969,6970,5611
1770380100,6969.75,6975.25,6966.75,6968.75,5088
1770381000,6968.5,6974.75,6964.75,6968,6588
1770381900,6968.25,6971,6959.25,6963.5,5473
1770382800,6963.75,6969.5,6960.25,6968.25,5290
1770383700,6968.25,6977.25,6963.75,6971.75,7326
1770384600,6971.75,6978,6962.75,6969.5,10072
1770385500,6969.5,6972.5,6965.75,6970.5,6823
1770386400,6970.5,6975.25,6967.5,6972,6478
1770387300,6972,6975.25,6966.5,6969.75,9093
1770388200,6969.75,7011,6963.5,7010.75,81421
1770389100,7011,7020.75,7001,7003.25,61777
1770390000,7003.5,7010.5,6989,6992.75,68383
1770390900,6992.5,7013.5,6986.25,7012,61482
1770391800,7012,7023.25,7004.25,7019,39686
1770392700,7019.25,7026.25,6998.75,7013.5,49163
1770393600,7013.25,7030.25,7009.5,7029.25,36294
1770394500,7029,7032.5,7021.25,7026.75,26422
1770395400,7026.5,7035.75,7026,7032.5,24303
1770396300,7032.5,7035.75,7025,7030,18600
1770397200,7030.25,7039.75,7027,7034.5,23306
1770398100,7035,7040.5,7031.5,7040.25,15239
1770399000,7040.5,7044.75,7034,7040.75,21174
1770399900,7040.75,7051.25,7040.5,7045,19635
1770400800,7045.25,7051,7044.75,7046.25,14031
1770401700,7046,7050.25,7041.5,7045.25,16425
1770402600,7045.25,7050.25,7044.25,7048.75,11736
1770403500,7048.75,7052.25,7045,7046,10824
1770404400,7046,7050,7044.5,7044.75,10238
1770405300,7044.75,7051,7043,7050.75,12293
1770406200,7050.75,7051.5,7044.75,7045.5,10124
1770407100,7045.5,7053.5,7045.25,7049.25,12651
1770408000,7049,7054,7046.75,7050.25,10717
1770408900,7050.25,7057,7050,7053.25,13602
1770409800,7053,7063.25,7051.25,7063.25,17261
1770410700,7063.25,7079,7061,7062.25,53337
1770411600,7062.25,7065.75,7057.25,7060,18484
1770412500,7059.75,7061,7056.25,7057.75,3896
1770413400,7057.75,7060.25,7056.25,7059.25,2972
1770414300,7059.25,7061.25,7055.5,7059.75,3880
1770591600,7073.5,7087.5,7071.5,7085,10026
1770592500,7085,7088.5,7081,7081.75,4882
1770593400,7081.75,7090,7079.5,7087.5,6382
1770594300,7087.75,7092.5,7084.25,7086.5,5227
1770595200,7086.25,7093.25,7085.25,7090.75,6326
1770596100,7090.75,7093,7084.5,7085,4852
1770597000,7084.75,7090.75,7083,7086,3617
1770597900,7085.75,7086.5,7081.5,7083.25,3211
1770598800,7083.25,7083.5,7078.25,7079.25,4953
1770599700,7079.5,7082.25,7077.5,7078.5,3365
1770600600,7078.25,7082,7075.25,7076.75,3887
1770601500,7077,7077.75,7071.75,7075,4552
1770602400,7074.75,7081,7072,7075.75,4144
1770603300,7075.75,7078,7071.25,7074,3101
1770604200,7074,7081,7073.75,7080,2964
1770605100,7080.25,7080.75,7074,7075.25,2122
1770606000,7075.25,7077.75,7072.75,7074.25,1619
1770606900,7074.25,7076,7072.25,7072.25,1667
1770607800,7072.5,7075.25,7070,7073.75,3135
1770608700,7074,7075.5,7070.5,7070.5,1945
1770609600,7070.75,7076.5,7070.5,7075.25,1871
1770610500,7075.25,7076.25,7073.25,7075,1494
1770611400,7075.25,7075.25,7072,7073.75,1591
1770612300,7073.75,7075,7071,7072.25,1353
1770613200,7072.25,7073.5,7070.25,7073,1974
1770614100,7073,7077.5,7073,7075,2400
1770615000,7074.75,7077.75,7073.25,7073.5,2346
1770615900,7073.5,7077.5,7072.25,7076.75,1363
1770616800,7076.5,7077.25,7066.75,7073.25,8487
1770617700,7073,7073.25,7067,7068.5,3306
1770618600,7068.5,7074.25,7068,7071.5,2455
1770619500,7071.25,7073.75,7066.5,7068.5,2926
1770620400,7068.5,7070.25,7066,7066.25,2396
1770621300,7066.5,7069.25,7062.5,7063,4252
1770622200,7063.25,7066,7060.25,7064.75,2615
1770623100,7064.75,7070.5,7064.75,7067.25,2625
1770624000,7067,7079.5,7065.75,7077.25,6475
1770624900,7077,7078,7071.5,7072.5,3591
1770625800,7072.5,7074.25,7066.5,7071.5,3511
1770626700,7071.5,7074.25,7069,7069.75,1603
1770627600,7069.75,7073.5,7068.25,7068.75,2556
1770628500,7068.75,7072,7066.75,7069.5,2114
1770629400,7069.25,7070.5,7062,7065.25,3135
1770630300,7065.25,7066.5,7054.75,7057,4832
1770631200,7057.25,7058.5,7050.75,7053,4536
1770632100,7053,7053.25,7046.5,7047,4771
1770633000,7047.25,7047.5,7034.5,7037.5,9175
1770633900,7037.75,7050.75,7036.5,7049.25,7475
1770634800,7049.25,7052,7044.5,7047.5,3970
1770635700,7047.5,7053,7044.25,7052,3569
1770636600,7051.75,7053.25,7047.25,7048.5,2991
1770637500,7048.75,7051.75,7045.5,7048.25,3424
1770638400,7048.75,7056.75,7041.75,7055.75,7511
1770639300,7055.5,7057.5,7050.5,7056.5,3452
1770640200,7056.5,7059,7052.75,7054.25,4455
1770641100,7054.5,7059.5,7053,7059.5,3342
1770642000,7059,7067.75,7059,7064.5,7142
1770642900,7064.5,7067.5,7060,7061.25,5517
1770643800,7061.25,7062,7055,7056.75,5735
1770644700,7057,7058.25,7050.75,7051.75,6602
1770645600,7051.75,7054.25,7046.25,7049.5,9282
1770646500,7049.75,7051.25,7043.25,7049,10750
1770647400,7048.75,7070.5,7037.75,7066.5,68436
1770648300,7066.5,7071.25,7052,7058.5,53518
1770649200,7058.5,7074.25,7056.5,7072.75,39786
1770650100,7072.75,7084.25,7071.5,7074.25,39503
1770651000,7074.25,7092.5,7074,7090.25,34231
1770651900,7090.25,7099.5,7087,7097.25,30654
1770652800,7097,7101.25,7095.5,7098,21640
1770653700,7098,7102.75,7095.5,7101.75,16938
1770654600,7101.75,7105,7097.5,7104.75,19208
1770655500,7104.75,7111,7104.5,7109,21152
1770656400,7109,7111.5,7107,7109.75,13399
1770657300,7109.5,7111,7106,7106.5,15056
1770658200,7106.25,7110,7103,7104.25,15731
1770659100,7104.25,7105,7099.5,7100.75,13234
1770660000,7100.5,7104.5,7098.25,7103.75,16202
1770660900,7103.75,7105.25,7090.5,7097.5,31964
1770661800,7097.25,7107,7094.75,7105.25,19842
1770662700,7105,7107.25,7100,7101.75,13451
1770663600,7101.75,7108.5,7100,7107.75,16715
1770664500,7107.5,7114,7106.75,7112.5,16735
1770665400,7112.75,7113.75,7109.75,7110.75,11253
1770666300,7110.75,7112.25,7108.25,7109,9757
1770667200,7109.25,7112.25,7108,7109,9859
1770668100,7109,7109.25,7098,7100.5,24417
1770669000,7100.5,7103.5,7093.5,7101.25,29772
1770669900,7101,7105.5,7093.75,7093.75,40191
1770670800,7094,7100.25,7093.5,7099.5,11501
1770671700,7099.75,7100.25,7095.75,7097.75,2243
1770672600,7097.5,7099,7097,7099,1997
1770673500,7099,7099.75,7096,7097.25,2525
1770678000,7097.75,7103,7094,7096.25,5106
1770678900,7096.25,7097,7093.75,7095.5,3391
1770679800,7095.5,7098.5,7092.25,7096.75,3908
1770680700,7096.5,7096.5,7089.25,7092.25,4311
1770681600,7092.25,7095.5,7087.5,7087.5,4458
1770682500,7088,7091.25,7087.75,7089.75,2500
1770683400,7089.5,7091,7087.75,7088.25,1789
1770684300,7088,7093.25,7087.75,7091.5,2411
1770685200,7091.75,7093.25,7090.5,7092,1891
1770686100,7092.25,7093.75,7089,7089.75,2694
1770687000,7089.75,7094.5,7087,7093.5,4021
1770687900,7093.75,7096.75,7090.75,7094.25,3656
1770688800,7094.25,7094.5,7090.75,7092.5,1620
1770689700,7092.5,7094.25,7090,7092.25,1623
1770690600,7092,7092.75,7086.25,7089.75,2752
1770691500,7090,7092,7088.5,7089.75,1295
1770692400,7090,7090,7086,7086.75,1467
1770693300,7087,7090.25,7085.75,7088.25,1779
1770694200,7088.25,7092.25,7087.75,7089.5,1545
1770695100,7089.75,7092,7089.25,7090.25,1007
1770696000,7090.25,7094.25,7090,7093.5,1664
1770696900,7093.25,7094.5,7092,7093.75,816
1770697800,7094,7095.25,7092.5,7094.5,1070
1770698700,7094.5,7097.75,7094,7097.25,1776
1770699600,7097.25,7097.75,7095.25,7096,1071
1770700500,7096,7096.25,7091.75,7092.5,1854
1770701400,7092.5,7099.75,7091.5,7096.25,2682
1770702300,7096,7099.5,7095.25,7098.25,1172
1770703200,7098.25,7098.75,7094,7094.75,1517
1770704100,7094.75,7095.25,7091.75,7092.5,1832
1770705000,7092.25,7093.25,7088.5,7089.25,1856
1770705900,7089.5,7091.25,7088,7091.25,1516
1770706800,7091.5,7096.5,7090.5,7094.5,2618
1770707700,7094.25,7097.5,7093,7095.5,1298
1770708600,7095.5,7097.5,7094.5,7096.5,1090
1770709500,7096.25,7098.5,7095,7098.25,974
1770710400,7098.5,7101,7093,7100.25,4019
1770711300,7100.25,7100.75,7094,7097,2893
1770712200,7096.75,7100.5,7095.75,7096.5,2131
1770713100,7096.5,7100.75,7095.5,7098.5,1851
1770714000,7098.75,7106.75,7098.75,7106,3954
1770714900,7106.25,7111,7106.25,7109.25,2788
1770715800,7109.5,7109.75,7106.75,7107.25,1571
1770716700,7107.5,7107.5,7100.25,7102.25,2846
1770717600,7102.25,7103.5,7097.75,7103,3246
1770718500,7103,7103.5,7099,7102,4011
1770719400,7102,7102.5,7098.75,7101.5,2707
1770720300,7101.25,7106,7101,7102.75,2474
1770721200,7102.5,7102.5,7098.25,7100,2295
1770722100,7100,7104,7099.75,7101.75,1654
1770723000,7102,7104.75,7101.25,7103,1388
1770723900,7103.25,7106,7102.75,7105.25,1465
1770724800,7105.25,7108.5,7105,7106.5,2642
1770725700,7106.75,7108.75,7105,7108.5,1974
1770726600,7108.5,7109.75,7096.5,7099,6142
1770727500,7099,7099.5,7091,7091.25,7466
1770728400,7091.5,7092,7084,7089,10933
1770729300,7088.75,7093.75,7086,7092.25,7203
1770730200,7091.75,7096.25,7084.75,7093.25,11972
1770731100,7093.25,7098,7093,7097.5,7382
1770732000,7097.5,7101.25,7097,7100.5,7885
1770732900,7100.75,7104.5,7100.25,7103.5,9724
1770733800,7103.5,7110,7088.5,7094,70472
1770734700,7094,7117,7090.25,7111.75,64590
1770735600,7111.75,7118.5,7100.75,7108.25,59618
1770736500,7108.25,7118,7103.5,7113.25,52038
1770737400,7113.25,7119.75,7107.75,7115,41323
1770738300,7115,7116.25,7103,7108,37723
1770739200,7108.25,7110.75,7100,7103.25,32056
1770740100,7103,7107.5,7095,7102,42843
1770741000,7101.75,7105.25,7098.5,7100.75,25598
1770741900,7100.5,7108.25,7097.5,7102,29213
1770742800,7102,7110,7096,7109.25,27145
1770743700,7109,7111.25,7103.75,7106.75,20320
1770744600,7106.75,7110,7102.5,7109,15246
1770745500,7109,7112.25,7107.5,7108.75,14680
1770746400,7108.75,7109,7099.5,7100,19464
1770747300,7100.25,7100.75,7087.75,7088.25,39237
1770748200,7088.25,7092.75,7083.75,7090.25,34675
1770749100,7090.25,7092.25,7082.25,7090.5,29831
1770750000,7090.5,7093,7086.25,7090.75,22220
1770750900,7090.5,7093.25,7085.25,7092.75,17142
1770751800,7093,7095.5,7087.75,7089.25,19149
1770752700,7089.25,7093.25,7087.75,7092,13962
1770753600,7091.75,7094.25,7084.75,7086.25,18541
1770754500,7086.25,7092.75,7085,7087.25,19017
1770755400,7087,7089.5,7082.75,7084.5,20697
1770756300,7084.5,7088.25,7070.5,7074.75,62011
1770757200,7074.75,7080.75,7072.75,7080,13693
1770758100,7080,7080.5,7077.25,7078,3037
1770759000,7078.5,7082,7078.25,7082,3062
1770759900,7081.75,7084.25,7081,7083.75,3032
1770764400,7084.5,7088.75,7083.25,7088,3873
1770765300,7088,7089.5,7087.25,7088,2387
1770766200,7088,7088.75,7086.5,7088.25,2201
1770767100,7088.25,7089.5,7087.5,7088.25,1467
1770768000,7088.25,7090.75,7087.75,7089.75,1940
1770768900,7089.75,7090.25,7087.25,7089.25,1435
1770769800,7089.25,7091.5,7089,7091,1189
1770770700,7091,7092,7090.5,7091.25,802
1770771600,7091.25,7095,7091.25,7094,2285
1770772500,7094,7095,7092.5,7093.25,1723
1770773400,7093,7095.25,7092.75,7094.75,1497
1770774300,7094.75,7097,7094.75,7095.25,1938
1770775200,7095,7095.5,7093.75,7094.5,1551
1770776100,7094.75,7096.75,7094.25,7095,1130
1770777000,7095.25,7095.75,7092.75,7093.5,1126
1770777900,7093.75,7096.75,7093.75,7095.25,918
1770778800,7095.5,7096,7094,7094.5,674
1770779700,7094.5,7096.5,7092.5,7096,1339
1770780600,7096,7097.75,7095,7097.5,1343
1770781500,7097.5,7099.5,7097.25,7098.5,1702
1770782400,7098.75,7099.25,7096.25,7097.25,1069
1770783300,7097.25,7098.25,7095,7095.25,1130
1770784200,7095.25,7095.5,7090.75,7092.5,2075
1770785100,7092.75,7094.25,7092.5,7093,954
1770786000,7093,7095.75,7092,7094.75,1223
1770786900,7094.75,7096.75,7092,7092.75,1163
1770787800,7092.75,7093,7089.25,7089.75,1856
1770788700,7089.5,7090.5,7088.5,7089.75,952
1770789600,7089.75,7094.25,7089.5,7089.75,1947
1770790500,7089.5,7090.5,7087.5,7088,2103
1770791400,7088,7090.25,7087,7089,1029
1770792300,7089,7089,7087,7087.5,979
1770793200,7087.5,7089.75,7084.25,7084.75,1894
1770794100,7084.75,7091.25,7084.5,7090.25,1812
1770795000,7090.5,7090.5,7086.25,7088.25,1579
1770795900,7088.25,7090.75,7086.25,7088,1559
1770796800,7088,7089.5,7080.25,7080.75,3644
1770797700,7081,7085,7077,7082.5,3736
1770798600,7082.75,7089.25,7082.75,7087.75,2693
1770799500,7088,7088.5,7085.75,7086.25,1420
1770800400,7086,7091.5,7084.5,7089,3094
1770801300,7089.25,7089.75,7084.75,7088.75,2330
1770802200,7088.75,7089,7080,7081.5,3026
1770803100,7082,7083.75,7079.25,7079.25,2885
1770804000,7079.25,7079.75,7066.25,7070.75,11690
1770804900,7070.5,7076.75,7070.5,7075,3479
1770805800,7074.75,7075.75,7072.25,7075.5,2642
1770806700,7075.5,7078,7070.75,7078,2968
1770807600,7078,7082.25,7078,7080.5,3900
1770808500,7080.5,7087,7080.25,7086.25,3409
1770809400,7086,7086.25,7077.5,7080,5708
1770810300,7080,7083.25,7076.75,7077,4291
1770811200,7077,7084.75,7076.5,7084,6919
1770812100,7084,7084.5,7080.75,7081.25,2110
1770813000,7081.25,7082.5,7079.5,7081.5,2899
1770813900,7081.5,7082,7077.5,7081,3227
1770814800,7081,7083.75,7080,7083.25,3101
1770815700,7083.5,7089.25,7083.25,7085.5,7073
1770816600,7086.5,7110.5,7085.5,7103,27125
1770817500,7103.25,7119.75,7103.25,7118.25,25379
1770818400,7118,7118.75,7113,7115,13455
1770819300,7114.75,7122.25,7112.5,7117.5,14825
1770820200,7117.5,7125,7104.75,7107.5,83411
1770821100,7107.5,7117.5,7091,7094.5,77731
1770822000,7094.75,7101,7061,7070.25,95358
1770822900,7070.25,7072.5,7044.5,7049.75,88718
1770823800,7050,7070.25,7048.25,7064.75,69934
1770824700,7064.75,7079,7055.25,7076.75,66034
1770825600,7076.75,7082.25,7066.5,7081,53018
1770826500,7081.25,7087.75,7071.25,7071.25,47481
1770827400,7071.25,7086.75,7068,7083,42549
1770828300,7083.25,7086.25,7073,7073.75,31691
1770829200,7073.5,7079,7066.75,7076.5,39766
1770830100,7076.75,7091.75,7073.75,7089.25,39268
1770831000,7089,7092,7083,7090.5,25224
1770831900,7090.5,7093,7078.25,7080.5,25866
1770832800,7080.75,7082.75,7068.25,7069.5,32759
1770833700,7069,7082,7067,7081,32575
1770834600,7081,7083.25,7074.5,7077.25,24685
1770835500,7077.25,7083,7073,7080.25,23848
1770836400,7080.25,7087.5,7074,7085.75,29528
1770837300,7085.75,7092.75,7085,7090.5,19157
1770838200,7090.5,7091.5,7085.75,7090.25,14155
1770839100,7090.25,7090.5,7077,7082,23103
1770840000,7082,7084,7079.5,7080.75,11661
1770840900,7080.75,7083.75,7075.25,7075.5,17202
1770841800,7075.25,7082.25,7071.5,7077.75,26065
1770842700,7077.75,7083.25,7071,7072.5,42000
1770843600,7072.25,7080.25,7072,7076,13849
1770844500,7076.25,7080.25,7076,7079,3368
1770845400,7079,7080.75,7078.25,7079,2624
1770846300,7079,7081.5,7076.25,7076.5,3129
1770850800,7077,7082,7072.75,7073.25,4018
1770851700,7073.25,7076.75,7071,7071.25,3406
1770852600,7071,7072,7065.75,7071,5344
1770853500,7071.25,7073,7069,7071,2513
1770854400,7070.75,7075,7068.5,7070.25,3906
1770855300,7070.25,7072,7066.5,7069.75,2499
1770856200,7070,7078.25,7069.75,7077.75,3073
1770857100,7077.5,7078,7075.75,7077.25,1615
1770858000,7077.25,7080,7075.5,7079,2532
1770858900,7078.75,7081.75,7073.75,7080.5,3155
1770859800,7080.25,7087.75,7079,7085.25,4026
1770860700,7085.25,7086.25,7082.25,7084.5,2090
1770861600,7084,7086.5,7082,7082,2092
1770862500,7082.25,7083.5,7079,7081,1869
1770863400,7081.25,7082.25,7080,7080.75,892
1770864300,7081,7086,7079.75,7085.5,1744
1770865200,7085,7087.25,7084,7086.5,1639
1770866100,7086.5,7088.5,7084.25,7088,1381
1770867000,7088.25,7091.5,7087.75,7091,2163
1770867900,7091.25,7091.5,7090,7090.75,967
1770868800,7090.75,7091.5,7089.5,7091,1374
1770869700,7091,7096.75,7090.5,7096,3723
1770870600,7096,7096,7091.75,7091.75,1815
1770871500,7091.75,7094.5,7091.5,7093.25,1137
1770872400,7093.5,7096.5,7093.5,7096,1291
1770873300,7096.25,7098,7095,7095.5,1552
1770874200,7095.25,7097,7094,7095.25,1256
1770875100,7095.25,7096.25,7094,7095.5,994
1770876000,7096,7096.5,7092.25,7095,1448
1770876900,7095,7096.25,7090.25,7092,1830
1770877800,7092.5,7094.5,7086,7086.75,3007
1770878700,7087,7090.5,7086,7090,1483
1770879600,7090,7093.25,7089.25,7092,1962
1770880500,7092,7096.25,7091,7095,1703
1770881400,7094.75,7096.5,7094,7094.25,1133
1770882300,7094.25,7095.75,7093,7095.25,1375
1770883200,7095.25,7098.25,7092.5,7094.5,4607
1770884100,7094.5,7096.75,7091.25,7092.5,2019
1770885000,7092.5,7093.75,7088.25,7090.25,2295
1770885900,7090.25,7096.75,7089.5,7095,1746
1770886800,7095,7098.25,7094,7097,2025
1770887700,7097,7098.5,7095.25,7095.5,2272
1770888600,7095.75,7098.5,7094,7095.25,1804
1770889500,7095.25,7097.75,7092.25,7097,2420
1770890400,7097,7100,7092,7092.5,3516
1770891300,7092.25,7094,7089.75,7091,2334
1770892200,7091.25,7093.75,7091,7092,1392
1770893100,7092,7093,7091,7093,1049
1770894000,7093,7096.5,7092,7095.5,2874
1770894900,7095.75,7097.75,7094.25,7097,1436
1770895800,7097.25,7097.75,7092.5,7093,1555
1770896700,7093,7097.75,7093,7097,1786
1770897600,7096.75,7097.25,7092.25,7095,2899
1770898500,7095.25,7097,7093.75,7096.25,1738
1770899400,7096.5,7100.25,7096,7096.75,3726
1770900300,7096.5,7097.5,7092.75,7093.75,3088
1770901200,7093.5,7093.75,7088,7088,4566
1770902100,7088,7091.75,7086.75,7091.5,5324
1770903000,7091,7105,7088.75,7102.5,12262
1770903900,7102.5,7103,7097.25,7100,8675
1770904800,7100,7100.25,7094.25,7094.75,10299
1770905700,7094.75,7096.25,7093.25,7095,9947
1770906600,7095,7106.25,7092.25,7093,71384
1770907500,7092.75,7096.25,7075.5,7080.25,85300
1770908400,7080.5,7088.75,7073.75,7086,66616
1770909300,7086,7089.75,7077.25,7083,47567
1770910200,7083,7087.25,7055.25,7055.75,67346
1770911100,7055.75,7061.25,7037.75,7038.5,66683
1770912000,7038.5,7040,7011.75,7014.75,94753
1770912900,7014.75,7016.5,6987,6987.25,92819
1770913800,6987.5,7010.25,6986.75,7000.75,85996
1770914700,7000.75,7005.25,6990.25,6998.25,55894
1770915600,6997.75,7002.75,6985,6990,60951
1770916500,6990,7004.25,6986.25,6992.75,46942
1770917400,6992.25,7007.5,6990.25,7002.75,42410
1770918300,7003,7005.75,6980.75,6981.25,40722
1770919200,6981.25,6992.75,6976,6984.5,41893
1770920100,6984.25,6989,6973.25,6983,41973
1770921000,6983.25,7001,6979.5,7000,41927
1770921900,7000,7005,6994.5,6998.75,34437
1770922800,6999,7003.25,6987.5,6993.25,32197
1770923700,6993,7006,6991.75,6993.25,34937
1770924600,6993,7007.25,6992.75,7002,28146
1770925500,7002,7011.5,6999.75,7003.25,32814
1770926400,7003.5,7007.25,6993.5,7000,22777
1770927300,7000.25,7000.5,6982.5,6983.5,32046
1770928200,6983.75,6985.5,6975.75,6978.25,38421
1770929100,6978.25,6979.25,6955.25,6964,81909
1770930000,6964.25,6970.25,6960.25,6969.25,21828
1770930900,6969.25,6973.25,6967.5,6973,5563
1770931800,6973,6977.5,6972.5,6975.25,5326
1770932700,6975.5,6978.5,6973.5,6975.25,4966
1770937200,6979.5,6979.5,6968.5,6975.75,7626
1770938100,6975.75,6980.5,6973.5,6977.5,4855
1770939000,6977.5,6979,6960.5,6966.75,12617
1770939900,6967,6976.5,6965,6974,4836
1770940800,6974,6982.5,6969.75,6977.5,6613
1770941700,6977.5,6978.25,6963,6966.25,7373
1770942600,6965.75,6968.25,6958.75,6959.5,5708
1770943500,6959.75,6961.25,6953.75,6958.5,8178
1770944400,6958.25,6972.75,6958.25,6972.25,6693
1770945300,6972,6974.25,6966.25,6970.25,5954
1770946200,6970,6973.25,6967.5,6970.5,2910
1770947100,6970.25,6975,6964.75,6968,4267
1770948000,6968.25,6976,6968.25,6975,3587
1770948900,6974.5,6974.75,6969.25,6972.75,2522
1770949800,6972.75,6975.75,6971,6971.75,2601
1770950700,6971.5,6972.75,6970,6971.25,1620
1770951600,6971.25,6974.75,6970.5,6971,1270
1770952500,6971,6971.75,6964.75,6966.25,2892
1770953400,6966,6970.25,6966,6968,2054
1770954300,6968,6968.5,6960,6960.5,3049
1770955200,6960.75,6964.75,6959.25,6964.5,1935
1770956100,6964.5,6971.5,6964.5,6968.25,2684
1770957000,6968,6968.75,6962.25,6963,1784
1770957900,6963,6964.5,6961.25,6962,1536
1770958800,6962.25,6964.5,6959.75,6959.75,1839
1770959700,6960,6960.5,6949.5,6950.5,5079
1770960600,6950.5,6955,6948.25,6952,4809
1770961500,6952,6955.75,6949.25,6951.5,3073
1770962400,6951.5,6954.75,6950.25,6952.25,2298
1770963300,6952.5,6955.25,6944,6946,4718
1770964200,6946.25,6946.5,6937.75,6942.5,6295
1770965100,6942.75,6953.25,6941.25,6951.5,3618
1770966000,6951.5,6958,6951.5,6956.25,4752
1770966900,6956.5,6961.25,6956.25,6956.5,2887
1770967800,6956.75,6957.5,6951.75,6953,3182
1770968700,6953.25,6957.25,6950.25,6956.75,2314
1770969600,6957,6963.5,6952,6953.5,6458
1770970500,6953.5,6957,6941,6955.75,8048
1770971400,6955.5,6959.25,6950.5,6957.25,5075
1770972300,6957.5,6962.75,6957.25,6959.25,4449
1770973200,6959.25,6960.5,6950.5,6956.25,4545
1770974100,6956.5,6968,6956,6964.75,4250
1770975000,6965,6967.5,6963,6964,3225
1770975900,6963.75,6968,6958.75,6960,3648
1770976800,6959.75,6964.25,6958,6963.75,2675
1770977700,6963.75,6967.5,6961.75,6964.25,2153
1770978600,6964.25,6965.25,6957.75,6959,3021
1770979500,6959,6960.25,6951,6951,4120
1770980400,6952,6953.5,6941.25,6942,5680
1770981300,6941.75,6946.75,6937.25,6941,7601
1770982200,6941,6949.25,6933,6941,10485
1770983100,6941,6951,6938,6950.5,5485
1770984000,6950.5,6956.5,6942.25,6943.5,8216
1770984900,6943.25,6952.25,6941,6949.5,6164
1770985800,6949.25,6954.25,6948,6951.75,4374
1770986700,6952,6957,6942,6948.75,11424
1770987600,6948.75,6954.25,6935.5,6936.75,12307
1770988500,6936.75,6961.5,6934.75,6957.25,13372
1770989400,6952.25,6980.5,6950.75,6966.25,32503
1770990300,6966.25,6974.25,6956,6968.5,23692
1770991200,6968.25,6975.75,6958.5,6962.75,19537
1770992100,6962.75,6967.75,6958.75,6964.75,16546
1770993000,6965,6973.25,6922.75,6952.5,107568
1770993900,6952.5,6976.5,6943.5,6947,122479
1770994800,6947,6977.75,6946,6961.5,76171
1770995700,6961.5,6982,6952.5,6978,64045
1770996600,6977.75,6994.5,6963.75,6964.75,64273
1770997500,6965,6980.5,6956,6973.75,53151
1770998400,6973.75,6990.5,6973,6982.75,44082
1770999300,6983,6990,6966.25,6986.5,43519
1771000200,6986.25,6994.75,6977,6994,35476
1771001100,6994,7003.75,6990.5,6996,34028
1771002000,6996,7009,6993,7008.25,23889
1771002900,7008.25,7008.75,6996.5,7002.25,28500
1771003800,7002.5,7011.25,7001.25,7005.5,19903
1771004700,7005.25,7009.25,6997.25,6999.75,22256
1771005600,6999.75,7003.25,6989,7001.25,33139
1771006500,7001,7011.25,6998,7002.25,28905
1771007400,7002.5,7009.5,6997,6998.5,19885
1771008300,6998.5,7005.5,6991.75,6995,23540
1771009200,6995.25,7002,6992.5,6998.25,20154
1771010100,6998.25,7002,6989.25,6991.75,20777
1771011000,6991.75,6997.75,6981,6984.75,27841
1771011900,6985,6991,6971,6972,30232
1771012800,6972.25,6981.25,6969.25,6969.5,26755
1771013700,6969.5,6975,6951.75,6954.5,36966
1771014600,6954.5,6960.75,6946.25,6950,42799
1771015500,6950,6966.25,6949.25,6963.75,58462
1771016400,6963.75,6970.25,6959,6966.25,15106
1771017300,6966.25,6966.75,6959.25,6961.5,4245
1771018200,6962,6963.5,6960.5,6961,2182
1771019100,6961,6964.5,6958.75,6959.25,3210
1771196400,6965.5,6973.25,6957.5,6967.25,7902
1771197300,6967,6972.25,6966.25,6970,4930
1771198200,6970,6972.75,6966,6970.25,4181
1771199100,6970.25,6975,6964.5,6974.25,4519
1771200000,6974,6977.5,6969.25,6975.75,5651
1771200900,6975.5,6977.5,6974.25,6977,2490
1771201800,6976.5,6978.25,6975,6975.25,1377
1771202700,6975.5,6978.75,6975,6976.75,2053
1771203600,6976.5,6979.25,6974.5,6976,2538
1771204500,6976,6977.5,6975.5,6976,1238
1771205400,6976.25,6978,6975,6977.25,1400
1771206300,6977.25,6984,6976.5,6982.5,2973
1771207200,6982.25,6985,6977,6978.75,2966
1771208100,6978.5,6980.5,6977.75,6978.25,1812
1771209000,6978.25,6979.25,6977.25,6978.25,1068
1771209900,6978,6978.75,6975.5,6976.25,1475
1771210800,6976.5,6977.25,6975.25,6975.75,1056
1771211700,6975.75,6977.5,6972.5,6973,2038
1771212600,6973.25,6974.25,6971.75,6973,1548
1771213500,6973.25,6975.75,6972.25,6975.25,1613
1771214400,6975.25,6979,6975,6976.25,2345
1771215300,6976.5,6978,6974.25,6977,1335
1771216200,6977,6978,6974.75,6975.5,1066
1771217100,6975.5,6977.25,6974,6975.25,818
1771218000,6975.5,6976,6973,6975.75,977
1771218900,6975.75,6976.5,6974,6976.5,977
1771219800,6976.5,6976.5,6969.75,6970.25,1427
1771220700,6970.25,6973.25,6970.25,6972.5,1062
1771221600,6972.25,6973.75,6971.5,6972.25,1220
1771222500,6972.5,6974.75,6970,6974,1467
1771223400,6973.5,6976,6971.25,6975.75,1425
1771224300,6975.75,6977.25,6975,6976.25,1116
1771225200,6976.25,6982.75,6976,6982.5,2443
1771226100,6982.5,6983.5,6979.75,6981.5,1715
1771227000,6981.75,6986.5,6980.75,6985.5,1871
1771227900,6985.75,6986.25,6983,6984.25,1345
1771228800,6984.5,6989.5,6980,6986.75,4058
1771229700,6986.5,6992,6984,6985.75,3238
1771230600,6985.5,6987.75,6981.5,6987.75,2227
1771231500,6987.75,6993.5,6987,6991.25,3163
1771232400,6991.75,6994.75,6990.25,6993.75,2441
1771233300,6993.75,6998.25,6992.25,6996.75,2680
1771234200,6996.75,6999,6996.25,6996.75,1966
1771235100,6997,6998.5,6996.25,6997,1327
1771236000,6996.75,6997.25,6991.5,6993.25,3132
1771236900,6993,6994,6990.75,6992.5,1844
1771237800,6992.5,6995.25,6989.25,6995,2539
1771238700,6995.25,6996.25,6989.5,6991.25,2833
1771239600,6991.5,6991.5,6985,6988.75,2476
1771240500,6988.5,6992.5,6987.25,6991.25,1617
1771241400,6991.25,6992.25,6987.5,6991.25,1353
1771242300,6991,6992,6988.75,6989.5,1365
1771243200,6989.5,6990.5,6987,6989.75,1777
1771244100,6990,6994.25,6987.75,6993.25,1867
1771245000,6993.25,6993.25,6987.5,6987.5,2243
1771245900,6987.75,6991,6987.25,6989.5,1346
1771246800,6989.75,6990,6986,6987,1854
1771247700,6986.75,6989.5,6985.5,6989,2057
1771248600,6989,6991.75,6988,6990,2722
1771249500,6990,6991,6987,6987.25,2131
1771250400,6987.25,6987.5,6975.5,6976.5,7937
1771251300,6976.25,6977.75,6970.25,6972.75,10177
1771252200,6972.5,6975.25,6961.5,6965.25,21073
1771253100,6965,6975.25,6959.75,6972.25,17861
1771254000,6972.5,6977.25,6970.75,6971,12320
1771254900,6971.25,6973.5,6963,6963.25,12986
1771255800,6963.25,6965.25,6956.75,6957.25,15031
1771256700,6957.5,6966.75,6955.75,6957.25,15082
1771257600,6957.25,6970.25,6954.5,6970.25,18182
1771258500,6970.5,6971.5,6957.5,6966,17442
1771259400,6966.25,6970,6956.5,6963.75,16760
1771260300,6963.75,6968.25,6962,6966,8204
1771261200,6966,6968.75,6964,6966.5,6151
1771262100,6966.75,6968.25,6962.75,6968.25,3115
1771263000,6968.25,6972.25,6968.25,6971,4771
1771263900,6971,6973.25,6964.25,6968.25,3833
1771282800,6969,6978.25,6965.75,6976.25,6868
1771283700,6976,6977.5,6973.5,6976.25,4412
1771284600,6976.5,6981,6976.5,6979.5,5506
1771285500,6979.5,6983.25,6976.75,6977.75,5103
1771286400,6978,6979,6971.5,6976,6660
1771287300,6976.25,6981.5,6973.25,6977.5,5833
1771288200,6977.25,6978.5,6970.25,6973.25,3893
1771289100,6973.25,6973.25,6967.25,6969,4534
1771290000,6969,6975.75,6969,6975.25,5443
1771290900,6975.25,6975.5,6965.5,6966.25,4347
1771291800,6966,6969,6962.5,6964.25,6575
1771292700,6964.5,6965.5,6939.25,6942.75,18931
1771293600,6942.75,6945.75,6935.75,6943.75,13011
1771294500,6943.5,6947,6940.5,6945.5,5283
1771295400,6945.75,6947.5,6943,6945.75,3714
1771296300,6945.5,6947.5,6940.75,6943.75,5561
1771297200,6943.75,6944.25,6931.25,6936,9977
1771298100,6936,6941.25,6934.75,6937,4328
1771299000,6937,6937,6927,6933.25,9047
1771299900,6933.5,6934.75,6929,6934.25,3696
1771300800,6934.25,6937.75,6933.25,6936.25,2994
1771301700,6936.5,6937.75,6934,6936.5,1910
1771302600,6936.5,6936.5,6931.25,6934,2552
1771303500,6934.25,6936.75,6934,6935.75,1750
1771304400,6936,6936.5,6932,6932.25,1915
1771305300,6932.25,6933.75,6925.5,6932,5272
1771306200,6932,6932.5,6923.25,6930.25,5856
1771307100,6930.5,6933.25,6925.25,6926.75,3904
1771308000,6927,6937.75,6926.75,6935,4514
1771308900,6935.25,6937,6933.5,6934.25,1842
1771309800,6934.25,6939.5,6932.25,6937.25,3268
1771310700,6937.25,6939.5,6936.25,6937.75,1735
1771311600,6937.75,6938,6931.25,6932,3828
1771312500,6932,6933.25,6927.5,6929.5,3750
1771313400,6930.25,6938.25,6927.75,6936.5,3817
1771314300,6936.5,6944.75,6936,6944.25,4317
1771315200,6944.25,6961.5,6942.75,6956.5,12197
1771316100,6956.5,6956.75,6949.75,6953,6422
1771317000,6952.75,6954.25,6943.75,6944.75,6672
1771317900,6944.75,6949,6942.75,6946,5688
1771318800,6945.75,6951.5,6943.75,6944.5,6217
1771319700,6944.25,6950.75,6943.25,6950.25,4058
1771320600,6950.25,6955.5,6949,6954,4684
1771321500,6954,6956.75,6951.75,6954.75,2829
1771322400,6954.75,6957.25,6949,6949.75,2548
1771323300,6950,6951.25,6947.5,6949.75,2386
1771324200,6949.5,6949.75,6939,6940,4260
1771325100,6940,6944,6937.25,6939.25,4056
1771326000,6939,6942.25,6935.75,6939,3559
1771326900,6939,6944.25,6934.5,6944,4525
1771327800,6943.75,6946.25,6940.5,6943,3840
1771328700,6943,6948.5,6941.75,6945.5,3783
1771329600,6945.75,6952.25,6943,6950,5194
1771330500,6950,6951,6940.5,6941.25,6449
1771331400,6941.25,6941.75,6936,6939,5332
1771332300,6939.25,6939.75,6931.25,6933,9337
1771333200,6933,6934.25,6919.25,6925.25,15921
1771334100,6925.5,6941.25,6922.75,6938,15874
1771335000,6938.25,6939,6933.25,6936.75,6328
1771335900,6936.75,6958,6933.25,6939.25,31173
1771336800,6939.25,6949.75,6939.25,6945.25,15584
1771337700,6945.25,6950,6942.75,6948.5,13181
1771338600,6948.5,6975.25,6947.5,6954.75,108900
1771339500,6954.5,6960.25,6911.75,6913.25,116343
1771340400,6913.25,6932.5,6909.75,6915.75,90707
1771341300,6915.75,6944.75,6914.75,6920.25,90274
1771342200,6920,6923.5,6904.5,6913.5,70350
1771343100,6913.75,6933.75,6912,6933.25,68734
1771344000,6933,6973.5,6931.25,6971.25,75743
1771344900,6971,6980.25,6962.75,6964,61945
1771345800,6963.75,6976.25,6955.75,6966,53472
1771346700,6965.75,6978.25,6962.75,6972.25,42552
1771347600,6972,6973.25,6956.25,6960.25,37158
1771348500,6960,6969.75,6951.5,6969.5,39985
1771349400,6969.75,6971,6947.25,6947.5,38080
1771350300,6947.5,6959.25,6938.75,6957.75,55130
1771351200,6957.75,6959.25,6945.5,6950.5,35453
1771352100,6950.5,6973.25,6946.25,6971.5,44080
1771353000,6971.75,6988.75,6967.75,6983.5,41823
1771353900,6983.5,6995,6982,6988.75,34212
1771354800,6988.5,6993,6983.75,6989.5,27815
1771355700,6989.5,6994,6985.75,6987.75,24800
1771356600,6987.75,6997.25,6985.75,6995,21802
1771357500,6995,6995.5,6982,6983.5,23674
1771358400,6983.5,6988.75,6979.25,6982.75,23988
1771359300,6982.75,6985.25,6974.5,6976.5,27136
1771360200,6976.5,6981,6967.75,6977.75,33346
1771361100,6977.5,6980,6967,6975.75,54012
1771362000,6975.75,6978.75,6971.25,6975.25,15875
1771362900,6975,6983,6974.5,6978.5,9317
1771363800,6978.5,6978.5,6972.75,6976,4574
1771364700,6975.5,6977,6973.5,6975.75,3071
1771369200,6975.75,6978,6967.5,6969.5,5648
1771370100,6969.5,6973.75,6966.75,6970.75,3894
1771371000,6971,6972.5,6965.5,6967.25,5358
1771371900,6967,6967,6962.5,6964,4252
1771372800,6963.75,6971.75,6963,6971.25,4399
1771373700,6971,6973,6964.5,6968.75,4031
1771374600,6968.75,6971.75,6967,6968,3268
1771375500,6968,6968.25,6963.75,6966,3619
1771376400,6965.75,6967,6962.75,6965,3961
1771377300,6964.75,6969.5,6964,6965,2506
1771378200,6965,6968.25,6963.75,6967.5,2300
1771379100,6967.75,6971,6965.25,6970.25,2212
1771380000,6970.5,6974.5,6970,6973.25,2920
1771380900,6973.5,6973.5,6968.5,6970.5,2028
1771381800,6970.5,6974.5,6970.5,6974,2035
1771382700,6974,6975.25,6971.5,6972.5,2129
1771383600,6972.5,6975.25,6969.75,6970.25,1843
1771384500,6970.5,6971,6968,6970.75,2156
1771385400,6970.75,6975.5,6970.5,6974.5,1991
1771386300,6974.5,6980.75,6974.25,6980,3023
1771387200,6980,6983.25,6978.25,6981,2887
1771388100,6981.25,6984,6979.75,6983.25,1710
1771389000,6983.25,6988.5,6982.75,6988,2867
1771389900,6988.25,6988.5,6986,6988,1818
1771390800,6988,6988.75,6985.75,6988.25,1671
1771391700,6988.25,6989.5,6987.25,6987.75,1332
1771392600,6988,6990.75,6987,6987.75,1307
1771393500,6987.75,6988.75,6985.75,6987,1261
1771394400,6987,6987.5,6983.75,6985.25,1700
1771395300,6985.25,6988.5,6984.75,6987.5,1927
1771396200,6987.5,6990.25,6984.5,6989.75,1809
1771397100,6989.5,6992,6987.5,6987.5,1744
1771398000,6987.25,6989,6984,6985.5,1903
1771398900,6985.5,6988.25,6983.75,6987.75,1704
1771399800,6987.75,6991.75,6987,6991.5,1873
1771400700,6991.5,6992.25,6989.25,6990.75,2099
1771401600,6990.75,7000.25,6990.5,6997.5,8327
1771402500,6997.5,7007,6997.25,7002.75,8519
1771403400,7003,7009.25,7002.5,7005.75,5222
1771404300,7006,7008.5,7003.5,7007.75,3923
1771405200,7007.75,7012.25,7007.5,7010.5,5257
1771406100,7010.75,7013,7007.25,7011.5,4221
1771407000,7011.75,7017.25,7011,7016.5,4793
1771407900,7016.5,7016.75,7009,7009.5,4499
1771408800,7009.75,7014.75,7009,7013.75,3774
1771409700,7013.5,7016,7012.5,7015.5,1884
1771410600,7015.5,7016,7011,7012.5,3000
1771411500,7012.75,7013.75,7009.25,7011.75,2560
1771412400,7011.75,7012.75,7006,7007,2923
1771413300,7007.25,7011,7006.25,7007,2935
1771414200,7007,7008.5,7002.25,7003.25,3933
1771415100,7003.25,7005,7001.75,7003,1956
1771416000,7002.75,7012.5,7002.5,7011.75,11330
1771416900,7012,7013,7000,7000.25,6641
1771417800,7000.5,7000.5,6988.25,6997.5,12250
1771418700,6997.5,7000,6993.75,6999.25,5618
1771419600,6999.25,7002.5,6996,7000.5,6113
1771420500,7000.5,7002.75,6996.25,7002.25,6759
1771421400,7002.5,7007,6991.25,6993.5,11355
1771422300,6993.75,6994.75,6984.25,6987,11863
1771423200,6987.25,6990.75,6983.5,6988.5,10734
1771424100,6988.5,6992.75,6986.25,6987.25,11791
1771425000,6987.25,7001.75,6974.75,6997.25,97269
1771425900,6997,7011.25,6982.5,7009,82615
1771426800,7009,7029,7008.25,7025.75,76522
1771427700,7025.75,7032.5,7022.25,7026.25,43812
1771428600,7026.25,7033,7020.25,7030.5,36577
1771429500,7030.75,7035,7027.25,7033,28180
1771430400,7032.75,7037.25,7029.75,7031.75,26094
1771431300,7031.75,7034.5,7027.75,7029.75,21298
1771432200,7030,7035.25,7029,7030.75,17877
1771433100,7030.5,7032.5,7022.25,7022.5,25139
1771434000,7022.75,7036.75,7021,7029.5,33570
1771434900,7029.75,7034.25,7028.5,7029.75,15277
1771435800,7029.75,7031.75,7026.25,7027.75,13758
1771436700,7027.75,7035.75,7026.75,7032.75,15397
1771437600,7032.5,7039.25,7031.25,7032.25,16071
1771438500,7032.25,7035.5,7022,7025.25,21022
1771439400,7025.25,7027.5,7013.5,7018,31690
1771440300,7017.75,7023,7007.5,7016.75,34846
1771441200,7016.75,7021.25,7011,7011.25,22638
1771442100,7011.5,7016.25,7007.75,7011.25,28015
1771443000,7011.25,7013.5,6995.5,6998.5,44554
1771443900,6998.75,7005.25,6987.25,6992.75,36512
1771444800,6993,7000.5,6987.75,6991,33647
1771445700,6990.75,6993.5,6985.75,6989,25079
1771446600,6988.75,7006,6988,7003.5,30652
1771447500,7003.75,7019,7001.5,7008.75,65210
1771448400,7008.75,7010.5,7004.5,7006.75,12873
1771449300,7006.75,7007,7003,7005,3092
1771450200,7005,7007,7004.5,7006,2630
1771451100,7005.75,7007,7003,7005.5,2306
1771455600,7005.25,7015.75,7005,7014.75,4132
1771456500,7015,7015.25,7010,7012.25,3658
1771457400,7012.25,7013.75,7009.75,7010.25,2553
1771458300,7010.25,7012.75,7007.75,7008.5,3147
1771459200,7008.25,7009.75,7004,7006.25,4538
1771460100,7006.25,7007.25,7000.25,7002,3839
1771461000,7002.25,7006.5,7001,7003.5,3559
1771461900,7003,7006,7002.5,7005.25,2746
1771462800,7005,7015.25,7004,7014.25,5430
1771463700,7014.5,7014.75,7008.25,7009,3231
1771464600,7009,7010.75,7003.75,7006.75,3777
1771465500,7006.5,7010.5,7003.75,7010.5,2919
1771466400,7010.25,7011.25,7006.5,7010,2848
1771467300,7010.5,7013,7009.25,7012.75,1748
1771468200,7012.75,7013.25,7010,7012,1466
1771469100,7011.75,7013.25,7009.5,7011.5,1737
1771470000,7011.5,7013.5,7010.5,7012,1587
1771470900,7012,7014,7011,7013.75,1832
1771471800,7013.75,7014.75,7009,7010.75,2868
1771472700,7010.5,7012.25,7007.75,7011.5,2507
1771473600,7011.5,7013,7011.25,7012.25,1427
1771474500,7012.25,7014,7009.75,7009.75,1570
1771475400,7010,7012,7009.5,7010.25,1405
1771476300,7010.25,7010.75,7006.5,7007,2146
1771477200,7007,7008.25,7003.5,7007,2832
1771478100,7007,7011.25,7006.5,7010.75,2867
1771479000,7011,7013.75,7010.75,7012.5,2455
1771479900,7012.5,7017.25,7012.25,7015.5,2763
1771480800,7015.5,7017,7013.5,7014.75,2047
1771481700,7015,7016,7013.5,7015.75,1227
1771482600,7015.75,7019.75,7015.75,7016.75,3359
1771483500,7017,7020.25,7016,7019.5,1544
1771484400,7019.75,7022.25,7017,7021.25,2578
1771485300,7021.25,7024.25,7019.5,7023,2679
1771486200,7023,7025.25,7021,7022,2283
1771487100,7022,7023.25,7018.5,7019,1926
1771488000,7019,7023.5,7016.5,7021.25,5406
1771488900,7021.25,7026,7021.25,7023.25,4171
1771489800,7023.5,7025.5,7015.75,7016.75,4622
1771490700,7016.5,7016.75,7003.25,7005.25,8007
1771491600,7005.5,7008.75,7001.75,7007,5318
1771492500,7006.75,7008.25,7000,7001.5,6025
1771493400,7001.5,7004.5,6994,6994.75,6498
1771494300,6995,6996,6985.75,6995,9059
1771495200,6994.75,6996,6980.75,6981.5,12096
1771496100,6981.25,6988.25,6981,6982.75,4964
1771497000,6982.5,6988.75,6979.75,6987.5,6057
1771497900,6987.5,6990,6983.25,6986.5,4684
1771498800,6986.5,6991.5,6982.5,6989.75,5028
1771499700,6990,6992.25,6987,6990.5,3802
1771500600,6990.5,6993.25,6988,6990,3596
1771501500,6989.75,6992.75,6984.75,6992.25,5154
1771502400,6992,6993.25,6981.5,6991.5,8420
1771503300,6991.5,6999.75,6989.75,6996.25,7140
1771504200,6996.25,6999.25,6992,6998,6083
1771505100,6998,6998.75,6992.75,6993.25,4440
1771506000,6993.25,6994.75,6987.5,6988.75,6570
1771506900,6989,6990,6981,6984,9734
1771507800,6984,6993.5,6976,6984.75,16180
1771508700,6984.75,6990.5,6982.25,6985.25,9271
1771509600,6985.5,6988,6979,6983,10794
1771510500,6983,6988.25,6981.5,6984,14193
1771511400,6984.25,6993.5,6970.25,6992,103089
1771512300,6992,7004.25,6978.25,6996.25,81017
1771513200,6996,7008,6985.5,6987.5,78727
1771514100,6987.5,6999.75,6984,6985.25,63236
1771515000,6985,7005,6983.25,7001.5,52007
1771515900,7001.5,7004.5,6988.5,6999.5,45104
1771516800,6999.5,7002.25,6984.75,6995.25,38777
1771517700,6995.25,7004.5,6986.75,6987.5,39473
1771518600,6987.5,6999,6981.25,6982.5,38638
1771519500,6982.25,6987.25,6973,6981,52643
1771520400,6981.25,6982.75,6972.75,6981.25,35741
1771521300,6981.25,6994,6978.25,6985.25,39853
1771522200,6985,6988.5,6980.5,6983.5,25321
1771523100,6983.5,6984.25,6966.75,6970.25,49966
1771524000,6970,6980.25,6966,6978.5,30068
1771524900,6978.25,6978.75,6961,6969.75,39950
1771525800,6969.5,6973.75,6965.5,6972.5,23545
1771526700,6972.5,6984.75,6972.25,6983.25,29191
1771527600,6983.25,6986.25,6979.75,6982.75,23839
1771528500,6982.75,6986.5,6976,6978.5,19078
1771529400,6978.5,6981.5,6964.5,6970.5,31282
1771530300,6970.25,6974.75,6966.5,6971.25,23827
1771531200,6971,6980.75,6971,6977.75,23125
1771532100,6977.5,6979.75,6972.25,6975,18200
1771533000,6974.75,6982,6974,6979.25,20735
1771533900,6979.5,6992,6978.5,6991.5,40879
1771534800,6991.75,6994.25,6989.25,6991.5,15377
1771535700,6991.5,6997,6987.5,6992.25,7981
1771536600,6992.25,6992.25,6986,6986,3757
1771537500,6986.25,6987.25,6985,6985.5,2122
1771542000,6987,6990.5,6984.75,6988,4444
1771542900,6988.25,6992.5,6988.25,6990.75,2519
1771543800,6990.75,6996,6990.75,6993.5,3112
1771544700,6993.25,6995.25,6991.5,6993.5,2623
1771545600,6993.75,6997.25,6989.5,6996.25,5211
1771546500,6996,6997.5,6990,6996,5104
1771547400,6996.25,7000.75,6996.25,6999.25,3962
1771548300,6999.25,7001,6999.25,7000,2076
1771549200,7000,7006.25,6999.5,7006,4561
1771550100,7005.75,7006,7002,7004.25,3248
1771551000,7004.25,7004.5,7000.25,7001.25,3050
1771551900,7001,7004,6999.25,7001.75,3404
1771552800,7002,7007,6999.75,7000.25,4683
1771553700,7000.25,7001,6998,6998.75,3428
1771554600,6998.75,7002.75,6998.5,6999.25,2678
1771555500,6999.5,7002,6997.25,7001.5,2873
1771556400,7001.25,7003.25,7001,7002.75,1996
1771557300,7002.75,7003.5,7001.75,7002.25,1040
1771558200,7002.25,7002.75,6999.5,7000,1619
1771559100,7000.25,7002.25,6999.75,6999.75,1489
1771560000,6999.75,7004.25,6999.25,7004,2608
1771560900,7004.25,7004.5,7001,7002.75,1766
1771561800,7003,7003,7001.25,7002.5,1209
1771562700,7002.75,7003.5,7001.5,7002.5,1321
1771563600,7002.75,7006,7002.75,7004,2512
1771564500,7004.25,7008.25,7003.75,7008,2433
1771565400,7008.25,7011.75,7007.5,7009.25,3298
1771566300,7009.5,7011.5,7008.5,7010.75,1383
1771567200,7011,7012.75,7010,7012.75,1962
1771568100,7013,7013.5,7011.5,7011.75,1844
1771569000,7011.5,7011.5,7008.25,7010,1955
1771569900,7009.75,7010.75,7008.25,7010.25,1203
1771570800,7010.5,7012.5,7009.75,7011.25,1704
1771571700,7011.5,7011.75,7009,7009.25,1495
1771572600,7009.5,7011,7006.5,7009.25,2354
1771573500,7009.5,7009.5,7003.5,7006.5,2136
1771574400,7006.5,7009.5,7003,7004.25,4768
1771575300,7004.25,7007.5,7000.75,7007.25,3343
1771576200,7007.5,7008,7000.75,7006,3397
1771577100,7006,7010.5,7005.25,7009.25,2878
1771578000,7009.25,7014,7008.25,7013.25,4314
1771578900,7013.25,7018.25,7013,7015.25,4156
1771579800,7015.25,7015.75,7009.75,7011,3088
1771580700,7011,7011.75,7005,7006,3532
1771581600,7006,7007.75,7003.25,7006.75,3437
1771582500,7007,7007.75,7002.5,7003.75,2372
1771583400,7003.5,7005.25,7001,7002.5,2796
1771584300,7002.75,7004.75,6996.25,6996.5,4151
1771585200,6996.5,6996.5,6983.75,6989.25,12821
1771586100,6989,6993,6986.5,6991.75,5801
1771587000,6991.75,6994,6986.25,6989.5,4475
1771587900,6989.5,6989.75,6979.5,6982.25,8018
1771588800,6982.5,6985.25,6977.25,6984.75,8708
1771589700,6984.75,6987,6975.75,6978.5,8242
1771590600,6978.5,6981,6975.25,6977,8684
1771591500,6976.75,6984.5,6974,6983.5,10647
1771592400,6983.25,6984.25,6981.25,6983.5,5942
1771593300,6983.75,6991,6983.25,6989.5,9567
1771594200,6989.75,6990.5,6966.25,6969.75,29855
1771595100,6969.75,6976,6964.75,6975,19762
1771596000,6975,6978.25,6967.25,6969.25,20509
1771596900,6969,6969.5,6961.25,6966.5,31608
1771597800,6966.25,6997.5,6960.75,6992.5,109204
1771598700,6992.5,6995.75,6978.25,6993.25,67805
1771599600,6993.25,7038.5,6989.25,6998,145194
1771600500,6998.5,7025,6985.75,7012.25,91492
1771601400,7012.5,7026.25,6999,7024.75,76385
1771602300,7025,7036.25,7017.75,7032.5,58626
1771603200,7032.5,7037,7023.75,7025,49419
1771604100,7025,7027,7005,7005.25,62248
1771605000,7005.25,7033.25,7002.75,7029,51769
1771605900,7028.75,7036,7028,7030,38338
1771606800,7030,7033,7004.75,7005,59008
1771607700,7005,7005,6984.5,6996.25,74031
1771608600,6996,7006,6993.25,7004,53179
1771609500,7004.25,7021.25,7001.25,7018.75,56136
1771610400,7018.5,7022.5,7011,7015,32210
1771611300,7015.25,7016,7000.75,7009.75,45567
1771612200,7009.75,7034.5,7001.5,7031.25,82260
1771613100,7031.25,7044.5,7026.75,7037.5,51768
1771614000,7037.75,7042.75,7028.75,7029.75,27168
1771614900,7029.5,7034.75,7026.75,7030.25,23012
1771615800,7030.5,7036,7024,7024.75,20617
1771616700,7025,7031,7022.25,7024.75,20278
1771617600,7025,7037.75,7024.5,7035.75,22047
1771618500,7036,7036.5,7025.5,7028,15937
1771619400,7028,7035.25,7026.75,7035,17857
1771620300,7035,7039.75,7027.75,7038,40222
1771621200,7038.25,7042.75,7035.75,7041.75,16181
1771622100,7041.5,7041.5,7037,7037.5,4012
1771623000,7037.5,7039.25,7037,7038,3162
1771623900,7038,7039.5,7036.75,7038.25,3813
1771801200,7031.75,7036.25,7028,7033.25,6592
1771802100,7033,7034.25,7017.75,7020.25,12948
1771803000,7020,7022.75,7013.75,7014.75,12631
1771803900,7014.75,7021.25,7014,7020,8302
1771804800,7019.5,7019.5,7010.75,7012.25,9823
1771805700,7012,7014.75,6999.75,7004.25,12732
1771806600,7004,7005,6998.5,6999.75,9348
1771807500,7000,7003.25,6992,6992.5,10913
1771808400,6992.75,6995.75,6990,6993.25,11910
1771809300,6993,6998.75,6991.75,6994.5,9401
1771810200,6994.5,6995.75,6991.25,6995.5,6087
1771811100,6995.25,6997.25,6988,6989,8420
1771812000,6988.75,6992.25,6983.75,6984.5,9421
1771812900,6984.5,6989.75,6983.5,6988,5728
1771813800,6988.25,6990.25,6987,6988.75,4029
1771814700,6988.75,6989.5,6986.75,6987.75,2527
1771815600,6988,6991.5,6987.5,6988.75,5166
1771816500,6988.5,6988.5,6982.75,6986.25,5506
1771817400,6986.25,6987,6982,6986.75,4383
1771818300,6986.5,6987,6984.5,6986.25,1939
1771819200,6986.25,6988.75,6984.5,6986.5,2837
1771820100,6986.75,6987.5,6983.5,6985.25,1905
1771821000,6985.25,6986.75,6981.25,6984,2929
1771821900,6983.75,6985.25,6982.75,6985.25,1374
1771822800,6985,6985.25,6982,6983,2019
1771823700,6983,6984.5,6981,6984.25,2202
1771824600,6984.25,6988,6983.75,6986.5,2687
1771825500,6986.75,6988.5,6985.25,6987.5,1675
1771826400,6987.5,6990,6986.5,6989.75,2001
1771827300,6989.75,6990,6988,6988,1527
1771828200,6988,6992,6987.5,6990.75,2051
1771829100,6990.5,6993.25,6989.75,6992.75,1643
1771830000,6992.75,7001.25,6992.25,7000.25,4974
1771830900,7000.75,7001,6997.25,6998.5,3451
1771831800,6998.5,7000.75,6996.5,6999.75,1939
1771832700,6999.5,7001,6998.25,6999,1392
1771833600,6999.25,7002,6996.25,7000.5,4878
1771834500,7000.75,7001,6997.25,7000,2979
1771835400,7000,7001.5,6995.25,6996.25,2486
1771836300,6996.25,7005.5,6996.25,7004.75,5108
1771837200,7004.75,7018,7004.75,7017.25,8806
1771838100,7017.5,7018.5,7014.25,7018,4469
1771839000,7018,7023.5,7016,7022,6907
1771839900,7022.25,7023.25,7020.25,7021.25,4060
1771840800,7021.25,7026,7020.5,7023.5,4250
1771841700,7023.5,7023.5,7013,7019.5,10760
1771842600,7019.25,7023,7018,7021.5,3734
1771843500,7021.25,7021.5,7018,7019.75,3380
1771844400,7020,7023.25,7018.5,7022.75,4126
1771845300,7022.75,7024.75,7018.5,7019.25,3861
1771846200,7019.25,7019.75,7015.25,7015.5,4236
1771847100,7015.75,7016.25,7006.5,7010.75,7841
1771848000,7011,7014.25,7008.25,7008.5,7382
1771848900,7008.5,7008.75,7003.5,7005.25,6283
1771849800,7005.25,7007,7000.25,7006.75,8073
1771850700,7006.75,7008,7000.5,7003,7698
1771851600,7002.75,7009.25,6998.75,7005.5,9739
1771852500,7005.25,7010.25,7004.75,7009,7126
1771853400,7008.75,7014.75,7006,7014.5,11305
1771854300,7014.75,7017,7011.25,7013,11675
1771855200,7013.25,7019.25,7012.75,7019.25,10381
1771856100,7019.25,7022.25,7014.75,7021.75,13560
1771857000,7021.5,7044,7017.75,7018.5,117594
1771857900,7018.5,7025,7005.75,7008.25,97190
1771858800,7008,7015.75,6988.25,6990.75,96775
1771859700,6990.75,6998.75,6985.5,6988,78574
1771860600,6988,6993,6976.75,6979.5,80360
1771861500,6979.75,6982.5,6964.5,6965.25,70526
1771862400,6965.5,6968,6948.25,6949.75,82351
1771863300,6949.75,6972.25,6946.5,6971.5,72970
1771864200,6971.75,6974,6965,6967,47951
1771865100,6967,6969.25,6960.5,6962.5,43916
1771866000,6962.5,6967.75,6958.5,6960.5,34946
1771866900,6960.5,6965.75,6959.5,6959.75,23905
1771867800,6959.75,6960.25,6948.5,6954.25,42710
1771868700,6954.25,6966.25,6952.5,6963.5,35687
1771869600,6963.25,6975,6962.25,6974,30414
1771870500,6973.75,6982.75,6972.75,6981.25,32603
1771871400,6981.25,6982.25,6971.25,6973.5,31162
1771872300,6973.25,6977,6961.5,6963,35630
1771873200,6963,6965.75,6959.75,6961.5,30040
1771874100,6961.75,6963.75,6954.5,6955.75,23206
1771875000,6955.5,6959.75,6948.25,6951.25,28914
1771875900,6951.5,6958.25,6950.5,6953.5,31050
1771876800,6953.5,6957.25,6949.25,6950,25271
1771877700,6950,6958.5,6950,6956.25,22675
1771878600,6956.5,6965.5,6954.25,6959.5,38207
1771879500,6959.75,6967.75,6951.75,6967.5,68696
1771880400,6967.5,6972,6964.5,6971.5,17655
1771881300,6971.5,6972,6968.75,6970.5,4038
1771882200,6970.25,6972.5,6969.5,6971,3886
1771883100,6970.75,6972.25,6969.25,6971.25,2678
1771887600,6970,6976.5,6968.25,6972.5,8012
1771888500,6972.75,6974,6969.5,6974,4884
1771889400,6974,6977.75,6973,6975,5637
1771890300,6974.75,6975.75,6970,6970.75,4135
1771891200,6970.75,6974.5,6968,6972,8079
1771892100,6972,6975.25,6967,6968.75,5878
1771893000,6968.5,6973.75,6967.75,6973,4300
1771893900,6973.25,6976.75,6972,6975,4851
1771894800,6974.75,6975.25,6970.5,6972.5,4170
1771895700,6972.75,6976.75,6970.25,6975,4865
1771896600,6975,6977.25,6970.75,6975.75,4559
1771897500,6975.75,6976.25,6973.25,6975.5,2904
1771898400,6975.25,6979,6974,6978,3518
1771899300,6977.75,6984.25,6977.25,6983.5,5222
1771900200,6983.25,6985.5,6982.25,6982.75,4539
1771901100,6983,6984.5,6981.75,6983.75,2656
1771902000,6983.75,6985,6982.75,6984.25,2436
1771902900,6984,6986,6983.5,6985,2544
1771903800,6985,6985.75,6983.5,6984.25,1881
1771904700,6984.5,6984.75,6983.25,6983.75,1504
1771905600,6984,6985.5,6983.25,6984.25,1734
1771906500,6984.25,6986,6982.25,6985.25,1934
1771907400,6985.25,6986.75,6982.75,6984.25,1688
1771908300,6984.5,6986.5,6984,6985.5,1485
1771909200,6985.5,6989,6984,6987.75,2443
1771910100,6987.5,6987.5,6982.25,6983.5,2557
1771911000,6983.25,6983.5,6979.25,6982,3248
1771911900,6982,6982,6976.25,6979,3262
1771912800,6978.75,6981.25,6977.75,6978.25,2038
1771913700,6978.25,6980.75,6975.25,6977.5,2726
1771914600,6977.5,6980.25,6975.5,6979.5,2141
1771915500,6979.5,6981.25,6978.25,6980.25,1391
1771916400,6980,6985,6979.5,6985,4139
1771917300,6985,6985.5,6982.25,6985,2484
1771918200,6985,6986.5,6980,6980.5,2733
1771919100,6980.75,6982.5,6979,6979.75,1677
1771920000,6980,6980,6968,6970.25,12218
1771920900,6970.25,6976.75,6967,6973.5,8028
1771921800,6974.25,6976.75,6967.25,6969.25,5358
1771922700,6969.5,6970.5,6964,6969.25,5703
1771923600,6969,6980.25,6969,6979.5,7113
1771924500,6979.75,6981.25,6976,6977,4699
1771925400,6976.75,6978.75,6971,6978.25,4470
1771926300,6978,6982,6977.25,6981.5,2772
1771927200,6981.5,6985,6980.25,6980.25,3677
1771928100,6980.25,6981.25,6978.5,6979.5,2668
1771929000,6979.5,6980.75,6976.75,6980.5,3005
1771929900,6980.25,6980.5,6976,6979.5,2879
1771930800,6979.75,6982.75,6977.5,6978,4320
1771931700,6978,6979.5,6974.75,6976.25,2924
1771932600,6976.25,6978,6973.25,6975,3315
1771933500,6975.25,6978.25,6974.25,6978.25,3419
1771934400,6978,6985,6976.5,6979.75,13364
1771935300,6979.75,6980.25,6972,6972.5,6102
1771936200,6972.5,6972.75,6960.5,6963.5,13108
1771937100,6963.5,6965.75,6959.25,6963.5,9820
1771938000,6963.75,6967.5,6963,6964.25,9231
1771938900,6964.25,6971.25,6963.5,6971.25,7230
1771939800,6971.25,6975.25,6967.25,6974.5,10298
1771940700,6974.25,6979.75,6974,6976.75,7600
1771941600,6976.75,6977,6967.5,6970.25,9102
1771942500,6970.25,6970.75,6958.5,6961,14087
1771943400,6961,6986.25,6942,6986,145266
1771944300,6985.75,6997.25,6970,6974.5,108516
1771945200,6974,6984.75,6962.75,6974.5,95446
1771946100,6974.5,7006.75,6972.75,7006,87079
1771947000,7006,7008.5,6999,7005.75,66504
1771947900,7005.75,7006,6994.25,6996.5,52503
1771948800,6996.25,7011.75,6995.5,7008.75,57308
1771949700,7008.75,7010.5,7000.5,7003.75,44020
1771950600,7003.75,7004.25,6994.25,6998.25,43887
1771951500,6998.25,7010,6997.5,7007.5,28677
1771952400,7007.5,7018.5,7006.5,7015.25,37455
1771953300,7015.25,7021,7014.5,7018.25,24060
1771954200,7018.5,7019.5,7013.75,7014.25,19732
1771955100,7014.25,7019.5,7012.25,7016.75,20966
1771956000,7016.25,7024,7016,7017.5,22059
1771956900,7017.5,7018,7012,7013,20844
1771957800,7013.25,7021.25,7011.75,7020,23735
1771958700,7020.25,7021.75,7017.25,7017.25,13885
1771959600,7017.25,7019,7013,7014.5,20215
1771960500,7014.5,7014.75,7009,7011.5,25449
1771961400,7011.5,7016.5,7010.5,7014.5,18879
1771962300,7014.75,7019.5,7012.75,7014.25,20655
1771963200,7014,7016.25,7008.25,7009.75,19799
1771964100,7009.5,7014.25,7007.5,7008.25,23646
1771965000,7008,7015.5,7007.75,7015,21410
1771965900,7015,7026.25,7014.5,7016.5,51283
1771966800,7016.75,7018.5,7012.5,7015.25,12153
1771967700,7015.25,7015.5,7013.5,7014.25,2388
1771968600,7014,7015.25,7013.5,7013.75,5306
1771969500,7013.75,7014.75,7012.75,7013.5,4081
1771974000,7013.75,7015.5,7009.25,7014.75,4980
1771974900,7014.75,7016,7012.5,7015,2756
1771975800,7014.5,7017.5,7013.25,7016.25,2781
1771976700,7016.25,7019.5,7015.5,7017.75,2652
1771977600,7017.75,7018,7014.5,7014.75,3530
1771978500,7014.75,7017.5,7013.75,7014.5,2371
1771979400,7014.5,7020.75,7012.75,7020.5,3933
1771980300,7020.5,7023.25,7018,7021.75,3465
1771981200,7022,7025.5,7020.5,7025,5217
1771982100,7025,7028,7022.25,7024,5509
1771983000,7023.75,7027.5,7022.25,7026.25,3398
1771983900,7026.5,7029.75,7026.25,7028,4383
1771984800,7028,7029.75,7025.75,7028,3349
1771985700,7028,7029.5,7025.75,7028.75,2397
1771986600,7029,7031,7028,7028.25,2788
1771987500,7028.25,7030.5,7027.25,7030.25,1812
1771988400,7030,7030.5,7024.25,7024.5,3284
1771989300,7024.75,7025.25,7019.5,7021.75,4413
1771990200,7021.75,7023.5,7006,7020,12750
1771991100,7020,7025.75,7019.25,7023.5,3614
1771992000,7023.75,7023.75,7016.75,7018.25,3443
1771992900,7018.25,7021.25,7016.75,7020.75,2105
1771993800,7021.25,7023.25,7021,7021.5,1885
1771994700,7021.5,7022.5,7019,7019.75,1426
1771995600,7020,7024,7019.25,7020.5,2025
1771996500,7020.5,7020.75,7017,7018.25,1749
1771997400,7018.25,7019.25,7016.25,7018,1566
1771998300,7018.25,7021,7017,7017.75,1534
1771999200,7017.5,7019.5,7016.25,7019.25,1721
1772000100,7019.25,7023,7018.25,7019.5,1987
1772001000,7019.25,7022.75,7018.25,7020.5,1509
1772001900,7020.25,7020.5,7018.5,7019.25,1101
1772002800,7019.25,7021.75,7017.75,7019,1942
1772003700,7019,7020.25,7017.5,7018.75,1282
1772004600,7018.75,7019,7014.75,7016.5,2035
1772005500,7016.5,7019,7016.5,7017.25,1069
1772006400,7017.25,7026,7017,7021.75,6236
1772007300,7021.75,7027.75,7020,7025.5,3800
1772008200,7025.5,7027,7022.75,7026,2532
1772009100,7026,7027.75,7024,7025.75,2331
1772010000,7025.5,7028.25,7022.25,7027.25,3133
1772010900,7027.5,7028,7024.25,7025.5,2199
1772011800,7025.5,7029,7024.75,7029,2136
1772012700,7028.75,7029.25,7026,7028.25,2092
1772013600,7028.25,7029.25,7024.25,7026,2547
1772014500,7026,7028.5,7024.75,7027.25,2424
1772015400,7027,7030.75,7026.75,7029.75,2337
1772016300,7029.75,7030,7024.5,7025.75,2492
1772017200,7025.75,7027,7024.75,7026.75,1805
1772018100,7026.75,7028.75,7025.75,7027.75,1855
1772019000,7028,7033.75,7028,7033.5,4066
1772019900,7033.75,7037.75,7033.25,7037.25,3975
1772020800,7037.25,7038,7033.75,7035,4443
1772021700,7035.25,7042,7035,7038.5,6159
1772022600,7038.5,7041,7036.25,7038.5,4374
1772023500,7038.75,7042,7038.25,7039.75,5247
1772024400,7039.75,7042.25,7039,7042,4390
1772025300,7042,7042,7037.75,7039.5,5007
1772026200,7039.75,7039.75,7035.5,7037,6596
1772027100,7037,7043,7036.25,7040.75,8269
1772028000,7040.75,7050,7040.75,7045.25,18521
1772028900,7045.25,7046,7040.25,7044,17816
1772029800,7044,7056.5,7043.25,7051.5,92427
1772030700,7051.5,7062.5,7050.5,7055.5,72953
1772031600,7055.5,7058.25,7045.5,7047.25,62835
1772032500,7047,7054.5,7044.5,7053.75,56379
1772033400,7053.5,7055.75,7042.5,7047.5,61593
1772034300,7047.75,7051,7043.75,7050.5,42570
1772035200,7050.5,7056.5,7050,7053.75,44993
1772036100,7053.75,7058.25,7049,7057,38487
1772037000,7057.25,7062.25,7056.25,7061.25,38887
1772037900,7061.5,7066.25,7061.25,7062.75,35721
1772038800,7063,7066,7060,7065.25,29512
1772039700,7065.5,7066,7061.75,7062,18734
1772040600,7062,7067,7061,7065.75,21852
1772041500,7065.75,7068.25,7064.75,7068,19852
1772042400,7068,7069.25,7066.5,7067.25,13030
1772043300,7067.25,7067.25,7064.25,7065.5,14437
1772044200,7065.25,7068.75,7064.5,7067.75,9824
1772045100,7067.75,7069.5,7066.75,7067.5,5981
1772046000,7067.25,7072.5,7067.25,7071,12083
1772046900,7071,7073.25,7070,7071,9575
1772047800,7071,7075.5,7071,7073,14072
1772048700,7073,7075.25,7072.75,7073,10544
1772049600,7073,7075.75,7072,7073,12424
1772050500,7073,7074,7070.25,7071.25,14201
1772051400,7071.25,7075,7069.5,7073,21111
1772052300,7072.75,7079.25,7071.25,7073,45990
1772053200,7073.25,7077,7071.75,7075.5,13811
1772054100,7075.5,7076.75,7071.75,7075.25,4166
1772055000,7075.5,7101.5,7073.75,7087,22995
1772055900,7087,7091,7082.5,7088.75,8311
1772060400,7079.75,7082.5,7073.25,7076.25,10155
1772061300,7076,7078.25,7072,7074.75,5927
1772062200,7075,7075.5,7055.25,7062.25,16806
1772063100,7062,7066.5,7060.5,7062.25,9466
1772064000,7062,7066.75,7059.5,7066,9262
1772064900,7066.25,7068,7063,7067,4911
1772065800,7067.25,7068.25,7061.75,7063,5109
1772066700,7063.25,7065.5,7062.5,7063.5,3625
1772067600,7063.5,7064.25,7058.25,7062.25,5986
1772068500,7062.25,7063.75,7056.25,7056.25,5397
1772069400,7056.5,7065,7055,7064,7084
1772070300,7064,7066,7063,7065,3569
1772071200,7065,7066,7058.5,7060.75,5034
1772072100,7060.75,7064,7060.5,7061.75,2526
1772073000,7062,7062.5,7059.75,7061,2808
1772073900,7061.5,7063.5,7061.25,7062.75,2180
1772074800,7063,7064,7060.75,7062.25,2113
1772075700,7062.25,7064,7061.75,7063.25,1483
1772076600,7063,7067.25,7062.5,7064.5,2970
1772077500,7064.5,7065.75,7062,7062.25,2106
1772078400,7062.25,7063.75,7061.25,7061.75,2150
1772079300,7061.75,7062.75,7061,7061.5,1418
1772080200,7061.75,7063.25,7060.75,7062.25,1460
1772081100,7062,7063.25,7061.25,7061.75,948
1772082000,7061.75,7062,7057.75,7057.75,3436
1772082900,7057.75,7060.75,7057.25,7059,2481
1772083800,7058.75,7059.75,7058.25,7059.25,1417
1772084700,7059.5,7061.5,7058.75,7060.75,1871
1772085600,7060.75,7065,7060.5,7065,2687
1772086500,7065,7065,7061.25,7061.75,2439
1772087400,7061.5,7065,7060.75,7064.5,2530
1772088300,7064.5,7067.5,7062.75,7063.25,4087
1772089200,7063.25,7067.25,7063.25,7067,3549
1772090100,7066.75,7067.75,7063,7065,2476
1772091000,7064.75,7068.25,7064,7068.25,2846
1772091900,7068,7069,7064.5,7064.75,2504
1772092800,7065,7068.75,7064,7068.25,3921
1772093700,7068.25,7073.75,7068,7070,7989
1772094600,7069.75,7070.5,7065.25,7065.75,3158
1772095500,7065.75,7068,7064.25,7066,3586
1772096400,7066.25,7069.75,7065,7069.75,3757
1772097300,7069.75,7071.5,7068.75,7071.25,3402
1772098200,7071.25,7076,7070.25,7075,3515
1772099100,7075,7077,7071.5,7072.25,3097
1772100000,7072.5,7074.25,7070.25,7072.25,2594
1772100900,7072.5,7073,7068.25,7068.75,2283
1772101800,7068.75,7071,7066.5,7069.25,2610
1772102700,7069.5,7069.75,7065,7067,2339
1772103600,7067.25,7069.25,7066,7068.25,2228
1772104500,7067.75,7071,7066.75,7070.25,2365
1772105400,7070.25,7071.5,7068,7068,2577
1772106300,7068.25,7072.25,7067,7070.5,2887
1772107200,7070.5,7074.5,7070.5,7072.25,3864
1772108100,7072,7077.5,7072,7077,4455
1772109000,7077,7079,7073.75,7078,5116
1772109900,7078,7078.25,7075,7075.5,3724
1772110800,7075.5,7078.25,7074.25,7078,4766
1772111700,7077.75,7080.25,7077,7080.25,5772
1772112600,7079.75,7081.75,7078.5,7079,6080
1772113500,7078.75,7084,7078.75,7080.25,6997
1772114400,7080,7081.75,7076.25,7078.5,9072
1772115300,7078.5,7080,7072.75,7074.75,13232
1772116200,7074.5,7074.5,7050.25,7055.75,141754
1772117100,7055.75,7057.25,7045.25,7047.75,107003
1772118000,7048,7051.75,7026.5,7026.75,118416
1772118900,7026.75,7027,6988,6997.5,202414
1772119800,6997.5,7012,6984.25,7010,118933
1772120700,7010,7022.75,7007.25,7018.25,83848
1772121600,7018.25,7027,7015.5,7027,60396
1772122500,7027,7032.25,7022.5,7028.5,50891
1772123400,7028.5,7030.5,7009.25,7009.5,59839
1772124300,7009.5,7016.25,7001.25,7003.5,63747
1772125200,7003.25,7011.5,7001.5,7003.5,45788
1772126100,7003.5,7006.5,7001.25,7003.75,30581
1772127000,7003.5,7012,6997,6997.5,38413
1772127900,6997.25,6999.5,6990.75,6995.5,32922
1772128800,6995.5,6996.5,6988,6994,36919
1772129700,6994,7000.5,6990,6997.75,29757
1772130600,6997.5,7019,6995,7016.25,55225
1772131500,7016.5,7023,7011.75,7015.25,29761
1772132400,7015.25,7029.25,7012.75,7026.25,33074
1772133300,7026.5,7034.5,7025.75,7027.5,36213
1772134200,7027.75,7034.75,7026,7032.75,20267
1772135100,7033,7038.25,7031.5,7031.5,23209
1772136000,7031.75,7039.75,7029.75,7030.75,27368
1772136900,7030.5,7034,7027.5,7028,22536
1772137800,7028.25,7036.75,7027.75,7034.75,25622
1772138700,7034.75,7035.25,7028,7035,50000
1772139600,7034.75,7036.25,7029.5,7031.75,14999
1772140500,7031.75,7032.75,7029.25,7030.5,3339
1772141400,7030.5,7031.5,7023.75,7024.75,5509
1772142300,7024.5,7024.5,7016.25,7017.5,6656
1772146800,7013.75,7014.25,6997,7010.25,14355
1772147700,7010.25,7014.25,7008,7012,7416
1772148600,7012,7012.5,7004,7004.5,6805
1772149500,7004.75,7007,7001.75,7006,6494
1772150400,7005.75,7010.25,7003.25,7009.5,6036
1772151300,7009.5,7012.5,7006,7007,4926
1772152200,7006.75,7007.75,6997.25,6998,7615
1772153100,6998,7006.5,6996.5,7004.5,6231
1772154000,7004.5,7007.5,7002.25,7007.5,4820
1772154900,7007.5,7010.75,7004.5,7004.75,5428
1772155800,7004.75,7008,7001.25,7003.25,5413
1772156700,7003.5,7008,7002,7006.25,3550
1772157600,7006.5,7010.75,7006.25,7008.5,4345
1772158500,7008,7012,7008,7011,2811
1772159400,7011,7011.5,7006.5,7008,2624
1772160300,7008,7013.25,7007,7013.25,2775
1772161200,7013,7013.75,7012,7012.75,2604
1772162100,7012.5,7013.5,7009.25,7010.25,2479
1772163000,7010,7011.25,7007.5,7010,2413
1772163900,7009.75,7013.25,7008.75,7011.75,2214
1772164800,7011.75,7014.25,7011.75,7012.5,2833
1772165700,7012.5,7013,7009.75,7012.75,1734
1772166600,7012.5,7015,7011,7014.5,1794
1772167500,7014.25,7014.5,7012,7012.5,1198
1772168400,7012.5,7017.5,7012.25,7017.25,2650
1772169300,7017.25,7019.75,7017,7019.5,2533
1772170200,7019.5,7020.5,7017.25,7018.5,1949
1772171100,7018.75,7019.5,7014.5,7015,2044
1772172000,7015,7017,7009.75,7010.25,3600
1772172900,7010.5,7011.25,7006,7009.5,3906
1772173800,7009.25,7016,7009,7014.5,2834
1772174700,7014.75,7015.75,7013,7014,1623
1772175600,7014,7018.5,7014,7016.25,2767
1772176500,7016,7021.75,7015.75,7021.25,2621
1772177400,7021.25,7021.75,7019,7020.5,2623
1772178300,7020.25,7021.5,7018.75,7020.5,1895
1772179200,7020.5,7024.25,7015,7015.25,6060
1772180100,7015.25,7021.25,7013.5,7019.5,4795
1772181000,7019.5,7023.25,7016.25,7018,3225
1772181900,7018,7021.5,7017.5,7020.75,2490
1772182800,7021,7027,7019.25,7025,5346
1772183700,7025.25,7029.25,7021.75,7024.5,8825
1772184600,7024.5,7024.75,7015,7015,4620
1772185500,7015,7018,7013.75,7014.75,3798
1772186400,7015,7016,7000.5,7004.5,8234
1772187300,7004.75,7012.5,7004.75,7011,5626
1772188200,7010.75,7016,7009.75,7014.25,5830
1772189100,7014.5,7014.5,7004.5,7008.25,5372
1772190000,7008.25,7010,7002.5,7005.25,6026
1772190900,7005,7008.5,7003,7005,5814
1772191800,7005,7007.25,6992,6994.75,10405
1772192700,6994.75,6999.75,6994.25,6998.5,9988
1772193600,6998.5,7004,6992.5,7003.5,12099
1772194500,7003.5,7007.25,7002.5,7003.75,6047
1772195400,7003.75,7006.25,6993,6993.5,9483
1772196300,6993.25,6995.5,6987.25,6991.25,13890
1772197200,6991.25,6996,6987.5,6988.75,14586
1772198100,6988.75,6991.5,6978.5,6980.75,17842
1772199000,6981.25,6981.5,6964.5,6971.75,35918
1772199900,6972,6980.75,6971.75,6979,25889
1772200800,6979.25,6980.25,6972.25,6976,21135
1772201700,6975.75,6975.75,6965.75,6969.25,26388
1772202600,6969.25,6981.25,6955,6964.5,135473
1772203500,6964.75,6977.5,6960.5,6967.25,93369
1772204400,6967,6993.5,6965,6984.5,88635
1772205300,6984.25,6988.5,6974.25,6983.75,71193
1772206200,6984,6996.25,6975.75,6995.5,65144
1772207100,6995.5,6999.25,6980.75,6991,68115
1772208000,6991,6998,6985.25,6993.75,59434
1772208900,6993.75,6999.5,6990,6992.5,50481
1772209800,6992.75,7001.75,6985.25,6985.75,45824
1772210700,6986,6998,6984.25,6987.5,46327
1772211600,6987.25,7001.75,6986.75,6987.5,40313
1772212500,6987.5,6988,6971.5,6980,55746
1772213400,6980,6990.25,6975,6978,63401
1772214300,6978,6983.75,6973.25,6982.5,32586
1772215200,6982.5,6985.75,6977,6977.25,28349
1772216100,6977.25,6978.75,6969.25,6976.75,34747
1772217000,6976.75,6981.25,6971.5,6977.25,28953
1772217900,6977,6979.5,6973.5,6978.5,24605
1772218800,6978.25,6988.75,6974.75,6977.5,37779
1772219700,6977.75,6980,6973.5,6974.5,21891
1772220600,6974.75,6979,6968.5,6972.5,31456
1772221500,6972.5,6975.25,6969.75,6972.25,22568
1772222400,6972,6991,6971.75,6991,37053
1772223300,6991,6999.75,6990,6995,46354
1772224200,6994.75,6997.25,6983.75,6989.5,45362
1772225100,6989.25,7007.5,6988.25,7001.75,107151
1772226000,7001.75,7002.5,6994.5,6998.75,34183
1772226900,6998.75,6999.25,6990.25,6992.25,9804
1772227800,6992.5,6994.75,6990.75,6991.75,5711
1772228700,6991.75,6991.75,6986.5,6989,7437
1772406000,6942.5,6951.75,6920.5,6942.25,28273
1772406900,6942.25,6944.75,6934,6937.25,12848
1772407800,6936.75,6939.5,6928,6937.75,14166
1772408700,6937.75,6940.5,6928,6930.25,9746
1772409600,6930.5,6938.5,6925.25,6933,12223
1772410500,6932.75,6933.5,6922.75,6927.75,11661
1772411400,6927.75,6934.25,6922.75,6933.25,7398
1772412300,6933.25,6945.25,6933.25,6943.75,9116
1772413200,6943,6970.5,6942.5,6965.25,21799
1772414100,6965.25,6966.25,6958.75,6963.25,10600
1772415000,6963.5,6970.75,6961.75,6966,10727
1772415900,6965.75,6967,6961,6963,6673
1772416800,6963.25,6966.5,6955.25,6957.75,8674
1772417700,6957.75,6959.5,6951.75,6952.5,7093
1772418600,6952.25,6960.5,6951,6958.25,5418
1772419500,6958.5,6959.5,6949,6953.5,6484
1772420400,6953.75,6955.5,6950.25,6953.5,3754
1772421300,6953.5,6956.75,6950.5,6954.75,5010
1772422200,6955,6955.25,6948.5,6950,3899
1772423100,6950.25,6954,6948.75,6950.5,2946
1772424000,6950.25,6952.5,6949,6951.75,2622
1772424900,6951.5,6953.75,6941,6953,9528
1772425800,6952.75,6958,6951.25,6953.25,5160
1772426700,6953.5,6954,6942.75,6944,3982
1772427600,6944,6946.5,6939.25,6941.25,4708
1772428500,6941.75,6945,6937.5,6940,4245
1772429400,6940.25,6943.75,6939.25,6940.75,2384
1772430300,6940.75,6941.25,6928,6929,5814
1772431200,6928.75,6933.5,6928.25,6931.75,4114
1772432100,6932,6934,6920,6929,8856
1772433000,6929.25,6930.5,6916,6918.25,6886
1772433900,6918.5,6918.75,6900.25,6912,13944
1772434800,6912,6915.25,6896.5,6900,14779
1772435700,6900.25,6912.75,6900,6907.75,11349
1772436600,6907.75,6912.5,6902,6908,8156
1772437500,6908.25,6908.5,6895.5,6897.75,8870
1772438400,6898.25,6903.25,6885.75,6897.25,25125
1772439300,6897.25,6898.75,6882,6884.75,18607
1772440200,6884.75,6906.75,6884,6903.5,19824
1772441100,6903.5,6913.75,6900.5,6905.75,11640
1772442000,6905.5,6925.25,6902.75,6922.75,16580
1772442900,6922.5,6931,6922.5,6927,14030
1772443800,6927,6932,6921,6927.25,11355
1772444700,6927.25,6928.25,6923.25,6926,7747
1772445600,6925.75,6940,6925.5,6930.75,17406
1772446500,6930.5,6937,6927.25,6933.5,8348
1772447400,6933.75,6939.75,6932.75,6938.25,8336
1772448300,6938.5,6939,6929,6932.5,5692
1772449200,6932.5,6935,6927.25,6928.75,5853
1772450100,6928.75,6934.5,6925.75,6930.25,5695
1772451000,6930.25,6938.25,6930.25,6935.5,5545
1772451900,6935.5,6944.75,6930,6933.25,11411
1772452800,6933,6938,6922.75,6928.75,11612
1772453700,6928.5,6928.5,6921.75,6923.75,5391
1772454600,6924,6929.5,6920.75,6924,5903
1772455500,6924.25,6931,6918.5,6924.5,8846
1772456400,6924.75,6933,6921,6926.75,10574
1772457300,6927.25,6947,6926.5,6936.5,14458
1772458200,6936,6938.25,6924.25,6927,10309
1772459100,6927,6931.5,6917.75,6921.25,12984
1772460000,6921.25,6927,6917.75,6922.25,15097
1772460900,6922.25,6925.5,6915.5,6924.5,19254
1772461800,6924.5,6962.5,6917.75,6958.5,111423
1772462700,6958.5,6971.5,6955,6967.25,77868
1772463600,6967,6991,6957,6987,86357
1772464500,6987,6991.5,6968.25,6972,78281
1772465400,6972,6981.25,6961.5,6980.75,68509
1772466300,6980.5,6986.25,6969,6979.75,54439
1772467200,6979.5,6994.25,6974,6991,50803
1772468100,6990.75,6991.25,6967,6970,52894
1772469000,6970,7003.5,6966.5,7002.25,65524
1772469900,7002.5,7008,6997,7000.25,43155
1772470800,7000.5,7004.25,6995,7001.75,27251
1772471700,7001.75,7010,7001.25,7002.75,27806
1772472600,7002.75,7007,6998.75,7005,26182
1772473500,7005,7011.25,7003.5,7010.25,20556
1772474400,7010.25,7012.25,7006.25,7008.25,16276
1772475300,7008,7008,6999.25,7005.25,19731
1772476200,7005.25,7006.25,6995.5,7000,21744
1772477100,7000,7000.25,6990,6990.25,24694
1772478000,6990.5,7007.75,6989.5,7007.25,26824
1772478900,7007,7021,7007,7020.25,38745
1772479800,7020.25,7024.5,7017.75,7018.75,22831
1772480700,7018.75,7023.25,7018.5,7020,13967
1772481600,7020.25,7021.25,6988.75,6990.25,62374
1772482500,6990,7003.5,6986.25,6991,52592
1772483400,6991.25,7002,6989.5,7000.25,33023
1772484300,7000,7010.75,6997.25,7000.75,61388
1772485200,7000.75,7001.75,6992,6996.5,19203
1772486100,6996.25,6996.75,6992.25,6995.5,4127
1772487000,6995.5,6998.75,6995.25,6998,2904
1772487900,6998,6998.75,6992.25,6997.5,5256
1772492400,6995.75,6999.75,6990,6991.25,7458
1772493300,6991.25,6992,6984,6987.5,7884
1772494200,6988,6990.25,6984.75,6985.25,4512
1772495100,6985.25,6992,6985,6990.25,5149
1772496000,6990.5,6993.25,6984,6985.5,8137
1772496900,6985.5,6987,6981,6983.5,6486
1772497800,6984,6985,6981.25,6984.75,3107
1772498700,6984.75,6985,6979.5,6980.75,3845
1772499600,6980.75,6986.25,6975,6983.75,7748
1772500500,6984.5,6989,6979.25,6979.5,7835
1772501400,6980,6982.5,6974.5,6976.75,7459
1772502300,6977.25,6977.5,6967,6968,7759
1772503200,6967.75,6969,6959,6962.25,13698
1772504100,6962.5,6963.25,6953.5,6958.75,11029
1772505000,6959.25,6969.25,6958.25,6965.75,9290
1772505900,6965.75,6969,6962.25,6963.75,5816
1772506800,6964,6968.75,6960.25,6964,6148
1772507700,6964,6965.5,6956.5,6958,4546
1772508600,6958.25,6968,6955,6966,7384
1772509500,6966.25,6969.25,6960.5,6962.25,5185
1772510400,6962,6965.25,6957,6959.5,5501
1772511300,6959.5,6961,6951,6954.75,5682
1772512200,6954.5,6957.5,6950,6954,6213
1772513100,6954.25,6955.5,6947.25,6951.25,5309
1772514000,6951.25,6955.25,6948,6951.25,5892
1772514900,6951.25,6954.75,6950.25,6953.25,6536
1772515800,6953.25,6953.5,6944.5,6945.25,8358
1772516700,6945.5,6946.75,6942,6944.5,7304
1772517600,6944.75,6949.75,6941.75,6946,8539
1772518500,6946,6950,6939.5,6949.75,5569
1772519400,6949.5,6950.25,6941,6941.5,4934
1772520300,6941.25,6943.75,6937.75,6941.5,4675
1772521200,6941.5,6944.5,6936,6939,6784
1772522100,6939,6942.5,6926.5,6930.5,9067
1772523000,6930.75,6932.5,6926.25,6931,6505
1772523900,6931,6934,6925.75,6927.25,5654
1772524800,6927.25,6930,6916,6917,19536
1772525700,6916.75,6922.25,6905.25,6905.5,22293
1772526600,6905.25,6910.5,6891.75,6897,26830
1772527500,6896.75,6899.5,6889.25,6891.25,20809
1772528400,6891.25,6907.75,6891.25,6903.5,22122
1772529300,6903.25,6904.75,6894.5,6896.75,14959
1772530200,6896.75,6902,6890.5,6891.25,17980
1772531100,6891.25,6892,6879.75,6881.25,24991
1772532000,6881.25,6885.25,6872.75,6876.5,21912
1772532900,6876.75,6885.25,6873.75,6874.75,14710
1772533800,6874.5,6883.25,6863.75,6883.25,23425
1772534700,6883.5,6887.5,6865.5,6877.75,21338
1772535600,6877.5,6885,6872,6875,15603
1772536500,6875,6883.75,6856.75,6878.25,26838
1772537400,6878.5,6891,6878.25,6889,21182
1772538300,6889,6893,6883.25,6887.25,16304
1772539200,6887.25,6906.5,6885.25,6900.75,22464
1772540100,6900.75,6914.75,6897.5,6905.75,16660
1772541000,6905.75,6908.25,6899.75,6907.5,11612
1772541900,6907.75,6913.25,6900,6907,13494
1772542800,6907.25,6908.75,6896,6902.5,10846
1772543700,6902.5,6909.25,6892.75,6895.75,12997
1772544600,6896.25,6897,6880.5,6883.75,19976
1772545500,6883.75,6885.75,6872.5,6882,19096
1772546400,6882.5,6884.75,6872.75,6876.25,17594
1772547300,6876.5,6889.25,6873,6886,21041
1772548200,6886.25,6907.5,6868,6870.5,117280
1772549100,6870.25,6884.25,6854.5,6859.75,100641
1772550000,6859.75,6875.5,6851.5,6862.25,97710
1772550900,6862,6865.75,6832.25,6834.25,80365
1772551800,6834.25,6861.25,6833.75,6848.25,94604
1772552700,6848.25,6858,6839,6855.75,73697
1772553600,6855.5,6889.25,6853.5,6886.25,86990
1772554500,6886.5,6902.5,6885.75,6896.5,74475
1772555400,6896.5,6905,6882.5,6903.25,83869
1772556300,6903.25,6921.5,6903,6912.25,74226
1772557200,6912.25,6916,6900,6907.5,53702
1772558100,6907.5,6921.5,6902.75,6919.75,44642
1772559000,6919.75,6920.75,6897.25,6919.75,55891
1772559900,6919.5,6921.5,6905.25,6910.75,32574
1772560800,6910.5,6925.75,6910.25,6917.25,36383
1772561700,6917.5,6941.25,6916.75,6935,41854
1772562600,6935,6955.75,6933.5,6948,51241
1772563500,6948,6956.25,6941.25,6949.75,38161
1772564400,6949.75,6951.75,6933.5,6942.75,37950
1772565300,6942.75,6952.25,6941,6942,32798
1772566200,6942,6957.5,6929.5,6956.75,72458
1772567100,6956.75,6963.25,6943.5,6949.5,48913
1772568000,6949.5,6956.75,6944,6944.25,35787
1772568900,6944.25,6950,6938.5,6947.25,32290
1772569800,6947.25,6952,6938.75,6941.25,26079
1772570700,6941.25,6945,6929,6939.5,54553
1772571600,6939.5,6940.5,6930.75,6934.75,14741
1772572500,6934.5,6936.25,6929.25,6930.25,5676
1772573400,6930.5,6931.75,6923,6929.25,8940
1772574300,6929.25,6930.75,6926,6927.25,3598
1772578800,6925,6935.5,6919,6934.75,10432
1772579700,6934.5,6937.75,6924.5,6925.25,9203
1772580600,6925.25,6931.25,6924.75,6928.5,5333
1772581500,6928.5,6932.5,6923,6924.25,7338
1772582400,6924.5,6935,6919.5,6932.75,15251
1772583300,6933,6946.75,6932,6937.75,13842
1772584200,6938.25,6938.5,6921.5,6924,12342
1772585100,6924,6938.25,6923.75,6934.5,12819
1772586000,6934.5,6940,6923,6925,13286
1772586900,6925.25,6928,6909.75,6912.75,18282
1772587800,6912.75,6927.5,6908.75,6924.5,19249
1772588700,6924.75,6925.75,6910.75,6920.25,13056
1772589600,6920.25,6926,6910.25,6913,11950
1772590500,6913,6917.75,6906.75,6910,8700
1772591400,6909.5,6911.75,6901.25,6910,9075
1772592300,6910,6918.75,6910,6913.25,7409
1772593200,6913.25,6913.5,6902.75,6905.25,8701
1772594100,6905,6906.5,6896.5,6900,7944
1772595000,6899.75,6901.25,6890.75,6899,11010
1772595900,6899,6907.25,6895.5,6907,7947
1772596800,6906.75,6915.75,6905.25,6912.25,8181
1772597700,6912,6914.25,6904.5,6906.25,5915
1772598600,6906,6908.25,6900,6907,5995
1772599500,6907,6909.25,6902.25,6905.5,4666
1772600400,6906,6911,6900,6901.25,6639
1772601300,6901,6907,6893.5,6899,6049
1772602200,6898.75,6912,6895.25,6906.5,7572
1772603100,6906.5,6909.75,6900.75,6902,5528
1772604000,6902,6902,6889.5,6891,6606
1772604900,6891,6898.5,6887,6898.25,7927
1772605800,6898.5,6908.5,6897,6905.25,5676
1772606700,6905.25,6906.25,6899.75,6904.25,3966
1772607600,6903.75,6907.25,6896.5,6897.5,6671
1772608500,6897.25,6914.75,6896,6910.75,8081
1772609400,6911,6923.25,6909.5,6921.25,8413
1772610300,6921.25,6926,6918,6920.5,6810
1772611200,6921,6925,6915,6923,14011
1772612100,6923.25,6926.5,6908.75,6912.75,11870
1772613000,6913.25,6923.5,6911.5,6922.5,10236
1772613900,6922.75,6925.5,6914.25,6917,7707
1772614800,6917,6928,6910.5,6925,9762
1772615700,6924.75,6930,6923.25,6927.25,6578
1772616600,6927.5,6934.5,6924.5,6931.75,8521
1772617500,6931.5,6940,6930,6938.5,7671
1772618400,6938.5,6961.25,6935.25,6959.5,27396
1772619300,6959.25,6962,6945.25,6947.75,15907
1772620200,6947.75,6957.75,6947.5,6956,8210
1772621100,6956,6959.75,6950.5,6956.25,7266
1772622000,6956.5,6964.5,6955.75,6960.75,12016
1772622900,6960.75,6968.5,6959.75,6960.75,10416
1772623800,6961,6962.5,6948.25,6948.25,8541
1772624700,6948.25,6952.5,6945.5,6946,6739
1772625600,6946.25,6956.5,6946,6952,10607
1772626500,6952.5,6952.5,6927.25,6928,14721
1772627400,6928.5,6942.25,6926.5,6939.5,9566
1772628300,6939.25,6941.75,6931,6941.5,8692
1772629200,6941.25,6970,6940.5,6965.75,16589
1772630100,6966.5,6969.75,6955.75,6960.25,8467
1772631000,6960.5,6967.25,6954.75,6963,9884
1772631900,6963,6968.25,6958.75,6961.5,11373
1772632800,6961.5,6965.5,6957,6964,8918
1772633700,6964,6969.5,6951.5,6952,16154
1772634600,6952.25,6971.5,6936,6937.25,101564
1772635500,6937.25,6953.5,6932,6949.75,68748
1772636400,6949.75,6973.75,6944.5,6968.25,79404
1772637300,6968.25,6999.25,6967.5,6997.75,82307
1772638200,6998,6999.5,6979.5,6980.75,67250
1772639100,6981,6995.25,6974.75,6994.75,64751
1772640000,6994.5,7002.75,6979.25,6981.75,65502
1772640900,6981.75,6990.75,6977.75,6988,60052
1772641800,6988,6999.5,6984.75,6997.5,47130
1772642700,6997.75,7000.5,6992.25,6994.25,38531
1772643600,6994.25,7000,6991.5,6996.5,29795
1772644500,6996.75,6997.75,6989.25,6989.75,28734
1772645400,6989.75,6998.75,6982,6994.25,42566
1772646300,6994.25,7001,6994,6998.25,22608
1772647200,6998.5,7002,6994,6995.75,23082
1772648100,6995.75,6998.25,6990,6997.25,22904
1772649000,6997.5,7004.75,6997.25,7001.75,23658
1772649900,7002,7005.25,6998,7002,21590
1772650800,7002,7007.25,7000.25,7005,18098
1772651700,7005,7006,7001,7002.5,16099
1772652600,7002.5,7006,7000.75,7003.25,14200
1772653500,7003.5,7008,7001.25,7004.5,14161
1772654400,7004.5,7006.5,6997,6998,19667
1772655300,6998.5,6999.25,6990.75,6998.5,27107
1772656200,6998.25,7002.5,6995.25,7001,19048
1772657100,7001,7002.25,6986.75,6986.75,60182
1772658000,6986.5,6993.5,6979.5,6992.25,22792
1772658900,6992,6994.75,6986.5,6991.25,9233
1772659800,6991.25,6992.75,6990.5,6991.5,2830
1772660700,6991.75,6996,6989.25,6992.25,4414
1772665200,6996,7001.5,6991.75,6999.75,6506
1772666100,6999.75,7000.25,6994.25,6995.5,4120
1772667000,6995.5,7002,6994.5,7001,4436
1772667900,7001,7002.75,6997.75,6999,3799
1772668800,6998.75,7006.5,6997,7005.75,8112
1772669700,7006,7014.25,7005.75,7008,9906
1772670600,7007.75,7012,7006,7008.25,6442
1772671500,7008.25,7009.5,7004.25,7005.75,4241
1772672400,7006,7007,6999.5,7001.75,8244
1772673300,7001.5,7001.75,6987.5,6990.25,15061
1772674200,6990,6995.5,6976.75,6980,15035
1772675100,6980.25,6986,6970.75,6977,16466
1772676000,6977,6981.25,6975,6978.75,8655
1772676900,6978.5,6980.75,6972.5,6974.75,6303
1772677800,6975,6980.25,6971,6978.5,5891
1772678700,6978.5,6987,6977.25,6979,8308
1772679600,6979.25,6981.5,6975.25,6975.75,5495
1772680500,6976,6977.25,6966.5,6969,8380
1772681400,6969.25,6972,6963.75,6969,9386
1772682300,6968.75,6974.25,6966,6970,5353
1772683200,6969.75,6978.5,6966.75,6977,5832
1772684100,6977.25,6980.5,6975.25,6980.5,3386
1772685000,6980.5,6981.25,6976,6978.25,3396
1772685900,6978.25,6983.25,6978.25,6982,2891
1772686800,6982,6982.5,6978.5,6980,2762
1772687700,6980,6980.25,6975.5,6977.5,3274
1772688600,6977.5,6978.5,6972,6973,3348
1772689500,6973,6974.75,6967.5,6967.75,3472
1772690400,6968,6969.25,6958.5,6960,8826
1772691300,6960.25,6967,6958.75,6963.25,4612
1772692200,6963,6963.5,6958,6963,4922
1772693100,6963,6980.75,6961.25,6980.25,11313
1772694000,6980.25,6981.75,6972.75,6976,6224
1772694900,6975.75,6981.75,6971.75,6980.5,5595
1772695800,6980.25,6981,6973.25,6975.25,3790
1772696700,6975.25,6977,6969,6976.75,4987
1772697600,6976.75,6977.75,6958.5,6959.75,12911
1772698500,6959.5,6969.5,6959.25,6959.25,10677
1772699400,6959.25,6964.25,6953.75,6960.25,11768
1772700300,6960.25,6972,6958.75,6971.25,7988
1772701200,6971.25,7007.25,6969.75,7001,26517
1772702100,7001,7004,6986.5,6987.75,20039
1772703000,6987.75,6992,6977.75,6979.5,10625
1772703900,6979.5,6987.25,6976.25,6985.25,7574
1772704800,6984.75,6989.75,6978.75,6987.25,7316
1772705700,6987.25,6991.5,6985.25,6989.75,5217
1772706600,6990,6991.5,6981.75,6983.5,4903
1772707500,6983.25,6987.5,6980.5,6983.25,3768
1772708400,6983.5,6991,6978.75,6991,6674
1772709300,6990.75,6994,6988.5,6990.25,3889
1772710200,6990,6993.25,6981.75,6986.75,5631
1772711100,6986.5,6990.75,6979.5,6980.5,5258
1772712000,6980.75,6984.5,6976.75,6980.5,6638
1772712900,6980.75,6994.25,6977.75,6986,8869
1772713800,6986,6988,6977.5,6979.75,6934
1772714700,6979.25,6984.75,6970,6976.25,11316
1772715600,6976.25,6977.75,6967,6970.75,10479
1772716500,6971,6975,6966.5,6973.25,8643
1772717400,6973.25,6977.25,6960.25,6966.25,13222
1772718300,6966.25,6971.25,6956.25,6958.5,12438
1772719200,6958,6961.5,6952.25,6954,19045
1772720100,6953.75,6958.5,6949.25,6955.5,21908
1772721000,6955.75,6980.25,6953.5,6962.25,104731
1772721900,6962.25,6986.5,6956.5,6986.25,78157
1772722800,6986,6990.75,6964,6978,93761
1772723700,6978,6978.75,6938,6943,103758
1772724600,6943.25,6953.25,6927.75,6947,114724
1772725500,6947.25,6961,6946.25,6956.25,84624
1772726400,6956.25,6959,6926.25,6933,94853
1772727300,6932.75,6938.25,6924.75,6930,82595
1772728200,6930,6945.25,6929.25,6936.75,66766
1772729100,6937.25,6948.25,6937,6945.5,45646
1772730000,6945.5,6959.5,6936.5,6940.25,63641
1772730900,6940.25,6940.5,6919.5,6919.75,65497
1772731800,6919.75,6922.75,6904,6907.25,93864
1772732700,6907,6908.25,6894.75,6899.5,75077
1772733600,6899,6917.5,6897.5,6915,57210
1772734500,6914.75,6917,6893.5,6897.5,55466
1772735400,6897.25,6914.25,6892.5,6912.75,52964
1772736300,6912.5,6913.25,6893.75,6900.75,45869
1772737200,6900.75,6909.25,6898,6908,40840
1772738100,6908,6912.75,6897.25,6901.25,38708
1772739000,6901.5,6905,6890.5,6904.5,48775
1772739900,6904.5,6912,6899,6905.5,40760
1772740800,6905.25,6925.75,6898.25,6923,85492
1772741700,6923.25,6940,6918.75,6929.75,60813
1772742600,6929.75,6940,6927,6934.75,43808
1772743500,6935,6952,6929,6948.5,72210
1772744400,6948.5,6949.5,6940.25,6941.75,14954
1772745300,6942,6944.75,6936.25,6941.75,6007
1772746200,6941.25,6941.75,6935.75,6938.75,4984
1772747100,6938.75,6940.25,6935,6937.75,3211
1772751600,6937.5,6946.75,6935.5,6944.75,6987
1772752500,6945,6950,6943.5,6948.5,4847
1772753400,6948.25,6954.25,6947.75,6953,4524
1772754300,6953,6956.75,6951.25,6954.5,5886
1772755200,6954.5,6963.75,6954.25,6962.25,8425
1772756100,6962.25,6963,6955.25,6956.75,5894
1772757000,6957,6958,6954.5,6957.5,4873
1772757900,6957.5,6959.25,6954.25,6956,4093
1772758800,6955.75,6959.75,6954,6956,5613
1772759700,6956.25,6959,6946.75,6950,7048
1772760600,6950.25,6957,6949.5,6949.75,7275
1772761500,6949.75,6956.25,6947.25,6952.25,5304
1772762400,6952.5,6959,6950.75,6959,4793
1772763300,6959,6961,6957,6959.5,4608
1772764200,6959.5,6959.75,6954.25,6955.5,3918
1772765100,6955.75,6956.25,6950,6950.25,3738
1772766000,6950.25,6956.75,6950,6953.5,3947
1772766900,6953.5,6956.25,6951.75,6953,3735
1772767800,6953.5,6958.25,6951.75,6957.75,3492
1772768700,6957.75,6961.5,6957.5,6961,3403
1772769600,6960.75,6962,6959.25,6960,2491
1772770500,6960,6960.75,6957,6957.75,1643
1772771400,6957.5,6967.5,6957.25,6964.5,4240
1772772300,6964.25,6966.25,6959.75,6960.75,3064
1772773200,6960.75,6964.5,6959.75,6964.25,3075
1772774100,6964,6964.25,6960.5,6962.75,2327
1772775000,6962.75,6967.25,6962,6964.5,3136
1772775900,6964.25,6964.5,6959,6961,3008
1772776800,6961,6964.25,6960.75,6961,2216
1772777700,6961.25,6961.5,6957.5,6958,2657
1772778600,6958.25,6960.5,6956.25,6960.25,2233
1772779500,6960,6960,6955.75,6957.25,1876
1772780400,6957.25,6959.75,6953.5,6955.25,3482
1772781300,6955.25,6963.75,6955,6961.5,3222
1772782200,6961.25,6964,6959.5,6962.75,2374
1772783100,6962.75,6962.75,6958.25,6961.25,2311
1772784000,6961,6961.25,6952.25,6953.25,10008
1772784900,6953,6958.25,6942.5,6943.25,9982
1772785800,6943.25,6955.75,6942.75,6955.75,9118
1772786700,6955.25,6960,6950,6951.5,6676
1772787600,6951.5,6954,6938.5,6941.75,13712
1772788500,6941.25,6941.75,6926.25,6927.25,16917
1772789400,6927.5,6931.25,6916.25,6921.25,20047
1772790300,6921,6923,6911.75,6919,17454
1772791200,6919.25,6931.5,6918.5,6925.75,10803
1772792100,6925.5,6936,6925,6933.75,12465
1772793000,6933.5,6934.5,6925.5,6926.5,8540
1772793900,6926.5,6931.75,6924,6928.5,6667
1772794800,6928.5,6930,6914,6927.75,19979
1772795700,6928,6931.25,6923.25,6928.75,7272
1772796600,6929,6929.75,6906.5,6910.75,12870
1772797500,6911,6916.5,6902.5,6907.25,14271
1772798400,6907.25,6912.5,6904.5,6911.5,13467
1772799300,6912,6915.5,6908.5,6909.5,10452
1772800200,6909.5,6911,6901.5,6905.5,14233
1772801100,6905.5,6907.25,6897.25,6903,10973
1772802000,6902.5,6911.25,6902,6908.5,13978
1772802900,6908.5,6917.25,6905,6912.5,9849
1772803800,6911.25,6919.5,6879.75,6881.5,42403
1772804700,6881.75,6881.75,6851.75,6858.5,64897
1772805600,6858.75,6863.25,6850.25,6856.75,39465
1772806500,6856.75,6866.25,6853.25,6865.75,31565
1772807400,6865.75,6872.75,6835.75,6841.5,156610
1772808300,6841.5,6853.25,6828.75,6840.75,107745
1772809200,6841,6865,6839.5,6864,114908
1772810100,6863.75,6875.75,6857.75,6873.5,85949
1772811000,6873.25,6891.5,6873.25,6879.5,90911
1772811900,6879.25,6886.5,6856.5,6881.5,97266
1772812800,6881.25,6892.5,6872.75,6873.75,68546
1772813700,6874,6883,6866.5,6876.5,65399
1772814600,6876.75,6884.75,6866.25,6877.25,61229
1772815500,6877,6892.5,6873.5,6882,56919
1772816400,6882.25,6890.75,6868.5,6872,48592
1772817300,6872,6884.25,6865.75,6870.25,48474
1772818200,6870.25,6874,6852.5,6858.5,48801
1772819100,6858.5,6872,6858.25,6863,43113
1772820000,6863,6893.75,6861.75,6890.5,58412
1772820900,6891,6893.75,6874.5,6878.75,51310
1772821800,6878.75,6885.5,6872,6878.25,40682
1772822700,6878.5,6880.5,6869,6872.75,32240
1772823600,6872.75,6886.75,6870,6884.25,31880
1772824500,6884,6885.5,6871.5,6881.5,36260
1772825400,6881.25,6888.75,6874.5,6878.75,31728
1772826300,6878.5,6883.5,6874,6882.25,27938
1772827200,6882,6892,6866.5,6871.5,46734
1772828100,6871.5,6876.5,6851.25,6854.25,49264
1772829000,6854,6866,6843,6857,69459
1772829900,6857,6864.5,6849.5,6856,66825
1772830800,6856,6859,6843.25,6854,22785
1772831700,6853.75,6855.5,6847.25,6847.75,6155
1772832600,6847.75,6854,6847.25,6852.5,5594
1772833500,6852.5,6858.5,6851.5,6853.25,5024
1773007200,6812.25,6812.25,6724.5,6739.25,38160
1773008100,6738.75,6752.5,6735.75,6745.5,15732
1773009000,6745.25,6755,6744.75,6747.5,10787
1773009900,6748,6755.75,6744.25,6754.25,11233
1773010800,6754.5,6760.25,6741,6745.5,15427
1773011700,6745.5,6752.5,6744.25,6749.75,8079
1773012600,6750.25,6751.5,6739,6744.5,11010
1773013500,6744.5,6745.25,6733.75,6741.75,17167
1773014400,6741.75,6751.25,6739,6745.75,18411
1773015300,6745.5,6746.75,6730.75,6739.5,18116
1773016200,6739,6749,6732.75,6734,15740
1773017100,6733.75,6735.25,6726.5,6732.75,13533
1773018000,6732.75,6736.75,6720,6727,18297
1773018900,6726.75,6728,6718.75,6719.5,11714
1773019800,6719.5,6731,6715.75,6718,15775
1773020700,6717.5,6719.75,6703.5,6704.5,21346
1773021600,6704.5,6713.5,6702.75,6706.5,17154
1773022500,6706.5,6713.25,6698,6708.75,17171
1773023400,6709,6717.5,6701.75,6717,14729
1773024300,6717.25,6722.25,6713.5,6717,13137
1773025200,6717,6723.75,6716.5,6723.25,9245
1773026100,6723,6725.75,6717.75,6719.25,9318
1773027000,6719.25,6728.25,6716.5,6718,10002
1773027900,6718,6725.75,6717.25,6722.75,8688
1773028800,6723,6733.75,6722.75,6727.75,10695
1773029700,6727.75,6733,6725.25,6732.25,4549
1773030600,6732.25,6734.5,6727,6728,4117
1773031500,6728.5,6729.5,6724.75,6725,3709
1773032400,6725,6735.25,6721.75,6732.75,6128
1773033300,6733,6751.25,6726.75,6749,14857
1773034200,6749.25,6753.25,6738.5,6749.25,10419
1773035100,6749,6757,6745.5,6755.75,7991
1773036000,6755.75,6765.25,6750.25,6760.25,9041
1773036900,6760,6764.5,6755,6759.75,7113
1773037800,6760,6762.75,6749.75,6752.75,7195
1773038700,6753,6753.25,6742.5,6746.25,7753
1773039600,6746.5,6752.25,6737.5,6749.75,11422
1773040500,6749.75,6762,6745.5,6758.75,9861
1773041400,6758.75,6761.5,6750.5,6757.5,9286
1773042300,6757.5,6761,6752.5,6756.25,9861
1773043200,6756.5,6764.25,6752.5,6755,28752
1773044100,6754.75,6770.5,6747,6760.75,22215
1773045000,6761,6774.25,6760.25,6761.5,16569
1773045900,6761.25,6773.5,6758,6770,14564
1773046800,6770.5,6778.5,6762.5,6777.25,15695
1773047700,6777.25,6797.5,6776,6794.25,18359
1773048600,6794.25,6815.25,6787.25,6805.25,30424
1773049500,6805.25,6810,6788.25,6796.5,17252
1773050400,6796.5,6800,6781.25,6784.25,13720
1773051300,6784.25,6792.5,6781.75,6782.25,11272
1773052200,6782.25,6791.5,6778,6785.75,14438
1773053100,6785.5,6787.5,6775,6780.5,14136
1773054000,6780.5,6791.25,6780.25,6782.75,10390
1773054900,6782.75,6785.25,6774.25,6776.5,9531
1773055800,6776.5,6790.5,6775.75,6782.5,10161
1773056700,6782.5,6789.25,6779.75,6781.75,6767
1773057600,6781.75,6797.25,6780.5,6796.75,10407
1773058500,6796.5,6803.75,6794.75,6802.25,10255
1773059400,6802.25,6804.25,6779.5,6781.5,10941
1773060300,6781.5,6784.25,6775.25,6784,10795
1773061200,6784,6798,6782.5,6796,15947
1773062100,6795.75,6797.75,6785.5,6795,15525
1773063000,6795,6807.5,6767.5,6774.75,90755
1773063900,6774.75,6780.75,6757.75,6771.75,92375
1773064800,6771.75,6790.5,6754.5,6762.25,88121
1773065700,6762.5,6787.75,6759.5,6771.75,78866
1773066600,6771.25,6800.5,6770.75,6800.25,61505
1773067500,6800.25,6814.5,6798,6807,64460
1773068400,6807,6820,6807,6819.25,51040
1773069300,6819.25,6831,6815,6829.25,55420
1773070200,6829.25,6829.5,6815,6816.5,48248
1773071100,6816.5,6830.5,6815.25,6826,41261
1773072000,6826.25,6834.75,6823,6830.5,42474
1773072900,6830.75,6847.75,6824,6840.5,52187
1773073800,6840.75,6851.25,6830.25,6850.5,46836
1773074700,6850.25,6854.5,6843.75,6844.25,37376
1773075600,6844.5,6845.25,6834.75,6838,34466
1773076500,6838.25,6839.75,6818.5,6820,39840
1773077400,6819.75,6822.75,6812,6813.5,37514
1773078300,6813.75,6824.75,6813,6819.25,31507
1773079200,6819.5,6829.25,6818.75,6827,32908
1773080100,6827,6840.25,6824.75,6832,34675
1773081000,6831.75,6844.75,6831.25,6840,31661
1773081900,6840.25,6844.25,6831,6832.5,25328
1773082800,6832.75,6839.25,6830.25,6836.25,23956
1773083700,6836.25,6907.5,6834.75,6906.5,109841
1773084600,6906.25,6931.75,6891,6911,96858
1773085500,6911,6920.5,6899.5,6915,70792
1773086400,6915.25,6922,6897.5,6905.25,22821
1773087300,6905,6907,6894.75,6906.25,11470
1773088200,6906,6909.5,6900.75,6905,12364
1773089100,6904.75,6910.25,6900.25,6907.75,6532
1773093600,6912.75,6912.75,6891,6901.5,16184
1773094500,6901.5,6903.5,6887.25,6900.25,13739
1773095400,6900.5,6900.75,6888.5,6895.75,8684
1773096300,6895.5,6899,6889.75,6892,5149
1773097200,6892.25,6896.75,6888.25,6894.75,5970
1773098100,6894.5,6896,6890.75,6894.25,4233
1773099000,6894.25,6894.5,6883.25,6883.75,5966
1773099900,6884,6886.5,6879.25,6885.25,7851
1773100800,6885.25,6888.5,6875.75,6877.5,11533
1773101700,6877.5,6895.25,6877.25,6895.25,10393
1773102600,6895,6905.25,6889,6903,10433
1773103500,6903.25,6905.25,6895.75,6896.25,7355
1773104400,6896,6904.75,6894,6902,7992
1773105300,6902,6904.5,6897.25,6898.25,6263
1773106200,6898.25,6901,6894,6896.75,6118
1773107100,6897,6909.5,6896,6905.75,6179
1773108000,6905.75,6908.25,6902.25,6905.25,4532
1773108900,6905,6905.25,6902.75,6904,2085
1773109800,6904,6904.5,6897.25,6898.25,4687
1773110700,6898,6899,6888.75,6892.25,6700
1773111600,6892,6897,6890.75,6894.25,4938
1773112500,6894.25,6900.75,6889.75,6892.5,5431
1773113400,6892.5,6893,6881.25,6881.75,6009
1773114300,6881.75,6888.75,6877.75,6886,6184
1773115200,6886,6887.75,6881,6887,3538
1773116100,6887,6890.75,6885.5,6887,2659
1773117000,6887.25,6893.75,6885.5,6891,2349
1773117900,6890.75,6892.75,6886,6890.75,2389
1773118800,6891,6902.75,6890.75,6899.25,4621
1773119700,6899.5,6901.5,6894.75,6898.5,2660
1773120600,6899,6902.5,6895.75,6900,3556
1773121500,6900,6904.5,6898.5,6903.5,1898
1773122400,6903.25,6906,6901.75,6904.25,2218
1773123300,6904.25,6905,6899.75,6905,1938
1773124200,6904.75,6908.75,6903.25,6904,3326
1773125100,6903.75,6905.5,6900.75,6903.75,2564
1773126000,6903.5,6918.75,6900,6912,8677
1773126900,6912,6930.75,6911.25,6930,9251
1773127800,6929.5,6932.5,6920.5,6928.75,10664
1773128700,6929,6933.5,6926,6932.75,7233
1773129600,6932.75,6944.25,6929,6936.75,20544
1773130500,6936.75,6944.75,6933.75,6941.75,13023
1773131400,6941.25,6947.25,6938.75,6943.5,12017
1773132300,6943.25,6946.5,6931.75,6933.75,11621
1773133200,6933.75,6946,6932.25,6943.25,10851
1773134100,6943.25,6943.25,6936.5,6939.75,8719
1773135000,6939.75,6943.75,6937.5,6940.75,8047
1773135900,6940.5,6941.25,6933,6933.75,9224
1773136800,6933.75,6934.75,6924.25,6926,11319
1773137700,6925.75,6930.75,6921,6930.25,11289
1773138600,6930.25,6932.75,6916.25,6926,17998
1773139500,6926,6928.5,6921,6927.5,9482
1773140400,6927.5,6937.5,6915,6915.25,25227
1773141300,6915.25,6919,6911.25,6916.5,13055
1773142200,6916.5,6917.5,6903.5,6904.5,13724
1773143100,6904.5,6909.25,6900.5,6903.5,14890
1773144000,6903.5,6904.5,6886,6893,26313
1773144900,6892.75,6897.5,6888.5,6888.75,15384
1773145800,6888.75,6898.5,6882.25,6896.25,18122
1773146700,6896.25,6906.25,6896,6899,21701
1773147600,6899.25,6906.5,6899.25,6901.5,21440
1773148500,6901.75,6910,6900.5,6908.25,20151
1773149400,6908.5,6919.5,6889,6903,131935
1773150300,6902.75,6906.5,6885.5,6889.5,81031
1773151200,6889.25,6901.5,6878.5,6886.25,99711
1773152100,6886.25,6911.25,6879,6907.75,87154
1773153000,6907.5,6934,6907.25,6931.5,83262
1773153900,6931.75,6943.25,6926.75,6943,63812
1773154800,6942.75,6948.5,6933.75,6935.25,67536
1773155700,6935.5,6947.5,6935.25,6942.75,51773
1773156600,6942.5,6951,6935.75,6946.5,54312
1773157500,6946.25,6948.75,6939.75,6945,48721
1773158400,6945,6945.25,6928,6936.5,61049
1773159300,6936.25,6945.75,6934,6937.25,53705
1773160200,6937.5,6948.25,6937.25,6947,34887
1773161100,6947,6949.75,6937.5,6945.75,31787
1773162000,6946,6955,6944,6949.5,39095
1773162900,6949.5,6965.5,6949,6964.5,44447
1773163800,6964.25,6964.25,6938,6944.25,70895
1773164700,6944.25,6957.25,6943,6951.75,40691
1773165600,6952,6953.5,6917,6917.5,60707
1773166500,6917.5,6932.75,6904.75,6924.5,128231
1773167400,6924.5,6935,6915,6918.5,79676
1773168300,6918.25,6929.5,6914.75,6916,52879
1773169200,6916.25,6921.75,6911.5,6920.5,44628
1773170100,6920.5,6926.5,6905,6905.25,57315
1773171000,6905.25,6914.5,6897,6905.75,75245
1773171900,6905.5,6908.75,6893,6901.5,61391
1773172800,6901.5,6915,6900.5,6913.25,17972
1773173700,6913.5,6914,6907.5,6911.25,5509
1773174600,6911,6913,6908.5,6910.25,3604
1773175500,6910.5,6912.25,6908.5,6911,2656
1773180000,6910.5,6911.5,6901.75,6909,5768
1773180900,6909,6910.25,6900,6900.25,4771
1773181800,6900.5,6902.25,6896.25,6897,4701
1773182700,6897,6900.75,6897,6900.5,2627
1773183600,6900.5,6904.75,6899.25,6904,4067
1773184500,6904,6906,6903.25,6904.5,3168
1773185400,6904.75,6905.25,6902.75,6903.5,2685
1773186300,6903.25,6913,6903,6910.75,6338
1773187200,6910.5,6923,6909.5,6920.25,13729
1773188100,6920,6927,6917.75,6922.25,12096
1773189000,6922.25,6923.75,6919.25,6921.5,5251
1773189900,6921.75,6925.5,6919.75,6922,3759
1773190800,6922.25,6926.5,6920.25,6926.5,4635
1773191700,6926.25,6928,6924.75,6926.75,3762
1773192600,6926.75,6932.75,6926.25,6931.75,4464
1773193500,6931.75,6932.25,6928.5,6930,3187
1773194400,6930,6930.5,6926.75,6927.75,2269
1773195300,6927.75,6933.5,6927.75,6929.75,3052
1773196200,6929.5,6929.75,6926.25,6929,2786
1773197100,6929,6930.75,6928,6929.75,1674
1773198000,6930,6931,6927.5,6929,1507
1773198900,6929,6930.5,6929,6930,928
1773199800,6929.75,6935.5,6929.75,6934.75,3349
1773200700,6934.5,6936.25,6932.5,6935,1586
1773201600,6935.25,6935.5,6932,6933.75,1530
1773202500,6933.75,6934.75,6933.25,6934.5,652
1773203400,6934.5,6934.5,6929.75,6929.75,1844
1773204300,6930,6931.75,6927.75,6928.75,1550
1773205200,6929,6929.75,6921.5,6923,3379
1773206100,6922.75,6926.75,6922.25,6924.5,2034
1773207000,6924.5,6924.75,6919.75,6920,2321
1773207900,6920,6920.25,6915.75,6916.5,3070
1773208800,6916.5,6918.75,6912.75,6918.75,3073
1773209700,6918.75,6919.5,6912,6915.25,2126
1773210600,6915,6921.75,6915,6921,2526
1773211500,6920.75,6920.75,6916,6919.75,1676
1773212400,6919.5,6921.25,6912.5,6918.5,4247
1773213300,6919,6919,6909.5,6910.5,6163
1773214200,6910.75,6912,6897.25,6900.75,9812
1773215100,6900.75,6909.5,6898.25,6908.5,5901
1773216000,6908.5,6912.75,6905.25,6912.5,12079
1773216900,6912.25,6913.5,6905.25,6907.75,9699
1773217800,6908,6913.5,6899.25,6902,11876
1773218700,6902,6903.75,6888.75,6895.5,18545
1773219600,6895.75,6896.5,6885.5,6887.25,13306
1773220500,6887.25,6896.25,6885,6885.5,8017
1773221400,6885.5,6892.5,6884.5,6888,8121
1773222300,6888,6892,6881.75,6883.25,7681
1773223200,6883.25,6901.25,6882.5,6900.75,9951
1773224100,6900.75,6903.5,6897,6901.75,8417
1773225000,6901.75,6913,6900.25,6911.75,10150
1773225900,6912.25,6914.25,6909.5,6913.75,7096
1773226800,6913.25,6919.5,6911.5,6916.5,10180
1773227700,6916.5,6918,6901,6902.5,9207
1773228600,6902.5,6905.25,6894.75,6899,11806
1773229500,6899,6902.5,6887,6893.25,25104
1773230400,6893,6898.75,6890.5,6894.5,13341
1773231300,6894.5,6910.75,6892.5,6905.25,10136
1773232200,6905.25,6913.5,6882,6884.5,20632
1773233100,6884.75,6888.25,6877.25,6885.25,18816
1773234000,6885.25,6899,6884.5,6888.25,27905
1773234900,6888.25,6906,6887.5,6905.75,20655
1773235800,6906,6915.5,6902,6903.75,90714
1773236700,6904,6912.25,6891.75,6909.5,98267
1773237600,6909.5,6931.25,6900.25,6910.5,135288
1773238500,6910.5,6912.75,6882,6891.75,83572
1773239400,6891.75,6906.75,6882,6903.75,87068
1773240300,6903.75,6914.25,6900,6910.75,52906
1773241200,6911,6917,6882.75,6888,81175
1773242100,6888.25,6895.5,6876,6876.75,73454
1773243000,6876.75,6883,6871,6872.75,66328
1773243900,6872.75,6880.5,6866.5,6872,50482
1773244800,6872,6874,6865,6873.25,50780
1773245700,6873.5,6877.5,6867.25,6877,46241
1773246600,6877.25,6890.5,6876.5,6884.75,55055
1773247500,6885,6893.25,6881.5,6892.5,28993
1773248400,6892.75,6896,6885.5,6887.75,27986
1773249300,6887.75,6898.25,6883.5,6894.75,29412
1773250200,6894.75,6896.5,6863.25,6875.25,69389
1773251100,6875.5,6888,6872.5,6879.75,45531
1773252000,6880,6882.5,6867,6873.5,31051
1773252900,6873.5,6885.25,6872.25,6882.75,34172
1773253800,6882.75,6886,6878,6880.75,27270
1773254700,6880.75,6888,6877.5,6882.5,29193
1773255600,6882.75,6885,6873.5,6875,28126
1773256500,6874.75,6882.75,6873.25,6879.75,23698
1773257400,6880,6892.5,6877.75,6891,28321
1773258300,6891,6896.25,6884.25,6893.5,40040
1773259200,6893.5,6895.5,6885,6890.25,15590
1773260100,6890.5,6892,6889,6891,2502
1773261000,6890.75,6891.5,6889.5,6891,2235
1773261900,6891,6891,6881.5,6883.25,3271
1773266400,6881.5,6883.75,6868.5,6872.5,9189
1773267300,6872.5,6873.25,6857.25,6861,14905
1773268200,6861.25,6863.25,6848.75,6852.75,15534
1773269100,6852.75,6856.5,6849.5,6855.25,10840
1773270000,6855.25,6856.75,6842.5,6851,11990
1773270900,6851,6855.25,6842.75,6843.5,8905
1773271800,6843.25,6843.75,6828.75,6830,15525
1773272700,6830,6842.5,6828.5,6842.5,10872
1773273600,6842.5,6843.5,6829.75,6832.25,11545
1773274500,6832.5,6839,6828.75,6836.25,8145
1773275400,6836.25,6845,6835.75,6842,6152
1773276300,6842.25,6845,6838.75,6841.5,4552
1773277200,6841.5,6843.5,6834.25,6838.25,8405
1773278100,6837.75,6846.25,6837.75,6845.75,5289
1773279000,6845.75,6852,6845.5,6850.5,5867
1773279900,6850.5,6850.5,6835,6840.25,7125
1773280800,6840.5,6842.5,6838,6838,3519
1773281700,6838.25,6840.75,6831.75,6832.5,5713
1773282600,6832.25,6833.25,6819.25,6825.5,10263
1773283500,6825.75,6827.5,6820.75,6825.75,5229
1773284400,6825.75,6831.75,6825,6826.5,4496
1773285300,6826.5,6829,6823.5,6824.5,2944
1773286200,6824.5,6825.5,6819.75,6821.75,4652
1773287100,6821.75,6826.75,6820.5,6826.5,3013
1773288000,6826.25,6831.5,6825.25,6830.25,3206
1773288900,6830,6833.75,6829,6831.5,2369
1773289800,6831.5,6832,6823.25,6823.5,2956
1773290700,6823.5,6826.25,6822.75,6824,1880
1773291600,6823.75,6836.75,6823.75,6833.5,7032
1773292500,6833.75,6835,6830,6832,2688
1773293400,6831.75,6835.75,6830,6834.5,3782
1773294300,6834.75,6835.5,6826.75,6834.25,5520
1773295200,6834.5,6834.5,6829.25,6830.75,2776
1773296100,6831,6839.25,6831,6838,5103
1773297000,6838.5,6841.5,6837,6841,2480
1773297900,6841.25,6845.25,6840.25,6844,3087
1773298800,6844,6848,6843.75,6847.75,3765
1773299700,6847.75,6851.75,6846.25,6850.25,4742
1773300600,6850.25,6851,6844.75,6850,4451
1773301500,6850.25,6860,6846.25,6859.75,7446
1773302400,6859.5,6870.25,6859,6863.75,15200
1773303300,6863.75,6867.75,6859,6859,8039
1773304200,6859,6863.75,6853.5,6863.25,9372
1773305100,6863.25,6867.25,6859,6863.25,8669
1773306000,6863.5,6865.25,6852.25,6853.5,9361
1773306900,6853.5,6857.5,6847.25,6857.25,9756
1773307800,6857.25,6870.25,6856.5,6868.75,12546
1773308700,6868.75,6872.25,6865.5,6870.75,10295
1773309600,6870.75,6873.5,6865,6869,10213
1773310500,6868.75,6869,6863.5,6864.75,6991
1773311400,6864.75,6874,6862.25,6864.25,14954
1773312300,6864,6868,6860,6862.25,8901
1773313200,6862,6863,6855.5,6856.75,9039
1773314100,6856.75,6863.75,6854.75,6861.25,12157
1773315000,6861.25,6874.25,6861.25,6871,14069
1773315900,6871.25,6871.25,6855.5,6856.25,13714
1773316800,6856.5,6857.75,6843.5,6850,21560
1773317700,6850.25,6853.75,6846.25,6853.25,12977
1773318600,6853,6853.75,6842.75,6847.5,14999
1773319500,6847.25,6851.25,6843.25,6851.25,16362
1773320400,6851,6854.75,6843.25,6843.5,20926
1773321300,6843.25,6846,6832.25,6840.25,54467
1773322200,6840.25,6845.5,6827.75,6832,124739
1773323100,6831.75,6838.25,6810.5,6817.25,119367
1773324000,6817.5,6840.5,6817,6839,99817
1773324900,6839.25,6841.25,6809.25,6809.5,81503
1773325800,6809.75,6820.25,6801.5,6818.5,93944
1773326700,6818.5,6834.75,6809.5,6814,107140
1773327600,6814.25,6817.25,6798,6802.75,66101
1773328500,6802.5,6816.5,6799.5,6810.75,53621
1773329400,6810.75,6832.5,6801.25,6827.25,118197
1773330300,6827.25,6829.5,6814,6822.5,69650
1773331200,6822.5,6832.5,6806.25,6818.5,73602
1773332100,6818.25,6842.75,6815.75,6817.75,87857
1773333000,6817.5,6832.25,6812.5,6826.25,67294
1773333900,6826.25,6827.5,6809.75,6817.75,56000
1773334800,6817.75,6832.75,6815.5,6816.5,44437
1773335700,6816.5,6823.5,6808.75,6815.25,42655
1773336600,6815.25,6827.5,6814,6815,37084
1773337500,6815,6817.75,6802.25,6811.25,42632
1773338400,6811.25,6821.5,6811.25,6818.5,35610
1773339300,6819,6822,6806.25,6811.5,37898
1773340200,6811.5,6814.5,6804.5,6806.5,27615
1773341100,6806.25,6811.5,6801.5,6802.75,26981
1773342000,6802.75,6810.25,6798.25,6805,45930
1773342900,6804.75,6813.5,6802.75,6809.75,29042
1773343800,6809.5,6816.25,6800,6801.75,36358
1773344700,6801.75,6802,6788.5,6789.75,61607
1773345600,6789.75,6796.5,6785.25,6789.5,24869
1773346500,6790,6797,6788.5,6793.75,8279
1773347400,6793.75,6797,6792.25,6795.5,4454
1773348300,6795.75,6801,6795,6798.75,4716
1773352800,6798.75,6802.5,6792.25,6795.5,9576
1773353700,6795.5,6801,6791,6800.75,7820
1773354600,6800.5,6807,6799.25,6804.75,8783
1773355500,6804.75,6806.75,6801.25,6804.5,6502
1773356400,6804.5,6809.5,6803.5,6804.25,7281
1773357300,6804.25,6804.75,6799.5,6803,6053
1773358200,6803,6805.5,6798.25,6802,6306
1773359100,6802,6802.25,6793,6793.75,7268
1773360000,6793.5,6806,6784.25,6805.75,15597
1773360900,6806,6820,6806,6815.25,16572
1773361800,6815.5,6821,6814.5,6815.25,8920
1773362700,6815.25,6818.75,6812.25,6816,6626
1773363600,6816,6825,6816,6821,9484
1773364500,6821.25,6823,6818,6819.75,4708
1773365400,6819.75,6821.25,6816.25,6817.25,3663
1773366300,6817.25,6818.25,6813.75,6816.25,4394
1773367200,6816.5,6820.75,6815,6815.25,4544
1773368100,6815.25,6816.5,6813,6813.75,3220
1773369000,6813.75,6817,6810.5,6811.25,4311
1773369900,6811.25,6813.75,6809.5,6811,3206
1773370800,6811,6814.5,6808.25,6808.25,4068
1773371700,6808.5,6812.75,6806.75,6810.5,3607
1773372600,6810.25,6812.75,6807,6811.75,3662
1773373500,6811.5,6816.25,6811.5,6815.25,2685
1773374400,6815.25,6816,6811,6811.25,2288
1773375300,6811.5,6812.25,6804.75,6805.75,3419
1773376200,6806,6807.25,6801.75,6807,3461
1773377100,6807,6807.25,6803.25,6805.25,1714
1773378000,6805.25,6806.75,6800.5,6801.75,2457
1773378900,6801.75,6807.5,6801,6806.75,2685
1773379800,6806.75,6810.5,6804.75,6805.25,2802
1773380700,6805.25,6808,6804.25,6807.25,1581
1773381600,6807,6808.75,6802.5,6804.5,2583
1773382500,6804.5,6804.75,6794.75,6797.25,4420
1773383400,6797.5,6798.75,6789.25,6790.25,5177
1773384300,6789.75,6790.75,6781,6781.75,6639
1773385200,6781.5,6783.5,6768,6769.25,12067
1773386100,6769.25,6775,6764,6773.5,10224
1773387000,6773.5,6778,6771.25,6773.5,9557
1773387900,6773.5,6774.25,6764.5,6769.5,7869
1773388800,6769.75,6772.25,6754,6756.5,25386
1773389700,6756.5,6764.25,6753.5,6758,15224
1773390600,6757.75,6775,6757.75,6770.75,15826
1773391500,6770.75,6785.75,6767.75,6782.75,14550
1773392400,6783,6797.25,6782.5,6787.5,29898
1773393300,6787.5,6790.75,6783.25,6787.5,10638
1773394200,6787.5,6790.25,6784.25,6789.25,12299
1773395100,6788.75,6794.25,6786,6787.75,9299
1773396000,6788.25,6802.25,6786.75,6801.5,13280
1773396900,6801.75,6807.75,6799,6800.25,9985
1773397800,6800.5,6801.25,6796,6798.25,7856
1773398700,6798.25,6808,6796.75,6807.5,22823
1773399600,6807.25,6815.25,6804.5,6807.75,23287
1773400500,6808,6816.75,6804,6811.5,17492
1773401400,6811.25,6815.75,6808.75,6815.25,12467
1773402300,6815.25,6820.75,6812.75,6819.75,13450
1773403200,6819.75,6823.5,6812.5,6816.75,15293
1773404100,6816.75,6819,6811.25,6818,11860
1773405000,6817.25,6824,6813,6819.5,19197
1773405900,6819.25,6838.75,6818.75,6823.75,45658
1773406800,6823.75,6826.5,6816,6821.5,28497
1773407700,6821.75,6826.25,6818.75,6820.25,19650
1773408600,6820,6847.5,6817,6847,105795
1773409500,6846.75,6851,6831.25,6832.75,105172
1773410400,6832.75,6840,6815,6816,84840
1773411300,6816,6820,6804.5,6816,92197
1773412200,6816,6830,6799.5,6800.25,99211
1773413100,6800.25,6803.5,6777,6780.5,110793
1773414000,6780.5,6796.75,6772.5,6795.75,92304
1773414900,6795.75,6796.5,6771.75,6773,68537
1773415800,6773,6780.75,6760.5,6763.75,81976
1773416700,6763.5,6779.25,6758,6761,83225
1773417600,6760.75,6777,6760.5,6767,59169
1773418500,6767,6773.25,6761.75,6770.5,50474
1773419400,6770.5,6780,6764.5,6764.75,62708
1773420300,6765,6777.5,6758.75,6760.75,56062
1773421200,6760.75,6775,6758.5,6774.75,40795
1773422100,6775,6778.5,6765,6771,46501
1773423000,6770.75,6772.5,6761.75,6766.5,43704
1773423900,6766.5,6769,6748,6753.25,52525
1773424800,6753.5,6762.5,6752.75,6761,36908
1773425700,6760.75,6764.5,6751.75,6760.5,37287
1773426600,6760.5,6773,6758.25,6771.75,38874
1773427500,6771.5,6775.5,6766.5,6769.25,33942
1773428400,6769.25,6769.5,6759.75,6762.25,33920
1773429300,6762.5,6766.5,6748.5,6750.75,44030
1773430200,6750.5,6757,6740.5,6744,45491
1773431100,6744,6752.25,6740.75,6750.5,61376
1773432000,6750.5,6751.5,6741.5,6744.5,20031
1773432900,6744.25,6747.5,6743.5,6745.5,7866
1773433800,6745.75,6750.25,6745.5,6746.75,4960
1773434700,6746.75,6747.5,6738.5,6738.75,7187
1773612000,6723.5,6755.5,6719.5,6736,13442
1773612900,6736.25,6741.5,6729.5,6738.75,6334
1773613800,6739,6752.5,6733.75,6752.25,7255
1773614700,6752,6772,6749.25,6769.5,14522
1773615600,6769.5,6776.5,6759.25,6765,16649
1773616500,6764.75,6766.5,6758.5,6760.25,5866
1773617400,6760.25,6764.25,6754.5,6760.5,7066
1773618300,6760.75,6766.25,6760.5,6762.5,7980
1773619200,6762.75,6782,6762,6779.5,15361
1773620100,6780,6783.5,6772.25,6774,7813
1773621000,6773.75,6779,6772,6775,5857
1773621900,6775,6780.75,6773.25,6778.25,5579
1773622800,6778.25,6782.25,6774,6775.5,5850
1773623700,6776,6782,6775.25,6775.5,5180
1773624600,6775.5,6777,6769.75,6773,7892
1773625500,6773,6785.25,6772.75,6783,6969
1773626400,6783,6783.5,6777.25,6778.25,5175
1773627300,6778.5,6780.25,6774,6775,5024
1773628200,6775,6776,6772,6773.75,3133
1773629100,6773.75,6778.5,6772.5,6775,3519
1773630000,6775.25,6778,6775,6776.5,1737
1773630900,6776.5,6780.75,6776,6780.25,1988
1773631800,6780.5,6783.5,6780.25,6782.75,2108
1773632700,6782.75,6788,6781.75,6786,2784
1773633600,6786,6787,6784.75,6785,1613
1773634500,6785,6789.25,6785,6785.25,2159
1773635400,6785.25,6785.25,6781.75,6782.25,1408
1773636300,6782.25,6784.5,6778.75,6778.75,2444
1773637200,6779.25,6783.75,6778.75,6783,1598
1773638100,6783,6783.5,6779.75,6780.75,1540
1773639000,6781,6787,6779,6785.75,2078
1773639900,6785.5,6792,6785.5,6791,2973
1773640800,6790.75,6793.25,6789.75,6791,2937
1773641700,6791,6791.5,6785.25,6786,2241
1773642600,6786.25,6790,6785.75,6787.5,1473
1773643500,6787.25,6793,6786.25,6792.5,2088
1773644400,6792.75,6796.75,6786.5,6787,5509
1773645300,6787,6788.25,6782,6783.25,3418
1773646200,6783.5,6786.5,6775.25,6778.75,6054
1773647100,6778.75,6784.5,6776,6778.5,4090
1773648000,6778.25,6793.25,6777.5,6783,8555
1773648900,6783,6790.25,6777.25,6783.25,7730
1773649800,6783.25,6786.75,6774.75,6775.75,6554
1773650700,6776,6784.5,6773.25,6780,5965
1773651600,6780,6781.5,6769,6778,7480
1773652500,6778,6780,6773.5,6775.5,5577
1773653400,6775.5,6776,6767.5,6767.75,7252
1773654300,6767.75,6777.25,6765.5,6770,6334
1773655200,6769.75,6779.75,6768.75,6778.5,6770
1773656100,6778.5,6792.5,6778,6789.5,7685
1773657000,6789.5,6792.5,6783.75,6787.5,9833
1773657900,6787.25,6800,6785.25,6798.5,9139
1773658800,6798.75,6799,6792.5,6795.25,8439
1773659700,6795.25,6798,6789.5,6791.25,6314
1773660600,6791.25,6804,6790.25,6802.25,10263
1773661500,6802.5,6804.5,6798,6802,6531
1773662400,6801.75,6815.5,6801.75,6813.5,10536
1773663300,6813.5,6815.5,6807,6810,9197
1773664200,6809.75,6816.25,6809.25,6814.75,12067
1773665100,6814.5,6818,6806.5,6808.25,10826
1773666000,6808.5,6814.5,6807.5,6808.75,10717
1773666900,6809,6812.75,6807,6810.75,9810
1773667800,6810.75,6824.75,6804,6824,43493
1773668700,6823.5,6836.5,6821,6835.5,39663
1773669600,6835.25,6841.5,6826.25,6833.5,34732
1773670500,6833.5,6840.75,6829.5,6829.75,24295
1773671400,6830,6830.75,6807,6809.25,37954
1773672300,6809.25,6825.25,6802.5,6825.25,34070
1773673200,6825.25,6826.5,6813,6820.75,22701
1773674100,6820.75,6830.5,6815,6827.75,18846
1773675000,6827.25,6833.75,6824.5,6825.75,15712
1773675900,6825.75,6830.25,6811.25,6811.75,21458
1773676800,6811.5,6818.75,6808.25,6815.5,18670
1773677700,6815.5,6817.75,6798,6801.25,26196
1773678600,6801.25,6816,6798,6813.25,22186
1773679500,6813,6817.75,6809,6811,12913
1773680400,6811.25,6823.5,6810.75,6820.75,24805
1773681300,6820.75,6824.75,6816,6819.25,10714
1773682200,6819.25,6822.75,6813,6813.75,10065
1773683100,6813.75,6819.25,6806.5,6814.25,12724
1773684000,6814.5,6824.75,6813.5,6822.25,15052
1773684900,6822.5,6828,6821.75,6825,12188
1773685800,6825,6829.25,6822.75,6828.75,8290
1773686700,6828.75,6830,6821.5,6823,9120
1773687600,6822.75,6847.75,6819,6825.25,29306
1773688500,6825.5,6830,6813.75,6819.5,24714
1773689400,6819.5,6820.75,6810.75,6812.5,17710
1773690300,6812.5,6819.5,6810.75,6816.5,22274
1773691200,6816.75,6821,6813.5,6819.5,8457
1773692100,6819.75,6820,6810,6811,2983
1773693000,6811.25,6814.25,6809.25,6811.25,2589
1773693900,6811.5,6814.5,6810,6812.75,1872
1773698400,6812.75,6814,6806,6811,4587
1773699300,6810.5,6814.25,6806.75,6812.5,4752
1773700200,6812,6812.75,6806.5,6807.25,3964
1773701100,6807.25,6808,6805.5,6806.5,2561
1773702000,6806.5,6810.25,6806.5,6808.25,4088
1773702900,6808.25,6810.25,6806.25,6810,2797
1773703800,6810,6814,6809,6812,3612
1773704700,6812.25,6815.25,6810.5,6814.75,2647
1773705600,6814.75,6815,6806.5,6808.5,5899
1773706500,6808.25,6809.5,6800.5,6803.25,5394
1773707400,6803.25,6809.25,6800.5,6801.75,4691
1773708300,6801.5,6803.5,6796.75,6798.75,5137
1773709200,6798.5,6804.5,6798,6802.5,3826
1773710100,6802.5,6803.5,6799.5,6802.25,3135
1773711000,6802.5,6806.25,6799.25,6801.5,4855
1773711900,6801.5,6805.25,6799,6804.25,2833
1773712800,6804.5,6804.75,6800.25,6802.25,2653
1773713700,6802.5,6803.25,6800,6801.5,1818
1773714600,6801.5,6804,6800.75,6801.75,1614
1773715500,6801.5,6801.75,6794.75,6795.5,2796
1773716400,6795.25,6797.25,6794,6797.25,2336
1773717300,6797.25,6800.75,6797.25,6798.25,2211
1773718200,6798,6799.5,6793.25,6795.5,2576
1773719100,6795.25,6796.75,6794,6795.25,1593
1773720000,6795.25,6797,6794.25,6796.5,1360
1773720900,6796.75,6799.25,6796,6798,1659
1773721800,6798.25,6803.25,6798.25,6803,2213
1773722700,6803,6807,6802.75,6804.25,2789
1773723600,6804.25,6806.75,6803,6806.25,1973
1773724500,6806.5,6807.25,6804.75,6805,1074
1773725400,6805.25,6806.25,6800,6800.25,1911
1773726300,6800.25,6800.5,6785.25,6785.75,5751
1773727200,6785.75,6787.25,6778.25,6781,8654
1773728100,6781.25,6788,6780,6785.75,4792
1773729000,6785.5,6787.5,6782.75,6785.75,3176
1773729900,6786,6786,6781.25,6784,2427
1773730800,6783.75,6787.25,6780,6785,4271
1773731700,6785,6794.25,6783.75,6793.75,6079
1773732600,6793.5,6798,6791.5,6791.75,5020
1773733500,6791.75,6792,6786.25,6788.75,4151
1773734400,6788.5,6796.75,6785.75,6787.75,12449
1773735300,6787.5,6794.25,6785.25,6786.25,10294
1773736200,6786.25,6796.25,6781.75,6794,10747
1773737100,6794,6796,6784.75,6790.75,8572
1773738000,6790.5,6798.5,6790.5,6796.75,8837
1773738900,6796.75,6809.75,6794,6808.5,10013
1773739800,6808.75,6810.75,6804,6808,8552
1773740700,6808.25,6810.5,6805.5,6810,5886
1773741600,6810,6810.25,6803,6804.5,6657
1773742500,6804.25,6804.25,6797.5,6801.5,5362
1773743400,6801.25,6807.75,6800,6804.75,6005
1773744300,6804.75,6809,6803.25,6808.75,5566
1773745200,6808.5,6812.25,6806,6807.25,8585
1773746100,6807.25,6813.75,6805.25,6810.5,6466
1773747000,6810.5,6813.75,6807.75,6811.5,9186
1773747900,6811.25,6812.75,6804,6805,8092
1773748800,6805,6824.5,6804.75,6822.75,14988
1773749700,6823,6829,6821,6827.75,11757
1773750600,6828,6836.5,6827.75,6834,14362
1773751500,6834,6834.75,6830,6834.25,7874
1773752400,6834.25,6843.5,6834,6843,13299
1773753300,6842.75,6853.75,6841,6850.25,19443
1773754200,6850.5,6867,6845.75,6861.75,62315
1773755100,6861.75,6871,6860.25,6865.75,44508
1773756000,6865.5,6866,6849.25,6849.25,55016
1773756900,6849.25,6855.75,6841.75,6852.25,58537
1773757800,6852.25,6860.5,6848,6859.5,49236
1773758700,6859.5,6861.25,6855.25,6857,28495
1773759600,6856.75,6859.5,6842.75,6845.5,43638
1773760500,6845.5,6853.5,6842.5,6842.5,46847
1773761400,6842.75,6848.5,6829.25,6838.5,53788
1773762300,6838.25,6843,6834.5,6836.25,34374
1773763200,6836.5,6839,6826.75,6833.5,48635
1773764100,6833.25,6842.25,6832,6838.75,28948
1773765000,6838.75,6842,6833.5,6841.75,29843
1773765900,6842,6843,6835.5,6836,20842
1773766800,6836,6846,6835.5,6842.5,25458
1773767700,6842.25,6843.75,6837.75,6842,15055
1773768600,6841.75,6847,6838.5,6839.75,21460
1773769500,6839.75,6846.25,6836.5,6843.75,21245
1773770400,6843.75,6850,6840.75,6845.5,20562
1773771300,6845.5,6846.5,6835,6835.5,23125
1773772200,6835.5,6838.75,6833.75,6835,17504
1773773100,6835.25,6841.25,6834.75,6837.75,16313
1773774000,6837.75,6840,6832.75,6838.75,18459
1773774900,6838.75,6843,6836.25,6837,19111
1773775800,6837,6839.5,6834,6835,14393
1773776700,6835.25,6839.25,6831.5,6834.5,34959
1773777600,6834.5,6837,6832.25,6836.5,9035
1773778500,6836.75,6837.25,6834.75,6836.75,2937
1773779400,6836.75,6838.25,6836.5,6837.5,2366
1773780300,6837.5,6838.75,6835,6836.75,3530
1773784800,6837.25,6837.75,6831.5,6833.75,3377
1773785700,6834,6834,6830.25,6832,4052
1773786600,6832.25,6833.5,6827.5,6829,4236
1773787500,6828.75,6831.5,6827.25,6830.5,3275
1773788400,6830.75,6831.75,6828.25,6830.5,3739
1773789300,6830.25,6834,6829.5,6829.75,3521
1773790200,6829.5,6831.5,6827.5,6829,2877
1773791100,6829,6830.25,6828.25,6829,1584
1773792000,6829,6838.75,6827.5,6838.5,6296
1773792900,6838.25,6839.25,6834.75,6836.5,4081
1773793800,6836.75,6839,6835.25,6838.75,2253
1773794700,6838.5,6844,6838.25,6843,4921
1773795600,6843.25,6847.5,6843.25,6846.25,5406
1773796500,6846.25,6849.25,6845.75,6847.5,4061
1773797400,6847.5,6849,6846.5,6848.25,2520
1773798300,6848.25,6848.75,6845,6848.25,3924
1773799200,6848.5,6851.75,6848,6851,4118
1773800100,6851,6855.5,6850.25,6854.25,4779
1773801000,6854.5,6857,6854.25,6854.5,3596
1773801900,6854.75,6856.25,6853.5,6854.75,2557
1773802800,6854.5,6855.75,6852.75,6855.5,2486
1773803700,6855.75,6857,6854.5,6855.25,2192
1773804600,6855.25,6856.5,6854.75,6856.25,1447
1773805500,6856.25,6861.5,6856.25,6859.75,3769
1773806400,6859.75,6862.75,6859.75,6862,3462
1773807300,6862,6862.75,6860.5,6861.5,2146
1773808200,6861.25,6861.75,6859,6859.75,1636
1773809100,6859.75,6863.75,6859.75,6861.5,2415
1773810000,6861.5,6863.75,6860.25,6863.5,1852
1773810900,6863.25,6865.5,6862.75,6864.75,1786
1773811800,6865,6866.5,6864.5,6866,2423
1773812700,6866,6867.25,6865.25,6867,1706
1773813600,6867,6870,6866,6868.25,3345
1773814500,6868.5,6876.25,6867.25,6875.75,6164
1773815400,6875.5,6876.25,6872,6872.75,3756
1773816300,6872.75,6873.25,6869.75,6870.5,2418
1773817200,6870.5,6872,6868.5,6871.5,4026
1773818100,6871.25,6873.25,6868.5,6870.25,3979
1773819000,6870.25,6872.25,6868.75,6871,3277
1773819900,6871,6871.25,6865.25,6866,3982
1773820800,6865.75,6873.25,6864.75,6871,5600
1773821700,6871,6872.25,6866.5,6867,4929
1773822600,6866.75,6869.25,6864.75,6867,4526
1773823500,6866.75,6871.75,6866.25,6868.75,3514
1773824400,6868.75,6872,6865.5,6865.5,4116
1773825300,6865.5,6872.25,6865.5,6870.25,3901
1773826200,6870.5,6872.25,6869,6871.75,2829
1773827100,6871.75,6872.5,6867.5,6868.5,3529
1773828000,6868.5,6871.25,6866.5,6871.25,3905
1773828900,6871,6874.25,6869.75,6871.5,4594
1773829800,6871.25,6873.5,6869.25,6870,3523
1773830700,6870,6870.5,6865.25,6865.75,4337
1773831600,6865.5,6869,6862.75,6867,6823
1773832500,6867,6869.75,6851.5,6852.25,18891
1773833400,6852,6864.25,6850,6861.5,18485
1773834300,6861.25,6862.25,6854.5,6855.5,16322
1773835200,6855.25,6857,6837.25,6841.75,25019
1773836100,6841.75,6842.75,6829.75,6836,28434
1773837000,6836.25,6836.75,6804.5,6808.5,45191
1773837900,6808.5,6811.25,6796.25,6799.5,47283
1773838800,6799.5,6805.5,6794.5,6801.75,27239
1773839700,6801.75,6812.25,6796.75,6808.75,24808
1773840600,6809,6821,6804.25,6812.75,87037
1773841500,6812.5,6822.25,6808.75,6818.25,66634
1773842400,6818,6819.75,6796.5,6796.75,66108
1773843300,6796.75,6803.75,6781.75,6784.25,57667
1773844200,6784.25,6794.5,6782,6784,51928
1773845100,6783.75,6796.75,6781.25,6796.25,50843
1773846000,6796.5,6805.5,6792.25,6800.25,70862
1773846900,6800.5,6802.5,6788.75,6794.25,48259
1773847800,6794,6801.5,6792.25,6796.25,38974
1773848700,6796,6799.75,6791.5,6795.75,36596
1773849600,6795.5,6799.5,6789.75,6798.25,35409
1773850500,6798.25,6801.25,6793,6795.75,32059
1773851400,6796,6798.25,6783,6790,45278
1773852300,6789.75,6797.25,6787.25,6790.5,24683
1773853200,6790.25,6791.5,6779,6781,34413
1773854100,6781,6786.5,6779,6783.25,22255
1773855000,6783.5,6790.5,6777.75,6784.25,35991
1773855900,6784.25,6794,6783.5,6792,26727
1773856800,6793.25,6800.5,6787,6790.75,36574
1773857700,6791,6791,6778.5,6786.25,43881
1773858600,6786.25,6788,6768.75,6774.25,74080
1773859500,6774.25,6775.5,6757.5,6758.25,60130
1773860400,6758.25,6772,6756.75,6764.25,50229
1773861300,6764.25,6765.25,6751.5,6754,45620
1773862200,6753.75,6757,6741.5,6744.5,46420
1773863100,6744.75,6748,6736.25,6739.5,60620
1773864000,6739.5,6742.75,6725.5,6727.25,27808
1773864900,6727.25,6728.25,6717,6721.25,15452
1773865800,6721.5,6729.25,6721.5,6728.5,8523
1773866700,6728.5,6731.5,6725.75,6726.5,6522
1773871200,6733.75,6735,6725,6726.5,7426
1773872100,6726.75,6730.25,6721.75,6723,5717
1773873000,6723,6725,6719.25,6722,4505
1773873900,6721.75,6726.5,6721.5,6726,4452
1773874800,6726,6732,6725.25,6730.25,6179
1773875700,6730.25,6734,6729,6733.75,3442
1773876600,6733.5,6738.25,6731.25,6733.25,7698
1773877500,6733.5,6735,6727.75,6732.5,11268
1773878400,6732.75,6738.25,6729,6734.75,9044
1773879300,6734.75,6736.25,6727.75,6734.25,5480
1773880200,6734,6736.5,6725,6725.5,7318
1773881100,6725.25,6733,6724.75,6732.75,6550
1773882000,6732.5,6733.75,6728.5,6732,3882
1773882900,6732.25,6738,6731.25,6736.75,4401
1773883800,6736.75,6742.5,6734.75,6740.5,6007
1773884700,6740.5,6743.5,6735.5,6736.25,6191
1773885600,6736.5,6747.75,6728.75,6745,15021
1773886500,6744.75,6752.25,6743.5,6749.75,8908
1773887400,6749.75,6757.5,6749.25,6754.5,7653
1773888300,6754.5,6755,6748.25,6750,4951
1773889200,6750,6754.5,6750,6753.75,3303
1773890100,6753.5,6754.25,6750.25,6750.75,3078
1773891000,6750.5,6750.75,6746.5,6747.75,3897
1773891900,6747.75,6750,6745,6745,3262
1773892800,6745,6745.25,6738.5,6740.25,5425
1773893700,6740.25,6741,6737.75,6739.5,3392
1773894600,6739.5,6741.5,6734.75,6737.5,4037
1773895500,6737.25,6739,6733.75,6738.5,3324
1773896400,6738.25,6740.75,6735.5,6739,3650
1773897300,6738.75,6741.75,6735,6735.75,3077
1773898200,6735.5,6737,6725.75,6727,6828
1773899100,6727.25,6735.5,6726.25,6730,7194
1773900000,6730,6738,6728.75,6737,4887
1773900900,6736.75,6741.75,6732.5,6733,3894
1773901800,6733.25,6735.25,6727.5,6733.5,5335
1773902700,6734,6735,6729,6734,3755
1773903600,6734,6735.5,6722.5,6726,10007
1773904500,6726.25,6738.5,6725.75,6730,10594
1773905400,6730.25,6731.5,6721.5,6723.25,10974
1773906300,6723.25,6728.75,6717.5,6721.5,8480
1773907200,6721.75,6730.5,6717.75,6726.75,16388
1773908100,6727,6730,6716,6718.75,16398
1773909000,6718.75,6723,6710,6710.5,20001
1773909900,6710.5,6726.5,6710,6720.25,16565
1773910800,6720.25,6730.5,6720.25,6726.25,15602
1773911700,6726.25,6732,6708.25,6712,35570
1773912600,6712,6726,6711.25,6719.5,22551
1773913500,6719.25,6744.5,6718.25,6739.5,25248
1773914400,6739.25,6739.5,6732.5,6733.25,13056
1773915300,6733.5,6736.5,6730.5,6735,9027
1773916200,6735,6737.75,6726.75,6729.5,8666
1773917100,6729.25,6732.25,6726.25,6730,7849
1773918000,6730.25,6735.75,6725,6729.25,10693
1773918900,6729.25,6730.75,6716.25,6721.5,9881
1773919800,6721.5,6724.25,6712,6712.75,10581
1773920700,6713,6723,6712.25,6722.25,9913
1773921600,6722.25,6724.25,6705.75,6712.75,32806
1773922500,6712.5,6716,6695.75,6701,21766
1773923400,6701,6706.75,6692,6703.5,24002
1773924300,6703.5,6703.75,6686.25,6691.75,22272
1773925200,6692,6694.25,6683.5,6684.5,21110
1773926100,6684.5,6708.75,6677.5,6692,37477
1773927000,6691.75,6699.5,6674,6696.25,87435
1773927900,6696.25,6712.75,6688.25,6709.5,78540
1773928800,6709.5,6718,6703,6704.25,78611
1773929700,6704.25,6707,6683,6686.5,82926
1773930600,6686,6714.25,6685.25,6697.75,90121
1773931500,6698,6707.75,6693.75,6701,66512
1773932400,6701.25,6720.75,6698,6717.25,70912
1773933300,6717,6720.25,6695,6700.25,68515
1773934200,6700.5,6701.5,6686.75,6688,58369
1773935100,6688,6702.75,6684.5,6702.25,72675
1773936000,6702.25,6714,6697.25,6701.5,63314
1773936900,6701.5,6705,6694.25,6702.75,40076
1773937800,6703,6710.5,6696,6705.5,40847
1773938700,6705.75,6706.75,6689.25,6694.75,33264
1773939600,6694.75,6696.75,6678.75,6681,32121
1773940500,6681,6699,6679.25,6694.75,36883
1773941400,6694.75,6698.5,6684.75,6688.5,25799
1773942300,6688.5,6702,6686.25,6695.75,24636
1773943200,6696,6710,6689.25,6707.25,30316
1773944100,6707,6709,6694.75,6695.25,21383
1773945000,6695.25,6697.25,6686.5,6688.25,22945
1773945900,6688,6712,6686.5,6708.25,36335
1773946800,6708.25,6754.5,6707.75,6743.25,138495
1773947700,6743.25,6747.75,6721,6726.75,72910
1773948600,6727,6732,6714,6727,47929
1773949500,6727,6729.5,6719.5,6721.5,47242
1773950400,6721.5,6733,6717.25,6732.75,17171
1773951300,6732.5,6737.75,6732.5,6734.75,5062
1773952200,6734.5,6735,6732,6734,4566
1773953100,6734,6735.5,6731.25,6733,5115
1773957600,6735,6742.5,6730.25,6734.5,6797
1773958500,6734.5,6741.25,6733.25,6740,4431
1773959400,6740.25,6742.5,6739,6740.25,3738
1773960300,6740.25,6740.5,6736.75,6739.25,3212
1773961200,6739.25,6744.5,6738.25,6740.25,5461
1773962100,6740,6740.5,6735,6736.75,4270
1773963000,6736.75,6739.25,6734.75,6735.25,3044
1773963900,6735.25,6739.5,6733.25,6735.5,3684
1773964800,6735.75,6742,6729.25,6741.25,7828
1773965700,6741,6741.25,6728.75,6731.75,5038
1773966600,6731.75,6735,6729.5,6731.5,3597
1773967500,6731.75,6734.25,6729.75,6731.75,3221
1773968400,6732,6740.25,6730.25,6738,7257
1773969300,6738.5,6739.25,6731.5,6737.75,5279
1773970200,6737.5,6745.75,6737.5,6745.5,5022
1773971100,6745.75,6748.25,6735,6737.25,5955
1773972000,6737.5,6741.25,6735.75,6740,2907
1773972900,6739.75,6741,6737.75,6738,1877
1773973800,6738.25,6739.5,6735,6739,2784
1773974700,6739.25,6742,6736.75,6737,2649
1773975600,6737,6738,6734.25,6734.75,2167
1773976500,6734.75,6736.25,6731.5,6734,2490
1773977400,6733.75,6738,6732.75,6733.5,2911
1773978300,6733.5,6735.25,6732,6733.75,1289
1773979200,6734,6736.5,6732.75,6733.5,1445
1773980100,6733.5,6733.5,6729.5,6732.5,1870
1773981000,6732.25,6733,6729.75,6730.25,1289
1773981900,6730.25,6730.5,6728,6728.25,1569
1773982800,6728.5,6728.5,6723,6725.75,3264
1773983700,6725.75,6731.5,6725.5,6730.25,2551
1773984600,6730.75,6731.5,6727.25,6730.75,2016
1773985500,6730.75,6732.5,6728.75,6729.75,1498
1773986400,6729.75,6732.25,6727.5,6728.75,2329
1773987300,6728.75,6728.75,6720.5,6722.5,2846
1773988200,6722.5,6724.75,6717.25,6720,3165
1773989100,6720,6720,6714,6716,2947
1773990000,6716,6716,6705.75,6715.75,8873
1773990900,6715.5,6725.25,6714.5,6723.75,6118
1773991800,6723.5,6733.75,6723.25,6733.5,6426
1773992700,6733.75,6735.25,6731.5,6732.5,4064
1773993600,6732.75,6737.5,6728.5,6736.75,8051
1773994500,6737,6737.75,6725.25,6725.75,6085
1773995400,6725.75,6734.75,6723.5,6727.25,11128
1773996300,6727.25,6730.5,6723.5,6724.5,8959
1773997200,6724.75,6730.5,6719.5,6720.5,12241
1773998100,6720.5,6721.5,6709.5,6710.75,11391
1773999000,6710.75,6716.75,6703.5,6707.25,13268
1773999900,6707.25,6708,6689.5,6695,18662
1774000800,6695,6696.5,6670.25,6677,23284
1774001700,6677,6680.5,6671,6677.5,12303
1774002600,6677.25,6694.5,6676.75,6690.75,12427
1774003500,6690.75,6691.25,6684.5,6686.75,10848
1774004400,6686.75,6702.5,6684.5,6698.25,13298
1774005300,6698.25,6701.75,6695.25,6697.75,8518
1774006200,6698,6700.75,6692.25,6696,9188
1774007100,6696.25,6697.75,6687.5,6697.25,9755
1774008000,6697,6709,6691.5,6702.75,21163
1774008900,6702.5,6706.25,6695,6705.5,11715
1774009800,6705.5,6706,6693.5,6698.5,14632
1774010700,6698,6708,6696,6706,11950
1774011600,6706.25,6709,6696.75,6699.5,11611
1774012500,6699.75,6710.75,6698.5,6705.25,18353
1774013400,6705.25,6705.5,6685,6701,87871
1774014300,6701.25,6705.75,6668,6669.75,100800
1774015200,6669.75,6676.5,6652.75,6655.5,102956
1774016100,6655.25,6663.5,6653.75,6656.5,62389
1774017000,6656.5,6673.25,6656.5,6662,71010
1774017900,6662,6667.75,6650,6659.5,61564
1774018800,6659.5,6671,6655,6669.5,58843
1774019700,6669.25,6680.25,6653.25,6657.5,79697
1774020600,6657.25,6667.25,6655.75,6665,39607
1774021500,6664.5,6671,6658.75,6668,32574
1774022400,6668.5,6677.25,6666,6672,36525
1774023300,6672.25,6678.75,6667,6669.5,33275
1774024200,6669.75,6669.75,6657.75,6663.5,36755
1774025100,6663.25,6672.25,6657.75,6666.25,30864
1774026000,6666.25,6671.25,6655.5,6662,46886
1774026900,6661.75,6665.75,6658.25,6660,25883
1774027800,6660.25,6662.25,6645,6650,42213
1774028700,6649.75,6655.25,6644,6652.5,34403
1774029600,6652.5,6655.25,6641.5,6644.5,32774
1774030500,6644.5,6645.75,6625,6632.75,66080
1774031400,6632.75,6635,6618.25,6620,43130
1774032300,6620,6622.75,6614.75,6619.25,34093
1774033200,6619.25,6625,6611.5,6616.25,39406
1774034100,6616.25,6619,6606,6610.5,40618
1774035000,6610.5,6613.25,6586.25,6608.5,72610
1774035900,6608.5,6625.25,6597.5,6625,84391
1774036800,6625,6640,6622,6638.5,29337
1774037700,6638.25,6640,6630.5,6632.5,9378
1774038600,6632.5,6641,6631.25,6640,7532
1774039500,6640.5,6655,6640,6650.75,13031
1774216800,6582.75,6602.75,6566.5,6595.25,31397
1774217700,6595,6624.5,6594.75,6617.5,20184
1774218600,6617.25,6622.5,6605.5,6606.5,13807
1774219500,6606.75,6614.25,6606.5,6609.25,8362
1774220400,6609.25,6619.75,6609,6618.75,7272
1774221300,6618.75,6620,6606.5,6607.75,6945
1774222200,6607.5,6611,6604.75,6607.5,5510
1774223100,6607.5,6607.5,6595.25,6602.25,11739
1774224000,6602.25,6616.5,6596.5,6613,13179
1774224900,6612.75,6618.25,6607,6610.25,9009
1774225800,6610.25,6612.25,6590.25,6597.5,13701
1774226700,6597.25,6599.5,6586.25,6588.25,11746
1774227600,6588.5,6602.5,6585,6600.25,13287
1774228500,6600,6609.75,6598.75,6607.25,7890
1774229400,6607.25,6616.5,6603.75,6615,10331
1774230300,6615,6616.75,6609,6612,6423
1774231200,6612,6616.5,6606.25,6609,6351
1774232100,6609.25,6617.5,6606,6611.5,7283
1774233000,6611,6611.5,6603.25,6604.25,6244
1774233900,6604,6605,6598,6602.75,6301
1774234800,6603,6607,6595.25,6595.75,6577
1774235700,6596,6599.75,6593.5,6597.5,6102
1774236600,6597.75,6599,6592,6595,4582
1774237500,6595,6596,6585.75,6587,5505
1774238400,6587,6591.25,6585.75,6590.5,4819
1774239300,6590.5,6597.25,6590,6595.5,3574
1774240200,6595.25,6599,6593.75,6594.5,2926
1774241100,6594.75,6599.25,6593.25,6597.25,3389
1774242000,6597.5,6605.25,6596.5,6601.25,4012
1774242900,6601.5,6603.75,6594,6595.75,3782
1774243800,6596,6598.75,6584.75,6591,7028
1774244700,6590.5,6593.75,6582.5,6592.5,6649
1774245600,6592.5,6593,6580.75,6584.75,5387
1774246500,6584.75,6588,6580.5,6581.75,4490
1774247400,6582.25,6583.25,6569.5,6569.5,8039
1774248300,6569.5,6573.75,6559.25,6566.25,9314
1774249200,6566.5,6580,6560.75,6575.25,9004
1774250100,6575,6575.75,6545.25,6552.5,16597
1774251000,6552.75,6559.75,6549.75,6559.25,9275
1774251900,6559.25,6569,6555.25,6559.75,9675
1774252800,6560,6578.75,6559.75,6576.5,13713
1774253700,6576.5,6578.75,6569.75,6571.5,9777
1774254600,6571.5,6584.5,6570.5,6578,10682
1774255500,6578,6587.25,6576.5,6581.25,8836
1774256400,6581.5,6585.25,6571.75,6582,9434
1774257300,6582.25,6589.75,6576.25,6581,7931
1774258200,6580.75,6581.5,6561,6567.25,9559
1774259100,6567.5,6572.5,6563.75,6568.75,6544
1774260000,6568.75,6580,6566.25,6571.25,8637
1774260900,6571.25,6574,6559.25,6561.25,7549
1774261800,6561,6570.5,6556.75,6562.5,8432
1774262700,6562.25,6580.5,6552.5,6569,18050
1774263600,6569.5,6810.5,6568.5,6800.75,67563
1774264500,6801,6804.5,6717.75,6738,60743
1774265400,6738.5,6789.75,6728.25,6733.25,37196
1774266300,6733.25,6739.25,6695.25,6701.25,31572
1774267200,6701.5,6724,6687.5,6704.25,24606
1774268100,6704,6737.5,6703.25,6728.75,15097
1774269000,6728.75,6751.25,6713,6749.75,30469
1774269900,6749.75,6759.25,6738.25,6753.5,26675
1774270800,6753.25,6760.25,6735,6737,24662
1774271700,6736.75,6742.75,6719.25,6720.75,21422
1774272600,6720.75,6736.5,6700.75,6720.25,100500
1774273500,6720.75,6743.25,6714,6742.75,67011
1774274400,6742.75,6748.5,6725.5,6741.75,66387
1774275300,6742,6764,6741.25,6750.5,63441
1774276200,6750.5,6755,6741,6744.5,53929
1774277100,6744.75,6759,6740,6751.25,50521
1774278000,6751.5,6767.5,6749.25,6761.5,54801
1774278900,6761.25,6762.75,6747.5,6749.5,53848
1774279800,6749.75,6754.25,6728.25,6732.5,57959
1774280700,6732.25,6732.75,6698,6699.75,75928
1774281600,6699.75,6716,6699,6710.75,59055
1774282500,6710.5,6712.5,6678.5,6680.5,61885
1774283400,6680.5,6702,6679,6700.25,59504
1774284300,6700.25,6707,6690.25,6695.25,44841
1774285200,6695.25,6702.25,6688.25,6692.75,35095
1774286100,6692.75,6695.75,6682.25,6692.25,33267
1774287000,6692.25,6722,6691.75,6707.5,50316
1774287900,6707.5,6722.5,6702.25,6720.5,28432
1774288800,6720.5,6723.25,6705,6716,34567
1774289700,6716,6718.5,6710.25,6713.75,22317
1774290600,6713.75,6737,6713.5,6727.75,46278
1774291500,6727.5,6733,6725.25,6729.75,20579
1774292400,6729.75,6730.25,6720.75,6721.25,19943
1774293300,6721.25,6723.5,6710,6713.25,26697
1774294200,6713.25,6719.5,6711.5,6719.5,19020
1774295100,6719.25,6724.5,6693.25,6694,51966
1774296000,6694,6696.5,6683,6694.75,17432
1774296900,6695,6698.25,6692.5,6696.5,4382
1774297800,6696.5,6702,6694,6700.25,3081
1774298700,6700,6700.5,6692.75,6695.5,2855
1774303200,6695.75,6699.5,6687,6698.25,7792
1774304100,6698.25,6701.5,6696,6701,3044
1774305000,6700.75,6703.75,6697,6702.75,3854
1774305900,6702.75,6715,6702.5,6713.25,6960
1774306800,6713.25,6713.5,6707.75,6709.5,4669
1774307700,6709.75,6712,6708,6708.5,2828
1774308600,6709,6710.75,6705,6709.75,3969
1774309500,6709.75,6710.25,6700.5,6707.75,6807
1774310400,6707.5,6707.75,6687.5,6687.75,10835
1774311300,6687.75,6694.25,6670.25,6691.75,15888
1774312200,6691.75,6694.5,6660.25,6676.5,16529
1774313100,6676.5,6681.25,6673,6675.5,8393
1774314000,6675.5,6676.25,6659.5,6664.75,12165
1774314900,6665,6672.75,6659,6669.75,8785
1774315800,6669.75,6669.75,6654.5,6656,8038
1774316700,6656,6661.75,6653.5,6661.5,6835
1774317600,6661.25,6662.25,6652.5,6657.25,6335
1774318500,6657,6669.75,6656.5,6665.75,7327
1774319400,6665.5,6667.75,6662,6667,3950
1774320300,6667,6669.5,6658.25,6659,4536
1774321200,6659.25,6661,6655,6658.5,3434
1774322100,6658.5,6665.25,6658.5,6664,3430
1774323000,6663.5,6664.25,6654.75,6662.5,5257
1774323900,6662.25,6665.75,6659.75,6665.75,2580
1774324800,6665.25,6671.25,6665.25,6668.5,3647
1774325700,6668.75,6668.75,6660.25,6660.75,2822
1774326600,6660.75,6662,6656.75,6657.5,2434
1774327500,6657.75,6663.5,6657.5,6660.5,2598
1774328400,6660.75,6661.5,6648.75,6655,5346
1774329300,6655,6672.25,6645.5,6645.5,10292
1774330200,6645.5,6661.75,6645,6658.5,4778
1774331100,6658.25,6664,6657,6660.25,2633
1774332000,6660.25,6668.25,6659.75,6667,3586
1774332900,6667.25,6679.25,6665.75,6675,5685
1774333800,6674.75,6683.25,6674.75,6681.25,4552
1774334700,6681.5,6692,6678.5,6687,5747
1774335600,6687,6715,6685.5,6711,13625
1774336500,6711,6716,6703,6706.25,9699
1774337400,6706.25,6708.25,6698.5,6705.25,6480
1774338300,6704.5,6709.5,6700,6707.75,5205
1774339200,6707.5,6714.5,6703,6709.5,9024
1774340100,6709,6713.25,6688,6689.5,11997
1774341000,6689.5,6696.75,6685.5,6688.25,8481
1774341900,6688.25,6696.25,6682,6685.25,10842
1774342800,6685.5,6690.25,6667,6667.5,10425
1774343700,6667.5,6684.25,6667,6680.5,8322
1774344600,6680.5,6689.5,6677.25,6687.25,6982
1774345500,6687.25,6697,6680.75,6694.25,7599
1774346400,6694.25,6697.75,6682.5,6695.5,7656
1774347300,6695.75,6697.25,6685.75,6687.5,5527
1774348200,6687.75,6697.5,6682.75,6694.5,7978
1774349100,6694.5,6697.5,6686,6692.5,4938
1774350000,6692.5,6696.25,6684.75,6693,7216
1774350900,6693,6693,6682.5,6688.25,7065
1774351800,6687,6689,6682.5,6684.5,5976
1774352700,6684.75,6695.5,6666.75,6689,16448
1774353600,6689.5,6693,6674,6679.75,10000
1774354500,6680,6687,6675.25,6682.5,6781
1774355400,6682.25,6683.25,6660,6660.75,14264
1774356300,6660.5,6669,6659,6662.75,11935
1774357200,6662.25,6666.75,6642.5,6657.25,25216
1774358100,6657.25,6661,6646.5,6651.5,17352
1774359000,6651.75,6668.75,6636,6644.5,81354
1774359900,6644.5,6654.5,6636,6652.25,69582
1774360800,6652.25,6674,6649.5,6663.75,85808
1774361700,6663.75,6672.25,6654.5,6662.75,61822
1774362600,6662.75,6675.75,6659.5,6675.5,58520
1774363500,6675.25,6698.25,6659.75,6677.5,130814
1774364400,6677.75,6693.5,6676.75,6690.5,48655
1774365300,6690.5,6706.25,6689.25,6699,48409
1774366200,6698.75,6703.75,6691,6700.5,35827
1774367100,6700.5,6708.5,6687,6688.5,43536
1774368000,6688.5,6690.75,6680.5,6687.5,40325
1774368900,6687.5,6700.5,6686.25,6697.5,32519
1774369800,6697.5,6699.25,6678,6690,39062
1774370700,6690.25,6695.5,6681.75,6689.25,35432
1774371600,6689,6691.75,6662.5,6666.5,55894
1774372500,6666.5,6672.5,6663.25,6671.5,30170
1774373400,6671.25,6678.25,6661.75,6663.5,34768
1774374300,6663.25,6681.25,6661.25,6680.75,55257
1774375200,6680.75,6688,6673.5,6675.75,35301
1774376100,6676,6686.75,6669.5,6683.75,39124
1774377000,6683.75,6704.25,6680.75,6691,56722
1774377900,6691,6695.5,6682,6686.5,31464
1774378800,6686.25,6694.75,6685.75,6694.5,24186
1774379700,6694.5,6694.75,6680.75,6682,26677
1774380600,6682,6687,6673.25,6675.75,30855
1774381500,6675.75,6676.25,6662.75,6669.5,40732
1774382400,6669.5,6673.5,6668,6673,10937
1774383300,6673,6741.75,6670.5,6712,72965
1774384200,6711.75,6739.75,6705.75,6714.75,33668
1774385100,6715,6720.5,6701.5,6709.75,12975
1774389600,6709.75,6723,6709.75,6714.75,10136
1774390500,6714.75,6715.25,6704.25,6709.5,9662
1774391400,6709.5,6716.5,6709.5,6716.25,5408
1774392300,6716.25,6718,6713.75,6717.75,3097
1774393200,6717.75,6718.5,6711,6714.25,6375
1774394100,6714.5,6721.5,6714.25,6718.25,5168
1774395000,6718.5,6720,6713.5,6714.25,4593
1774395900,6714.25,6716,6712.75,6713.5,2667
1774396800,6713.75,6723.25,6708.25,6721,9665
1774397700,6720.75,6723,6713,6716.25,6390
1774398600,6716.5,6734,6706.75,6728.5,13242
1774399500,6729,6730,6723.25,6723.25,5802
1774400400,6723.25,6727.5,6719.75,6721.25,5778
1774401300,6721.25,6727.25,6718.75,6723,4813
1774402200,6723,6725.25,6715.5,6719.25,5995
1774403100,6718.75,6722.25,6713.5,6714.75,3769
1774404000,6715,6715.75,6705,6706,7982
1774404900,6706,6710.5,6705.5,6709,4104
1774405800,6709,6710.75,6706,6706.75,3033
1774406700,6706.75,6709,6700.75,6701.25,4368
1774407600,6701.25,6705.75,6698.75,6699.5,4438
1774408500,6699.5,6703.25,6696.75,6702.5,3758
1774409400,6702.25,6707.75,6700.25,6705.75,3644
1774410300,6705.75,6712,6705.75,6710.5,3231
1774411200,6710.75,6716,6709.75,6715.75,3747
1774412100,6716,6721,6712.5,6719.5,3537
1774413000,6719.5,6721.75,6718,6718.5,2523
1774413900,6718.75,6721,6715.5,6720.25,2789
1774414800,6720.25,6721.75,6716.25,6720.5,3019
1774415700,6720.25,6720.25,6714.25,6716,2618
1774416600,6716.25,6720.5,6714.75,6719,2911
1774417500,6719,6719.5,6708.75,6710.5,3028
1774418400,6710.5,6711,6704.5,6706.75,3036
1774419300,6706.75,6709,6702.25,6703.5,2493
1774420200,6703.25,6708,6699.5,6706.75,4123
1774421100,6707,6715.25,6706.5,6711,3697
1774422000,6710.75,6715.5,6705.25,6713.25,4483
1774422900,6713.75,6715.5,6704.75,6707.5,4771
1774423800,6707.75,6717.75,6706.75,6715,5904
1774424700,6715,6721,6713.75,6717,5127
1774425600,6717.75,6738,6717,6735.5,13737
1774426500,6735.5,6744.25,6734.5,6737,10310
1774427400,6737.25,6742.75,6729,6733.75,11749
1774428300,6734,6736.5,6716.5,6719.75,10149
1774429200,6719.75,6730.5,6715.5,6729,6836
1774430100,6728.75,6729.5,6718.75,6720.25,6177
1774431000,6720.75,6725.25,6718.5,6719.25,4517
1774431900,6719.5,6728.25,6712,6721.75,10524
1774432800,6721.75,6730.75,6720.75,6723.25,8348
1774433700,6723,6726.25,6718.25,6718.5,4833
1774434600,6718.75,6722.75,6716.75,6717,4828
1774435500,6716.75,6724.75,6716.25,6721,4789
1774436400,6721.25,6730.5,6721,6727,6193
1774437300,6727.25,6733.25,6725.5,6729.5,6120
1774438200,6729.5,6738.25,6729.5,6736.5,7026
1774439100,6736.75,6736.75,6718.75,6733.5,16823
1774440000,6733.25,6743.25,6733.25,6739.25,12301
1774440900,6739,6739.5,6707.5,6716,34329
1774441800,6716,6722.25,6701.75,6715.5,17695
1774442700,6715.5,6728.5,6711.25,6723.5,12575
1774443600,6723.25,6732.5,6716.5,6723.5,20206
1774444500,6723.5,6727,6719.75,6724.25,9903
1774445400,6724.25,6747.25,6723,6727,76230
1774446300,6727,6729.75,6701.25,6702,78173
1774447200,6702,6718.75,6693.5,6718,73967
1774448100,6718,6725.5,6709,6719.25,65207
1774449000,6719.25,6728.25,6713.75,6722,45778
1774449900,6722.25,6730,6721.5,6724.5,28714
1774450800,6724.75,6728,6702,6703,46353
1774451700,6702.75,6716.25,6679,6715.75,86174
1774452600,6715.75,6720,6698.25,6704,46481
1774453500,6704,6711.75,6699.75,6707.25,36388
1774454400,6707.25,6709.25,6696.75,6702.75,31623
1774455300,6702.5,6718.5,6698.25,6712.25,39223
1774456200,6712,6720.75,6707.75,6717.25,32076
1774457100,6717.5,6719.75,6708,6715.25,23214
1774458000,6715.25,6720.75,6706.5,6713.75,26133
1774458900,6713.5,6721,6706.5,6718,24727
1774459800,6718.25,6732,6713,6726,33922
1774460700,6726.25,6726.5,6711,6716.75,37215
1774461600,6716.5,6720.5,6713.25,6717.5,14080
1774462500,6717.75,6723.25,6711.75,6713,14694
1774463400,6712.75,6716.25,6708.25,6710.75,12486
1774464300,6710.75,6711.25,6693.5,6702.5,27948
1774465200,6702.25,6702.5,6692.75,6701.75,26998
1774466100,6701.75,6711,6701.25,6702.75,23055
1774467000,6702.75,6704.75,6695,6699.75,20590
1774467900,6699.5,6708.5,6697.25,6704.5,26296
1774468800,6704.5,6709.75,6703,6703.75,11266
1774469700,6703.75,6706.25,6698.5,6698.75,3850
1774470600,6698.75,6702,6697.75,6700.75,2719
1774471500,6701,6704.5,6700.25,6703.25,2170
1774476000,6703.5,6703.75,6694.25,6695.75,5479
1774476900,6695.75,6696,6691,6692.25,5029
1774477800,6692.5,6696.5,6692,6696.5,3270
1774478700,6696.5,6697.75,6691.5,6692,4609
1774479600,6692.25,6695.75,6690,6690.75,4226
1774480500,6690.75,6691.25,6686,6689.5,5808
1774481400,6689.5,6690.5,6685.5,6685.75,4458
1774482300,6685.5,6694,6683.5,6692.5,6328
1774483200,6692.5,6696,6691.25,6695.75,4914
1774484100,6696,6709.5,6695.25,6705,10339
1774485000,6704.75,6708,6702.25,6702.5,3960
1774485900,6702.5,6704,6693,6696.25,7172
1774486800,6696.25,6702.25,6695,6698.5,5917
1774487700,6698.25,6698.75,6692,6695.25,4418
1774488600,6695.25,6699.5,6694.25,6695.25,3331
1774489500,6695.75,6699,6695.25,6697.75,2099
1774490400,6697.75,6701.75,6695.75,6698,4235
1774491300,6698,6699.5,6689.5,6691.25,4697
1774492200,6691.5,6692.75,6673.25,6682.5,13315
1774493100,6682,6686,6681,6682.75,5156
1774494000,6682.25,6688.25,6681.5,6687.75,4517
1774494900,6688,6693.25,6685.75,6691.75,5447
1774495800,6691.75,6709.5,6691.25,6706.25,11982
1774496700,6706.5,6707.25,6700.75,6701.75,4497
1774497600,6702,6703.25,6696.75,6698.75,4237
1774498500,6698.5,6699.5,6695.5,6696.75,2320
1774499400,6696.75,6698,6694.75,6695,1599
1774500300,6695,6695.75,6687.75,6689,4092
1774501200,6689,6693,6682.5,6685,5564
1774502100,6685.5,6686.5,6676.5,6679.25,5191
1774503000,6679.5,6684,6677.25,6679.5,4468
1774503900,6679.75,6680.75,6674.5,6675.25,4099
1774504800,6675.5,6677.75,6672,6673.75,4524
1774505700,6674,6682,6670,6681,5784
1774506600,6680.75,6682.75,6677.5,6680,4368
1774507500,6680.5,6683.5,6677.75,6682.5,2211
1774508400,6682.75,6684.75,6671.25,6675.25,6057
1774509300,6675,6682.25,6663,6675,8359
1774510200,6675,6680,6671.5,6675.5,3863
1774511100,6675.75,6680.25,6675.5,6677,3017
1774512000,6676.75,6685.25,6666.75,6668,8615
1774512900,6667.75,6673.5,6663.5,6664.25,6091
1774513800,6664,6669.5,6658,6658.75,7260
1774514700,6659,6666.75,6655.5,6664.5,7912
1774515600,6664.5,6666,6655,6658.75,8860
1774516500,6658.75,6659.5,6651.75,6653.5,6273
1774517400,6653.5,6653.5,6643.25,6650,9697
1774518300,6650.25,6655.75,6647.25,6653.25,5874
1774519200,6653.25,6663.25,6648.25,6660,7653
1774520100,6660.25,6664,6657,6662.5,5759
1774521000,6662.75,6664.5,6652.25,6654.5,9302
1774521900,6654.5,6659.25,6653.75,6657,5173
1774522800,6657.25,6661.25,6654,6656,5470
1774523700,6656,6658.5,6648,6651.5,6092
1774524600,6651.5,6653.5,6646.75,6648.25,6592
1774525500,6648,6650.5,6641.5,6642,7297
1774526400,6642.25,6655.5,6636.5,6653.5,14566
1774527300,6654,6656,6650.25,6651.5,6992
1774528200,6652,6652,6637.75,6642.25,14168
1774529100,6642.25,6649.5,6642.25,6648.75,9720
1774530000,6648.75,6655.5,6647.75,6652.75,12013
1774530900,6652.5,6658.5,6650.25,6655.75,12596
1774531800,6655.5,6666.25,6642.5,6665.75,65116
1774532700,6665.5,6682.25,6663.25,6680.5,86810
1774533600,6680.5,6683.75,6669.25,6680,54751
1774534500,6680,6684.5,6671.25,6671.75,37104
1774535400,6671.75,6684.5,6659.5,6661.75,65025
1774536300,6661.75,6667,6643.25,6657.25,73670
1774537200,6657.25,6664.75,6654.75,6657.5,45404
1774538100,6657.75,6659.5,6651,6652,28883
1774539000,6652,6653.25,6643.75,6647.25,30965
1774539900,6647.5,6658.25,6645,6650.5,37763
1774540800,6650.25,6652,6643.25,6648.25,24445
1774541700,6648,6648.25,6627.25,6629.25,57425
1774542600,6629.5,6631.25,6623.25,6629.5,37293
1774543500,6629.5,6631.75,6623.75,6631,21659
1774544400,6631,6635.5,6624.25,6624.25,22611
1774545300,6624.5,6627.75,6614,6620.5,31559
1774546200,6620.25,6625,6612.25,6613.5,27452
1774547100,6614,6615.5,6598.5,6601,32924
1774548000,6600.75,6610,6600.5,6604.75,28720
1774548900,6604.75,6607,6599,6600.25,21880
1774549800,6600.25,6609.75,6600,6606,21257
1774550700,6605.75,6611.25,6603.25,6609,18605
1774551600,6608.75,6609.75,6592.5,6596.5,32239
1774552500,6596.75,6601.25,6592.75,6596.25,20863
1774553400,6596.5,6597,6588.25,6589.25,25576
1774554300,6589.25,6593.25,6582.75,6585.5,38593
1774555200,6585.25,6660,6579.5,6616.75,60417
1774556100,6616.75,6624.25,6594,6608.75,34571
1774557000,6608.75,6617.25,6606.5,6612,19472
1774557900,6611.75,6613,6596.5,6598,8012
1774562400,6602.5,6609,6598.25,6608.25,8228
1774563300,6608.5,6610.25,6600,6606,6501
1774564200,6605.75,6612,6602,6606.5,6695
1774565100,6606.5,6613.5,6604,6609.25,5527
1774566000,6609.25,6611.75,6605,6607.25,3936
1774566900,6607.25,6610.75,6604.5,6606,3546
1774567800,6606.5,6614.5,6606.25,6613,4576
1774568700,6612.75,6616.25,6611.5,6613.75,3574
1774569600,6614,6620.5,6613.75,6614.5,6156
1774570500,6614.5,6615,6599.25,6604,10684
1774571400,6604.25,6606.5,6597,6599,5558
1774572300,6599.25,6602.5,6596.75,6599.5,5145
1774573200,6599.25,6608.5,6596.75,6606.75,5304
1774574100,6607.25,6610.5,6604.5,6610.25,3847
1774575000,6610.25,6612,6607.75,6608.5,3504
1774575900,6608.5,6610,6604.75,6610,3122
1774576800,6610.25,6612.75,6609,6609,3703
1774577700,6609,6609,6603,6606.75,3752
1774578600,6606.75,6611.25,6605.5,6606.5,2930
1774579500,6606.75,6609,6603.25,6604.25,1965
1774580400,6604.25,6607,6600.75,6603.25,2889
1774581300,6602.75,6603.75,6601.25,6603.25,1511
1774582200,6603.25,6613.5,6603.25,6611.25,3535
1774583100,6611.25,6614.75,6609.75,6614.25,2749
1774584000,6614,6614.25,6610.5,6612.25,1608
1774584900,6612.25,6615.5,6611.75,6614,1944
1774585800,6613.5,6616.5,6613.25,6615.5,1985
1774586700,6615.5,6619.25,6615.25,6618,1826
1774587600,6618.25,6630.25,6618,6629.5,7022
1774588500,6629.5,6631,6621.25,6624.5,4446
1774589400,6624.25,6626,6621.5,6623.25,2146
1774590300,6623.25,6626.5,6621.75,6622,2059
1774591200,6622,6624.5,6618.5,6623.5,3310
1774592100,6623.5,6629.25,6623.25,6626.75,2818
1774593000,6626.75,6627,6619.25,6620.5,3009
1774593900,6620.5,6621,6614.25,6616.75,2814
1774594800,6617,6617.5,6609.5,6612.5,3079
1774595700,6612.25,6612.25,6604.75,6605.5,2673
1774596600,6605.5,6610,6604,6608,3679
1774597500,6607.5,6612.75,6606.25,6609,3214
1774598400,6609.5,6614.25,6596.75,6600.75,10028
1774599300,6600.75,6603.25,6589.25,6591.5,7644
1774600200,6591.25,6597.75,6585.5,6590.25,8417
1774601100,6590.25,6592.75,6584.75,6586,5007
1774602000,6586,6588.75,6571.25,6579,11141
1774602900,6579.25,6591.75,6577.75,6589,7652
1774603800,6589.25,6594.5,6584.75,6588.25,5062
1774604700,6588,6588.25,6576,6577.75,5525
1774605600,6578,6585,6574.25,6577,6383
1774606500,6577,6581.5,6575,6576.5,3857
1774607400,6577,6579.25,6564.5,6568,8564
1774608300,6568.25,6568.5,6556.75,6560.25,9401
1774609200,6560.5,6562.25,6552,6555.75,11692
1774610100,6555.5,6562.5,6554.75,6562,6971
1774611000,6562,6564.5,6557.5,6563.25,5873
1774611900,6563.25,6571.75,6561.25,6564.25,9500
1774612800,6564.5,6566,6553,6557.5,10661
1774613700,6557.5,6563.5,6556.25,6561,6380
1774614600,6561.25,6562.5,6553.5,6557.5,7592
1774615500,6557.75,6559,6549.5,6553,10919
1774616400,6553.25,6554.5,6542,6545.5,16515
1774617300,6545.25,6559.5,6544.75,6557.25,15163
1774618200,6557,6558.25,6528.75,6542,70064
1774619100,6541.75,6556.25,6516.5,6521.25,67561
1774620000,6520.75,6531,6517,6528.25,53227
1774620900,6528.25,6539.5,6521.75,6522,49465
1774621800,6522,6528.5,6517.75,6522,32115
1774622700,6522,6536.75,6513.5,6533.25,46314
1774623600,6532.75,6543.75,6527,6528.75,39856
1774624500,6528.5,6546.25,6520.25,6540.75,54502
1774625400,6540.75,6552.75,6532.75,6537.75,43852
1774626300,6537.75,6545.5,6532,6534,24970
1774627200,6534,6535.5,6519.25,6526,29578
1774628100,6526,6526.75,6516.25,6520,21610
1774629000,6519.75,6522,6511,6517,27201
1774629900,6517,6527.25,6515.25,6518,25092
1774630800,6518,6530.5,6512,6514.75,38660
1774631700,6515,6515.5,6496.25,6496.75,30491
1774632600,6497,6503.25,6494,6495.25,24254
1774633500,6495.5,6499.25,6489.75,6492,22078
1774634400,6492,6493.75,6481.75,6485.5,27411
1774635300,6485.5,6494,6483.75,6488,28432
1774636200,6488,6498,6484.5,6490.25,23183
1774637100,6490.5,6492.25,6482.25,6484.25,16279
1774638000,6484,6487.25,6475,6480.5,26962
1774638900,6480.5,6486.25,6476.5,6478.25,23539
1774639800,6478.5,6483.5,6470,6471.5,26768
1774640700,6471.25,6481.75,6460.75,6469.75,57243
1774641600,6469.75,6474.5,6462,6464.5,22733
1774642500,6464.75,6465.5,6451.5,6459.5,13516
1774643400,6459.75,6463.5,6455.75,6460.75,8183
1774644300,6460.25,6463.75,6458.5,6460.5,5717
1774821600,6442.25,6451,6426.5,6439.75,28908
1774822500,6439.75,6450.25,6438.25,6444.5,12878
1774823400,6444.5,6448.25,6434.5,6434.5,9259
1774824300,6435,6446,6430.5,6444.75,10124
1774825200,6444.75,6449.5,6436.25,6437.5,9639
1774826100,6437.75,6442,6435.25,6437,5681
1774827000,6437.25,6438,6429.25,6434,9097
1774827900,6434,6437,6424.5,6430.25,13409
1774828800,6430.25,6435.5,6422.75,6430.5,13455
1774829700,6430.5,6457.5,6426,6448.25,27468
1774830600,6448,6451.75,6430.75,6433.5,13637
1774831500,6433.5,6436.75,6426.5,6433.25,7960
1774832400,6433.25,6441.25,6432.25,6435.75,8470
1774833300,6436,6438.75,6430.5,6437.75,6309
1774834200,6438.25,6446.5,6436.5,6446,7755
1774835100,6446,6448.5,6443,6447.25,6350
1774836000,6447.25,6452.5,6445.75,6450.5,6984
1774836900,6450.5,6450.75,6442,6444.75,5613
1774837800,6444.5,6456.25,6444.5,6454.75,6176
1774838700,6454.75,6464.25,6454.25,6459.5,9202
1774839600,6459.5,6470.25,6459,6467,7465
1774840500,6467.5,6473.5,6466.75,6470.25,6237
1774841400,6470.25,6471.75,6467.25,6471,4086
1774842300,6470.5,6471.75,6467,6470.5,3830
1774843200,6470.5,6475.5,6468.75,6473,4565
1774844100,6473,6481.5,6472.25,6477.75,4290
1774845000,6478,6481.5,6473.75,6474.75,4622
1774845900,6475,6475.75,6470.75,6474,3565
1774846800,6474,6483.25,6473.75,6477.75,5184
1774847700,6477.5,6482.5,6477.5,6478.75,2886
1774848600,6478.75,6481.75,6475.75,6476.75,3033
1774849500,6477,6482.25,6474.5,6479.75,3059
1774850400,6479.25,6486.5,6478,6482,5108
1774851300,6482.25,6490,6482.25,6484.75,4582
1774852200,6485.5,6492.75,6485,6491.25,4412
1774853100,6491.5,6498,6489.5,6491.75,5877
1774854000,6491.75,6495.75,6486.25,6492.75,5914
1774854900,6493,6494.5,6486.25,6489.75,4814
1774855800,6489.75,6497,6485.25,6492.5,6197
1774856700,6492.75,6500.75,6492,6497.5,5816
1774857600,6497,6504.25,6491.5,6503.25,6894
1774858500,6503,6506.5,6500,6505,6017
1774859400,6504.5,6509,6502.25,6504.5,6194
1774860300,6504.25,6510,6501,6508.25,4535
1774861200,6508.5,6509.25,6501.75,6503.25,3620
1774862100,6502.75,6506.5,6496.25,6498.75,7471
1774863000,6499,6503,6494.5,6498.75,4829
1774863900,6498.75,6501.5,6496.25,6499.75,3399
1774864800,6500,6503.25,6497,6499,3333
1774865700,6498.75,6504.25,6496.5,6502,3470
1774866600,6501.75,6501.75,6494.75,6497.5,4517
1774867500,6497.5,6505.25,6496.75,6504.75,4395
1774868400,6505,6509.25,6504.25,6506.75,6291
1774869300,6506.5,6544.5,6505.25,6519.75,27249
1774870200,6519.75,6524.25,6509,6515,16165
1774871100,6515,6519,6509.5,6512.25,7553
1774872000,6512.75,6516.25,6506.25,6514.75,7787
1774872900,6514.75,6525.75,6512.5,6523.25,8981
1774873800,6523.25,6529,6521.5,6526.25,7533
1774874700,6526.5,6527,6521.5,6526.5,5923
1774875600,6526.25,6531.5,6518.75,6525.25,14458
1774876500,6525.25,6531.25,6523.25,6530.5,12442
1774877400,6530.25,6533.5,6497.5,6501.5,69025
1774878300,6501.25,6504.5,6475.75,6480.25,61942
1774879200,6480,6498,6479.5,6494.5,56576
1774880100,6494.5,6496.5,6483.5,6488.5,41396
1774881000,6488.5,6495.25,6477.25,6479,38612
1774881900,6479.25,6506,6476.75,6505.25,60222
1774882800,6505.25,6518.5,6493.75,6494.5,52742
1774883700,6495,6501.25,6485.5,6494.25,36148
1774884600,6494.25,6512,6490.25,6510.25,38344
1774885500,6510,6515,6501.75,6503.5,29310
1774886400,6503.5,6504.75,6490,6496.75,31605
1774887300,6496.75,6496.75,6481,6482,25762
1774888200,6482.25,6489.75,6480.75,6485.5,20794
1774889100,6485.5,6487.25,6479.25,6482.5,18471
1774890000,6482.75,6488.25,6474,6475.25,27872
1774890900,6475,6477,6461.75,6463.5,34151
1774891800,6463.5,6473,6456.25,6471.75,32280
1774892700,6471.75,6475.75,6461.25,6465.25,29103
1774893600,6465,6467.25,6458,6462,20309
1774894500,6462.25,6466.5,6452.25,6452.5,23950
1774895400,6452.75,6461.75,6452.25,6454.75,19503
1774896300,6454.75,6457.5,6444,6447.5,22906
1774897200,6447.25,6449.25,6425.5,6428.75,35990
1774898100,6428.75,6433,6422,6425.25,28271
1774899000,6425.25,6440.25,6422.75,6437,37331
1774899900,6436.75,6456.75,6436,6450.25,60786
1774900800,6450.25,6451.25,6439.5,6440.5,15767
1774901700,6440.5,6445.25,6440.25,6443.5,4228
1774902600,6443.5,6444.75,6441.25,6444.5,2672
1774903500,6444.5,6446.25,6442.25,6446,2595
1774908000,6447,6455.5,6446.75,6448.5,5946
1774908900,6448.5,6452,6447.5,6450.5,2845
1774909800,6450.5,6451.25,6446.5,6447.5,2546
1774910700,6447.75,6450.5,6445.75,6446.5,2887
1774911600,6446.5,6446.75,6429.75,6434.5,10398
1774912500,6434.5,6439.25,6432.75,6435.75,3801
1774913400,6436.25,6436.75,6431.25,6433,3844
1774914300,6433.5,6435.75,6430.25,6435.5,3497
1774915200,6435.5,6443,6427.25,6429.75,11143
1774916100,6430,6431,6414.5,6429,13616
1774917000,6429,6461,6424.75,6460.75,20058
1774917900,6460.5,6491,6458.75,6474.25,30523
1774918800,6474.5,6481,6461.75,6469.25,13358
1774919700,6469.25,6501.25,6468,6498.75,18593
1774920600,6498.75,6516.5,6498.5,6509.5,18628
1774921500,6509,6512,6503,6503.75,11659
1774922400,6504.25,6507.5,6500,6506,7175
1774923300,6506,6512.5,6504.75,6510,6845
1774924200,6509.75,6514,6506.5,6513.25,5820
1774925100,6513,6524,6511.75,6512.75,8628
1774926000,6513,6521.5,6510.5,6517.25,5798
1774926900,6517.25,6518.25,6509.75,6511,4535
1774927800,6511.5,6513.5,6507.75,6508.25,4246
1774928700,6508.5,6511.25,6504.75,6505.5,3762
1774929600,6505.5,6510,6505.25,6508,2677
1774930500,6507.75,6511.5,6501,6503.25,3617
1774931400,6503.25,6506.75,6500,6502.75,2793
1774932300,6503,6504.75,6495,6496.5,4559
1774933200,6496.5,6497,6485.75,6487.5,4751
1774934100,6487.75,6500,6484.5,6496.25,5526
1774935000,6496.5,6503,6494.75,6500.5,3561
1774935900,6500.5,6507.25,6498.75,6500.75,4390
1774936800,6501,6501.5,6490.75,6493,4987
1774937700,6493,6503,6491.75,6496.25,5613
1774938600,6496.5,6499.25,6490.25,6491.5,5495
1774939500,6491.75,6500.25,6489.5,6495.75,3528
1774940400,6495.75,6499.5,6486,6490,5794
1774941300,6490,6494.5,6483.5,6493,5402
1774942200,6493,6510.25,6493,6509.25,6886
1774943100,6510,6518,6509,6517,7391
1774944000,6517.25,6519.25,6506.75,6508.25,7042
1774944900,6508,6512.75,6504.75,6506,5109
1774945800,6506,6508,6501.25,6503,5301
1774946700,6503,6508,6497.75,6502.75,6657
1774947600,6503,6512.5,6502.25,6508,4656
1774948500,6507.5,6512.25,6503.5,6504.5,4414
1774949400,6504.75,6508.75,6499.5,6504.75,5187
1774950300,6504.75,6508.5,6497.5,6501,4734
1774951200,6500.75,6508.25,6500.5,6504.5,5486
1774952100,6504.5,6506.25,6499.5,6503.5,3903
1774953000,6503.75,6505,6486.25,6488,7868
1774953900,6488,6500,6486.75,6497.75,6211
1774954800,6497.75,6529.25,6493.75,6512.5,23265
1774955700,6512.5,6524.25,6509.25,6513,21500
1774956600,6513,6521.5,6507.25,6521,9794
1774957500,6521,6521.25,6509.25,6516,11380
1774958400,6516,6532,6504.75,6506,25619
1774959300,6505.75,6527.25,6500.25,6522.5,21596
1774960200,6522,6531.25,6520,6529.5,10149
1774961100,6529.5,6530,6515.75,6515.75,8761
1774962000,6516,6522.25,6512.75,6519,9287
1774962900,6519,6525.5,6518,6520,10584
1774963800,6519.75,6536,6513,6522.5,61999
1774964700,6522.75,6557.5,6522.75,6557,62455
1774965600,6557,6560,6541,6545,45242
1774966500,6545,6557,6538.5,6555,45166
1774967400,6555,6556.75,6529.5,6532.25,45740
1774968300,6532.5,6535.5,6508.5,6516.5,54450
1774969200,6516.75,6550.75,6516.25,6549.75,59272
1774970100,6549.5,6553,6535.25,6536.75,44575
1774971000,6537,6543.25,6528.75,6537.5,34119
1774971900,6537.25,6542,6526.5,6527.75,28472
1774972800,6527.75,6547,6524.75,6542.75,32330
1774973700,6543,6557,6543,6551.25,25549
1774974600,6551.5,6626.25,6546.25,6601.5,116792
1774975500,6602,6610.75,6579.75,6597.25,88289
1774976400,6597.25,6616.5,6592,6605.5,55123
1774977300,6605.75,6616,6598.5,6600.75,37018
1774978200,6600.75,6614.75,6592.25,6597.75,41977
1774979100,6597.5,6606,6591.75,6594.25,22842
1774980000,6594.25,6609.75,6594.25,6605,22626
1774980900,6605.25,6613,6600,6607.5,20648
1774981800,6607.75,6617,6602.25,6610.25,22489
1774982700,6610.5,6619.5,6609.5,6616.75,18235
1774983600,6616.75,6622.5,6610.25,6621,24269
1774984500,6621.25,6629.75,6619.5,6624,25902
1774985400,6624.25,6636.25,6623.5,6631.75,29776
1774986300,6631.75,6645.5,6622.75,6631.75,77704
1774987200,6631.75,6636.5,6624.25,6634,23127
1774988100,6634,6639.75,6632,6638.5,7882
1774989000,6638.25,6639.25,6629.75,6630.75,6491
1774989900,6630.75,6632.75,6627.75,6630.25,3822
1774994400,6625.5,6639.25,6623.25,6637.75,7752
1774995300,6637.5,6639.75,6631.25,6636.5,4873
1774996200,6636.5,6638.5,6631.25,6636.25,3479
1774997100,6636,6636.75,6633,6635.25,2190
1774998000,6635.25,6635.75,6631.75,6633,2671
1774998900,6633.25,6638.5,6632,6637.5,2484
1774999800,6637.25,6649.25,6636.75,6641.5,7818
1775000700,6641.25,6655.25,6640,6652.25,7085
1775001600,6652,6655,6648,6651.25,6093
1775002500,6651,6651.75,6646.25,6650,4520
1775003400,6649.5,6652,6642.5,6651,4717
1775004300,6650.75,6655.25,6648.75,6655,3635
1775005200,6655.25,6657.25,6642,6648.25,9930
1775006100,6648.25,6652.25,6644.5,6651.25,3849
1775007000,6651.25,6652,6642.5,6644,3630
1775007900,6643.75,6645.75,6641.25,6644,2988
1775008800,6644,6648,6642.25,6643.25,3179
1775009700,6643.25,6644.5,6640.5,6641.25,2114
1775010600,6641.5,6642.25,6638,6641.25,2936
1775011500,6641,6644,6640.25,6641,1910
1775012400,6641,6645.5,6640.25,6643.75,1948
1775013300,6643.75,6644,6640.75,6642.5,1306
1775014200,6642.5,6645.5,6642,6644.5,1311
1775015100,6644.75,6646.25,6641.75,6643.25,1309
1775016000,6643.25,6645.5,6642,6642.75,1444
1775016900,6643,6647.5,6642,6647,1932
1775017800,6647,6648.75,6645.25,6647.25,1558
1775018700,6647.5,6650.5,6645.75,6648.25,1843
1775019600,6648.5,6655.75,6647.25,6655,2340
1775020500,6655.25,6662,6653.5,6656.75,4013
1775021400,6657,6659.5,6652.75,6657.75,2367
1775022300,6657.75,6659.75,6654.25,6655.25,2337
1775023200,6655.5,6665.25,6655,6665.25,5106
1775024100,6664.75,6675,6663.5,6673,8901
1775025000,6672.75,6683.75,6671.75,6682.75,9758
1775025900,6683,6684.5,6678.75,6683,6483
1775026800,6683,6686,6677,6679.25,6821
1775027700,6678.75,6679,6674.5,6677.5,4656
1775028600,6677.75,6684.5,6676.5,6680.5,6103
1775029500,6680.25,6681.5,6660.75,6663,11754
1775030400,6663,6667.25,6652.5,6655,10423
1775031300,6655.25,6670.75,6654.25,6664.75,7905
1775032200,6665,6670.25,6663.75,6668.5,6517
1775033100,6668.5,6671,6652.75,6664,10757
1775034000,6664,6667.75,6654,6656.75,6375
1775034900,6656.75,6658,6648.75,6655,5824
1775035800,6654.75,6662.25,6654.75,6660.25,5734
1775036700,6660.25,6670.5,6660,6665,8992
1775037600,6665.5,6669.5,6661,6666,5878
1775038500,6666,6669.5,6662,6664.5,5224
1775039400,6664.75,6670.5,6662.75,6669.25,4265
1775040300,6669,6681,6668.75,6678.5,9791
1775041200,6678.5,6683.5,6677,6683.5,4960
1775042100,6683.25,6687,6681,6683.25,7726
1775043000,6683.25,6690.75,6682.25,6687.75,9396
1775043900,6687.5,6693.25,6684.5,6690.25,7595
1775044800,6690,6691,6682.25,6683.5,8289
1775045700,6683,6685.5,6672,6677.75,10544
1775046600,6677.75,6704.5,6666.75,6688,16927
1775047500,6688.25,6701,6655.75,6658.75,39076
1775048400,6659,6665,6652.5,6659,21322
1775049300,6659,6669.25,6657.5,6668.75,15972
1775050200,6668.75,6691,6663.75,6670,77073
1775051100,6670,6679.25,6660,6674,59416
1775052000,6674,6683.75,6669.25,6676.5,51483
1775052900,6676.5,6686,6673,6680.75,38031
1775053800,6680.75,6693.75,6667.25,6687.5,72164
1775054700,6687.5,6699.5,6681,6696,41956
1775055600,6696.25,6702,6694,6697,28549
1775056500,6697.25,6701.75,6694.25,6694.5,24672
1775057400,6694.25,6704.5,6690,6703,35574
1775058300,6703,6712.25,6700.75,6709.5,27581
1775059200,6709.5,6712,6705.25,6706.25,24005
1775060100,6706.25,6710,6701.5,6702.5,20065
1775061000,6702.5,6710,6698.75,6709.5,21927
1775061900,6709.5,6710.5,6706.25,6708.75,10206
1775062800,6708.75,6715.75,6707.5,6714.5,18783
1775063700,6714.5,6717.25,6712.25,6713.75,12768
1775064600,6713.75,6715.5,6707.75,6709.5,17833
1775065500,6709.5,6711,6698,6698,22503
1775066400,6698.25,6699.75,6686.75,6689,38081
1775067300,6689.25,6689.25,6668.25,6672,50381
1775068200,6672.25,6684.5,6666.5,6678.5,44241
1775069100,6678.5,6680,6671.25,6674,23944
1775070000,6674,6684,6672.5,6681.75,21312
1775070900,6681.75,6693.5,6679.5,6690.75,25464
1775071800,6690.75,6697.25,6686.25,6691.25,25235
1775072700,6691.25,6693.25,6677,6681.75,58986
1775073600,6681.75,6686.25,6678.5,6684.75,12692
1775074500,6684.75,6685.25,6679,6679.75,4141
1775075400,6680,6684,6680,6682.25,2557
1775076300,6682,6683.75,6679.5,6679.75,3189
1775080800,6679.25,6684.5,6676.25,6679.75,4336
1775081700,6679.75,6681,6675.5,6680.25,2301
1775082600,6680,6681.5,6677.75,6680.5,1539
1775083500,6680.75,6681.25,6673,6675.25,4409
1775084400,6675.25,6681.75,6674,6681.25,3083
1775085300,6681,6681.5,6678,6681,2271
1775086200,6681,6681.25,6677.5,6679.25,1924
1775087100,6679,6680.75,6672.25,6677.25,4454
1775088000,6677,6677.25,6671,6674.5,6418
1775088900,6674,6677,6670,6672,4574
1775089800,6672,6688.5,6669.75,6688,8892
1775090700,6687.5,6695,6684,6693.25,9301
1775091600,6693,6694.25,6657.25,6670,37474
1775092500,6669.75,6672,6629,6632.75,43166
1775093400,6633,6634.5,6617.75,6624.75,27811
1775094300,6624.25,6627.75,6616,6622,15862
1775095200,6622.25,6628.25,6604.75,6607.5,16504
1775096100,6607.5,6614.5,6605.5,6605.75,8979
1775097000,6606.25,6610.75,6604.25,6610,8234
1775097900,6610.25,6614.25,6608.25,6612.5,5168
1775098800,6612.75,6612.75,6605.25,6609.25,4316
1775099700,6609.5,6614.25,6608.75,6610.75,3648
1775100600,6610.75,6611.5,6599.75,6604.25,6298
1775101500,6604.5,6605.25,6598.25,6600,4138
1775102400,6599.75,6603.75,6596,6597.5,5533
1775103300,6597.5,6603.25,6596.75,6597.75,3566
1775104200,6597.75,6600,6594.25,6597.25,4564
1775105100,6597.5,6598.5,6593.5,6595.5,3247
1775106000,6596,6601.25,6595,6596.5,3592
1775106900,6596.75,6599.5,6594,6599.5,3319
1775107800,6599.5,6602.75,6589,6591,7088
1775108700,6591.5,6592.25,6585,6585,5136
1775109600,6585.25,6593.75,6583,6584.5,5651
1775110500,6584.25,6591.75,6582.5,6590.25,4978
1775111400,6590,6594,6588,6590.75,4115
1775112300,6590.75,6596,6586.5,6595.25,4663
1775113200,6595.25,6598,6590.5,6594.25,6764
1775114100,6594.25,6600,6591,6598.25,5875
1775115000,6598.25,6605,6597.25,6602.5,5587
1775115900,6602.75,6612.25,6602.5,6611.25,4731
1775116800,6611.25,6612.5,6604,6605.25,4834
1775117700,6605.25,6607.5,6599.5,6605,4903
1775118600,6604.75,6613.5,6604.75,6607.5,4852
1775119500,6607.75,6610,6603.25,6604.5,3462
1775120400,6604.75,6607.5,6601.25,6601.75,4237
1775121300,6601.75,6610.25,6601.5,6607.5,3666
1775122200,6607.5,6607.75,6600.75,6601.75,3539
1775123100,6601.75,6606,6599.5,6603.5,3439
1775124000,6603.5,6605.75,6593.5,6594,5677
1775124900,6594,6594.75,6590.5,6591.25,5638
1775125800,6591.25,6600.75,6589,6597.75,6413
1775126700,6598,6601.5,6595,6599,5155
1775127600,6599,6600.75,6587.5,6587.75,6219
1775128500,6587.75,6588.75,6579.25,6580.25,9333
1775129400,6580,6586.5,6573.75,6576.5,9908
1775130300,6576.5,6583,6570.5,6570.75,9240
1775131200,6571,6574.25,6566,6570.75,11252
1775132100,6570.75,6582.25,6569,6579.75,10535
1775133000,6579.5,6583.75,6577.25,6582.5,7700
1775133900,6582.5,6587.75,6578.5,6579.25,11335
1775134800,6579.5,6587,6577.25,6580.75,11992
1775135700,6581,6592.5,6580.5,6590.25,13387
1775136600,6590.25,6601,6576.75,6582.75,70305
1775137500,6583,6625.25,6580,6623,83764
1775138400,6622.75,6631.25,6611.75,6622.75,71293
1775139300,6622.75,6637.5,6621.75,6630.5,53117
1775140200,6630.25,6707,6627.75,6687.75,149045
1775141100,6688,6690.25,6660.5,6681.25,79250
1775142000,6681.25,6686.75,6665.25,6680,56196
1775142900,6680.25,6685.25,6666.5,6680.25,47194
1775143800,6680,6686.5,6669.75,6679.5,38979
1775144700,6679.75,6679.75,6657.5,6667.5,44936
1775145600,6667.5,6674.25,6655,6661,35535
1775146500,6661,6664.25,6649,6654.5,35158
1775147400,6654.25,6677,6652.5,6669.5,44887
1775148300,6669.5,6673.5,6662.5,6663,23948
1775149200,6662.75,6673.5,6657,6670.75,27433
1775150100,6670.75,6677.5,6669.75,6673.25,22993
1775151000,6673.5,6674.75,6665.25,6669.5,19324
1775151900,6669.5,6670.5,6652.75,6659.75,28504
1775152800,6659.5,6671.75,6659.25,6666.5,22788
1775153700,6666.5,6670,6660.75,6662.25,17001
1775154600,6662.5,6672.75,6661,6670.75,16762
1775155500,6670.75,6678,6669.5,6671.5,18361
1775156400,6671.75,6680,6671.25,6674.5,21073
1775157300,6674.25,6676,6668,6670.5,21872
1775158200,6670.5,6676.75,6667.25,6670.25,18752
1775159100,6670.5,6688,6668.25,6685.75,39895
1775160000,6685.75,6687.5,6681.25,6686,13682
1775160900,6686,6691.25,6684.25,6690.25,4644
1775161800,6690,6691,6684.75,6685.75,4391
1775162700,6686,6688.25,6684,6687,3644
1775167200,6686.25,6686.25,6681.5,6683,2456
1775168100,6683,6688.25,6681.5,6685.5,3210
1775169000,6685.75,6688.25,6684.75,6686.25,1581
1775169900,6686,6687.25,6685,6685.75,617
1775170800,6686,6686,6683,6683.75,1192
1775171700,6683.5,6687,6683.5,6686.25,881
1775172600,6686.25,6688.25,6685.5,6686.5,1211
1775173500,6686.75,6687,6684.5,6686.25,1231
1775174400,6686.5,6694.75,6686.5,6690.75,3888
1775175300,6690.75,6690.75,6686.25,6689.5,2327
1775176200,6689.5,6689.75,6684.5,6686,1961
1775177100,6686,6687.25,6685,6686.5,1003
1775178000,6686.75,6687.5,6682.75,6683.5,1336
1775178900,6683.75,6686,6682.75,6685.75,1234
1775179800,6685.5,6686,6682.75,6683.25,1063
1775180700,6683.25,6683.75,6680.75,6681,1342
1775181600,6681,6682.5,6680.25,6682,1121
1775182500,6682,6683,6674.75,6675.5,2181
1775183400,6675.5,6676.25,6671.75,6675,2790
1775184300,6675,6679.5,6671,6675.75,2964
1775185200,6676,6679.5,6675.75,6676.25,1544
1775186100,6676.5,6678.5,6675,6675.25,1125
1775187000,6675.25,6677.25,6673.5,6674.25,1121
1775187900,6674.25,6676.75,6674,6675,605
1775188800,6675.25,6677,6674.75,6676.5,748
1775189700,6676.25,6677.75,6675.5,6676.25,774
1775190600,6676.5,6677,6671.75,6672.5,1126
1775191500,6672.5,6675.75,6672,6673.5,810
1775192400,6673.75,6677.25,6672.75,6675.5,1117
1775193300,6675.75,6675.75,6671.25,6673.75,1046
1775194200,6673.75,6678.5,6673.75,6677.75,1193
1775195100,6678.25,6678.75,6675.25,6676,647
1775196000,6675.75,6676.25,6674.25,6675.5,687
1775196900,6674.75,6676,6673.25,6674.25,755
1775197800,6674.25,6674.25,6667.75,6668.75,2603
1775198700,6668.5,6671.25,6665,6668.75,1993
1775199600,6668.75,6669.5,6661,6663.25,2370
1775200500,6663.5,6669.25,6663.25,6669,1793
1775201400,6669.25,6673.5,6669.25,6672.25,2082
1775202300,6672.25,6672.5,6669.25,6669.5,950
1775203200,6669.5,6672.5,6669.25,6670.25,746
1775204100,6670.25,6670.75,6666.5,6667.25,943
1775205000,6667.25,6669.75,6666.75,6668.25,629
1775205900,6668.25,6670.25,6668,6668.5,459
1775206800,6668.75,6669.5,6666,6666.25,705
1775207700,6666.5,6669.25,6665.25,6668,911
1775208600,6667.75,6668.75,6667,6667,327
1775209500,6667,6667.75,6666.25,6666.75,269
1775210400,6666.5,6667.5,6664,6665,867
1775211300,6665.5,6667.5,6664,6664.5,933
1775212200,6664.5,6666.25,6663,6665.5,1095
1775213100,6665,6667.5,6665,6666.75,767
1775214000,6666.25,6666.75,6660.75,6665.25,1942
1775214900,6665,6671.25,6664.25,6670.75,2145
1775215800,6671.25,6673.75,6670,6670.25,1758
1775216700,6670.25,6672.5,6669.75,6670.25,1036
1775217600,6670,6677.25,6670,6674,3125
1775218500,6674.25,6676,6665.75,6673.25,4488
1775219400,6674.5,6700.5,6662.75,6672.75,10620
1775220300,6672.5,6675,6661.25,6663,5618
1775221200,6662.75,6669,6661,6666.25,4782
1775426400,6652.75,6653.75,6629.25,6639.5,20538
1775427300,6639.5,6647.5,6637,6646.25,9224
1775428200,6646.25,6650.75,6642,6646.75,7568
1775429100,6646.5,6652.25,6643.25,6649.75,6401
1775430000,6650,6651.75,6641.5,6645,9269
1775430900,6645.25,6648.75,6643.25,6644.75,3731
1775431800,6644.75,6648,6644.25,6644.75,2312
1775432700,6644.5,6650.25,6644.5,6649.75,2664
1775433600,6650,6667.25,6648.75,6665,14625
1775434500,6665,6671.5,6661,6664.25,8964
1775435400,6664.5,6670.5,6664,6669.5,4267
1775436300,6669.5,6673.25,6668,6672,4416
1775437200,6671.75,6676.25,6671.75,6674.75,4613
1775438100,6675,6680.5,6670.75,6678.75,6871
1775439000,6678.5,6678.75,6674,6677.75,3173
1775439900,6677.75,6678.25,6669.25,6672.5,5139
1775440800,6672.25,6688.75,6671.25,6684.5,12322
1775441700,6684.5,6698.5,6683.25,6696,11352
1775442600,6696.25,6697.5,6683.75,6685.25,8464
1775443500,6685.5,6687,6678.25,6678.5,5655
1775444400,6678,6679.25,6671.25,6672,5847
1775445300,6672,6674.75,6657.75,6669.25,12010
1775446200,6669.5,6672.75,6667,6672,4116
1775447100,6672,6675.75,6671,6674.75,3025
1775448000,6674.75,6680.5,6673.75,6679.25,4360
1775448900,6679.25,6680.75,6676.75,6678.25,2630
1775449800,6678,6684.25,6677,6683,3201
1775450700,6683,6685,6681.5,6683.75,1963
1775451600,6683.25,6686.5,6683,6684.75,2250
1775452500,6685,6686.75,6682.75,6683,2232
1775453400,6683.25,6683.75,6677.5,6678.75,3578
1775454300,6679,6681,6675.5,6679.25,2671
1775455200,6679.75,6690.5,6677.25,6690,4321
1775456100,6689.75,6690,6678.25,6679,3716
1775457000,6679,6682.25,6677.25,6681,2628
1775457900,6680.75,6694.75,6678.25,6686.75,11110
1775458800,6686.75,6688.25,6676.75,6680.75,4317
1775459700,6681,6687.5,6680,6682.5,4087
1775460600,6682.5,6692.5,6682,6690.25,4615
1775461500,6690.5,6702,6689.5,6697,6108
1775462400,6697.25,6704,6697.25,6700.75,5978
1775463300,6700.75,6705.75,6697.75,6704.75,4957
1775464200,6704.5,6712.5,6703.5,6711.25,6274
1775465100,6711.5,6712,6706,6707.25,3324
1775466000,6707.25,6713.75,6707,6709,4530
1775466900,6708.75,6713.5,6706.75,6709,4476
1775467800,6709.25,6710.75,6706.25,6706.75,3007
1775468700,6706.75,6707.75,6698,6699.5,7757
1775469600,6700,6705.25,6697.75,6702.5,4951
1775470500,6702.75,6702.75,6696,6699.5,3789
1775471400,6699,6703,6697.75,6700.5,2745
1775472300,6700.75,6701.25,6680.75,6693.75,14478
1775473200,6693.75,6693.75,6686.75,6689,7211
1775474100,6688.5,6693.25,6686.5,6689.75,4929
1775475000,6690,6693.25,6688.25,6688.25,4412
1775475900,6688.5,6692.75,6688,6689.25,2854
1775476800,6689.75,6690.5,6686.5,6688.75,4240
1775477700,6688.75,6691,6685,6689.25,4340
1775478600,6689.5,6694.5,6687.25,6692.5,5716
1775479500,6692.25,6697.75,6690.5,6692,8722
1775480400,6691.75,6693.25,6682.75,6690.5,13597
1775481300,6690.5,6692,6682,6684,15570
1775482200,6684.25,6704.75,6680.25,6693.25,92542
1775483100,6693.5,6711.75,6693,6711.75,50985
1775484000,6711.25,6725,6686.25,6707,71552
1775484900,6707.25,6716.5,6702,6710.5,49789
1775485800,6710.75,6717.25,6694,6703.25,77923
1775486700,6703,6705.5,6692.5,6700.75,42044
1775487600,6701,6707,6696.5,6701.25,35190
1775488500,6701.25,6703.5,6692.5,6695.25,25025
1775489400,6695.5,6698.25,6689.25,6697,27721
1775490300,6697,6706,6695.25,6705,23700
1775491200,6705,6706.5,6698.25,6702.5,18832
1775492100,6702.5,6706.5,6700,6704.25,14075
1775493000,6704,6711.5,6702,6709,19868
1775493900,6709,6711,6702.75,6705.5,22082
1775494800,6705.5,6706,6681,6686.75,47977
1775495700,6686.5,6702,6684.5,6700,35166
1775496600,6700.25,6707,6694,6697.5,28845
1775497500,6697.5,6697.5,6690,6690.75,17312
1775498400,6691,6705.25,6688.25,6699.5,31220
1775499300,6700,6712.75,6699.25,6708.75,32752
1775500200,6708.75,6712,6703.5,6705.25,19273
1775501100,6705,6710.75,6704.75,6709.25,13343
1775502000,6709.75,6710.75,6704.75,6707.75,14748
1775502900,6707.75,6709.25,6704.75,6705.25,10563
1775503800,6705,6709.25,6704.25,6709,12924
1775504700,6708.75,6715.75,6706.5,6715.25,33409
1775505600,6715.5,6717.5,6709.75,6711,12580
1775506500,6710.75,6714.75,6708.75,6713,4452
1775507400,6713.25,6716,6712.5,6713.5,3634
1775508300,6713.25,6714,6711,6713.25,2817
1775512800,6713.25,6722,6710.25,6719.5,5687
1775513700,6719.5,6720.75,6705.25,6709.25,6803
1775514600,6709.25,6710.5,6704.75,6708.5,3929
1775515500,6708.5,6710.5,6705,6705.5,2342
1775516400,6705.75,6712,6705.5,6711.25,2712
1775517300,6711.5,6712.25,6707.25,6707.25,2066
1775518200,6707.25,6709.5,6706.5,6707.25,1184
1775519100,6707.5,6710,6704,6704.25,2205
1775520000,6704.25,6710.25,6700,6708.25,7206
1775520900,6708.75,6717.25,6708.5,6710,7051
1775521800,6709.75,6710.75,6701.75,6703.5,4896
1775522700,6703.75,6707.75,6702.5,6703.25,2998
1775523600,6703.5,6706.5,6692.75,6694.25,9994
1775524500,6694.5,6700,6694,6698.25,4311
1775525400,6698.5,6699.25,6687,6687.5,7455
1775526300,6687.75,6690.5,6674.25,6676.25,11092
1775527200,6676.5,6679,6671.75,6675,8614
1775528100,6674.75,6681.25,6672.5,6679.5,7021
1775529000,6679.5,6683,6679.25,6682.5,4572
1775529900,6682.25,6685.5,6680.75,6683.5,4337
1775530800,6683.75,6685.5,6681.25,6683.5,3116
1775531700,6684,6684.25,6678.75,6683.25,3610
1775532600,6683.75,6687.25,6682.75,6686.25,2881
1775533500,6686,6686.5,6683.75,6684.75,1554
1775534400,6684.75,6686.5,6679.75,6680.25,3508
1775535300,6680.25,6688,6678.75,6684.25,3883
1775536200,6684.25,6689.75,6684,6687,4097
1775537100,6687,6691.5,6686.5,6688.25,2947
1775538000,6688.75,6691.25,6687.75,6689.5,1997
1775538900,6689.25,6691.25,6683.25,6683.75,3101
1775539800,6684,6685,6679.75,6680.75,3784
1775540700,6680.75,6686.25,6680,6685.25,2679
1775541600,6685.25,6687.5,6682.75,6683.25,2524
1775542500,6683.25,6689.25,6681,6689.25,4070
1775543400,6689.25,6690.5,6684.75,6687.5,3290
1775544300,6687.5,6689.5,6684,6689.5,2993
1775545200,6689.5,6693,6685,6689.5,5758
1775546100,6689.5,6690.25,6683.75,6685.25,3617
1775547000,6685.25,6692.5,6685,6690.75,3169
1775547900,6690.5,6691.5,6684.75,6690.5,2807
1775548800,6690.5,6713.75,6690.25,6706,21704
1775549700,6706,6717,6702.75,6710.5,13216
1775550600,6710.25,6721.75,6709,6717.25,9975
1775551500,6717.25,6719.75,6713.5,6717.25,5916
1775552400,6717.25,6724,6715.5,6719.75,7636
1775553300,6720,6729,6718,6727,10846
1775554200,6726.75,6729.75,6722.25,6722.5,6672
1775555100,6722.5,6725.75,6719.25,6723.25,5467
1775556000,6723.5,6726.5,6702.25,6719.25,21295
1775556900,6719,6724.75,6704.75,6714.5,22941
1775557800,6714.5,6715.5,6696.5,6701.5,15696
1775558700,6701.75,6702.25,6676.5,6680.75,21860
1775559600,6680.75,6690.5,6679.25,6686.5,13308
1775560500,6686.75,6694,6685.5,6686,12011
1775561400,6685.75,6686.75,6673.75,6684,14315
1775562300,6684,6684.5,6678.75,6682.25,5944
1775563200,6682,6688,6664.5,6673.5,23982
1775564100,6674.25,6691.5,6669.75,6690.25,19866
1775565000,6690.75,6692.25,6681,6684.25,8399
1775565900,6684.5,6703.25,6678.5,6686.5,22641
1775566800,6686.5,6694.5,6682.75,6689.75,17955
1775567700,6689.75,6693,6685.5,6691.5,13400
1775568600,6692,6701.75,6673.5,6674.75,74184
1775569500,6674.75,6684.75,6664.75,6665.5,72564
1775570400,6665.5,6667.25,6643.75,6652.25,81266
1775571300,6652,6673,6650.75,6669.25,76756
1775572200,6669.25,6679,6662.5,6666,60987
1775573100,6666,6677,6650.25,6650.75,52857
1775574000,6651,6652,6635.25,6645,62260
1775574900,6645,6663.25,6642.5,6657,64513
1775575800,6657.5,6662.5,6650.5,6651.75,39057
1775576700,6651.75,6668.75,6650.75,6663,40503
1775577600,6663.25,6695.5,6662.75,6676.75,77082
1775578500,6677,6691,6673.25,6684.5,49346
1775579400,6684.25,6688.75,6678.5,6685.75,29106
1775580300,6686.25,6694.25,6685.25,6686,31216
1775581200,6685.75,6694.25,6682.75,6687.5,25987
1775582100,6687.75,6690,6679.75,6683.25,21959
1775583000,6683.5,6709,6682,6693.25,52710
1775583900,6693,6698.5,6689,6692.75,25291
1775584800,6692.75,6695.75,6686,6690,20228
1775585700,6690,6695,6685.5,6687,26426
1775586600,6686.75,6688.75,6676.5,6680,26045
1775587500,6680,6680.5,6659.25,6665,40782
1775588400,6665,6671.25,6659.25,6670,40665
1775589300,6670,6707.5,6668.5,6692.25,91164
1775590200,6692.25,6698.5,6684.5,6693.75,35051
1775591100,6693.5,6721.5,6690,6718.25,104522
1775592000,6718,6727.25,6711.5,6725.25,26093
1775592900,6725.25,6730.5,6716,6719.5,11725
1775593800,6720,6736.25,6719.5,6727,18243
1775594700,6726.75,6732,6723,6726,7258
1775599200,6739.75,6796.5,6739.75,6776.25,29688
1775600100,6776,6779.25,6770.75,6774.25,9409
1775601000,6774.5,6834.5,6737.5,6819.25,47316
1775601900,6819.5,6855.75,6813.25,6854.25,26652
1775602800,6853.75,6864.25,6845.5,6857.5,24055
1775603700,6857.75,6881.25,6856.5,6871.25,20467
1775604600,6871.25,6875,6861.75,6862.25,12220
1775605500,6862.5,6870.5,6859.5,6867,10067
1775606400,6866.75,6872.5,6856.25,6862,14422
1775607300,6861.5,6862.5,6854,6856,10143
1775608200,6856.25,6862.5,6850.25,6857.5,10212
1775609100,6858,6869.5,6856.25,6866,9122
1775610000,6866.25,6873.75,6863.25,6869,7882
1775610900,6869.25,6872.25,6861.25,6863.5,5477
1775611800,6863.75,6870,6862.25,6869.25,4673
1775612700,6869.25,6875.75,6869.25,6871.75,4956
1775613600,6871.5,6876.25,6871.5,6875.5,3673
1775614500,6875.5,6877.5,6873.5,6874,4265
1775615400,6874.25,6880,6873,6878,4543
1775616300,6878,6880.5,6877.5,6879.75,2416
1775617200,6880,6881.5,6878.75,6879.5,3446
1775618100,6879.25,6880.25,6874.25,6876,3607
1775619000,6876,6877.5,6875.25,6875.75,2065
1775619900,6875.5,6878.25,6874.75,6877.75,1898
1775620800,6877.75,6884.75,6877.5,6882.75,4772
1775621700,6882.5,6886.75,6881,6884.75,3997
1775622600,6885,6887.25,6884.25,6885.5,2327
1775623500,6885.5,6886.5,6881.75,6882,2987
1775624400,6882.25,6884.25,6880,6883.5,3357
1775625300,6883.5,6891.25,6883,6890.25,4744
1775626200,6890.5,6895.5,6888,6892,6377
1775627100,6891.5,6900,6890.5,6898.75,6291
1775628000,6898.75,6900.5,6893,6899,5773
1775628900,6899.25,6900,6891.5,6893.5,7001
1775629800,6893.25,6896.25,6891,6894.25,4636
1775630700,6894.25,6897.5,6891.75,6892.25,4311
1775631600,6892.5,6892.75,6884,6886.5,9079
1775632500,6886.75,6895.25,6884.25,6888.5,8240
1775633400,6888.5,6888.5,6882.5,6884.75,6079
1775634300,6884.5,6887.5,6880,6881.5,4999
1775635200,6881.5,6885,6879.75,6884,5975
1775636100,6883.75,6889.25,6883,6887.25,5754
1775637000,6887.25,6890.75,6879.25,6882.75,8289
1775637900,6882.25,6897,6881.75,6896.75,6455
1775638800,6896.5,6902.75,6892.75,6901.75,8051
1775639700,6901.75,6903,6898,6898,4621
1775640600,6898.25,6899.25,6890.5,6891.75,5295
1775641500,6892,6900.5,6891.25,6894.25,6097
1775642400,6894.25,6897,6891.25,6892.25,4094
1775643300,6892.25,6897.75,6889.75,6897.5,4009
1775644200,6897.25,6898.75,6894.25,6898,3139
1775645100,6898,6900,6895.5,6896,3185
1775646000,6896,6898.75,6891.25,6896.5,5940
1775646900,6896.5,6909.25,6894.75,6907.5,9262
1775647800,6907.75,6909.75,6902.5,6904.25,9721
1775648700,6904,6908.75,6901,6901.75,7225
1775649600,6902,6908,6900,6905,10146
1775650500,6905.25,6905.25,6883,6893.75,36358
1775651400,6893.5,6897.5,6887.75,6891.5,12517
1775652300,6891.75,6898,6890.75,6894,13208
1775653200,6894,6899,6893.5,6896.5,10109
1775654100,6896.75,6899.25,6889.5,6892,20925
1775655000,6892,6899.25,6875.5,6878.75,99336
1775655900,6878.75,6892.5,6867.5,6874.25,81855
1775656800,6874.25,6880.75,6868.5,6877.25,54156
1775657700,6877.25,6881.5,6868,6868.75,40281
1775658600,6868.75,6871.5,6859.5,6862,61164
1775659500,6861.75,6864,6842.25,6856.25,69674
1775660400,6856.5,6867.75,6852.25,6858.75,50669
1775661300,6859,6864.25,6855,6857.75,27733
1775662200,6858,6871,6857.75,6870,33669
1775663100,6870,6878.75,6870,6876.5,28149
1775664000,6876.5,6884.5,6876.25,6876.5,29496
1775664900,6876.75,6878.75,6872.25,6877.5,25806
1775665800,6877.5,6886.5,6876.25,6886.25,22852
1775666700,6886.25,6890,6885.75,6888.5,16753
1775667600,6888.5,6892.25,6884.5,6886.5,18815
1775668500,6886.5,6888.5,6875.5,6878,30035
1775669400,6878,6884.75,6874.75,6883.75,25749
1775670300,6883.5,6886.25,6881.25,6885.75,11850
1775671200,6885.25,6892.25,6880,6891,18413
1775672100,6891,6894,6870.5,6876.25,51903
1775673000,6876.5,6881,6866.5,6867.5,23765
1775673900,6867.5,6871,6855.5,6856.5,27859
1775674800,6856.5,6871.75,6855.25,6870.75,32843
1775675700,6870.25,6872.25,6860.75,6862,25856
1775676600,6862,6877.5,6861.5,6873.75,32379
1775677500,6873.5,6888,6873.25,6886,36587
1775678400,6886,6889.5,6880,6883,17545
1775679300,6882.75,6886.5,6880.75,6882.25,3825
1775680200,6882,6883,6879.5,6879.75,3060
1775681100,6879.75,6880.25,6876.75,6879,2591
1775685600,6877.75,6885.75,6876.5,6879.75,5748
1775686500,6880,6881.5,6872.5,6876.25,7178
1775687400,6876.25,6882.25,6876.25,6878,4697
1775688300,6878,6880.5,6876.75,6878.25,2494
1775689200,6878.25,6883.25,6876.5,6880.75,3421
1775690100,6880.5,6882.25,6877,6877.5,3157
1775691000,6877.75,6878.5,6875.25,6876.5,3095
1775691900,6876.5,6878.5,6874.5,6875.25,2671
1775692800,6875.25,6876.25,6869,6874,7463
1775693700,6874,6879.5,6872.5,6874,5947
1775694600,6874,6880,6874,6878,3689
1775695500,6878,6878.75,6872.75,6874.25,3376
1775696400,6874.25,6876.5,6869.5,6870.75,4935
1775697300,6871,6871.5,6866.25,6868.5,4815
1775698200,6868.5,6873.75,6867.5,6871,4417
1775699100,6870.75,6874.75,6867.75,6873.5,4096
1775700000,6873.75,6876.25,6872,6873.5,3107
1775700900,6873.25,6875.75,6872.25,6872.5,1898
1775701800,6872.75,6874.75,6872.5,6873.75,1633
1775702700,6873.75,6877.5,6872.75,6872.75,3271
1775703600,6872.75,6874.5,6871.5,6872.25,1933
1775704500,6872.5,6872.5,6869.5,6870.25,2020
1775705400,6870.25,6873.5,6870.25,6871.5,1468
1775706300,6871.5,6874,6868.5,6873,3547
1775707200,6873,6874,6871.25,6873,1468
1775708100,6873.5,6873.5,6870.25,6871.75,1205
1775709000,6871.75,6873,6870.25,6872,1398
1775709900,6872,6873.75,6871,6871.25,1155
1775710800,6871.5,6872.5,6867.25,6871.25,2643
1775711700,6871.5,6875.75,6871.25,6875.75,2605
1775712600,6875.75,6878.75,6874.25,6877,2461
1775713500,6877,6877.25,6872.5,6874,1598
1775714400,6874.25,6879.75,6873.5,6874.25,3194
1775715300,6874.25,6875,6872,6873.75,2610
1775716200,6874,6875.5,6871.75,6874,2364
1775717100,6873.5,6874.25,6868.5,6873.75,3574
1775718000,6873.75,6875.75,6866.75,6868.5,4718
1775718900,6868.25,6869,6862.5,6866.5,5710
1775719800,6866.75,6867.75,6859,6859.5,5809
1775720700,6860,6862,6856.75,6861.25,4616
1775721600,6861.25,6863,6855.75,6856.25,5068
1775722500,6856,6859.25,6855,6856.25,4945
1775723400,6856,6863.75,6856,6863.5,4752
1775724300,6863.5,6864.5,6856.75,6857.75,3826
1775725200,6857.75,6862.75,6855,6862.25,4787
1775726100,6862.25,6865,6861.25,6864.5,3276
1775727000,6864.25,6864.75,6860.75,6862.25,2379
1775727900,6862.25,6865,6861.25,6864.25,1966
1775728800,6864.5,6866.5,6862.5,6863.75,3864
1775729700,6863.75,6866.25,6861,6864.5,4514
1775730600,6864.75,6866.25,6861.25,6865,3141
1775731500,6864.75,6867,6857.25,6858,5928
1775732400,6858,6862.25,6856.75,6859.25,5670
1775733300,6859.25,6860.75,6857,6858,4833
1775734200,6858.25,6869,6858,6867.5,8754
1775735100,6867.25,6870.25,6865.25,6868,6597
1775736000,6868,6872.25,6867.5,6868.75,6667
1775736900,6868.75,6871.25,6867,6868.75,5676
1775737800,6869.5,6875.5,6863.25,6869.5,13795
1775738700,6869.5,6872.75,6866.25,6869.25,8472
1775739600,6869.5,6871.25,6866.75,6870.25,9180
1775740500,6870.5,6875.5,6867.75,6875.25,10480
1775741400,6875.25,6884.25,6871.25,6881.75,63783
1775742300,6881.75,6883.5,6872.75,6879.25,54135
1775743200,6879.25,6884,6873.5,6874.25,46828
1775744100,6874,6874.5,6865.5,6869.5,54048
1775745000,6869.25,6872.5,6864,6868.75,41181
1775745900,6868.75,6881.5,6868.5,6879.25,46659
1775746800,6879.5,6884.75,6872,6883,40931
1775747700,6883.25,6892,6883,6885.75,47666
1775748600,6885.75,6907.5,6883.75,6901,97961
1775749500,6901.25,6915.75,6897.5,6915,49266
1775750400,6914.75,6934.5,6914.5,6921.75,62968
1775751300,6922,6931,6921.25,6925.5,33336
1775752200,6925.75,6926.75,6917,6920.25,27790
1775753100,6920,6927.75,6916.25,6925.5,29377
1775754000,6925.25,6934,6924,6931,25648
1775754900,6931,6937.25,6929.5,6929.5,26176
1775755800,6929.75,6938.5,6923,6933,36286
1775756700,6933.25,6936.25,6930,6932.25,16103
1775757600,6932.25,6933,6913.25,6919.5,56191
1775758500,6919.75,6922.5,6912.25,6915.25,30919
1775759400,6915,6920.75,6911,6916.25,30221
1775760300,6916.25,6920,6914.25,6918,18026
1775761200,6918,6929.25,6916,6927,28256
1775762100,6926.75,6928.75,6922.5,6925.75,23305
1775763000,6925.5,6933.75,6925.25,6930.5,29703
1775763900,6930.25,6933.25,6924,6924.5,44919
1775764800,6924.5,6926,6918.75,6921.75,18422
1775765700,6922,6923,6919.5,6922.25,5056
1775766600,6922.5,6926,6922,6925,4605
1775767500,6925.25,6925.5,6920.25,6923,4644
1775772000,6922.5,6925,6918.5,6924,4149
1775772900,6924.5,6925,6918,6918.25,3715
1775773800,6918.5,6922,6917.75,6920,4149
1775774700,6920,6920.5,6915.5,6916.25,6362
1775775600,6916.5,6917.25,6913.5,6917.25,3488
1775776500,6917,6917.75,6915.75,6916.5,1626
1775777400,6916.5,6917.75,6915.5,6916.5,1740
1775778300,6916.75,6921.25,6916.25,6918.5,3659
1775779200,6918.5,6918.75,6914.5,6917,3777
1775780100,6916.75,6921,6915.5,6920.75,2400
1775781000,6920.5,6923.75,6919.5,6922,3241
1775781900,6921.75,6928,6920.75,6926.5,4380
1775782800,6926.5,6927,6923.25,6924.5,2802
1775783700,6924.25,6928.5,6923.5,6928.25,2503
1775784600,6928,6931.5,6927,6931,4053
1775785500,6930.75,6931.25,6927.75,6928.75,1908
1775786400,6928.75,6929.5,6925,6925.5,2756
1775787300,6925.75,6926,6922.25,6924,2809
1775788200,6924,6926.5,6923.5,6925.5,1614
1775789100,6925.75,6926.5,6925,6925.5,741
1775790000,6925.75,6928.25,6925.5,6928,1480
1775790900,6928,6928.25,6925,6925,1259
1775791800,6925,6931,6925,6928.75,2330
1775792700,6929,6930.25,6928.25,6929,1133
1775793600,6929.25,6929.5,6926.25,6927,1084
1775794500,6927.25,6928.25,6926.25,6927,817
1775795400,6927,6927.75,6924,6925.75,1467
1775796300,6925.25,6926.25,6924.5,6925,991
1775797200,6925.25,6928.5,6925,6926.75,1351
1775798100,6926.5,6928,6925.25,6925.25,1244
1775799000,6925.5,6927.75,6924.75,6926,1485
1775799900,6926,6927,6923.75,6924.5,1427
1775800800,6924.5,6925.25,6920.75,6921,2515
1775801700,6921.25,6921.5,6919.25,6920.25,2448
1775802600,6920.25,6921.25,6916.75,6918.75,2285
1775803500,6919,6920.25,6916.75,6919.25,1854
1775804400,6919,6922,6918.5,6919.75,2934
1775805300,6919.75,6923.25,6917.5,6923.25,2477
1775806200,6923.5,6925.5,6921.5,6922.5,2576
1775807100,6922.5,6926.5,6920.75,6924.25,2995
1775808000,6924.25,6924.5,6917,6917.75,3654
1775808900,6918.25,6920.75,6915.75,6919.75,2908
1775809800,6919.75,6921.75,6918.75,6920.25,2023
1775810700,6920.5,6920.75,6913,6914,4327
1775811600,6914,6917.5,6914,6915.5,2536
1775812500,6915.5,6929.5,6915,6921.75,15767
1775813400,6921.5,6922.25,6916.75,6921.5,3790
1775814300,6921.5,6926.25,6920.75,6925.25,4150
1775815200,6925.25,6926.75,6920.25,6921,2820
1775816100,6921,6929.25,6920.75,6927,3409
1775817000,6927.25,6928.25,6924.25,6926.5,3087
1775817900,6926.5,6929.25,6926,6926.75,3009
1775818800,6927,6931.5,6926.75,6929,3988
1775819700,6929,6933,6928.5,6931,3520
1775820600,6931.25,6933.5,6928,6929,3853
1775821500,6928.75,6930.75,6924.75,6927,4648
1775822400,6926.75,6929.25,6925,6928.5,4561
1775823300,6928.5,6952.25,6927.25,6939.25,9458
1775824200,6939.25,6952.5,6932,6935.25,13154
1775825100,6935.5,6937.25,6932.5,6934,6578
1775826000,6933.75,6937.75,6931.5,6936.75,9787
1775826900,6937,6937.5,6933.25,6937.5,9627
1775827800,6937.5,6944,6929.25,6933,67680
1775828700,6933.25,6934.5,6926.25,6932.75,41532
1775829600,6932.25,6937.75,6925,6937,53818
1775830500,6937,6940.5,6934,6940,38026
1775831400,6940.25,6944.5,6928.75,6933.5,63997
1775832300,6933.75,6940,6931,6938.5,40515
1775833200,6938.5,6942.25,6933.75,6941.25,29921
1775834100,6941,6945.5,6936.25,6937.25,38683
1775835000,6937.25,6939.5,6925.25,6929.5,55814
1775835900,6929.25,6932,6916,6919,50883
1775836800,6919.25,6925.75,6915.75,6923.75,40755
1775837700,6924,6925.75,6918.5,6919.5,26408
1775838600,6919.5,6922,6909.25,6911.5,36654
1775839500,6911.25,6921.5,6910.75,6919.25,36153
1775840400,6919.5,6919.5,6910.5,6915.75,28366
1775841300,6915.5,6917,6910.25,6911,20274
1775842200,6910.75,6917.25,6908.75,6916.25,26059
1775843100,6916.25,6920,6915.5,6919.25,20786
1775844000,6919.5,6919.5,6913.25,6916.5,22929
1775844900,6916.25,6922,6916.25,6918.75,24448
1775845800,6919,6919.5,6913.25,6915.5,20909
1775846700,6915.5,6918.75,6914.75,6918,12525
1775847600,6918.25,6924.75,6917.5,6924.5,22833
1775848500,6924.5,6924.5,6919,6921.25,19145
1775849400,6921.25,6921.25,6911.75,6915.75,24909
1775850300,6915.5,6920.5,6911.25,6918,47370
1775851200,6918.25,6919.75,6913.75,6918.5,15850
1775852100,6918.5,6922.75,6918.25,6921.25,6143
1775853000,6921,6923.75,6920.75,6923.5,4523
1775853900,6923.25,6927,6921.75,6926.25,5002
1776031200,6856,6857.25,6833.5,6847.75,30260
1776032100,6847.5,6848,6831,6833.75,17405
1776033000,6834,6840.75,6829.75,6837.75,14341
1776033900,6838,6841.5,6836.75,6841,6205
1776034800,6840.75,6841,6836.25,6838.75,5284
1776035700,6838.75,6839.75,6836,6839,3339
1776036600,6839,6839,6834.75,6837,2758
1776037500,6836.75,6847.5,6835,6846.75,9352
1776038400,6847,6851,6839.75,6850.5,11509
1776039300,6850.5,6852.5,6849,6850,8380
1776040200,6850.25,6855.5,6848.75,6854.25,5676
1776041100,6854,6863,6853.75,6862.75,7901
1776042000,6863,6870.25,6863,6867.5,11205
1776042900,6867.75,6868,6865,6867,4696
1776043800,6866.5,6869.75,6862.25,6863.75,6202
1776044700,6863.5,6869,6862.75,6867.25,4640
1776045600,6867.5,6868,6863.25,6864,3527
1776046500,6863.75,6866.25,6863.25,6865,2302
1776047400,6865,6866.5,6864,6866,1516
1776048300,6866,6868.75,6864.75,6867.75,2127
1776049200,6868.25,6869.5,6864,6864.5,3194
1776050100,6864.25,6867.75,6864,6867,2130
1776051000,6866.75,6867,6864,6866,2052
1776051900,6866,6866.25,6863.5,6864.25,1841
1776052800,6864,6865.5,6862,6864.75,2653
1776053700,6865,6868,6864.5,6867,2210
1776054600,6867.25,6868.25,6866,6866.75,1461
1776055500,6866.75,6873.25,6866,6870,3789
1776056400,6870,6871,6867.25,6868,2212
1776057300,6868.25,6872.25,6866,6870.25,2481
1776058200,6870.25,6870.5,6867.5,6868.75,2649
1776059100,6869,6872.25,6868.75,6871,1963
1776060000,6871,6874.75,6871,6873.25,3163
1776060900,6873.25,6879.5,6873.25,6877.25,4306
1776061800,6877.5,6878.25,6874.5,6875.25,2148
1776062700,6875,6877,6874.5,6877,1758
1776063600,6877,6879.5,6876.75,6877.5,3284
1776064500,6877.5,6880.25,6872.75,6878.25,4703
1776065400,6878.5,6879.75,6875.5,6877,2435
1776066300,6877.25,6877.75,6873,6875,2583
1776067200,6874.75,6881.5,6874.5,6878,5103
1776068100,6877.75,6882.25,6876.25,6880.75,3876
1776069000,6880.75,6881.5,6872.5,6876.5,5274
1776069900,6876.25,6878.25,6874.5,6876,3160
1776070800,6875.75,6882.5,6875.75,6877.5,5814
1776071700,6877.5,6881.5,6877,6879.5,2742
1776072600,6879.5,6881.5,6876.5,6877.5,2107
1776073500,6877.5,6878,6874.75,6876,2155
1776074400,6876.25,6877.25,6874.5,6876,2310
1776075300,6875.75,6876.25,6873.75,6876.25,1774
1776076200,6876.25,6877.5,6873.5,6875,2072
1776077100,6875,6884,6874.25,6883.75,4643
1776078000,6884,6893.75,6882.5,6884.25,9649
1776078900,6884.5,6885,6877,6878,6052
1776079800,6878,6879,6869.75,6874.5,8365
1776080700,6874.5,6876.25,6866.5,6867.25,10122
1776081600,6867.5,6874.5,6865,6874.25,11952
1776082500,6874,6875.5,6872.25,6875,4500
1776083400,6875,6880,6873.75,6879.25,8648
1776084300,6879,6887.25,6878.75,6885,11916
1776085200,6885.25,6890.25,6884.25,6889.5,8952
1776086100,6889.5,6897.25,6887,6897.25,13298
1776087000,6897.25,6902.5,6889,6892.75,68508
1776087900,6892.75,6921.25,6890.25,6921,105287
1776088800,6920.75,6924,6912,6915,50023
1776089700,6914.75,6920,6907.5,6919.75,48916
1776090600,6919.75,6925,6916.75,6923.5,33676
1776091500,6923.75,6930.75,6918.75,6929.25,36726
1776092400,6929.25,6929.5,6920.25,6923.75,37560
1776093300,6924,6925.75,6918.5,6918.75,23963
1776094200,6919,6926.5,6916,6919,32437
1776095100,6919,6920.5,6916.75,6918.5,14998
1776096000,6918.5,6928,6913.75,6922.75,43857
1776096900,6922.75,6940.5,6921,6937.75,48181
1776097800,6938,6947.25,6930.75,6939.75,68199
1776098700,6939.75,6952.5,6938.75,6947.25,49529
1776099600,6947.25,6950,6944.75,6947.5,18197
1776100500,6947.75,6952.5,6946.75,6949,15409
1776101400,6949,6951.25,6945,6945.5,14312
1776102300,6945.5,6947.5,6942.75,6945.75,16549
1776103200,6945.75,6950.5,6945.75,6949.75,12415
1776104100,6949.75,6950.75,6946.5,6948.25,12056
1776105000,6948.25,6952.5,6947,6952,11344
1776105900,6952,6959.25,6952,6957.25,27210
1776106800,6957,6960.25,6954.5,6956.25,16210
1776107700,6956.25,6962.75,6955.75,6962.5,16793
1776108600,6962.25,6969.5,6960.75,6966,26137
1776109500,6966,6987.25,6962,6984,65169
1776110400,6983.75,6988,6981.75,6986,17588
1776111300,6985.75,6988.25,6984,6986.25,5951
1776112200,6986,6989.25,6985.75,6988.5,6948
1776113100,6988.25,6991.75,6988.25,6990,6136
1776117600,6987.75,6993,6986,6990,4831
1776118500,6990,6990.75,6988.25,6988.5,1528
1776119400,6988.25,6990.75,6988,6988.75,2198
1776120300,6988.75,6990.75,6987.5,6989.75,1773
1776121200,6990,6994,6988.25,6991.5,5460
1776122100,6991.75,6992.75,6990.25,6990.5,1412
1776123000,6990.5,6991.25,6989.25,6991.25,2089
1776123900,6990.75,6992.25,6987.5,6988.25,3010
1776124800,6988,6988,6983,6986.75,5543
1776125700,6986.5,6988.25,6984.5,6985.75,2921
1776126600,6985.5,6990.5,6985.5,6988.75,3379
1776127500,6989,6989.25,6987,6988.25,1640
1776128400,6988.25,6988.25,6984.75,6987.5,2106
1776129300,6987.5,6988.5,6986,6987,1485
1776130200,6986.75,6988,6985,6987.25,1736
1776131100,6987.5,6988.5,6986,6986.5,1183
1776132000,6986.25,6989.75,6985.5,6989.25,1797
1776132900,6989.25,6990,6987.25,6989,1255
1776133800,6989,6990,6987.5,6989,937
1776134700,6989.25,6989.25,6987.25,6988.25,675
1776135600,6988,6988.25,6985.5,6986.25,1616
1776136500,6986.25,6986.5,6984.75,6985.5,968
1776137400,6985.5,6986,6984.5,6985.75,907
1776138300,6985.5,6987.25,6985,6986.5,1505
1776139200,6986.5,6987,6986,6986,665
1776140100,6986,6988.25,6986,6987.25,1337
1776141000,6987.25,6987.5,6986.25,6986.75,620
1776141900,6986.75,6988,6986.5,6987.75,686
1776142800,6988,6988,6987,6987.75,682
1776143700,6988,6988.5,6985.75,6987.5,1053
1776144600,6987.25,6987.25,6983.75,6985.5,1219
1776145500,6985,6986.25,6984.25,6984.5,837
1776146400,6984.5,6985.25,6983.5,6984,1351
1776147300,6984,6986.5,6982.75,6985.75,1712
1776148200,6985.75,6990,6985,6988.75,2509
1776149100,6988.75,6989,6986,6988.5,1668
1776150000,6988.5,6999,6987,6996.25,10425
1776150900,6996.25,6998.5,6993.75,6996.25,3929
1776151800,6996.25,7000.75,6994.75,6996,4918
1776152700,6995.75,6997.5,6993.75,6995.75,2043
1776153600,6995.75,6999.5,6994,6997.75,3938
1776154500,6998,6999.75,6995.25,6999.5,2272
1776155400,6999.5,7001.5,6997,7000.25,3257
1776156300,7000.25,7003,7000,7002.5,2928
1776157200,7002.5,7004.75,7002,7003.5,3088
1776158100,7003.5,7004.25,6999,6999.5,2804
1776159000,6999.5,6999.5,6996.25,6997,3193
1776159900,6997,6997.25,6995,6995.75,3093
1776160800,6996,6999.25,6993.75,6998.25,3432
1776161700,6998.25,6999.75,6996,6997.75,3041
1776162600,6997.75,6999,6990.5,6991.25,6754
1776163500,6991,6994.5,6990.5,6991.75,3542
1776164400,6991.75,6995.5,6990.5,6994,3797
1776165300,6994,6999.5,6994,6998.75,4006
1776166200,6999,7000,6996.75,6998,2885
1776167100,6998,7007.75,6997,7001.5,13712
1776168000,7001.75,7007.25,7001.25,7003,8304
1776168900,7003,7011.5,6999.75,7005.75,8881
1776169800,7005.75,7012.25,7001.5,7003.25,9565
1776170700,7003.5,7003.75,6999,7002.5,6248
1776171600,7002.25,7004,6999.5,7002.75,6175
1776172500,7002.5,7005.25,7000,7000.25,9341
1776173400,7000.5,7023.75,7000.25,7022.5,75930
1776174300,7022.25,7022.75,7017.5,7019,38340
1776175200,7019,7033.5,7018.5,7033.25,51059
1776176100,7033,7034.75,7030,7034.25,37340
1776177000,7034.25,7038.25,7030.25,7033,36250
1776177900,7033,7041.5,7032.75,7039.75,29171
1776178800,7039.5,7040.25,7033.25,7034,27611
1776179700,7034,7049.25,7033.5,7047.5,38983
1776180600,7047.25,7056.25,7047,7052.75,29322
1776181500,7053,7057.75,7052.5,7053,25388
1776182400,7053,7056.25,7052.25,7054.75,15836
1776183300,7054.75,7061.75,7054,7060.5,21616
1776184200,7060.5,7062,7056.25,7059.5,19593
1776185100,7059.25,7061,7052.5,7053.75,20748
1776186000,7054,7058.25,7053.75,7056.5,17430
1776186900,7056.75,7065,7056.5,7062,23612
1776187800,7062,7065.75,7061.75,7064.5,13693
1776188700,7064.5,7065.25,7060.25,7061.75,12939
1776189600,7062,7064,7059.5,7059.75,14723
1776190500,7059.75,7060.25,7045.75,7050.5,44778
1776191400,7050.75,7056.5,7049.5,7050.5,22865
1776192300,7050.25,7052.5,7047.5,7052,17691
1776193200,7052,7062.25,7051.25,7059.5,27137
1776194100,7059.5,7067.5,7059.25,7067.25,21120
1776195000,7067.25,7070.75,7061.75,7065.25,31756
1776195900,7065.25,7069.25,7059.5,7068.75,44850
1776196800,7068.5,7069.75,7063,7065.5,15124
1776197700,7065.5,7068,7065.25,7068,4246
1776198600,7068,7068.5,7066,7067.5,4457
1776199500,7067.75,7068.75,7066.25,7066.5,5249
1776204000,7066.25,7071,7064.25,7069.25,6143
1776204900,7069.25,7071.75,7068.75,7069.25,2400
1776205800,7069.25,7070.25,7067.5,7069.5,2486
1776206700,7069.75,7070.25,7067.25,7067.75,1567
1776207600,7067.75,7070.5,7067.5,7069,1831
1776208500,7069,7071,7069,7070.25,1548
1776209400,7070.25,7074.5,7069,7072.5,6566
1776210300,7072.5,7076.25,7071,7071.25,5087
1776211200,7071,7072.25,7068.5,7070.75,4662
1776212100,7070.75,7072,7069.5,7071,2405
1776213000,7071,7071.5,7067.5,7068,2487
1776213900,7068.25,7072.25,7067.75,7071.25,2555
1776214800,7071,7075,7070,7074.75,3158
1776215700,7074.75,7075.25,7073,7074,2768
1776216600,7074,7074.5,7071.25,7073.5,2823
1776217500,7073.5,7075,7073,7073.75,1252
1776218400,7073.75,7074,7070.75,7071.75,2089
1776219300,7071.5,7072.25,7069.5,7069.5,1780
1776220200,7069.5,7069.75,7066.5,7068,4023
1776221100,7068,7069,7067,7067.25,1966
1776222000,7067.5,7069,7067.25,7067.75,1481
1776222900,7067.75,7069,7067.25,7068.25,1069
1776223800,7068,7070.75,7067.75,7070.75,2152
1776224700,7070.75,7073.75,7070,7072.25,2283
1776225600,7072.5,7073.25,7071,7072.5,1118
1776226500,7072.5,7073.25,7072,7072.75,969
1776227400,7073,7073.25,7071.75,7072.25,825
1776228300,7072.25,7072.25,7069.75,7070.25,1796
1776229200,7070.5,7079.75,7068,7071,8790
1776230100,7071,7071.5,7065.75,7067.25,3022
1776231000,7067.25,7067.5,7063.25,7064.25,3502
1776231900,7064.25,7066.75,7063.25,7066.5,2463
1776232800,7066.5,7069,7065.25,7066.25,2116
1776233700,7066.25,7069,7065.75,7069,1465
1776234600,7068.5,7070.5,7068.25,7069.75,2297
1776235500,7070,7070,7067,7067.75,1591
1776236400,7067.75,7068.5,7065.75,7068,2493
1776237300,7067.75,7068,7064.25,7064.75,2219
1776238200,7064.75,7068,7064.75,7067,1846
1776239100,7066.75,7069.5,7061.75,7068,5700
1776240000,7068.25,7070,7066.25,7067.75,2597
1776240900,7067.75,7070.75,7065.25,7070,3428
1776241800,7070,7071.75,7069.5,7069.75,2777
1776242700,7069.75,7073,7069,7071.25,2296
1776243600,7071.25,7072.75,7062.25,7065,8790
1776244500,7065,7067.25,7063,7064.5,3943
1776245400,7064.5,7065.75,7061.75,7063,2738
1776246300,7063,7065,7062.5,7062.75,2361
1776247200,7063,7067.75,7062,7064.5,4105
1776248100,7064.5,7064.75,7055.25,7057.5,12222
1776249000,7057.25,7064.5,7054.5,7064,9794
1776249900,7064.25,7067.25,7061.25,7064.25,6638
1776250800,7064.5,7068.5,7064,7067.75,5727
1776251700,7068,7068.75,7064,7065.75,4756
1776252600,7066,7070.5,7065.5,7067.25,5393
1776253500,7067.5,7081.25,7066,7071.75,15040
1776254400,7071.75,7073.5,7065,7067.5,10264
1776255300,7067.75,7070,7065.25,7067.25,4463
1776256200,7067.25,7074.75,7066.75,7073.25,5387
1776257100,7073.25,7073.5,7070.5,7071,3690
1776258000,7071.25,7073.25,7068.5,7072.75,6063
1776258900,7073,7077.5,7071,7076.75,12654
1776259800,7076.75,7087.25,7066.25,7067.75,78039
1776260700,7068,7080.75,7068,7080.5,55791
1776261600,7080.5,7083.75,7072,7083.25,42139
1776262500,7083.25,7093.5,7081.75,7093.25,52603
1776263400,7093.5,7095,7083.25,7091.75,45661
1776264300,7091.75,7095.5,7090,7091.75,25943
1776265200,7091.75,7097.5,7088.5,7097.25,33091
1776266100,7097.5,7100,7096,7098,23756
1776267000,7098.25,7100.25,7092.5,7098.75,30219
1776267900,7098.75,7100.25,7093.5,7094.25,20664
1776268800,7094.5,7099.25,7092.25,7098,18318
1776269700,7098.25,7102.75,7096.75,7098.25,22029
1776270600,7098,7099.75,7088,7088.25,33839
1776271500,7088.25,7092.5,7081.75,7089.75,43112
1776272400,7090,7098.75,7088.75,7096.25,23225
1776273300,7096,7100.75,7095,7098.75,16489
1776274200,7098.5,7104.75,7097.5,7099.25,25221
1776275100,7099.25,7103.25,7099,7099.75,14068
1776276000,7099.5,7111.25,7096.25,7107.5,41327
1776276900,7107.5,7111.25,7106.25,7109.25,16887
1776277800,7109.5,7116.5,7109.25,7113.5,27682
1776278700,7113.5,7123,7113.5,7120.75,21845
1776279600,7121,7124,7118.25,7119,23900
1776280500,7119.25,7124.75,7118,7124.25,16620
1776281400,7124,7125.75,7116.75,7119.5,22771
1776282300,7119.25,7127,7117.5,7122.5,48790
1776283200,7122.75,7125,7116.75,7118.5,15115
1776284100,7118.5,7121.25,7118.25,7119.5,3791
1776285000,7119.5,7122.75,7119.5,7121,6071
1776285900,7121,7122.25,7119,7120.75,4000
1776290400,7120.25,7124.5,7118,7123.5,4041
1776291300,7123.5,7124.75,7122,7124.5,2025
1776292200,7124.5,7128.25,7124.25,7126.75,3357
1776293100,7126.75,7128,7126.5,7128,1503
1776294000,7128,7129.25,7127,7127.75,2316
1776294900,7127.75,7128.75,7126.25,7127.75,1131
1776295800,7127.75,7130,7127,7129.75,1851
1776296700,7129.75,7132.25,7129.25,7131.5,3400
1776297600,7131.5,7132.5,7128.5,7131.75,4351
1776298500,7131.5,7134.75,7130,7130.75,4316
1776299400,7130.75,7134.75,7130.5,7134.25,2964
1776300300,7134,7138.25,7133.5,7136.5,5476
1776301200,7136.25,7137,7133.5,7135.75,4066
1776302100,7136,7138.25,7135.75,7136.25,2371
1776303000,7136.25,7140,7134.5,7138,3872
1776303900,7137.75,7138.25,7134.75,7135.25,2366
1776304800,7135,7137.5,7135,7136,1812
1776305700,7135.75,7136.5,7134.75,7136.25,1872
1776306600,7136.25,7138.25,7135.25,7137,1731
1776307500,7137.25,7137.75,7133.75,7134.75,2451
1776308400,7134.5,7138.25,7134.25,7136,1835
1776309300,7136.25,7137,7134.75,7135.25,1113
1776310200,7135.25,7136,7134,7134.75,1431
1776311100,7134.5,7135.75,7133.75,7134,938
1776312000,7133.75,7134.25,7132.5,7134,1987
1776312900,7134,7135.25,7132.75,7133,1207
1776313800,7133,7133.75,7132.5,7133.75,915
1776314700,7133.5,7134.25,7133.25,7134,1493
1776315600,7134,7134.25,7130.75,7131.25,2134
1776316500,7131,7135.25,7130.75,7134.75,1767
1776317400,7134.75,7137.25,7134.25,7134.75,2653
1776318300,7134.5,7136.75,7134.5,7135.5,931
1776319200,7135.75,7140.75,7135.75,7139.25,4014
1776320100,7139.5,7140.25,7137,7139.25,2600
1776321000,7139.25,7141,7136.5,7139.25,2400
1776321900,7139.25,7140.5,7139,7139.5,1217
1776322800,7139.5,7139.75,7135.25,7135.5,3668
1776323700,7135.5,7138.75,7135.25,7137.75,2062
1776324600,7138,7139.75,7136.5,7138.5,2140
1776325500,7138.75,7139,7131.75,7133.5,3367
1776326400,7133.25,7134.5,7128.25,7128.75,5419
1776327300,7128.5,7130.5,7126,7127.5,4575
1776328200,7127.75,7129,7124.5,7128.75,3891
1776329100,7128.5,7130.75,7128.25,7130,2234
1776330000,7130,7132.75,7129.5,7131.5,2589
1776330900,7131.5,7132.25,7129,7129.5,1973
1776331800,7129.5,7131,7129,7129.75,1744
1776332700,7129.5,7131,7127.5,7131,2227
1776333600,7131,7133.5,7130.75,7131.5,2302
1776334500,7131.25,7132,7129,7129.5,1935
1776335400,7129.5,7129.5,7124,7124.75,5037
1776336300,7124.75,7128,7121.5,7127.25,6191
1776337200,7127.25,7129.5,7127.25,7129.25,3708
1776338100,7129.25,7130.5,7125,7127.75,3618
1776339000,7127.5,7132,7127.25,7129.25,4805
1776339900,7129.25,7132.5,7128,7131,3824
1776340800,7131.25,7133.5,7127.75,7130,6499
1776341700,7129.75,7133.5,7129.25,7133.25,3046
1776342600,7133.25,7135.75,7130,7134,6244
1776343500,7134,7134,7129.75,7132,5174
1776344400,7132.25,7136,7132,7134,7378
1776345300,7134,7135.25,7130,7134.25,14558
1776346200,7134,7136.25,7124.25,7131.75,61029
1776347100,7131.75,7132.5,7108.75,7118.75,80540
1776348000,7118.5,7125,7110.75,7120,61468
1776348900,7120.25,7122.25,7110,7115,51428
1776349800,7115,7119,7112,7118.5,35189
1776350700,7118.25,7125.75,7117,7123,45215
1776351600,7122.75,7138.5,7122.5,7138.25,52483
1776352500,7138.25,7144.25,7131.5,7131.5,44950
1776353400,7131.5,7147.75,7130,7137.75,61214
1776354300,7137.75,7147.25,7133.5,7146.25,26768
1776355200,7146.5,7149.25,7144.5,7148.5,23751
1776356100,7148.25,7151.5,7143,7144,26957
1776357000,7144,7144.75,7125.75,7137.75,62774
1776357900,7137.5,7140.5,7131.25,7131.75,26780
1776358800,7132,7132.75,7124.25,7124.5,37048
1776359700,7124.5,7133.5,7121.75,7131,34797
1776360600,7131,7138.25,7129.75,7137.5,22992
1776361500,7137.5,7139.25,7125.5,7130.25,28952
1776362400,7130,7136.25,7123.5,7129.5,34463
1776363300,7129.25,7131.5,7118.75,7122,28005
1776364200,7122,7133.5,7121.5,7131.75,25410
1776365100,7132,7134.25,7127.75,7131,18409
1776366000,7131.25,7135.75,7130,7132.25,21268
1776366900,7132.25,7136.25,7132.25,7133,13623
1776367800,7133,7140.25,7132.25,7137.25,18279
1776368700,7137.25,7143.5,7135.25,7139.25,37044
1776369600,7139,7141,7137,7137.75,9788
1776370500,7137.75,7139.75,7137.25,7139,2473
1776371400,7139,7142.25,7138.75,7141.5,5344
1776372300,7141,7142.5,7140.5,7141,2595
1776376800,7140.25,7144,7138,7143.25,3741
1776377700,7143.25,7145,7142.25,7144.5,1769
1776378600,7144.75,7145.75,7144,7145.25,1779
1776379500,7145,7145.5,7144,7144.5,1298
1776380400,7144.75,7146,7143.75,7144,1719
1776381300,7144,7147.25,7143.75,7145.5,1963
1776382200,7145.25,7148,7144.5,7146.5,1691
1776383100,7146.5,7146.75,7144.75,7146,2454
1776384000,7146,7146.25,7140.5,7141.5,5423
1776384900,7141,7146.5,7140.25,7145.5,3325
1776385800,7145.75,7146.75,7144.5,7144.75,1971
1776386700,7145,7146.25,7144.5,7145,906
1776387600,7145.25,7146.75,7144.25,7146,1634
1776388500,7145.75,7147,7143.75,7144.5,1850
1776389400,7144.75,7146.75,7144.25,7146.25,1368
1776390300,7146,7147.25,7144.75,7145.75,1709
1776391200,7145.75,7146.5,7142.25,7143.25,2117
1776392100,7143.5,7144,7139.75,7141.25,2400
1776393000,7141.25,7143.25,7141,7141.5,1448
1776393900,7141.5,7142.25,7140.5,7141,775
1776394800,7141.25,7142,7139,7139.75,1441
1776395700,7139.5,7141.25,7138.75,7140.25,1226
1776396600,7140.25,7140.5,7139,7139.75,1257
1776397500,7140,7141,7139.75,7140.5,698
1776398400,7140.75,7143.5,7140,7143,1290
1776399300,7143.25,7145.25,7143.25,7144.25,1173
1776400200,7144.25,7145.25,7143.25,7143.5,779
1776401100,7143.25,7144.75,7141.5,7141.75,847
1776402000,7142,7142.25,7137.75,7140.25,2230
1776402900,7140,7142,7139.5,7141.75,823
1776403800,7141.5,7144.5,7139.25,7143.75,1500
1776404700,7143.75,7144.25,7143.25,7143.75,541
1776405600,7144,7146.25,7143,7145.25,1812
1776406500,7145,7146,7142.25,7143,1515
1776407400,7142.75,7142.75,7139.75,7142,1804
1776408300,7142,7144.5,7141.75,7142.25,1076
1776409200,7142.5,7149,7142.5,7146.25,3510
1776410100,7146.5,7146.75,7143.25,7145.25,1559
1776411000,7145.25,7147,7144.5,7146.5,1647
1776411900,7146.25,7150,7144.25,7149,2865
1776412800,7149,7150.25,7146.75,7148.25,2468
1776413700,7148.25,7150.75,7147.25,7149.75,1865
1776414600,7150,7153,7148.25,7152.5,3097
1776415500,7152.75,7153.5,7151,7153,2501
1776416400,7153,7155,7151.25,7152.25,2926
1776417300,7152.25,7154.25,7150.25,7154,1766
1776418200,7154.25,7154.5,7151.25,7153.75,1584
1776419100,7154,7156.5,7152.25,7155.75,3334
1776420000,7155.5,7157.75,7154.5,7157.25,3082
1776420900,7157.25,7157.25,7153,7153.5,3063
1776421800,7153.5,7153.75,7150.5,7151.75,2489
1776422700,7152,7155.25,7151,7154.25,2595
1776423600,7154,7157.25,7153.75,7156,3324
1776424500,7156,7158.75,7155.75,7157.75,3695
1776425400,7158,7161,7157.75,7160.75,5365
1776426300,7160.75,7164.75,7160,7163.5,6057
1776427200,7163.75,7169.25,7162,7168,9460
1776428100,7168.25,7176.75,7164.5,7176.5,22849
1776429000,7176.5,7181.75,7172.25,7172.75,16215
1776429900,7172.75,7199.5,7171.75,7198.25,53723
1776430800,7198.5,7210,7190,7208,40573
1776431700,7208,7208,7181.5,7183.5,55039
1776432600,7183.75,7198,7181.5,7193.5,83202
1776433500,7193.5,7206.25,7179.5,7206,92127
1776434400,7206,7217,7204,7214.5,58027
1776435300,7214.5,7218.5,7208,7215.75,42439
1776436200,7216,7233.75,7215.5,7232.5,54728
1776437100,7232.5,7237.25,7225.5,7228.25,44645
1776438000,7228.25,7235.5,7224.75,7226,47668
1776438900,7226,7231,7222,7230,33823
1776439800,7230,7237.5,7228,7228.25,34358
1776440700,7228.5,7237.5,7228.5,7231.5,32054
1776441600,7231.5,7240.75,7229.5,7237.75,29940
1776442500,7237.75,7240,7233.5,7239.5,17846
1776443400,7239.75,7246.75,7239.5,7246.5,24405
1776444300,7246.25,7248.25,7243.5,7243.5,15934
1776445200,7243.75,7246.25,7231.25,7236.75,37509
1776446100,7236.75,7238.25,7214.25,7223,68711
1776447000,7222.75,7228,7219.75,7223,28069
1776447900,7223,7231.5,7222.5,7227,18594
1776448800,7227.25,7229.25,7217.5,7219,29556
1776449700,7218.75,7227.5,7215.25,7222.25,40416
1776450600,7222,7228,7221.5,7225.25,20520
1776451500,7225.5,7226,7216,7220.5,23722
1776452400,7220.25,7223,7213.75,7215.25,20989
1776453300,7215.25,7220,7214.5,7216.5,17906
1776454200,7216.5,7227.5,7216.25,7226.75,24549
1776455100,7226.75,7228,7220.5,7223.75,38420
1776456000,7223.75,7228.75,7223.25,7227.75,12676
1776456900,7228,7229,7221.75,7224,6166
1776457800,7224,7227.5,7223.25,7225,5230
1776458700,7225,7227.75,7224.5,7226.5,4247
1776636000,7165.75,7174.5,7147.75,7166,29965
1776636900,7166.25,7170.25,7164.25,7165.25,8195
1776637800,7165,7177.75,7163.75,7176,8998
1776638700,7176.25,7178.5,7172.75,7173,5890
1776639600,7173,7176.75,7167.5,7170.25,6525
1776640500,7170,7171.5,7168.5,7170.5,3883
1776641400,7170.5,7171,7166.75,7169,4125
1776642300,7169,7171,7165,7169.25,5196
1776643200,7169.25,7171.25,7164,7167,8845
1776644100,7167,7175,7166.75,7174.25,6494
1776645000,7174,7175.75,7171.25,7173.5,4134
1776645900,7173.75,7176.5,7173.25,7175.25,2892
1776646800,7175.25,7184,7174.5,7183.75,9313
1776647700,7183.5,7184.25,7180.75,7181.75,4228
1776648600,7182,7187.75,7181.75,7186.5,4859
1776649500,7186.75,7189,7186,7187,3027
1776650400,7187,7187.25,7183.5,7184.5,3747
1776651300,7184,7186.25,7183.5,7185,2259
1776652200,7185.25,7185.5,7183.5,7184.25,1674
1776653100,7184.25,7185,7182.25,7184.5,2881
1776654000,7184.5,7185.75,7182.75,7183.5,1646
1776654900,7183.5,7185.5,7182.25,7184.75,1768
1776655800,7184.5,7186.25,7183,7183.75,1600
1776656700,7183.5,7183.5,7181.25,7181.5,2138
1776657600,7181.75,7183.25,7179.75,7181.75,2554
1776658500,7182,7182.25,7180,7180.75,1623
1776659400,7180.75,7182,7178.25,7181.75,2494
1776660300,7181.75,7184,7180.25,7183,2704
1776661200,7183,7183.5,7181,7181.75,2049
1776662100,7181.75,7183,7176,7177.75,3358
1776663000,7178,7178.75,7172,7172.25,5296
1776663900,7172.25,7177.75,7172,7176.25,3983
1776664800,7176.5,7182.25,7176,7179.5,3299
1776665700,7179.5,7180.75,7178.25,7180.25,1891
1776666600,7180.25,7183.75,7179.25,7180.5,2857
1776667500,7180.25,7191.25,7178.5,7186.75,7757
1776668400,7187,7192.5,7185.75,7190.75,5842
1776669300,7190.5,7193.75,7185.25,7186.5,4170
1776670200,7186.5,7187.75,7177,7181,8414
1776671100,7181,7181.5,7177,7181.5,3372
1776672000,7181.25,7182.25,7172.75,7179.25,5729
1776672900,7179.25,7185.25,7177.25,7184.5,3931
1776673800,7184.25,7186.25,7181.25,7185,2595
1776674700,7185.25,7193.75,7184.75,7191.75,5456
1776675600,7191.75,7196.5,7189.5,7190.5,4434
1776676500,7190.75,7191.75,7188,7190.75,3040
1776677400,7190.5,7193.5,7189.5,7193.5,2053
1776678300,7193.25,7193.5,7190.5,7190.75,1588
1776679200,7190.75,7198.75,7190,7195.25,3790
1776680100,7194.75,7198,7191.5,7193,3457
1776681000,7193,7193.5,7188.5,7189.5,2142
1776681900,7190,7191.25,7188,7188.75,2756
1776682800,7188.75,7189.5,7183.5,7188.5,4592
1776683700,7188.75,7189.5,7184.25,7184.5,2155
1776684600,7184.75,7190,7183.75,7189.75,6088
1776685500,7190,7193.25,7189.25,7191.75,3549
1776686400,7192,7196.5,7189,7191.75,7549
1776687300,7192,7196.25,7190.25,7192.75,5038
1776688200,7193,7198.25,7192.25,7197,5801
1776689100,7197,7203.5,7196.75,7198.75,7730
1776690000,7199,7210,7197.25,7203.5,17576
1776690900,7203.5,7210.75,7202,7210.75,13143
1776691800,7211,7216.75,7204.75,7211.25,59719
1776692700,7210.75,7222,7207,7219.5,49907
1776693600,7219.5,7220,7209.25,7215.25,48635
1776694500,7215.25,7219.25,7210.5,7212.25,37846
1776695400,7212.25,7213,7202,7204,50916
1776696300,7204,7210.75,7187.5,7194.25,81969
1776697200,7194.5,7199,7184,7190,53577
1776698100,7189.75,7207.75,7186.75,7205.5,66489
1776699000,7205.75,7205.75,7195,7198,39234
1776699900,7198.25,7201.5,7193.75,7198.75,25691
1776700800,7198.75,7200.25,7193,7198.5,21808
1776701700,7198.5,7200.75,7192.75,7199.25,20254
1776702600,7199,7203.75,7196.5,7199.75,24275
1776703500,7199.5,7201.75,7197.5,7199.25,11588
1776704400,7199.25,7204.25,7195.25,7203.5,21422
1776705300,7203.25,7207,7202.25,7202.75,17408
1776706200,7202.5,7205.5,7198.5,7202.25,24845
1776707100,7202.25,7203.5,7199.5,7200.25,9769
1776708000,7200.25,7205.5,7197.5,7204.75,23416
1776708900,7204.75,7209.25,7202.75,7205.75,21806
1776709800,7206,7207,7201.5,7204,19333
1776710700,7204.25,7209,7203.25,7205.5,12576
1776711600,7205.75,7208.5,7204.75,7207.5,10492
1776712500,7207.5,7208,7202.5,7203,10356
1776713400,7203,7205,7199.25,7200.25,15810
1776714300,7200.25,7211.75,7199,7210.75,41304
1776715200,7210.75,7212.25,7209,7209,11698
1776716100,7209,7210.75,7207.75,7210,3828
1776717000,7210,7223,7207.5,7220.25,15523
1776717900,7220,7220.25,7214,7214.75,5659
1776722400,7214.5,7223.25,7212,7219.75,5090
1776723300,7219.75,7220.75,7218,7219,1933
1776724200,7218.75,7220.25,7217.5,7219.5,1725
1776725100,7219.25,7221.25,7219.25,7220.75,1752
1776726000,7220.75,7221,7219.25,7220.25,1217
1776726900,7220.5,7220.75,7217.75,7218,1262
1776727800,7218,7219.25,7217.25,7218.5,1392
1776728700,7218.25,7218.5,7216.5,7217.5,1772
1776729600,7217.5,7220.25,7216.5,7218.5,4838
1776730500,7218.25,7219.5,7214.5,7215,3478
1776731400,7214.75,7216.25,7212.5,7215.5,3238
1776732300,7215.5,7222.75,7215.25,7220.75,7098
1776733200,7221,7221.25,7218.25,7218.75,2164
1776734100,7218.75,7222.5,7218,7222.5,1549
1776735000,7222.25,7225,7221.75,7224.5,3956
1776735900,7224.5,7225,7219.75,7221.25,2709
1776736800,7221.25,7222.75,7220.5,7222.75,1659
1776737700,7222.5,7223,7221.25,7222.75,1102
1776738600,7222.75,7223,7220.5,7222.5,1671
1776739500,7222.75,7223,7220,7220.25,1280
1776740400,7220.75,7221.25,7219,7219,1464
1776741300,7219.25,7219.5,7216,7218,2434
1776742200,7217.75,7218.75,7216.75,7217.5,913
1776743100,7217.75,7219.75,7217.75,7219.5,1216
1776744000,7219.5,7221.25,7219.25,7220.5,1120
1776744900,7220.25,7223,7220.25,7222.25,1229
1776745800,7222.5,7223.75,7222.25,7222.5,1066
1776746700,7222.5,7223.75,7222.5,7223,795
1776747600,7223.25,7227,7222.5,7226.5,2960
1776748500,7226.75,7227.75,7225.25,7226.25,2471
1776749400,7226.25,7226.5,7224.75,7225.25,1025
1776750300,7225,7225,7222.5,7223,2032
1776751200,7223,7228,7221.5,7227,2325
1776752100,7227,7228.25,7225.25,7225.75,1747
1776753000,7226,7227.5,7225.75,7226.25,1540
1776753900,7226,7227,7225,7225.25,1244
1776754800,7225.25,7225.5,7218.75,7220,3343
1776755700,7220.75,7223.5,7219.75,7221.5,2220
1776756600,7221.5,7223,7219.25,7222,1491
1776757500,7221.75,7225.75,7220.5,7220.75,2413
1776758400,7220.5,7221.75,7217,7217.75,2926
1776759300,7217.75,7225,7217.5,7224,2419
1776760200,7224,7229.5,7222.5,7227.75,2780
1776761100,7227.75,7229,7226,7226.5,1763
1776762000,7226.5,7226.5,7221,7222.5,2885
1776762900,7222.25,7224.5,7221.75,7223.5,1222
1776763800,7223.75,7225.5,7223.5,7224.75,1017
1776764700,7224.75,7232,7224,7231.25,4239
1776765600,7231.25,7234.5,7230.5,7232,3755
1776766500,7232,7232.5,7230.5,7232,1701
1776767400,7232,7236.25,7231.5,7235.5,2948
1776768300,7235.5,7240,7235.25,7238.25,4420
1776769200,7238.25,7240.25,7231.75,7235,11752
1776770100,7235.5,7241.25,7233.5,7241.25,4322
1776771000,7241.25,7245.5,7240.75,7242.75,6637
1776771900,7242.75,7243.75,7237.5,7238,5201
1776772800,7238.5,7239.75,7234.75,7234.75,6440
1776773700,7235,7237,7229,7236.5,9247
1776774600,7236.25,7239.5,7224.5,7227.5,17774
1776775500,7227.5,7230.5,7223.25,7226.5,10598
1776776400,7226.5,7228.25,7222.75,7223.75,7641
1776777300,7223.75,7226.5,7219.5,7225,10001
1776778200,7224.75,7226.5,7209.5,7219,65580
1776779100,7218.75,7231,7215.75,7230.25,50295
1776780000,7230,7234.25,7227,7232.75,38155
1776780900,7232.75,7235,7223.75,7227.75,42801
1776781800,7228,7230.25,7219.25,7220.75,48816
1776782700,7220.75,7221.5,7196.5,7198,73127
1776783600,7197.75,7202.75,7183.25,7201,93528
1776784500,7200.75,7203.75,7184.25,7188.75,57454
1776785400,7188.5,7196,7181.5,7191.25,51728
1776786300,7191.25,7196.75,7186,7189,37424
1776787200,7189.25,7200.75,7187.75,7190.75,42050
1776788100,7190.5,7193.75,7184.25,7185.5,25296
1776789000,7185,7193.5,7178,7180.25,35481
1776789900,7180.25,7188,7176.25,7177.25,31481
1776790800,7177.25,7184.5,7164.5,7168.25,81404
1776791700,7168.25,7171.25,7159.25,7168,39359
1776792600,7168,7195.75,7167.5,7186.5,77598
1776793500,7186.75,7187.25,7174.25,7179.5,34342
1776794400,7179.25,7186,7176,7180.75,27591
1776795300,7180.75,7183.5,7168.25,7172.25,39920
1776796200,7172.5,7179.25,7172.25,7176,16591
1776797100,7176,7190.5,7171.5,7184.75,50077
1776798000,7184.75,7195.25,7183.75,7187.75,42242
1776798900,7188.25,7200,7184.25,7199.25,42701
1776799800,7199.25,7201,7147.5,7153,88585
1776800700,7153.25,7169.75,7152.25,7163,82602
1776801600,7163.25,7202.5,7154.25,7188,48649
1776802500,7188,7192.5,7183.25,7184.75,14426
1776803400,7184.5,7188.25,7181.75,7183,6649
1776804300,7183.5,7191,7180.75,7185,5748
1776808800,7188.75,7192.75,7185.75,7191.75,4593
1776809700,7191.75,7192,7189,7190,1928
1776810600,7190,7191.5,7188.25,7189.25,1364
1776811500,7189,7190,7185,7187,2816
1776812400,7187,7190.25,7185.25,7189.25,2318
1776813300,7189,7190.5,7187.25,7188.5,1851
1776814200,7188.75,7191.75,7186.75,7191.5,2152
1776815100,7191.25,7193.75,7191.25,7193.75,3365
1776816000,7193.75,7200.5,7193.75,7198.75,7615
1776816900,7198.75,7202,7196.75,7198.75,5046
1776817800,7198.75,7201.25,7198.75,7199.5,2139
1776818700,7199.75,7199.75,7196,7196.75,2842
1776819600,7197,7200.25,7196.5,7198.75,2723
1776820500,7198.5,7199.25,7196.75,7198.25,1728
1776821400,7198.25,7204.5,7198,7201.25,4820
1776822300,7201.25,7202.75,7199.25,7202.25,2622
1776823200,7202.25,7204.5,7201.5,7204.25,2342
1776824100,7204.25,7205.75,7202.25,7204.75,2267
1776825000,7204.75,7205.5,7202,7202.25,1563
1776825900,7202.25,7203.25,7201.75,7202,1125
1776826800,7202.25,7204,7200.25,7200.25,2194
1776827700,7200.5,7201.25,7199.25,7200.5,1373
1776828600,7200.5,7202.75,7197.5,7200.25,2578
1776829500,7200.25,7200.75,7198,7198.5,1019
1776830400,7198.5,7200.5,7196.75,7200,2278
1776831300,7200,7200.25,7196.5,7196.75,1532
1776832200,7196.5,7197,7195,7196.25,1602
1776833100,7196.5,7197.75,7192,7192.5,2451
1776834000,7192.75,7197,7191,7196.25,2538
1776834900,7196.25,7210,7195.75,7202.75,17763
1776835800,7203,7206.25,7202,7205.25,2969
1776836700,7205,7206.25,7203.25,7203.5,1695
1776837600,7203.5,7203.75,7197.25,7198.25,2446
1776838500,7198,7200.75,7196.25,7200.5,2324
1776839400,7200.5,7206.25,7200.5,7204,3388
1776840300,7203.75,7206,7202.75,7204.5,1654
1776841200,7204.25,7207.75,7203.75,7206.5,2804
1776842100,7206.25,7207.75,7202,7207.25,2679
1776843000,7207.25,7209.25,7203.75,7209,2561
1776843900,7208.75,7209.5,7204.25,7204.75,2053
1776844800,7204.75,7206.75,7201.25,7202.75,2762
1776845700,7202.75,7203,7197,7197.75,3441
1776846600,7198,7200,7192.5,7197.5,4980
1776847500,7197.75,7201.75,7195.25,7201,2072
1776848400,7201,7208,7200,7206.75,6994
1776849300,7206.75,7209,7204.75,7208,2320
1776850200,7208.25,7208.75,7206,7208.5,2167
1776851100,7208.5,7209,7196.5,7200.75,4489
1776852000,7201,7204,7195.5,7197.5,5177
1776852900,7198,7202.75,7197.75,7202.25,2399
1776853800,7202.25,7206,7200.75,7201.25,2977
1776854700,7201.75,7203,7200,7201.5,1666
1776855600,7201.5,7202.75,7198.25,7199.25,2950
1776856500,7198.75,7202.5,7198,7199.5,2460
1776857400,7199.5,7202.25,7198.25,7199.25,3223
1776858300,7199,7205.5,7198.75,7204.5,3622
1776859200,7204.5,7219,7204.5,7218,11274
1776860100,7218,7219.5,7210.75,7211.5,10830
1776861000,7211,7213.25,7205.25,7206,12046
1776861900,7206,7208.5,7200.5,7201.5,9512
1776862800,7201.75,7213.25,7199.75,7204.5,18869
1776863700,7204.75,7215.25,7202,7212.75,24513
1776864600,7212.5,7214.75,7203.25,7208,48960
1776865500,7208.25,7216.25,7202.5,7215.25,46568
1776866400,7215.25,7223,7208.75,7222.25,57049
1776867300,7222.5,7228.75,7222.25,7226.75,40917
1776868200,7226.75,7228.25,7215.75,7218.75,60296
1776869100,7218.75,7224.75,7216,7221.5,32809
1776870000,7221.75,7224,7213.75,7220,37923
1776870900,7219.75,7226.5,7216.75,7223.25,32308
1776871800,7223.25,7225.75,7213.75,7214,26277
1776872700,7214,7221.75,7212.5,7217.5,26629
1776873600,7217.5,7222.5,7215,7220.5,22865
1776874500,7220.25,7221.5,7211.5,7212.25,19337
1776875400,7212.5,7218,7209,7211.75,33488
1776876300,7211.75,7215.25,7209.25,7210.25,21747
1776877200,7210.25,7225.25,7210,7220.25,32844
1776878100,7220.75,7225.5,7217,7221.75,20875
1776879000,7221.5,7224.5,7220,7223.5,13537
1776879900,7223.5,7225.25,7219,7220.75,20851
1776880800,7220.75,7223,7219.25,7220.5,11839
1776881700,7220.25,7220.25,7213,7215.25,20742
1776882600,7215.25,7220.5,7214.25,7219.25,13627
1776883500,7219.25,7221.5,7215.75,7217,14194
1776884400,7217,7221,7212.5,7220,24378
1776885300,7220.25,7226.5,7220,7225.25,20272
1776886200,7225.25,7226.5,7221.75,7225.25,15051
1776887100,7225.25,7235.5,7224.5,7232.75,45991
1776888000,7232.75,7235.5,7225.75,7226.25,17473
1776888900,7226,7228,7222.25,7225.75,6478
1776889800,7226,7227.75,7218.5,7224.25,6877
1776890700,7224,7227.5,7223.5,7227,3746
1776895200,7226,7226.5,7220.75,7223.25,3261
1776896100,7223.5,7225.75,7222.75,7222.75,1672
1776897000,7223,7223.75,7221.25,7222,1624
1776897900,7222.25,7224,7222,7223.5,889
1776898800,7223.5,7224.5,7222,7224,999
1776899700,7224.25,7226,7223.75,7225.25,1407
1776900600,7225,7225,7223.25,7224,1020
1776901500,7224.25,7225.75,7223.75,7225,1352
1776902400,7224.75,7225.5,7185.25,7185.5,22502
1776903300,7186,7217.25,7168,7215.5,59922
1776904200,7215.5,7220.75,7211.75,7214.5,9976
1776905100,7214.75,7218.75,7212.5,7217.25,5407
1776906000,7217.25,7217.75,7209.25,7211.5,5265
1776906900,7211.5,7213,7205.75,7207.75,4607
1776907800,7208,7211.25,7203.75,7207.75,5190
1776908700,7207.5,7208.25,7202,7203.75,3712
1776909600,7204,7204.25,7196.25,7196.75,4277
1776910500,7196.5,7205,7194.5,7199,7266
1776911400,7198.75,7202.75,7195.25,7198.25,4382
1776912300,7198.25,7201,7195,7196,3813
1776913200,7195.75,7199,7190,7191.25,4403
1776914100,7191.25,7192,7186.75,7187.25,3992
1776915000,7187.25,7188.5,7181.5,7184.25,5300
1776915900,7184,7190.5,7183.5,7189.75,5272
1776916800,7189.75,7194,7186,7193.5,4098
1776917700,7193.5,7195,7192,7193.75,2028
1776918600,7194,7197.5,7193.5,7196.25,2026
1776919500,7196.25,7198,7195,7197.5,1497
1776920400,7197.75,7199.75,7196.5,7197.75,2279
1776921300,7198.25,7198.5,7194,7196.25,2331
1776922200,7196.5,7198.75,7193.25,7194.5,2921
1776923100,7194.25,7202.5,7194.25,7200.75,3747
1776924000,7201,7204,7200.5,7203,3029
1776924900,7203,7206.75,7202.5,7206,2816
1776925800,7206,7207,7205,7205,1583
1776926700,7205,7207.25,7202.75,7205.5,2834
1776927600,7205.75,7207.25,7203.75,7207,2280
1776928500,7207,7208,7203.25,7205.75,2220
1776929400,7205.5,7208.5,7202.75,7208,2953
1776930300,7208.25,7211.5,7205.5,7207.75,3497
1776931200,7207.75,7208.75,7200,7204,4750
1776932100,7204,7209.25,7203,7204.5,3256
1776933000,7205,7205,7195.5,7196,4489
1776933900,7195.75,7197.75,7193.25,7195.75,3699
1776934800,7195.25,7195.5,7188.25,7190.5,6565
1776935700,7190.5,7200.5,7190.25,7197.75,5892
1776936600,7198.25,7202.75,7197.5,7198.75,3552
1776937500,7198.75,7200,7196.75,7197.5,2766
1776938400,7197.5,7198.5,7191.75,7192.75,5257
1776939300,7192.5,7199.75,7192.5,7196.75,3873
1776940200,7196.75,7204.5,7196,7198.25,5232
1776941100,7198,7205.25,7197.25,7204.25,4841
1776942000,7204.25,7207.5,7201.25,7204.25,6689
1776942900,7204.5,7205.25,7198.25,7201,4387
1776943800,7201,7207,7196.75,7206.75,11458
1776944700,7206.75,7223.25,7206,7220.75,19597
1776945600,7220.5,7232,7219.5,7227,18199
1776946500,7227,7227.25,7218.25,7221.5,10380
1776947400,7221.25,7223.75,7217,7218.75,9208
1776948300,7218.5,7220.5,7198.25,7214.5,26736
1776949200,7214.5,7217.25,7204.75,7211.25,12716
1776950100,7211.25,7216,7208.75,7214.75,15881
1776951000,7214.75,7226.25,7212,7226.25,56128
1776951900,7225.5,7233.5,7220.5,7222.25,52590
1776952800,7222,7224,7211.5,7221.5,63462
1776953700,7221.25,7229.75,7221,7225.25,45523
1776954600,7225.25,7231.75,7224.25,7229.5,35655
1776955500,7229.5,7241,7228.75,7237.5,41583
1776956400,7237.5,7240.5,7234.25,7236.25,27419
1776957300,7236.25,7243,7235.25,7240,25941
1776958200,7240.25,7244,7234.75,7236,29609
1776959100,7236,7236.25,7227,7231,52814
1776960000,7231,7232.25,7222.75,7229,34238
1776960900,7228.75,7230.75,7223.75,7227,24143
1776961800,7227,7232.75,7226,7229.75,21123
1776962700,7229.5,7231.75,7225.25,7228.75,18553
1776963600,7228.75,7230.75,7192.5,7197,109881
1776964500,7196.75,7196.75,7177.75,7179.5,99654
1776965400,7179.75,7196.25,7152.5,7157,128530
1776966300,7156.75,7190,7142.25,7186,173172
1776967200,7185.75,7202.5,7181.75,7197.5,76956
1776968100,7197.75,7205.75,7195.75,7204.75,36647
1776969000,7205,7214.75,7200.5,7206.25,42338
1776969900,7206.5,7207,7186.75,7190.75,39398
1776970800,7190.75,7201.75,7187,7201.75,36129
1776971700,7201.5,7206,7201.25,7203.75,20911
1776972600,7203.75,7209,7190.75,7193,38751
1776973500,7193.25,7209.25,7184,7204.5,48556
1776974400,7204.25,7207.25,7195.5,7196.5,17613
1776975300,7196.25,7202,7191.25,7199,7672
1776976200,7198.75,7201.25,7197.25,7200.25,2972
1776977100,7200,7200.75,7192,7195,3889
1776981600,7202.5,7210,7202.25,7208.5,5336
1776982500,7208.75,7210,7205.75,7206.75,2596
1776983400,7206.75,7208.5,7204.25,7206.75,3619
1776984300,7206.5,7210.5,7206.5,7209.25,2960
1776985200,7209,7210.25,7207.25,7207.5,1555
1776986100,7207.25,7210.25,7206.5,7209.75,1307
1776987000,7210,7214.25,7209.75,7212.5,3179
1776987900,7212.75,7216,7212.5,7216,2698
1776988800,7216,7221,7213,7221,6189
1776989700,7220.5,7222.5,7218.75,7222.25,3603
1776990600,7222.25,7224,7218,7219.5,4486
1776991500,7219.5,7221.5,7216.5,7218.5,3964
1776992400,7219,7220.25,7217,7218.25,3233
1776993300,7218.5,7220.5,7215.5,7219,2472
1776994200,7219,7219.75,7213.25,7216.75,4251
1776995100,7216.75,7220.25,7216.25,7219,2338
1776996000,7219,7219.5,7211.5,7212.75,3996
1776996900,7212.5,7213.75,7206.75,7207.75,3968
1776997800,7207.75,7211,7207,7208.5,2685
1776998700,7208.75,7209,7202.75,7204.75,3983
1776999600,7205,7207.25,7202,7203,3254
1777000500,7202.75,7204.75,7200.5,7201,2713
1777001400,7201.25,7203.25,7198.75,7200.75,2952
1777002300,7200.75,7205.25,7200.75,7201.75,2670
1777003200,7201.75,7205.25,7199.75,7204.5,2282
1777004100,7204.5,7204.75,7199.5,7200.75,1860
1777005000,7201,7204,7200.75,7203.75,1354
1777005900,7203.75,7207.75,7203.5,7207,2210
1777006800,7207,7207,7202.5,7205.5,2072
1777007700,7205.5,7209,7205,7207.5,2156
1777008600,7207.75,7212,7207.75,7211.25,2681
1777009500,7211.5,7213.75,7210.75,7213.25,1369
1777010400,7213.5,7215.25,7210.75,7213.5,2183
1777011300,7213.5,7213.75,7208.75,7208.75,1514
1777012200,7209.25,7212.25,7209.25,7210.25,1846
1777013100,7210.25,7210.25,7207.5,7209.5,1571
1777014000,7209.5,7216.25,7208.75,7215.5,2995
1777014900,7215.5,7218.25,7212,7216.75,2226
1777015800,7216.25,7216.25,7210,7211.5,2072
1777016700,7211,7216.75,7210.25,7216.25,1853
1777017600,7215.75,7217.25,7209.25,7209.75,3825
1777018500,7210,7221.75,7210,7211.75,6178
1777019400,7212,7212.25,7204.75,7205.25,4090
1777020300,7205.25,7211,7204,7206,3424
1777021200,7206,7208.75,7202.75,7208,3077
1777022100,7207.75,7209.25,7197.75,7205,5816
1777023000,7205,7208.5,7203.5,7208.5,2435
1777023900,7208.5,7209.25,7204.5,7206.25,2307
1777024800,7206.25,7208,7204,7206.75,3081
1777025700,7206.75,7214.25,7206.25,7213.25,3816
1777026600,7213.5,7214.25,7210.5,7213,2907
1777027500,7213.25,7215,7211,7213.5,2350
1777028400,7213.5,7238.25,7213.25,7233,31153
1777029300,7232.5,7250.25,7229,7249.75,30126
1777030200,7249.75,7252,7235.75,7237.25,12881
1777031100,7237,7237,7231.5,7233.5,8164
1777032000,7233.75,7239.25,7231.25,7237.75,10099
1777032900,7237.75,7240,7229.5,7236.25,15980
1777033800,7236,7236.5,7223.25,7226.5,12696
1777034700,7226.5,7229.75,7217,7225,18751
1777035600,7224.75,7233,7224.25,7228.25,12809
1777036500,7228.25,7233,7224,7225,13744
1777037400,7225.25,7229.25,7213.25,7217,64548
1777038300,7217.5,7223.25,7207.5,7216.75,53187
1777039200,7216.75,7224.75,7209,7218.25,65281
1777040100,7218.25,7224.25,7212.75,7216.5,43358
1777041000,7216.5,7229,7212,7227.75,46537
1777041900,7228,7234.25,7224.75,7232.25,36645
1777042800,7232.5,7237,7230,7236,28090
1777043700,7236,7239.75,7233,7236.5,27047
1777044600,7236.75,7254,7233.25,7252.75,54074
1777045500,7252.5,7260,7244.25,7256.25,79281
1777046400,7256,7258.25,7249.25,7251.5,30393
1777047300,7251.5,7254.5,7248.25,7251.5,17849
1777048200,7251.5,7257.5,7246.75,7249.25,24450
1777049100,7249,7256.25,7248,7254,19718
1777050000,7254,7256.25,7250.25,7251.25,17135
1777050900,7251.5,7251.75,7245.25,7248.5,19789
1777051800,7248.5,7254,7245.5,7253.5,23081
1777052700,7253.25,7263,7251.5,7254.5,29885
1777053600,7254.75,7256.25,7250.5,7253.25,18452
1777054500,7253,7254.25,7247.5,7248,19012
1777055400,7248.25,7254.25,7247.75,7251,15026
1777056300,7251.25,7254,7249.5,7253.5,10496
1777057200,7253.5,7262,7253.5,7260,21845
1777058100,7260.25,7262.75,7253.25,7255.25,21630
1777059000,7255.5,7257.75,7252.25,7255.75,18008
1777059900,7255.75,7261.5,7253.5,7257.25,42113
1777060800,7257.25,7259.75,7253.25,7255.25,15622
1777061700,7255,7257,7252.5,7253.25,5121
1777062600,7253.25,7258.75,7253.25,7258.25,4764
1777063500,7258.25,7259.5,7256.75,7258.5,4224
1777240800,7247.5,7253.25,7233.75,7236.5,14029
1777241700,7236.75,7240.75,7236.5,7240.25,4868
1777242600,7240.25,7242.75,7238,7242,4601
1777243500,7242,7245,7241,7244.75,3393
1777244400,7244.5,7245.25,7240,7240.5,4747
1777245300,7240.5,7243.75,7240.5,7240.75,2862
1777246200,7240.75,7240.75,7237.5,7239,4049
1777247100,7239.25,7241.75,7238,7241,2685
1777248000,7241.25,7245.25,7239.75,7243.75,7308
1777248900,7244,7245.5,7241.5,7244.5,3667
1777249800,7244.5,7249,7243.25,7247.5,4210
1777250700,7247.75,7255.75,7247,7253,7772
1777251600,7253.25,7264.5,7253.25,7255.75,15198
1777252500,7255.5,7260.75,7252.25,7260.25,7665
1777253400,7260.5,7266,7259.5,7264.25,6406
1777254300,7264.5,7270.5,7263.75,7270.25,6814
1777255200,7270,7271,7265.5,7267.75,4411
1777256100,7267.5,7269.5,7264.5,7267,3809
1777257000,7266.5,7268.75,7265.75,7266.25,2556
1777257900,7266,7267.5,7265.5,7265.75,1473
1777258800,7265.75,7269.25,7264.25,7265.25,4155
1777259700,7265,7266.75,7264.5,7266.25,1778
1777260600,7266.5,7267,7264.75,7266.25,1802
1777261500,7266.5,7266.75,7265,7265.5,1645
1777262400,7265.25,7265.75,7262.25,7263.5,3085
1777263300,7263.75,7266.5,7263.5,7266,2095
1777264200,7266,7267.75,7265.25,7265.75,1842
1777265100,7266,7266.75,7262.25,7263.25,2086
1777266000,7263,7263.25,7257.5,7257.5,4322
1777266900,7257.5,7258.75,7254.25,7254.25,3576
1777267800,7254.75,7255.75,7250.5,7253.25,4489
1777268700,7253,7254.75,7250.75,7252.25,1995
1777269600,7252.25,7253.25,7248.75,7252.75,3045
1777270500,7252.25,7254.25,7250.25,7253,2605
1777271400,7253.25,7253.5,7248,7251,4123
1777272300,7250.75,7252.5,7249.25,7250.75,1662
1777273200,7250.5,7252.75,7247.5,7251,3833
1777274100,7251,7252.25,7248.5,7249.5,1615
1777275000,7249.75,7251.25,7247.75,7249.75,1470
1777275900,7249.75,7251.5,7248.75,7249.75,1391
1777276800,7249.5,7251.75,7244,7244.5,5130
1777277700,7244.25,7249.25,7243.75,7248.5,2265
1777278600,7248.5,7250.5,7248,7250,2111
1777279500,7250.25,7252.5,7250.25,7251.5,2006
1777280400,7251.5,7253.25,7250,7252.5,1855
1777281300,7252.5,7253,7249.75,7251,1422
1777282200,7251,7253,7250.5,7252,1312
1777283100,7251.75,7253.75,7250.75,7251.5,1471
1777284000,7251.5,7252,7249.25,7250.25,1961
1777284900,7250.25,7253.75,7249.75,7251.25,1860
1777285800,7251.5,7257.25,7251,7257,2637
1777286700,7257,7257.75,7255,7256.25,2958
1777287600,7256.25,7258.5,7256.25,7256.75,3092
1777288500,7256.75,7260.5,7256,7259.25,3095
1777289400,7259.25,7260.5,7258,7259.5,3166
1777290300,7259.5,7261,7258.25,7259,2265
1777291200,7259.25,7260,7255.5,7257.75,4123
1777292100,7257.5,7257.75,7247.75,7251.5,8843
1777293000,7251.25,7253.25,7247.5,7251.75,7738
1777293900,7252,7255.25,7249.5,7250.75,7693
1777294800,7251,7254,7245.75,7249.75,14709
1777295700,7249.5,7251.5,7247.25,7249,8400
1777296600,7248.75,7261,7245.75,7254,56907
1777297500,7253.75,7260.25,7241.25,7258,69399
1777298400,7258,7259.75,7252,7255.5,44022
1777299300,7255.5,7256.75,7250.5,7251.5,31200
1777300200,7251.75,7262.5,7247.75,7256.5,48177
1777301100,7257,7257.5,7250,7253.5,20408
1777302000,7253.25,7255.25,7244.75,7245.5,34188
1777302900,7245.5,7249.5,7239.5,7247,37002
1777303800,7247,7251.25,7244.5,7249.75,22737
1777304700,7249.75,7252,7247.5,7251.25,15571
1777305600,7251.25,7257.75,7248.75,7256.5,22475
1777306500,7256.5,7258.5,7254.5,7255.75,14216
1777307400,7256,7260.25,7256,7258.5,14021
1777308300,7258.5,7260,7256,7258.5,12275
1777309200,7258.75,7261,7258,7260.5,11883
1777310100,7260.25,7264.75,7256.25,7263.5,27523
1777311000,7263.5,7269.5,7263,7265.5,24336
1777311900,7265.5,7267.25,7263.75,7266.25,10108
1777312800,7266,7268.5,7264.5,7268,9542
1777313700,7268,7269.75,7267.25,7268,10575
1777314600,7267.75,7269.5,7265.25,7266,9873
1777315500,7266,7268.5,7264.25,7265.5,10001
1777316400,7265.5,7267.25,7264,7266.5,10631
1777317300,7266.5,7269.25,7266.25,7268.5,12373
1777318200,7268.5,7270.5,7266,7269.25,16320
1777319100,7269.25,7274,7267.25,7269.5,36170
1777320000,7269.5,7270.25,7265.75,7267.25,9168
1777320900,7267,7268,7264.5,7267,3823
1777321800,7267,7270,7266.75,7269.5,4085
1777322700,7269.25,7270,7267.25,7267.75,4240
1777327200,7268.25,7280.5,7267.5,7279.75,8780
1777328100,7279.5,7283.5,7279.25,7281.5,4716
1777329000,7281.5,7282.5,7279.75,7281,2728
1777329900,7281.25,7281.25,7278.25,7278.75,2041
1777330800,7278.75,7280,7277.5,7277.75,1850
1777331700,7278,7280.75,7278,7280,1912
1777332600,7280,7282.5,7279.25,7281.25,1916
1777333500,7281,7281.75,7279,7279.75,1466
1777334400,7279.75,7285.5,7279,7283.25,9185
1777335300,7283.25,7283.25,7274.75,7277.5,6945
1777336200,7277.75,7279.75,7275.75,7278.75,4080
1777337100,7278.75,7279.5,7276.25,7276.25,2157
1777338000,7276.25,7277.25,7274,7276.75,3770
1777338900,7276.75,7278.75,7275.5,7278.25,2431
1777339800,7278.5,7281.75,7276.25,7280.25,3363
1777340700,7280.5,7281,7270.5,7271.25,7374
1777341600,7271.25,7273.25,7269.5,7272.5,3964
1777342500,7272.75,7274.5,7272,7272.75,2009
1777343400,7272.75,7272.75,7269,7269.75,2812
1777344300,7269.5,7270.75,7267.25,7268.25,3032
1777345200,7268.25,7271.25,7267.25,7270.75,2612
1777346100,7271,7273.25,7270.25,7273,1840
1777347000,7273.25,7274.5,7272.75,7272.75,1322
1777347900,7272.75,7272.75,7270,7270.5,1641
1777348800,7270.75,7273.25,7269.5,7272.5,1516
1777349700,7272.75,7273.75,7272.25,7273,819
1777350600,7273.25,7275,7273,7275,1231
1777351500,7274.75,7275.25,7271.5,7271.75,1239
1777352400,7272,7272.75,7264.5,7267,4922
1777353300,7267,7268.25,7265,7267.25,2118
1777354200,7267.25,7267.25,7258.75,7263,6097
1777355100,7262.75,7263,7260,7260.75,2202
1777356000,7260.75,7263.25,7258.5,7262.75,2942
1777356900,7262.75,7263.5,7260,7262.25,1973
1777357800,7262.25,7263,7255,7255.75,5178
1777358700,7256,7257.75,7253.5,7256.25,3184
1777359600,7256.25,7257.75,7253.25,7256,3461
1777360500,7256.25,7258.25,7253.25,7254.75,3181
1777361400,7255,7260.5,7254.25,7258.5,2968
1777362300,7258.5,7260.25,7256,7259.25,2661
1777363200,7259.5,7259.75,7251,7253.75,6924
1777364100,7253.75,7264.25,7253.75,7264.25,4227
1777365000,7264.25,7264.5,7261.25,7262,2942
1777365900,7262,7263.25,7259.75,7263,1628
1777366800,7262.75,7263.5,7259,7262.5,3604
1777367700,7262.5,7263.5,7256.5,7258.5,3979
1777368600,7258.5,7259,7252.75,7254.75,4592
1777369500,7254.75,7256.5,7250.25,7254.25,5874
1777370400,7254.25,7257,7249,7249.25,4945
1777371300,7249.25,7254.25,7248.5,7251.5,3828
1777372200,7251.75,7253.25,7249,7249,3211
1777373100,7249.25,7252.5,7248.75,7251.75,3853
1777374000,7251.5,7254.25,7241,7242,11474
1777374900,7241.75,7242,7229.25,7232,14330
1777375800,7232,7232.25,7223,7230.75,16948
1777376700,7231,7232.25,7217.75,7221,16231
1777377600,7221.25,7222.75,7213.5,7221.25,18222
1777378500,7221.25,7226.75,7211.75,7214.5,35020
1777379400,7214.5,7221.75,7210,7218.75,14902
1777380300,7218.75,7232.5,7218,7231.75,16131
1777381200,7232,7233.75,7225.5,7225.75,16304
1777382100,7225.75,7237.5,7223,7234.5,23061
1777383000,7234.5,7245.5,7224,7240.25,72725
1777383900,7240.5,7242.5,7226,7232.25,57373
1777384800,7232,7240,7227.25,7232.5,41887
1777385700,7232.5,7234.75,7226,7229,37162
1777386600,7229.25,7232.5,7212.75,7221.25,65486
1777387500,7221.25,7223.25,7208.75,7221.75,86112
1777388400,7221.5,7227.25,7215,7223.25,49184
1777389300,7223.25,7224.75,7214.5,7215.25,27107
1777390200,7215.25,7218,7210.5,7214.25,32014
1777391100,7214.25,7216.75,7210,7216.25,23383
1777392000,7216.25,7221.25,7214.25,7220.75,22215
1777392900,7220.5,7222.25,7216.75,7219.75,14408
1777393800,7220,7220.75,7209.75,7211.25,23212
1777394700,7211.25,7220.5,7210,7218,25094
1777395600,7218,7220,7210.5,7215.75,17793
1777396500,7215.75,7219.5,7211.5,7217.5,14197
1777397400,7217.25,7226.5,7217.25,7223.75,20678
1777398300,7223.75,7228,7222,7227,15533
1777399200,7227,7228,7224,7227,13713
1777400100,7227,7233,7226.75,7229.75,29327
1777401000,7229.75,7230.25,7224.5,7230,18344
1777401900,7230.25,7232.5,7229,7231.5,13517
1777402800,7231.75,7238.75,7230.75,7235.75,22078
1777403700,7235.75,7235.75,7230.5,7232.75,19345
1777404600,7232.5,7235,7228.75,7233.25,18245
1777405500,7233.5,7237,7231,7234,48947
1777406400,7234.25,7238.75,7230,7235.75,15266
1777407300,7235.75,7237.75,7234.5,7236.25,3421
1777408200,7236.25,7236.5,7233.75,7234.5,3227
1777409100,7234.5,7235.25,7233.25,7235,2823
1777413600,7235,7240.25,7235,7239,3821
1777414500,7239.25,7239.75,7236.75,7237.25,1563
1777415400,7237.25,7239,7236.75,7237.75,1360
1777416300,7237.5,7238.5,7237.25,7238.5,587
1777417200,7238.5,7238.75,7236.75,7237.75,946
1777418100,7238,7238.5,7237.75,7238,458
1777419000,7238.5,7241.25,7238.25,7241,1589
1777419900,7240.75,7242,7240.25,7241.75,1442
1777420800,7242,7248.5,7242,7247.5,6153
1777421700,7247.5,7249.25,7245.75,7249,3379
1777422600,7249.25,7250.5,7247.5,7248.5,2567
1777423500,7248.5,7248.5,7245.5,7246,2708
1777424400,7245.75,7246.25,7231.75,7238,14090
1777425300,7238,7241.5,7236.75,7239.5,4879
1777426200,7239.25,7245.5,7238.25,7244.25,4885
1777427100,7244.25,7244.75,7239.75,7241,3194
1777428000,7241,7245.5,7241,7245.5,3561
1777428900,7245.5,7248,7244,7244.75,2827
1777429800,7245,7245,7241.75,7243,1920
1777430700,7243.25,7245.25,7242.5,7244.25,1567
1777431600,7244.5,7248,7244,7246.5,1938
1777432500,7246.5,7248,7246.25,7247,1161
1777433400,7247,7247.5,7244.75,7245.25,1177
1777434300,7245,7245.75,7243.75,7245,1234
1777435200,7245.25,7247.5,7245,7247,1294
1777436100,7247.25,7247.25,7246,7247,865
1777437000,7246.75,7249.5,7246.75,7247.5,1968
1777437900,7247.75,7248.75,7246.5,7247,1131
1777438800,7247,7248.25,7245,7245.25,1192
1777439700,7245.5,7247.5,7244.5,7247,1230
1777440600,7247.25,7249.5,7246.75,7249,1037
1777441500,7249,7249.75,7247.5,7247.75,1236
1777442400,7247.5,7250.75,7246.75,7247.5,1876
1777443300,7247.25,7247.5,7245.25,7245.75,1595
1777444200,7245.75,7247.75,7243.75,7246.25,2077
1777445100,7246.25,7246.75,7241.75,7242.25,1854
1777446000,7242,7245.75,7239.5,7240,2640
1777446900,7240.25,7241.5,7238,7240.5,2339
1777447800,7240.5,7242.75,7236.5,7236.75,2908
1777448700,7236.75,7238,7231.75,7237,4471
1777449600,7237.25,7242.75,7231.75,7232.25,6538
1777450500,7232.5,7239.25,7229,7238,4539
1777451400,7238.25,7238.5,7229.25,7236,5484
1777452300,7236.25,7238,7233.5,7235.25,2564
1777453200,7235.25,7238.25,7232.5,7236.5,2825
1777454100,7236.5,7239.5,7234.75,7237,2210
1777455000,7236.5,7240.5,7233.75,7233.75,3029
1777455900,7234.25,7236.25,7229.75,7232,3382
1777456800,7231.75,7236.5,7229,7236.25,2834
1777457700,7236.25,7243.25,7236.25,7241.75,4072
1777458600,7242,7243.5,7237.75,7239.25,3462
1777459500,7239,7240.5,7237,7239,2732
1777460400,7238.75,7240.75,7235.75,7239,4150
1777461300,7239,7240.75,7236.75,7237.5,3025
1777462200,7237,7242.5,7233.5,7235.25,6218
1777463100,7235.25,7238,7232.25,7236.25,4086
1777464000,7235.75,7237,7232.75,7233.5,3797
1777464900,7233.5,7237.25,7229,7233.25,7150
1777465800,7233,7233.75,7223.5,7232.5,12877
1777466700,7232.25,7233,7228.5,7231.5,5241
1777467600,7231.5,7235.75,7231.5,7233.25,6941
1777468500,7233.25,7234.5,7224.25,7225.5,16845
1777469400,7225.5,7227.5,7215,7215.75,55059
1777470300,7215.75,7226,7212,7223.25,48283
1777471200,7223.5,7228.25,7218.25,7227,36596
1777472100,7227.25,7232.25,7225,7230.5,30346
1777473000,7230.5,7237.75,7228.75,7234.25,32962
1777473900,7234.25,7235,7229.75,7230.5,19694
1777474800,7230.5,7231.25,7217.25,7218.25,36305
1777475700,7218.25,7227.25,7216.75,7224.5,27732
1777476600,7224.25,7226.5,7219.75,7221.5,24455
1777477500,7221.25,7226,7207.5,7216,63909
1777478400,7216,7223.5,7214.5,7218,21818
1777479300,7218.25,7221.25,7212,7213.5,20738
1777480200,7213.25,7214.5,7204.5,7213.5,38313
1777481100,7213.5,7216.25,7209.75,7212.75,18079
1777482000,7212.5,7214,7207.5,7212,16240
1777482900,7212,7217.5,7209.25,7215,21850
1777483800,7215.25,7218.25,7213.5,7216,14622
1777484700,7216,7223.25,7215.5,7222.5,22060
1777485600,7222.25,7223,7200.25,7206.25,35120
1777486500,7206.25,7215.25,7205,7208.25,21006
1777487400,7208.25,7218,7202.25,7202.5,36238
1777488300,7202.75,7222.25,7199.25,7221.5,32473
1777489200,7221.5,7228.75,7215.5,7228,30265
1777490100,7228,7230.75,7224.25,7224.25,18944
1777491000,7224.25,7226.75,7216.5,7221.5,24733
1777491900,7221.25,7233.25,7220,7233,39636
1777492800,7232.75,7253.5,7197.75,7200.5,44726
1777493700,7200.5,7225.75,7193.75,7224.25,26477
1777494600,7224.5,7230.25,7218,7224.25,11379
1777495500,7224.25,7227,7203.5,7204,10526
1777500000,7209.75,7249,7209.5,7248.5,17104
1777500900,7248,7259,7246.5,7250.75,13895
1777501800,7250.5,7254,7246.25,7249.5,5152
1777502700,7249.75,7254,7245.5,7246.75,4835
1777503600,7247,7249.5,7245.25,7248.25,3064
1777504500,7248,7248,7242.25,7246.25,4087
1777505400,7246.25,7252.5,7246.25,7252.25,4587
1777506300,7252,7256,7249.75,7255,5170
1777507200,7255.75,7261,7253.25,7257.75,8330
1777508100,7258,7260.75,7256.5,7258.75,2999
1777509000,7259,7263,7259,7260.5,4653
1777509900,7260.75,7263.25,7260.25,7261.5,3269
1777510800,7261.5,7262.25,7258.25,7259,3126
1777511700,7259,7260.75,7258.75,7260.25,2279
1777512600,7260.5,7263,7256.25,7258.5,4245
1777513500,7258.75,7262.25,7256.75,7261.75,2197
1777514400,7261.5,7262.25,7258.25,7260,2050
1777515300,7260,7260.25,7250.25,7252.25,4224
1777516200,7252,7252,7228,7239.25,21171
1777517100,7239.5,7241.5,7232.75,7239.75,8341
1777518000,7239.5,7244,7235.25,7237,4902
1777518900,7237,7238.25,7234.25,7237.25,3261
1777519800,7237.5,7240.5,7235.5,7238.25,2700
1777520700,7238.25,7238.75,7234,7234.25,2504
1777521600,7234.5,7234.5,7222.5,7225.5,8835
1777522500,7225.5,7226.75,7216,7217.5,8159
1777523400,7217.5,7218,7208.75,7213.25,8974
1777524300,7213,7215.5,7207,7207.5,5025
1777525200,7207.75,7220.75,7207.75,7220.25,6598
1777526100,7220.25,7221.25,7211.5,7213.25,4583
1777527000,7213,7220.25,7213,7216,3421
1777527900,7216,7216.5,7205.5,7206.25,3843
1777528800,7205.75,7207,7196.25,7200,7206
1777529700,7200,7205.75,7199.25,7205,5768
1777530600,7205,7220.5,7205,7213.75,10263
1777531500,7213.75,7217,7208.75,7215.75,4427
1777532400,7215.5,7224.75,7212.25,7221.25,7629
1777533300,7221,7226,7217.25,7225.75,4496
1777534200,7225.75,7228.5,7223.25,7226,3856
1777535100,7226,7227.25,7220,7223,3732
1777536000,7223.25,7231.75,7223,7228,5378
1777536900,7227.75,7227.75,7221.75,7227.5,3766
1777537800,7227.5,7234,7226.25,7231,5161
1777538700,7231,7233.25,7227.25,7227.5,3068
1777539600,7227.25,7231,7224.5,7226.25,4943
1777540500,7226.25,7235.75,7221,7235,5084
1777541400,7235.5,7247,7233.75,7235.25,10185
1777542300,7235,7240.25,7231.5,7233.25,6280
1777543200,7233.75,7242.5,7233.5,7237.5,5733
1777544100,7237.25,7245.75,7236,7244.25,4355
1777545000,7244,7249.25,7238,7239.5,10625
1777545900,7239.5,7246.5,7237.75,7243,8332
1777546800,7243.25,7257.5,7242.25,7250.5,9531
1777547700,7250.5,7262.5,7249.75,7262,9765
1777548600,7262,7262.25,7253.25,7254.5,8014
1777549500,7254.25,7260.25,7253.5,7257,5988
1777550400,7256.75,7265.25,7255.5,7264.25,7824
1777551300,7264,7274,7263.75,7272.5,12562
1777552200,7272.5,7273,7259.5,7262,12308
1777553100,7261.75,7268.25,7260.75,7266.5,8410
1777554000,7266.5,7272.25,7263.25,7264.5,11915
1777554900,7264.75,7267,7261.75,7262.5,11068
1777555800,7262.5,7263,7229.25,7244,93937
1777556700,7244,7247.5,7222.5,7227.75,71258
1777557600,7227.75,7238.25,7221.75,7232,66239
1777558500,7232,7239.25,7219.75,7235.75,57917
1777559400,7235.75,7243.75,7227.25,7238,61296
1777560300,7238.25,7257.25,7238,7254.5,47792
1777561200,7254.5,7261.5,7251.25,7258.75,49933
1777562100,7259.25,7262,7254,7260.25,29215
1777563000,7260,7265.75,7253.25,7255,34976
1777563900,7255,7266.75,7250.25,7262,34807
1777564800,7261.75,7270,7256.5,7269.25,27001
1777565700,7269,7269.75,7263.75,7268,17900
1777566600,7268,7269.5,7262.75,7263.75,15949
1777567500,7263.25,7265,7255,7259.75,27393
1777568400,7259.75,7272.5,7259.25,7271.75,23754
1777569300,7271.5,7275,7268,7274.25,19885
1777570200,7274.25,7283.25,7274.25,7280.5,30119
1777571100,7280.75,7288,7280.5,7287,20730
1777572000,7287.25,7295.75,7286.75,7294.25,29468
1777572900,7294.25,7297.5,7292.5,7294.75,17757
1777573800,7295,7303.25,7294.75,7301.75,22218
1777574700,7301.75,7304.5,7299,7299.75,16914
1777575600,7299.75,7310,7298.75,7309,25143
1777576500,7308.75,7310.25,7306.5,7307.25,14850
1777577400,7307.5,7311,7303.75,7310.75,20074
1777578300,7310.5,7314.25,7299.5,7300.75,75437
1777579200,7300.75,7309.5,7300.25,7307.5,24981
1777580100,7307.5,7314,7306.25,7312,5969
1777581000,7311.75,7315.75,7305.25,7306.75,9157
1777581900,7306.75,7311.25,7306,7309.25,4594
1777586400,7317.25,7326,7314.25,7324.5,8110
1777587300,7324,7324.75,7318.5,7319.75,4176
1777588200,7320,7320.25,7317,7319,2958
1777589100,7319,7319,7308.75,7312.25,6297
1777590000,7312.25,7315.25,7311.5,7312.25,4115
1777590900,7312.25,7316.75,7311.5,7316.25,3186
1777591800,7316.5,7319.75,7315,7316.5,3709
1777592700,7316.5,7319,7312.25,7315,4857
1777593600,7315.5,7320.5,7313,7314.5,6369
1777594500,7314.5,7321.75,7314.5,7321.25,3876
1777595400,7321.25,7322.5,7319.5,7321.25,2753
1777596300,7321.5,7323.5,7319.5,7320.25,2286
1777597200,7320.5,7323.25,7318,7323,3001
1777598100,7323.25,7325.25,7321.75,7324.5,2622
1777599000,7324.5,7326.5,7324,7324.5,2797
1777599900,7325,7325.75,7323.75,7325.25,1628
1777600800,7325.25,7325.75,7323.5,7324,1602
1777601700,7323.75,7325,7322.5,7323,1721
1777602600,7323.25,7323.25,7321.25,7322.25,1616
1777603500,7322,7323.75,7320.75,7323.5,1668
1777604400,7323.5,7325,7322.5,7324.5,2618
1777605300,7324.75,7326.5,7324.25,7325.75,1483
1777606200,7326,7328.5,7322.25,7322.5,3599
1777607100,7322.75,7323.75,7321.75,7322.75,1583
1777608000,7322.75,7323.5,7319.5,7321.5,2143
1777608900,7321.25,7322.5,7321,7321.25,942
1777609800,7321,7321.75,7319.25,7320.5,1141
1777610700,7320.5,7321.5,7320,7320.5,775
1777611600,7320.5,7323,7319.25,7322.75,1531
1777612500,7322.5,7322.75,7319.75,7322.5,1247
1777613400,7322.5,7322.75,7320.5,7321.75,777
1777614300,7321,7321.25,7318.75,7319.75,1244
1777615200,7319.75,7320.5,7318.5,7320,1011
1777616100,7320,7321,7317.75,7318,1170
1777617000,7318.25,7318.5,7314.25,7315.5,1769
1777617900,7315.5,7316,7313.5,7314.75,1703
1777618800,7314.75,7319,7314,7318.5,2192
1777619700,7318.75,7319.75,7315.75,7316.75,1734
1777620600,7316.75,7316.75,7312.25,7312.5,2099
1777621500,7312.5,7316.5,7311,7312.5,4936
1777622400,7312.25,7315,7311.5,7314,2331
1777623300,7314.25,7315.5,7313,7314,1477
1777624200,7314.25,7314.25,7310.75,7311.75,1685
1777625100,7311.75,7313.25,7310.25,7312.75,1602
1777626000,7313,7313,7309,7311.5,2025
1777626900,7311.5,7315,7311.5,7314,1606
1777627800,7313.75,7315.75,7312.75,7315,1600
1777628700,7314.5,7317,7314,7315.5,1827
1777629600,7315.75,7316.25,7313.75,7315.5,1175
1777630500,7315.75,7317,7314.75,7315.25,1772
1777631400,7315,7316,7311.25,7313.25,2546
1777632300,7313.25,7316.75,7312.75,7316.5,2649
1777633200,7316.75,7317.75,7311.5,7312.75,3441
1777634100,7312.75,7317.25,7311.75,7315.5,2712
1777635000,7315.25,7316.5,7313.5,7315.25,1546
1777635900,7315.25,7319.25,7314.75,7318.75,3136
1777636800,7318.75,7334.25,7317,7328.75,14330
1777637700,7328.5,7331.25,7325.25,7328.75,10561
1777638600,7328.5,7328.75,7320.5,7321,8813
1777639500,7321,7323.5,7319.5,7320.75,4708
1777640400,7320.75,7328.25,7320.5,7324.5,10236
1777641300,7324.75,7327.75,7323.5,7327,10625
1777642200,7327,7340.25,7321.5,7339,72407
1777643100,7338.75,7355.5,7332.5,7355.5,74615
1777644000,7355.5,7361.25,7352,7359,45829
1777644900,7359,7363.25,7356.25,7356.75,33431
1777645800,7357,7357.25,7337,7343.5,72224
1777646700,7343.5,7348,7340.25,7341,31409
1777647600,7341,7344,7334.25,7343.75,44038
1777648500,7343.75,7347.75,7341.5,7347,26491
1777649400,7347,7354.75,7345.5,7354.5,28500
1777650300,7354.5,7358.25,7341,7348,44702
1777651200,7348,7350.25,7337.75,7339.25,28435
1777652100,7339,7346,7332.5,7335.25,48090
1777653000,7335.25,7337.25,7330.25,7330.75,27617
1777653900,7330.75,7337.5,7328.5,7332.75,27610
1777654800,7332.5,7339,7332.25,7339,15705
1777655700,7338.75,7343.5,7336.75,7343.5,16600
1777656600,7343.25,7345,7340,7342.75,14683
1777657500,7342.75,7346.25,7341.25,7341.75,15938
1777658400,7341.75,7343.25,7331.5,7332,23372
1777659300,7332,7336.5,7328.75,7335,23291
1777660200,7335.25,7336,7324.75,7326,27447
1777661100,7325.75,7327.25,7321.5,7325,20089
1777662000,7325.25,7335,7324.25,7334.25,19355
1777662900,7334,7339.75,7333.5,7338,16454
1777663800,7338,7339,7333,7335,20365
1777664700,7335,7335.5,7318.25,7320.25,43185
1777665600,7320.25,7321,7314.5,7316.75,15914
1777666500,7316.75,7317.5,7310,7311.75,7243
1777667400,7312,7312.25,7308.25,7309.25,6024
1777668300,7309.5,7312,7303.25,7310.25,7431
1777845600,7337.75,7342,7329.25,7330.25,12728
1777846500,7330.5,7333,7324.5,7327,6320
1777847400,7327.25,7331.25,7326,7329.75,4268
1777848300,7330,7332.5,7326.25,7328.25,4009
1777849200,7328.25,7330.25,7323.5,7325.25,4130
1777850100,7325.25,7325.5,7322.75,7324.5,2317
1777851000,7324.25,7327.5,7323.25,7324,3329
1777851900,7324,7326.5,7321.75,7324.5,2729
1777852800,7324.25,7329,7320.75,7324.75,7567
1777853700,7324.75,7326.5,7316.75,7320.5,6829
1777854600,7320.5,7325.5,7320.25,7324.75,4594
1777855500,7324.75,7329.75,7324.25,7329,5473
1777856400,7329,7330.25,7322,7327,5684
1777857300,7327,7328.75,7323.5,7324,3508
1777858200,7324,7329,7323,7327.75,3587
1777859100,7327.75,7330,7326.75,7329.75,2513
1777860000,7329.75,7330.25,7324,7327.75,4232
1777860900,7327.5,7328,7322.25,7323,5573
1777861800,7323.25,7327.5,7322.75,7327,2265
1777862700,7327,7331.25,7326.5,7328.25,3284
1777863600,7328.5,7331.5,7328.25,7330.5,1842
1777864500,7330.25,7330.5,7328.5,7329,1172
1777865400,7329,7329.5,7326,7328.5,1897
1777866300,7328.5,7330.75,7327.5,7329.5,2150
1777867200,7329.75,7331.25,7328.25,7330.5,1395
1777868100,7330.75,7333,7330.5,7332,2139
1777869000,7332,7333,7330.5,7331.5,1310
1777869900,7331.5,7332.25,7329.5,7330.25,1016
1777870800,7330.25,7333.25,7329.75,7332.75,1287
1777871700,7332.75,7337,7330.75,7331,3980
1777872600,7331.25,7334.75,7330.25,7334.75,1845
1777873500,7334.75,7335.25,7332,7332.5,1553
1777874400,7332.5,7334,7328,7331.5,3881
1777875300,7331.5,7332,7326.5,7329.75,2189
1777876200,7329.75,7331.25,7322,7324,3827
1777877100,7324,7326.5,7321.75,7325.25,2087
1777878000,7325.5,7333,7322,7331.5,4234
1777878900,7331.5,7336,7331.25,7333.75,3895
1777879800,7334.25,7334.25,7330.5,7333.75,2362
1777880700,7333.5,7335.5,7327.5,7327.5,2481
1777881600,7327.5,7328,7317.75,7322.25,6429
1777882500,7322.25,7326.5,7318.5,7325.25,3702
1777883400,7325.25,7327.25,7323.25,7325,2629
1777884300,7325.25,7327,7324,7324.5,1984
1777885200,7325,7329.5,7323,7328.75,2149
1777886100,7328.5,7329,7326.25,7327.75,1449
1777887000,7327.75,7330.5,7326.75,7328.5,1867
1777887900,7328.75,7330,7326,7326.5,2238
1777888800,7326.5,7328,7277,7285.5,43026
1777889700,7285.5,7298,7276.25,7295.5,21572
1777890600,7295.5,7316.75,7293.25,7311.75,24658
1777891500,7311.5,7315.25,7308.75,7309.75,5488
1777892400,7309.75,7316.75,7306.25,7311.25,10229
1777893300,7311.25,7314.5,7308,7308.5,3790
1777894200,7308.25,7310.75,7299.25,7305.25,14033
1777895100,7305,7310.5,7301.75,7307.75,6317
1777896000,7308,7314,7308,7311.5,5874
1777896900,7311.25,7318.25,7307.75,7314.25,12809
1777897800,7314.25,7317,7310,7315,6115
1777898700,7314.75,7316.75,7308.75,7311.75,6182
1777899600,7311.75,7318.5,7300.75,7312,29859
1777900500,7312,7314.5,7309.25,7313,8960
1777901400,7312.75,7315.25,7304.75,7311.5,51793
1777902300,7311.5,7320.25,7310.5,7320,36523
1777903200,7320,7324.5,7310.75,7322.25,50928
1777904100,7322,7329.5,7320.75,7324.75,36616
1777905000,7324.5,7333.25,7323.5,7331.5,30855
1777905900,7331.75,7333.5,7319.5,7321.25,40863
1777906800,7321.5,7326.75,7312.25,7314.5,57428
1777907700,7314.25,7317,7286.25,7296.5,106040
1777908600,7296.5,7297.5,7284.5,7295,63169
1777909500,7295,7295.25,7281.5,7287.75,52768
1777910400,7287.75,7289.75,7261.75,7271.25,90162
1777911300,7271,7290.5,7266.75,7282,73484
1777912200,7282,7288.75,7278,7280.75,37276
1777913100,7280.75,7283,7275.25,7277.5,25679
1777914000,7277.5,7288.75,7276.75,7286.75,30058
1777914900,7286.75,7298.75,7284.5,7297.75,33899
1777915800,7298,7298.5,7288,7294,19970
1777916700,7294.25,7298.25,7292.75,7295.25,11047
1777917600,7295.25,7302,7294.75,7296.25,17927
1777918500,7296.5,7297,7283.25,7289.25,25600
1777919400,7289.25,7290.5,7281.5,7282,15979
1777920300,7282.25,7287.75,7279.75,7286.5,22233
1777921200,7286.25,7294,7283,7292,30144
1777922100,7291.75,7293.5,7285.75,7289.25,17684
1777923000,7289,7294,7288.25,7288.75,12863
1777923900,7289,7294.25,7285.75,7293.75,32157
1777924800,7293.5,7294,7285.25,7287.75,9193
1777925700,7287.5,7290.75,7285.25,7290.5,3438
1777926600,7290.5,7291,7286.75,7287,3083
1777927500,7287,7288.5,7286,7288,2172
1777932000,7290.5,7297,7289.25,7294.5,4071
1777932900,7294.75,7296.5,7293.75,7295.75,1597
1777933800,7295.75,7296.25,7292.25,7292.5,1916
1777934700,7292.25,7292.75,7288.25,7290,2180
1777935600,7290,7291.75,7288,7291.5,1663
1777936500,7291.25,7292.25,7289.5,7290.75,1519
1777937400,7290.75,7291.5,7288.5,7289.25,1010
1777938300,7289.5,7290.75,7287,7289.5,2013
1777939200,7289.5,7298.25,7289.5,7295.75,4675
1777940100,7295.5,7295.5,7286,7288.25,5208
1777941000,7288.25,7292.25,7287.75,7289.75,2594
1777941900,7290,7295.25,7289,7294,2486
1777942800,7294,7296.25,7289.75,7294.75,3253
1777943700,7295,7297.75,7294.5,7295.25,2151
1777944600,7295.5,7301.25,7293.25,7297.5,4478
1777945500,7297.5,7300.25,7297.25,7298,1808
1777946400,7298.25,7300.25,7297,7297.5,1954
1777947300,7297.75,7301.75,7297.5,7301.5,2018
1777948200,7301.5,7303.5,7301,7302.5,2988
1777949100,7302.5,7302.75,7296.25,7298.75,4207
1777950000,7298.75,7302.25,7298.25,7302.25,1596
1777950900,7302.25,7304.25,7301.75,7303.25,1628
1777951800,7303.25,7303.5,7302,7302.25,894
1777952700,7302.25,7304.25,7302.25,7303.25,858
1777953600,7303,7306.25,7303,7303.75,1859
1777954500,7304,7304,7302.5,7303,865
1777955400,7302.75,7303.5,7301.25,7302.5,1081
1777956300,7302.5,7305.75,7302.25,7302.25,1763
1777957200,7302.25,7303.5,7300.5,7302.75,1437
1777958100,7302.5,7304.5,7302,7302.25,1041
1777959000,7302.5,7306.25,7300.75,7305,2664
1777959900,7304.75,7306.75,7304.25,7306.25,1336
1777960800,7306.25,7310,7303.25,7303.5,4583
1777961700,7303.75,7304.25,7298.5,7300.5,3023
1777962600,7300.25,7308.25,7300.25,7307,4677
1777963500,7307,7311,7306,7310,2977
1777964400,7310.25,7314.5,7309.25,7313.25,4550
1777965300,7313.25,7314.5,7310.25,7311,2585
1777966200,7311,7319.25,7310.25,7312.75,5961
1777967100,7312.75,7314,7308.25,7310,2850
1777968000,7310,7318.75,7309.5,7317.75,3916
1777968900,7317.5,7320.25,7315.5,7316.25,3217
1777969800,7316.5,7318.5,7315.25,7317.5,2628
1777970700,7317,7319.25,7315.75,7317,2976
1777971600,7317,7317.75,7312.25,7315,3520
1777972500,7315,7316.5,7313,7315.5,1611
1777973400,7315.5,7319,7315.25,7317.5,2319
1777974300,7317.5,7320.25,7316.25,7318.25,2284
1777975200,7317.75,7319.5,7315.5,7317.5,2171
1777976100,7317.5,7319,7316.5,7318.25,1385
1777977000,7318.5,7324.25,7316,7316,7413
1777977900,7316,7318.5,7315.25,7317.75,2055
1777978800,7318,7319,7311.25,7313.25,5881
1777979700,7313.25,7319,7311,7317.5,5398
1777980600,7317.5,7321,7316.75,7320.5,3159
1777981500,7320.75,7321.75,7319.5,7321,2967
1777982400,7320.75,7329.5,7318.5,7328.75,10688
1777983300,7329,7331.75,7325.5,7327.5,7770
1777984200,7327.75,7328.75,7323.5,7324,4098
1777985100,7324.25,7325.5,7322.75,7324.25,3433
1777986000,7324.25,7331.25,7324,7328.5,7150
1777986900,7328.5,7330.25,7325,7329.75,9505
1777987800,7329.75,7336.5,7326.75,7333.5,48832
1777988700,7334,7339.75,7332.5,7337.25,37374
1777989600,7337.5,7346,7333,7334.75,53284
1777990500,7335,7349,7329,7345,70471
1777991400,7345,7346,7337.25,7339,31043
1777992300,7338.75,7343.5,7335.5,7343,24418
1777993200,7343,7348.25,7341.75,7347.25,24033
1777994100,7347.25,7348.25,7343,7346.75,16690
1777995000,7346.75,7347.25,7341,7343,16281
1777995900,7343.25,7346,7341.25,7342.25,13350
1777996800,7342.25,7347.75,7341.5,7346.5,12266
1777997700,7346.5,7351.25,7342.5,7347.5,20609
1777998600,7347.5,7348.5,7344.25,7346,11848
1777999500,7346,7349.25,7345.25,7346.5,7883
1778000400,7346.75,7347.75,7342.75,7344.5,9713
1778001300,7344.5,7350.25,7344.25,7350,11818
1778002200,7350,7352.25,7348.75,7350,11146
1778003100,7350.25,7354,7350,7351.75,9813
1778004000,7352,7358.5,7351.5,7358,13744
1778004900,7357.75,7358.75,7356,7356.5,10622
1778005800,7356.25,7357,7352.75,7354,10340
1778006700,7354.5,7356.5,7353,7355,9421
1778007600,7355,7362,7354.75,7359.25,15521
1778008500,7359.25,7362.5,7357.5,7359,11897
1778009400,7359,7361,7356.5,7359.5,12517
1778010300,7359.5,7360,7345,7349.25,46289
1778011200,7349.25,7353.25,7348.25,7352.75,9103
1778012100,7352.75,7366.75,7347.75,7364.75,14133
1778013000,7364.5,7364.5,7357.75,7358.25,5972
1778013900,7358.25,7359.75,7355.25,7358.25,5011
1778018400,7365.5,7365.5,7356.5,7357.25,3921
1778019300,7357.5,7359.5,7356,7359,2199
1778020200,7359,7362.25,7358.25,7361.5,2511
1778021100,7361.5,7384.75,7361,7379.25,23164
1778022000,7379.25,7381.75,7374.75,7381.25,7927
1778022900,7381.25,7381.75,7375.75,7376.25,5314
1778023800,7376.25,7379,7376,7376.5,3296
1778024700,7376.5,7378.25,7375.75,7376.75,2329
1778025600,7376.75,7378.5,7370.25,7370.75,8115
1778026500,7370.75,7371,7363.5,7364,8557
1778027400,7363.75,7367.25,7363.5,7365,4312
1778028300,7365,7366.75,7361.75,7366,4391
1778029200,7366,7370,7365,7369,4088
1778030100,7369,7371,7367,7368,3270
1778031000,7367.75,7370.75,7366,7370.5,3156
1778031900,7370.75,7372.75,7367.75,7370.5,3000
1778032800,7370.25,7370.75,7366.5,7369,3072
1778033700,7368.75,7370.5,7366.5,7366.75,2015
1778034600,7366.5,7368.25,7364.75,7366.25,1919
1778035500,7366,7367.75,7365.75,7366.5,1570
1778036400,7366.75,7369.75,7365.5,7369.25,1980
1778037300,7369.25,7371,7367.75,7370.5,1992
1778038200,7370.75,7373.75,7370.5,7371.75,2665
1778039100,7371.75,7371.75,7369.25,7370.5,1371
1778040000,7370.25,7371.25,7369.25,7370,1128
1778040900,7370.75,7372.5,7369.75,7371.5,1355
1778041800,7371.75,7372.5,7369,7370.5,1648
1778042700,7370.5,7373,7370.25,7371.25,1418
1778043600,7371,7373,7370,7371.75,1483
1778044500,7371.5,7372.5,7369.25,7371.5,1452
1778045400,7371.5,7372,7369.75,7371.25,1265
1778046300,7371,7375.25,7371,7374,2207
1778047200,7374,7377.25,7371.75,7372.75,3349
1778048100,7372.75,7374,7371,7372,1977
1778049000,7371.75,7373.5,7366.25,7371.25,5644
1778049900,7371,7372.5,7368.25,7372.25,1793
1778050800,7372.25,7373.75,7369.25,7369.75,3319
1778051700,7369.75,7372.25,7369.5,7371.25,1680
1778052600,7371.25,7371.75,7369,7371.25,1516
1778053500,7371.25,7374.25,7370.75,7373.25,2277
1778054400,7373.5,7374.75,7370.25,7371.25,5374
1778055300,7371,7371.5,7367.75,7369.75,2171
1778056200,7369.5,7373.5,7368.5,7372.25,1920
1778057100,7372.5,7405.75,7372.5,7397.75,34304
1778058000,7397.75,7402.5,7385.5,7392.5,11664
1778058900,7392.5,7398.75,7392,7395.5,7343
1778059800,7395.25,7404.25,7393.75,7402.75,9104
1778060700,7402.5,7405.5,7399.25,7404.25,5294
1778061600,7404.5,7410.5,7402.75,7404.75,8671
1778062500,7404.5,7414,7404,7413,8508
1778063400,7413.25,7421.25,7412.5,7419.75,9486
1778064300,7419.75,7426.25,7413.75,7420.5,18088
1778065200,7420.5,7428.25,7418.5,7424.5,14519
1778066100,7424.25,7426.5,7418.25,7419,8630
1778067000,7419.25,7423.25,7412.25,7412.75,13794
1778067900,7413,7414.5,7407,7410.5,13361
1778068800,7410.75,7411.25,7394.75,7396.25,21573
1778069700,7396.25,7408.25,7389.75,7405.75,16568
1778070600,7406,7406.75,7401.25,7402.5,7495
1778071500,7402.75,7405.25,7397.25,7401,7460
1778072400,7401,7402,7391,7397.25,23122
1778073300,7397.25,7400.5,7392,7393.5,16032
1778074200,7393.5,7407.25,7389.75,7403.5,61291
1778075100,7403.5,7410,7393.75,7408.5,54022
1778076000,7408.5,7414.25,7398.75,7412.75,55870
1778076900,7412.75,7419,7407.5,7412.5,45864
1778077800,7412.5,7431.5,7412,7430.5,54248
1778078700,7430.75,7434.5,7426.75,7433.75,32453
1778079600,7433.75,7437.25,7426,7429.25,35941
1778080500,7429.5,7436,7427.5,7432.5,23237
1778081400,7432.5,7433.75,7421.25,7425.25,34645
1778082300,7425.25,7431,7423.5,7428,22667
1778083200,7428,7431.75,7426.25,7430.75,15128
1778084100,7431,7432.25,7428.75,7429.25,10236
1778085000,7429.25,7430.25,7426.75,7427.5,11380
1778085900,7428,7428.25,7417,7421.5,29723
1778086800,7421.75,7429.25,7418.5,7427.25,19148
1778087700,7427,7430,7425.5,7428.75,10702
1778088600,7428.5,7430.75,7427.25,7430.75,10697
1778089500,7430.75,7433.5,7429.75,7433.5,9665
1778090400,7433.25,7438.25,7432.25,7437,17048
1778091300,7437,7444.25,7437,7442.5,18468
1778092200,7442.5,7447,7441,7442.25,19389
1778093100,7442.5,7443.75,7439.25,7441.5,16545
1778094000,7441.75,7450.5,7441.5,7450,20010
1778094900,7450,7452.5,7448.25,7450.75,16291
1778095800,7450.75,7452.5,7447.75,7449.25,15231
1778096700,7449.25,7458.25,7448.25,7449.25,55594
1778097600,7449.25,7458.25,7447.25,7456.5,20395
1778098500,7456.75,7457.5,7452.25,7455.25,6389
1778099400,7455.25,7455.75,7449.5,7450.25,6509
1778100300,7450.25,7450.5,7447,7449.25,4407
1778104800,7444,7446.25,7440.5,7443.25,4707
1778105700,7443,7445.25,7439.5,7440.25,3278
1778106600,7440,7442.5,7439.5,7442.25,1898
1778107500,7442,7442.5,7440.5,7441.25,1206
1778108400,7441.5,7444,7440.5,7442.75,2091
1778109300,7442.75,7444.25,7441.25,7442.25,1717
1778110200,7442.25,7443,7440.75,7442.25,1608
1778111100,7442.5,7445,7440,7442.25,3798
1778112000,7442.25,7447.5,7441.25,7445.5,6016
1778112900,7445.5,7446.25,7440.75,7443,3804
1778113800,7442.75,7445.5,7441.5,7445.25,2319
1778114700,7445.5,7448,7444.75,7447.75,2742
1778115600,7447.25,7448.5,7443.5,7447,3959
1778116500,7447.25,7449,7447,7448.5,2152
1778117400,7448.25,7452.25,7448,7451.75,3546
1778118300,7451.5,7455.75,7451,7452.75,4072
1778119200,7452.75,7454,7445.75,7446,4167
1778120100,7446,7450.75,7445.75,7450.5,3145
1778121000,7450.75,7451.75,7448,7449,2193
1778121900,7449,7452,7449,7451,1354
1778122800,7451,7451.25,7449.25,7450.5,1287
1778123700,7450.25,7453.25,7449.5,7452,2153
1778124600,7452,7454,7452,7453.75,1134
1778125500,7453.75,7454.75,7452.5,7453,1328
1778126400,7453,7454.75,7452,7454.25,1393
1778127300,7454.25,7456.75,7454.25,7455.75,2142
1778128200,7455.75,7456.75,7454.25,7455.25,1133
1778129100,7455,7457,7454.25,7455.75,1205
1778130000,7456,7457.5,7454.75,7457,1877
1778130900,7456.75,7457,7454.5,7455,1248
1778131800,7455.25,7458.25,7455.25,7457.5,1843
1778132700,7457.25,7457.75,7456,7456.5,1030
1778133600,7456.25,7458,7453,7453.25,2158
1778134500,7453.25,7458.25,7452.75,7456.75,2020
1778135400,7456.5,7465.5,7455.5,7464,6243
1778136300,7464,7464,7459.25,7461.5,2702
1778137200,7461.75,7472,7458,7471.75,11365
1778138100,7472,7473.25,7462.5,7464.5,6710
1778139000,7464.25,7468.5,7463.5,7466,3725
1778139900,7466,7466.25,7461.5,7464.5,2653
1778140800,7464.5,7471,7462.75,7464.5,5441
1778141700,7464.75,7465,7456.5,7460.75,7238
1778142600,7460.5,7462.5,7458.25,7458.75,3771
1778143500,7458.75,7461.75,7456,7457.75,3299
1778144400,7458,7459,7454.75,7457.5,3411
1778145300,7457.75,7462,7457.5,7459.25,3105
1778146200,7459,7460.5,7457.5,7458.25,2506
1778147100,7458.5,7461.75,7454.25,7456.75,3560
1778148000,7456.25,7457.25,7452.25,7456,3959
1778148900,7456,7459.5,7454,7457.25,2752
1778149800,7457.5,7461.25,7456.25,7460.5,3397
1778150700,7460.75,7461,7457.25,7457.75,2393
1778151600,7458,7461.75,7458,7459,4625
1778152500,7459.25,7459.5,7455.5,7456.25,4740
1778153400,7456.25,7460.75,7455.25,7458.75,3791
1778154300,7458.5,7460.5,7455.75,7459.25,3678
1778155200,7459,7464.5,7457.75,7464,5426
1778156100,7463.75,7464.5,7459,7463,5928
1778157000,7463.25,7465.5,7461.25,7464.5,4973
1778157900,7464.5,7465.25,7461,7464.25,3978
1778158800,7464.25,7464.75,7458.25,7459.75,7929
1778159700,7460,7464.75,7459.75,7462,12107
1778160600,7461.75,7462.75,7452.75,7453.5,49727
1778161500,7453.5,7455.5,7446.25,7450.25,59391
1778162400,7450,7460,7449.75,7456,48908
1778163300,7455.75,7461.5,7451.25,7456.25,45888
1778164200,7456.5,7464.25,7455.5,7462.75,33152
1778165100,7462.75,7472,7460.75,7472,37535
1778166000,7472,7472.5,7462.75,7464,36006
1778166900,7463.75,7467,7453.5,7460.25,46575
1778167800,7460,7467.25,7459.25,7463.75,28479
1778168700,7463.75,7465,7448.5,7450.5,37712
1778169600,7450.5,7451.25,7436.5,7437.75,59529
1778170500,7437.75,7444.75,7428,7444.5,66691
1778171400,7444.5,7449,7435.75,7438.5,37181
1778172300,7438.75,7439.5,7426.5,7431,35268
1778173200,7431,7437.25,7427.25,7430.5,34327
1778174100,7430.5,7436.5,7408,7416.75,96898
1778175000,7417,7427.75,7412.25,7418.25,55686
1778175900,7418.25,7428.5,7412,7427.75,49618
1778176800,7428,7432.25,7421,7427,40229
1778177700,7427.25,7433,7422.25,7423.5,25754
1778178600,7423.5,7430.25,7410,7413.75,38605
1778179500,7413.75,7422.75,7408,7422.25,54027
1778180400,7422.25,7426.25,7417.25,7423,26470
1778181300,7423,7424.5,7410.75,7416.5,40554
1778182200,7416.25,7426,7415,7424,21890
1778183100,7424,7430,7417.25,7426.75,59985
1778184000,7427,7441.25,7417.25,7432,40172
1778184900,7432,7433.75,7428.75,7431,4826
1778185800,7431.25,7433,7414.5,7422.5,14598
1778186700,7422.75,7424.25,7413.75,7415.5,6947
1778191200,7402.75,7415.75,7399.5,7412.25,10202
1778192100,7412.25,7421.5,7409.75,7419.5,9864
1778193000,7419.5,7420.25,7408.25,7414,6845
1778193900,7414,7414.75,7410,7412,2659
1778194800,7412,7415.5,7410.75,7414,3206
1778195700,7414.5,7417.5,7413.75,7417,1985
1778196600,7417,7419.25,7415.25,7419,2196
1778197500,7419,7425.5,7417.25,7425.5,3890
1778198400,7425.5,7435,7425.5,7433,8501
1778199300,7432.75,7433,7428,7430,4308
1778200200,7430,7434.25,7428.75,7433.5,2932
1778201100,7433.75,7435.5,7430,7435.25,2857
1778202000,7435,7440.75,7435,7439.5,5359
1778202900,7439.5,7442,7437.5,7439.5,3055
1778203800,7439.5,7440.75,7437.75,7440,2445
1778204700,7439.75,7442.5,7438.25,7438.75,3183
1778205600,7439,7440,7436.75,7439,2618
1778206500,7438.75,7439,7434.75,7437.75,3195
1778207400,7437.75,7439,7429.5,7435.75,5819
1778208300,7436,7442,7436,7437,2882
1778209200,7437.25,7439.25,7436,7438,1500
1778210100,7438,7439,7436.5,7438.25,878
1778211000,7438.25,7442.25,7437.5,7439,2602
1778211900,7439,7441.5,7437.5,7440.75,1299
1778212800,7440.5,7442.25,7439.25,7439.75,1347
1778213700,7439.75,7441.75,7437.75,7440.5,1533
1778214600,7440.5,7441.5,7437.75,7438.75,1062
1778215500,7438.75,7444.75,7438.25,7441.75,2551
1778216400,7442,7444,7441.25,7442.75,1583
1778217300,7443,7444.5,7442.5,7444.25,1107
1778218200,7444.25,7447.75,7443.75,7445.75,3313
1778219100,7446,7447,7444.5,7445.25,1317
1778220000,7445.25,7449.25,7441.5,7447.5,3083
1778220900,7447.5,7451.25,7446.75,7450,2340
1778221800,7450.25,7450.75,7447,7449.5,2145
1778222700,7449.25,7451.25,7447,7450.75,2207
1778223600,7450.5,7450.5,7442.75,7444.25,5342
1778224500,7444.5,7448.75,7443.5,7447.5,3583
1778225400,7447.5,7448.25,7444.25,7447.25,2132
1778226300,7447.5,7451.25,7446.5,7450,2162
1778227200,7449.75,7455.5,7448.5,7452,4365
1778228100,7452,7456.25,7452,7455,3264
1778229000,7455,7456.25,7453.25,7454,2138
1778229900,7453.75,7457,7453,7456.5,2512
1778230800,7456.5,7462.25,7455.5,7461.75,4423
1778231700,7461.75,7464.5,7460.75,7462.25,3849
1778232600,7462.25,7462.25,7458.75,7459.25,2965
1778233500,7458.75,7459.25,7453,7457.25,4485
1778234400,7457,7459.5,7457,7457.75,2300
1778235300,7458.25,7460.75,7457.75,7458.75,2280
1778236200,7458.75,7462.25,7458,7460.25,2087
1778237100,7460.25,7460.25,7453.25,7458.75,5860
1778238000,7459,7462.5,7459,7461.5,4439
1778238900,7461.75,7463,7459,7462.25,3448
1778239800,7462.25,7463.75,7461.25,7462.25,2307
1778240700,7462,7464.25,7461.5,7462.25,2903
1778241600,7462.25,7463.75,7460.75,7461.5,4643
1778242500,7461.25,7464,7459.25,7463.25,5328
1778243400,7464.25,7475,7462.25,7470.5,17605
1778244300,7470.75,7470.75,7457,7460.75,13280
1778245200,7460.75,7463.25,7451,7455.25,17668
1778246100,7455,7459.5,7453,7458.25,14487
1778247000,7458.25,7463.5,7454.5,7461.75,55634
1778247900,7462,7479.75,7461.75,7476.5,49517
1778248800,7476,7480,7471.75,7477.75,43519
1778249700,7477.75,7485.25,7475,7477.5,42100
1778250600,7477.5,7481.25,7470.75,7481.25,41639
1778251500,7481.25,7484.25,7479.25,7480.25,25899
1778252400,7480.5,7483.25,7474,7475.25,29092
1778253300,7475.25,7479,7469.75,7478.5,34745
1778254200,7478.5,7483.25,7472.5,7477,39983
1778255100,7477,7482.75,7475.75,7478.25,26776
1778256000,7478.25,7484.75,7478.25,7483,23668
1778256900,7483,7487,7481.5,7484.75,17442
1778257800,7485,7485.75,7477.5,7477.5,19191
1778258700,7477.75,7482.75,7477.75,7478.5,16609
1778259600,7478.25,7485.5,7477.25,7481,19705
1778260500,7481,7487.5,7480.75,7486.5,15710
1778261400,7486,7488.75,7482,7482,14714
1778262300,7482.25,7485.25,7480,7481,16131
1778263200,7481,7490.75,7480.75,7487.5,30257
1778264100,7487.25,7489,7485.75,7486.75,10803
1778265000,7486.75,7489.25,7481.5,7481.75,12409
1778265900,7481.75,7482,7470,7473,32326
1778266800,7473,7479.75,7472.75,7477.25,17425
1778267700,7477.25,7481.25,7475.25,7475.5,18927
1778268600,7475.5,7483.25,7474,7482.25,21214
1778269500,7482.5,7484.5,7479.5,7483.75,43128
1778270400,7483.5,7487,7480.75,7483,18075
1778271300,7483,7484.25,7479.75,7483.5,5080
1778272200,7483.5,7484.25,7482,7483.75,3899
1778273100,7483.5,7485,7482,7483.5,4530
1778450400,7466.25,7472.25,7456,7462.25,11345
1778451300,7462.25,7463,7453,7462.25,7846
1778452200,7462.25,7462.5,7457.75,7461,3934
1778453100,7461.25,7468.75,7460.75,7466.75,5751
1778454000,7466.75,7471.5,7465.75,7468.75,5876
1778454900,7469,7471.75,7466,7466.5,3745
1778455800,7466.5,7467.75,7464.25,7466.25,3920
1778456700,7466.5,7467.75,7463.5,7465.25,3692
1778457600,7465.25,7471.25,7465,7470.75,5859
1778458500,7470.5,7473.75,7467.75,7473,5601
1778459400,7473,7475.25,7472.75,7473.75,4137
1778460300,7473.5,7474,7459.5,7465,14489
1778461200,7464.75,7468,7460.25,7467,7735
1778462100,7467,7473,7465.75,7471,4922
1778463000,7471,7471.75,7468,7471,3193
1778463900,7471.25,7474,7470.25,7473.5,3324
1778464800,7473.5,7475.5,7471.75,7474,3635
1778465700,7474.25,7476.25,7472.25,7475.75,2224
1778466600,7475.5,7477,7472.75,7475,2808
1778467500,7475.25,7476,7473.25,7473.5,1780
1778468400,7473.5,7473.75,7470,7473,3743
1778469300,7473,7476,7471.25,7475.5,2309
1778470200,7475.5,7477.75,7474.5,7477.75,2899
1778471100,7477.25,7477.25,7473.5,7473.75,1585
1778472000,7474,7474,7469.25,7472.25,2698
1778472900,7472.25,7475.25,7472,7474,1539
1778473800,7474.25,7474.75,7473.5,7474,702
1778474700,7474,7475.75,7473.25,7475.25,713
1778475600,7475.5,7476.25,7474.25,7475.25,1400
1778476500,7475.5,7477.5,7474.25,7476.25,1552
1778477400,7476.25,7477.5,7472.75,7473.5,1731
1778478300,7473.5,7475.25,7472.5,7473.25,1295
1778479200,7473,7477,7472.75,7476,1806
1778480100,7476,7478.75,7474,7477.5,2080
1778481000,7477.25,7477.75,7472.5,7473.75,2119
1778481900,7473.75,7476.25,7471.5,7475.5,2167
1778482800,7475.5,7476.25,7472.75,7473.25,2816
1778483700,7473.25,7476,7472.5,7474.5,1257
1778484600,7474.25,7477.5,7472.5,7474.75,2218
1778485500,7474.5,7476.75,7474.25,7476.75,1243
1778486400,7476.75,7479.25,7472.25,7475,4246
1778487300,7475,7480.25,7474.75,7474.75,3277
1778488200,7474.75,7477.75,7474.25,7477,2082
1778489100,7477,7479,7476.5,7476.5,1583
1778490000,7476.25,7480.25,7475.25,7477.25,2095
1778490900,7477,7480.75,7476.75,7479,1844
1778491800,7479,7481.75,7478.75,7481.75,2036
1778492700,7481.75,7483,7477.25,7477.5,4025
1778493600,7477.25,7479.25,7476.5,7478.25,2011
1778494500,7478,7479,7476.5,7477.25,1223
1778495400,7477.5,7478,7473.5,7476.25,2583
1778496300,7476.25,7476.75,7473.75,7474.75,1481
1778497200,7474.75,7478.25,7474.5,7476.5,3368
1778498100,7476.5,7480.25,7475.5,7479.5,2555
1778499000,7479.75,7482.75,7477.75,7477.75,4409
1778499900,7478,7478.25,7473,7476.5,4533
1778500800,7476.5,7478.25,7471.5,7472.5,6494
1778501700,7472.75,7474.75,7470.75,7474.25,4728
1778502600,7474,7477,7471.25,7471.25,5545
1778503500,7471.5,7473.5,7465,7471.5,11699
1778504400,7471.25,7475.25,7469,7474.75,6617
1778505300,7474.75,7476.5,7471.5,7472.75,8550
1778506200,7472.75,7492.25,7472.75,7492,67512
1778507100,7491.75,7499.75,7491.5,7495.25,53036
1778508000,7495,7499.25,7493,7498.75,27487
1778508900,7498.75,7504.5,7492.75,7492.75,43975
1778509800,7493,7499.5,7484,7498,65400
1778510700,7498.25,7508.25,7494.75,7505.5,38794
1778511600,7505.25,7506.25,7499,7499.75,21429
1778512500,7500,7509.75,7498.25,7509.5,24201
1778513400,7509.5,7510.75,7505.5,7507.25,27153
1778514300,7507.25,7512.25,7505.75,7510.75,21563
1778515200,7511,7511.75,7508.5,7509.75,10959
1778516100,7510,7513,7508,7512,14817
1778517000,7511.75,7513,7496.5,7505.5,35496
1778517900,7505.25,7507.75,7499,7502,21433
1778518800,7502,7505.5,7498.25,7499,15217
1778519700,7499,7507.5,7497,7506.5,21265
1778520600,7506.5,7515.5,7506.5,7515.25,20371
1778521500,7515.25,7516.5,7510.25,7510.75,15428
1778522400,7510.75,7515.25,7510.5,7512.25,13818
1778523300,7512,7514,7509.25,7512.25,13930
1778524200,7512,7512.25,7504.75,7506.5,17412
1778525100,7506.5,7506.5,7493.75,7494,26998
1778526000,7494,7500.5,7490.5,7496.5,34147
1778526900,7496.25,7496.75,7489.75,7493.75,22236
1778527800,7493.75,7497.5,7490.75,7490.75,19537
1778528700,7490.75,7501.5,7490.25,7501.25,42264
1778529600,7501.25,7502.75,7488.5,7497,21785
1778530500,7497,7498.25,7494,7497,3402
1778531400,7497,7499.25,7496.5,7498,4481
1778532300,7498,7499.25,7495.75,7497.75,3677
1778536800,7497.75,7503.25,7497.25,7503,2853
1778537700,7503,7504.5,7502.25,7503.75,1759
1778538600,7503.5,7505.75,7503.5,7505.5,1409
1778539500,7505.75,7506.25,7503,7503.5,1623
1778540400,7503.75,7504.25,7502.75,7503,1208
1778541300,7503.25,7504.25,7501,7504,2064
1778542200,7503.75,7504,7502,7503,862
1778543100,7503.25,7503.25,7499,7501,2409
1778544000,7501,7501.25,7494.25,7495.5,4633
1778544900,7495.25,7497,7491.25,7494.5,4177
1778545800,7494.25,7497,7491.75,7492.75,3553
1778546700,7493,7494.5,7491.75,7492.5,2127
1778547600,7492.5,7494.5,7491.25,7492.5,2357
1778548500,7492.5,7492.5,7486,7487.25,6785
1778549400,7486.75,7488,7473.5,7479,13576
1778550300,7479,7484.25,7478.5,7481.5,8411
1778551200,7481.75,7491.5,7480,7490.25,6674
1778552100,7490.25,7490.75,7485.75,7488.5,4380
1778553000,7488.25,7489.25,7485.75,7487.25,2213
1778553900,7487.75,7493.25,7487.5,7491.75,3497
1778554800,7491.75,7493,7487.5,7490,2386
1778555700,7489.75,7490.25,7488.25,7489.25,924
1778556600,7489.5,7492.25,7489.5,7491,1112
1778557500,7491,7491.5,7486.75,7488,2136
1778558400,7487.75,7490.25,7487,7487.75,1305
1778559300,7487.5,7490.25,7487.25,7488.5,1143
1778560200,7488.5,7490,7487.75,7489.75,691
1778561100,7489.5,7490,7483.25,7483.25,2684
1778562000,7483.25,7486.25,7481.5,7482.75,2161
1778562900,7482.5,7486.75,7481,7485.5,2062
1778563800,7485.5,7486,7481,7482.5,1488
1778564700,7482.5,7486.5,7482.5,7484,1385
1778565600,7484.25,7485,7480.25,7482.25,2019
1778566500,7482.25,7483.25,7477.5,7478.25,2406
1778567400,7478.5,7479.25,7474.5,7476.5,2472
1778568300,7476.5,7477.5,7470.5,7471.25,3727
1778569200,7471.5,7473,7464.75,7472.25,6824
1778570100,7472.25,7479,7472,7475,4412
1778571000,7475,7479.5,7475,7477.5,2700
1778571900,7477.75,7479.75,7475.75,7478.25,2149
1778572800,7479,7479,7470,7470.25,4906
1778573700,7470,7474,7468,7472.5,4071
1778574600,7472.75,7473.75,7468.75,7469.5,2217
1778575500,7469.5,7472.25,7468.25,7472.25,2770
1778576400,7472,7473.75,7465.75,7471,3938
1778577300,7471,7474,7468.5,7472,2422
1778578200,7472.25,7479,7472.25,7472.5,6589
1778579100,7472.75,7475.75,7471.75,7473.75,2026
1778580000,7474,7478.75,7474,7477.75,2567
1778580900,7477.5,7477.75,7472.5,7475,2426
1778581800,7475,7475.5,7470.25,7472.25,2851
1778582700,7472.5,7474.5,7469.5,7474.5,2962
1778583600,7474.25,7476.25,7464.5,7467.75,13047
1778584500,7467.75,7469,7465.25,7468.5,4684
1778585400,7468.75,7474.25,7468.25,7471.75,4514
1778586300,7471.75,7473.75,7470.25,7470.25,3525
1778587200,7470.5,7471,7464.25,7469.75,7157
1778588100,7470,7470.25,7465.25,7470.25,5303
1778589000,7470.25,7479,7458.5,7476.75,21326
1778589900,7477,7483.25,7476.5,7482,10512
1778590800,7481.75,7483.25,7478.25,7481,11230
1778591700,7481,7481,7475.25,7476.75,13226
1778592600,7476.75,7480,7462.75,7474.75,85170
1778593500,7474.75,7476.5,7456.25,7458.25,83156
1778594400,7458.75,7469,7454,7468.75,72701
1778595300,7468.75,7471.25,7452.75,7456.75,59257
1778596200,7456.75,7459.75,7442.5,7453.75,81569
1778597100,7453.75,7454,7444,7445.25,43412
1778598000,7445.25,7448.25,7439.25,7439.75,49460
1778598900,7440,7440,7425.75,7430.5,63128
1778599800,7430.75,7443.25,7428.75,7443,48279
1778600700,7443,7445.25,7431.25,7432.5,35833
1778601600,7432.5,7442.5,7428.75,7441,35802
1778602500,7441,7441.75,7433.25,7435.25,23317
1778603400,7435,7438,7429.5,7432,28985
1778604300,7431.75,7433.75,7426,7429,30173
1778605200,7429,7441.75,7427.75,7441,31054
1778606100,7441,7458,7440.75,7451.25,43767
1778607000,7451.25,7457.75,7449,7455.5,29975
1778607900,7455.75,7459.75,7451.75,7458.5,26613
1778608800,7458.5,7460.5,7454.5,7458.25,29650
1778609700,7458.5,7472.5,7457.75,7469.25,40445
1778610600,7469.25,7472.25,7466,7469.75,21146
1778611500,7470,7473,7465,7467.5,22707
1778612400,7467.5,7481,7467.25,7478.75,26228
1778613300,7479,7482,7473,7478.5,22080
1778614200,7478.5,7488.5,7478.25,7487.25,25235
1778615100,7487.25,7496.5,7485,7490.5,61946
1778616000,7490.5,7491,7478,7482.5,17125
1778616900,7482.5,7484.5,7478.75,7482,4526
1778617800,7481.75,7483.5,7478.5,7482.25,4336
1778618700,7482.5,7485,7482,7483,3143
1778623200,7483,7487.5,7482.5,7485.25,3263
1778624100,7485.25,7490,7485,7488,2555
1778625000,7487.75,7489.25,7486.75,7487,1398
1778625900,7487.25,7488.5,7484,7484.25,2216
1778626800,7484.25,7485.75,7482,7483.25,4053
1778627700,7482.75,7484.25,7481,7481.75,2182
1778628600,7481.75,7482,7474.75,7475.75,3772
1778629500,7475.5,7479,7474,7474.25,3409
1778630400,7474.25,7479,7472.5,7475,5776
1778631300,7475,7485.75,7474.75,7479.75,6779
1778632200,7480,7484.25,7477.25,7482.5,3630
1778633100,7482.25,7483.75,7478.25,7482.75,2631
1778634000,7482.75,7488.5,7482.25,7487.25,4218
1778634900,7487.5,7489.5,7484.25,7489.5,3652
1778635800,7489.25,7492.25,7487,7491.75,3711
1778636700,7492,7499,7490.75,7491.5,7572
1778637600,7491.25,7493.75,7487.75,7490,4417
1778638500,7490,7494,7489.5,7493.5,2511
1778639400,7493.75,7494.5,7491.5,7492,1718
1778640300,7492.25,7493,7490.75,7492,1762
1778641200,7491.5,7492.25,7488,7488.25,3570
1778642100,7488.5,7493.5,7488.25,7493.5,1994
1778643000,7493.5,7498.5,7493.25,7498,2776
1778643900,7497.75,7498,7495.75,7496.5,1895
1778644800,7496.5,7498.25,7495.75,7497.5,1380
1778645700,7497.5,7498.75,7496.75,7498,1369
1778646600,7498.25,7499.75,7495.75,7498.25,2115
1778647500,7498.25,7501,7498.25,7499.75,2034
1778648400,7499.75,7503.5,7498.25,7501.75,3517
1778649300,7501.5,7504,7500,7502.75,2119
1778650200,7502.75,7503.75,7500.25,7501.25,2075
1778651100,7501.75,7502.25,7500.5,7502,874
1778652000,7501.75,7504,7501,7503.75,1632
1778652900,7504,7506.25,7500.75,7501.5,3194
1778653800,7501.25,7502.5,7500.25,7500.75,1348
1778654700,7500.5,7500.5,7496.75,7500,1940
1778655600,7500.25,7501.5,7496.75,7499.75,2625
1778656500,7499.5,7500.75,7498.75,7500.25,1294
1778657400,7500.25,7507.5,7499.5,7506.75,3272
1778658300,7506.5,7509,7505.25,7507.5,3345
1778659200,7507.75,7514,7506.5,7513.75,6444
1778660100,7513.75,7515.75,7513.25,7514.75,4264
1778661000,7515,7516.5,7514,7514.75,2584
1778661900,7514.75,7515,7508.5,7510,3671
1778662800,7509.75,7510.25,7504,7504.5,3918
1778663700,7504.5,7506.25,7502.75,7504,2747
1778664600,7503.75,7508.5,7501.75,7508,3544
1778665500,7508,7510.25,7506.5,7509.5,1936
1778666400,7509.5,7511.5,7504.5,7506,3050
1778667300,7506.25,7508.5,7504,7504.75,2921
1778668200,7505.25,7506.5,7501.75,7506.25,3013
1778669100,7506.25,7507.75,7503.75,7505,1855
1778670000,7505,7507.5,7501,7503.25,3937
1778670900,7503,7504.5,7500.75,7503.25,2700
1778671800,7503.25,7507,7502.25,7504.75,3390
1778672700,7504.5,7505.5,7502.5,7503.75,2669
1778673600,7503.75,7508.75,7503,7503.25,4594
1778674500,7503.5,7504,7495,7502,9424
1778675400,7501.75,7502.25,7479,7485.5,27324
1778676300,7485.5,7487,7480.5,7483.5,11619
1778677200,7483.75,7494.75,7483.5,7493.75,14910
1778678100,7494,7497.5,7491,7492,14194
1778679000,7491.75,7492,7472,7475.75,79669
1778679900,7475.75,7479.5,7461.5,7475.75,77864
1778680800,7475.75,7483.75,7474.5,7483,46664
1778681700,7482.75,7494.5,7478.25,7490,51741
1778682600,7490,7494,7484.5,7491,42881
1778683500,7491,7497,7487.75,7495.25,29746
1778684400,7495.5,7500.75,7493.75,7496.5,30989
1778685300,7496.5,7500.75,7496,7499.75,20595
1778686200,7499.75,7509.5,7496.25,7508,31219
1778687100,7508.25,7508.5,7502.25,7504.5,25060
1778688000,7504.5,7514.25,7502.25,7513.75,25284
1778688900,7513.75,7527.25,7512,7524.75,44298
1778689800,7524.75,7526,7521.25,7523.5,19798
1778690700,7523.5,7530.25,7521.5,7527.75,24691
1778691600,7528,7536.5,7528,7533.75,20354
1778692500,7533.75,7535.5,7530.25,7533.5,17068
1778693400,7533.25,7534.25,7529,7533.5,15339
1778694300,7533.5,7535,7528.5,7528.75,12387
1778695200,7528.75,7541.25,7528.25,7540.5,22911
1778696100,7540.75,7546.25,7540.75,7542.75,22587
1778697000,7542.75,7542.75,7535.75,7535.75,20445
1778697900,7535.75,7541,7533.25,7533.75,20335
1778698800,7534,7543,7533.75,7543,19615
1778699700,7542.75,7544.75,7537.5,7542.25,18399
1778700600,7542.25,7542.75,7537.5,7542.25,15846
1778701500,7542.25,7543.75,7530.25,7531,50755
1778702400,7531.25,7536.25,7529.25,7535,14645
1778703300,7535,7537.25,7534.5,7536.75,3680
1778704200,7536.75,7540.5,7536.25,7539.25,5793
1778705100,7539,7539.25,7537.25,7538.75,3566
1778709600,7539.75,7541.25,7535.25,7539.25,3130
1778710500,7539.5,7541.75,7536.75,7538.25,2753
1778711400,7538,7540.75,7537.75,7540.75,1303
1778712300,7540.5,7544.25,7540.25,7541.25,3861
1778713200,7541.5,7546.25,7541.5,7545,4259
1778714100,7544.75,7545.25,7541.5,7542.25,2296
1778715000,7542,7543,7539.5,7541,2693
1778715900,7541,7543.5,7539.75,7543,2310
1778716800,7542.75,7543.75,7537.75,7543.5,4438
1778717700,7543.5,7547.75,7542.25,7546.75,5383
1778718600,7547,7551.25,7547,7548.75,4846
1778719500,7549,7551.5,7548.25,7550.25,3489
1778720400,7550,7550.25,7547,7547.75,3035
1778721300,7547.75,7549.25,7544.75,7548.75,4192
1778722200,7548.75,7549.75,7543.25,7545,3200
1778723100,7545,7545.25,7540,7541.25,4166
1778724000,7541.25,7544.25,7540,7542.5,2353
1778724900,7542.5,7544.75,7541.25,7544.25,2161
1778725800,7544.25,7546.5,7543.25,7545.25,1612
1778726700,7545.25,7545.5,7538.75,7541,3277
1778727600,7541,7544.5,7539.75,7543.75,2066
1778728500,7543.75,7545.25,7539.75,7542.75,2606
1778729400,7542.5,7543,7536.25,7537.5,3794
1778730300,7537.5,7538.5,7534.25,7536,2814
1778731200,7536,7538,7533.5,7537.25,2219
1778732100,7537.5,7541,7536.5,7540,1713
1778733000,7540,7542.5,7539.75,7541.5,1616
1778733900,7541.75,7544.25,7539.25,7540,2147
1778734800,7540,7542.25,7538,7538.75,1974
1778735700,7538.75,7540.25,7535.5,7539.25,2149
1778736600,7539.25,7541.25,7537.25,7539.5,1945
1778737500,7539.5,7549,7539.25,7545.5,5934
1778738400,7545.75,7552,7545.5,7549.5,4307
1778739300,7549.5,7551.75,7547.75,7549,2556
1778740200,7549.25,7551.75,7549,7550.5,2218
1778741100,7550.75,7551.25,7547.25,7547.5,2285
1778742000,7547.25,7549.25,7543.5,7546,3453
1778742900,7546,7548,7545.25,7547,1953
1778743800,7547,7551.5,7547,7549.25,2176
1778744700,7549.25,7551,7540.5,7541.75,2551
1778745600,7542,7549,7540.5,7548.75,4372
1778746500,7549,7554.25,7548.75,7550.75,5057
1778747400,7550.75,7553.5,7545.25,7546.25,3439
1778748300,7546.25,7550.75,7544.5,7550.25,2502
1778749200,7550.5,7552.75,7545.25,7548.25,5987
1778750100,7547.75,7548.75,7544.5,7545.75,2304
1778751000,7545.5,7547.25,7537.5,7543.25,5400
1778751900,7543.25,7549,7542,7547.75,2453
1778752800,7547.5,7558.75,7547,7551.75,9645
1778753700,7552,7556.25,7550,7551.75,5277
1778754600,7551.5,7552.75,7545.5,7547.75,3062
1778755500,7548,7555.25,7546.5,7551,4720
1778756400,7550.75,7557.5,7550.5,7556,3451
1778757300,7555.75,7556.5,7547.75,7549,3918
1778758200,7549,7553.25,7549,7552.75,2486
1778759100,7552.75,7557.25,7552.5,7553.5,4165
1778760000,7553.5,7559.25,7553.5,7556.25,5661
1778760900,7556.5,7561.75,7556.25,7558.75,6048
1778761800,7559.25,7559.5,7554.75,7555,6552
1778762700,7554.75,7555.25,7548.75,7552.25,7323
1778763600,7552,7552,7544.25,7547.5,9523
1778764500,7547.5,7549.75,7543,7543.5,13801
1778765400,7543.5,7563,7542.25,7560.75,67864
1778766300,7560.75,7566,7548.75,7550.75,73863
1778767200,7550.75,7563,7549.25,7561.5,49677
1778768100,7561.5,7570.5,7561.25,7566.25,45337
1778769000,7566.25,7577.25,7564,7577,38323
1778769900,7577,7582.75,7577,7578.75,38869
1778770800,7579,7587.5,7578,7587.25,28319
1778771700,7587.5,7595.5,7587.5,7592.25,33519
1778772600,7592.25,7595.5,7589,7594.75,24815
1778773500,7594.75,7600,7592.75,7599.5,20100
1778774400,7599.75,7602.5,7596,7596.5,21331
1778775300,7596.5,7600.5,7585.25,7587,35073
1778776200,7586.75,7590.25,7580.5,7585.25,42007
1778777100,7585.25,7589.25,7578.25,7585.25,34976
1778778000,7585,7590,7576.25,7577.5,30582
1778778900,7577.25,7578.75,7569.5,7576,47402
1778779800,7576,7586.25,7573.5,7584.25,30288
1778780700,7584.25,7589.5,7583.75,7584,20420
1778781600,7584,7585.25,7573.25,7585.25,36205
1778782500,7585.25,7590,7580.5,7582.5,24445
1778783400,7582.5,7588,7580.25,7584.5,17438
1778784300,7584.25,7590.5,7581.75,7590,20052
1778785200,7590,7593.75,7588.5,7591,22383
1778786100,7591,7593.25,7587,7587.25,17406
1778787000,7587.5,7593.75,7586.5,7592,21342
1778787900,7592,7593,7585,7588.5,43415
1778788800,7588.5,7592.5,7588.25,7589.5,12540
1778789700,7589.25,7589.75,7581,7582.25,8391
1778790600,7582,7584.25,7580.75,7582.75,3781
1778791500,7582.75,7585.75,7582.25,7585.5,3526
1778796000,7585,7589.5,7584,7586,3149
1778796900,7586,7586.5,7583,7586.5,1981
1778797800,7586.25,7588.25,7586,7586.75,1255
1778798700,7587,7588.75,7586.25,7586.5,1372
1778799600,7586.5,7589,7586.5,7589,1235
1778800500,7588.75,7589.5,7586.5,7589.25,1478
1778801400,7589.25,7590.75,7588.75,7588.75,1720
1778802300,7589,7589,7581.75,7583.5,4682
1778803200,7583.25,7585.25,7579.5,7584.75,5216
1778804100,7585,7589.25,7584.75,7588.25,3476
1778805000,7588,7588,7575.5,7579.5,6832
1778805900,7579.5,7582,7577.5,7581.5,3234
1778806800,7581.25,7582.5,7575.5,7577,3986
1778807700,7576.75,7577.5,7566,7567,8917
1778808600,7566.75,7570.75,7560.5,7567.25,12632
1778809500,7567,7567.25,7556.75,7557.75,9952
1778810400,7557.75,7562.75,7556.25,7560.25,8574
1778811300,7560.25,7566,7559,7562.5,6090
1778812200,7562.25,7567,7559.75,7566.75,5023
1778813100,7566.75,7574.25,7564.75,7570.5,8742
1778814000,7570.5,7572,7567.75,7570.75,4176
1778814900,7570.75,7571.75,7569,7570.25,1601
1778815800,7570.5,7572,7563.5,7568.5,6494
1778816700,7568.5,7570.25,7566,7567.75,2741
1778817600,7568,7568,7561.75,7566,3371
1778818500,7566.25,7567.5,7562,7562.5,2939
1778819400,7562.5,7564.5,7559.25,7559.75,4309
1778820300,7560,7561.25,7554.5,7556,6142
1778821200,7556.25,7556.5,7548.25,7550.75,8852
1778822100,7550.75,7553.25,7548.5,7551,3533
1778823000,7551.25,7551.5,7539.25,7540,9079
1778823900,7540,7540.5,7528.25,7528.75,10982
1778824800,7528.75,7539.5,7525.75,7538,10150
1778825700,7538,7542,7525.5,7532,10893
1778826600,7532,7545.25,7530.5,7545,10069
1778827500,7544.75,7547,7540.5,7543,6011
1778828400,7543,7549.25,7541.25,7549,5534
1778829300,7549,7550,7544,7547,4779
1778830200,7547.25,7548.25,7536,7538.25,6167
1778831100,7538.25,7538.25,7534.75,7537.25,3974
1778832000,7537.25,7538.5,7522.5,7523.75,10447
1778832900,7523.75,7523.75,7503.25,7505,16620
1778833800,7504.75,7519.75,7498.25,7519.25,14847
1778834700,7519.5,7521,7510.25,7512.5,7269
1778835600,7512.5,7517.25,7508,7509.75,6756
1778836500,7509.75,7512,7502.25,7512,6627
1778837400,7511.75,7513,7504,7506,6706
1778838300,7506,7513.25,7498.75,7507.75,11163
1778839200,7508,7517.75,7504,7517,8721
1778840100,7517.25,7524,7513.75,7515.5,9357
1778841000,7515.75,7521.5,7511.5,7520,8200
1778841900,7520,7533.75,7518,7526.75,22773
1778842800,7527,7531,7519.5,7524,8622
1778843700,7524,7527.25,7518.75,7521.5,6158
1778844600,7521.75,7523,7512,7512.25,7049
1778845500,7512,7520.25,7508.75,7509.25,8167
1778846400,7509,7509.5,7494.5,7494.75,15719
1778847300,7495,7507.75,7493.5,7500.75,14048
1778848200,7500.75,7501.5,7491.25,7494.25,14042
1778849100,7494.25,7503,7493.5,7500.25,10187
1778850000,7500.25,7502.25,7494.75,7501.75,12670
1778850900,7502,7522.75,7500,7522.25,28468
1778851800,7522,7523.25,7489.25,7490.25,96156
1778852700,7490,7513.5,7482.5,7494.75,101893
1778853600,7495,7514.75,7492.75,7514.75,69806
1778854500,7514.5,7530.25,7511,7515,82091
1778855400,7515,7526.25,7514,7523.5,52634
1778856300,7523.75,7524.75,7506.75,7513.25,60229
1778857200,7513,7518,7504.5,7512,48938
1778858100,7512,7521.25,7510.25,7516,32872
1778859000,7516,7523,7501.5,7504.5,49227
1778859900,7504.75,7507.25,7494,7505.75,45630
1778860800,7506.25,7509.75,7499.75,7507.5,33987
1778861700,7507.5,7517.25,7501.75,7516.25,27145
1778862600,7516.5,7519.25,7513.25,7519,20505
1778863500,7519,7520.5,7505.75,7512.75,27794
1778864400,7512.75,7520.75,7509.75,7519.75,18916
1778865300,7520,7533,7516,7529,29377
1778866200,7528.75,7532.25,7524,7527.5,20715
1778867100,7527.75,7533.5,7525.5,7533,16294
1778868000,7533.25,7538.25,7532.25,7533.25,23953
1778868900,7533.25,7534,7518.5,7520.75,39991
1778869800,7521,7521.75,7507.5,7517.5,35313
1778870700,7517.25,7522.25,7512.25,7519.75,19231
1778871600,7519.75,7521,7506.25,7509.25,26012
1778872500,7509.25,7511,7503.75,7505.25,22440
1778873400,7505,7512,7503,7504,24430
1778874300,7504,7508.25,7489.5,7495,63729
1778875200,7494.75,7495.5,7472,7482.5,28496
1778876100,7482.25,7485.25,7474.25,7480.25,9202
1778877000,7480,7482.75,7478,7479.5,5042
1778877900,7479.5,7483.5,7477.75,7480.5,4239
1779055200,7472.75,7497.75,7471,7493.25,13685
1779056100,7493.5,7494.75,7484.75,7489.25,9435
1779057000,7489.5,7494.25,7485.75,7492.25,6880
1779057900,7492.75,7494.5,7486.5,7492,5213
1779058800,7492,7493,7482.5,7485,8529
1779059700,7484.75,7484.75,7474.25,7477.25,10955
1779060600,7477,7481,7460.25,7474.75,16546
1779061500,7474.75,7480,7469.75,7473.75,13966
1779062400,7473.5,7477.75,7444,7456.5,33429
1779063300,7456.5,7465,7454,7458,16780
1779064200,7458,7461,7448.25,7448.5,13411
1779065100,7448.5,7460.75,7447.25,7460,10797
1779066000,7459.75,7462.25,7444.25,7444.75,10712
1779066900,7444.5,7449,7440.25,7441.5,15033
1779067800,7441.5,7446,7437.5,7445.5,10837
1779068700,7445.5,7455,7443.5,7450,9934
1779069600,7450,7453.25,7445.25,7451.5,7094
1779070500,7451.75,7455.5,7450,7454.25,6059
1779071400,7454.25,7455.5,7449,7449.5,4363
1779072300,7449.5,7449.75,7441,7444.25,6639
1779073200,7444.5,7451,7443.75,7444.75,5657
1779074100,7445,7449.25,7443.25,7447.5,3897
1779075000,7447.5,7451,7440.25,7449.75,7025
1779075900,7449.75,7450,7445.75,7448,2750
1779076800,7448,7455,7447.5,7453,4893
1779077700,7452.75,7456,7442.25,7443.5,6180
1779078600,7443.25,7450,7441.5,7448.75,4425
1779079500,7448.75,7451.25,7443.5,7447.25,3060
1779080400,7447.25,7455,7445.75,7449.75,3932
1779081300,7449.5,7451,7442,7449.75,4660
1779082200,7449.75,7455,7447,7451.75,6229
1779083100,7451.25,7454.75,7447,7447.75,3890
1779084000,7447.25,7450.75,7444.5,7448.25,4743
1779084900,7448.25,7452.25,7441.5,7442.25,5368
1779085800,7442.25,7451.75,7438.75,7451.75,7794
1779086700,7451.75,7457.75,7450.5,7457.5,6526
1779087600,7457.5,7463.5,7453,7454.25,8566
1779088500,7454,7466.25,7447.25,7465.75,9530
1779089400,7465.25,7470.25,7449,7451.75,11769
1779090300,7451.75,7460.75,7450.75,7459,7489
1779091200,7459,7469.5,7459,7466,7615
1779092100,7466,7476.75,7463,7476,6773
1779093000,7476,7479,7468.5,7469.75,5974
1779093900,7469.75,7479.5,7469.5,7479,4851
1779094800,7478.75,7480.25,7470.5,7471,3850
1779095700,7470.75,7474.75,7468,7471.25,3471
1779096600,7471.25,7474.25,7469.25,7473.75,3237
1779097500,7474,7475.25,7468.75,7472.75,4846
1779098400,7473.5,7474.25,7459.75,7464.25,7508
1779099300,7464.5,7467.25,7462.75,7465.25,3108
1779100200,7465,7466,7456.5,7462.75,5963
1779101100,7462.75,7467.5,7460.5,7461.5,3401
1779102000,7461.5,7463.25,7448.75,7461.75,12965
1779102900,7462,7465.5,7459.5,7460,5013
1779103800,7460,7495.5,7459.5,7488.75,33967
1779104700,7488.75,7489.25,7472,7476.75,12200
1779105600,7476.75,7485.5,7475.75,7482.25,7760
1779106500,7482,7485,7477.5,7483.25,8439
1779107400,7483,7506,7480.25,7505,21429
1779108300,7504.75,7515.75,7504,7512.5,23758
1779109200,7512.5,7515,7503,7505.75,27890
1779110100,7505.75,7506.75,7500.5,7500.75,15649
1779111000,7500.75,7503.25,7482,7482.5,87671
1779111900,7482.75,7516.75,7477.75,7508.5,94030
1779112800,7508.25,7509.5,7488.25,7501.75,89582
1779113700,7501.75,7510.75,7494.75,7497.75,57099
1779114600,7497.5,7500.75,7466.75,7485.5,94321
1779115500,7485.5,7490.5,7475.25,7485.5,53759
1779116400,7485.5,7493,7467.5,7475,80597
1779117300,7474.75,7476.75,7457.5,7458.5,54342
1779118200,7458.75,7476.5,7454,7464.75,49304
1779119100,7464.75,7474.5,7462,7465.5,31553
1779120000,7465.5,7471.75,7459.25,7471.75,30983
1779120900,7471.5,7481.5,7447.25,7450.75,60482
1779121800,7450.5,7463.5,7444.25,7453.75,44484
1779122700,7453.75,7476,7453.5,7467.5,38425
1779123600,7467.25,7476.75,7461.5,7469.75,32913
1779124500,7470,7476.75,7468,7476,20030
1779125400,7476,7476.5,7464.5,7470.25,24453
1779126300,7470.5,7475.75,7465.75,7472.75,17890
1779127200,7472.75,7473.75,7452.5,7452.75,32097
1779128100,7452.75,7453.75,7439,7449.25,46087
1779129000,7449.5,7454,7441.75,7448.25,27850
1779129900,7448,7449.75,7435.25,7439,36123
1779130800,7439,7483,7438.25,7463.25,95364
1779131700,7463.25,7467.75,7448.75,7457.75,31714
1779132600,7457.75,7481.5,7455.25,7481,29840
1779133500,7480.75,7490.5,7478.25,7489,44254
1779134400,7488.75,7491,7479.5,7484.25,11200
1779135300,7484.25,7486,7481.5,7484.25,2854
1779136200,7484.25,7487.25,7482,7486.75,3580
1779137100,7486.5,7487.75,7482.25,7483,3356
1779141600,7485.5,7494.5,7483.75,7490.75,6141
1779142500,7490.25,7500,7490,7498,5143
1779143400,7498,7500.75,7497,7497.5,3530
1779144300,7497.25,7497.5,7493.5,7496.75,3019
1779145200,7497,7501.5,7496.5,7498,5059
1779146100,7497.75,7499,7495.25,7497.5,2273
1779147000,7497.5,7498,7494.75,7497,1935
1779147900,7496.75,7497,7489,7491.75,4492
1779148800,7491.75,7496.75,7485.5,7492,9910
1779149700,7492.25,7503.25,7487.5,7498.5,8757
1779150600,7498.5,7500.5,7489.5,7493,5303
1779151500,7493,7495.5,7485.5,7486.5,4527
1779152400,7486.5,7489.25,7481,7484.75,6276
1779153300,7485.25,7486,7473.75,7479,6625
1779154200,7479.25,7488.25,7475.25,7486.5,5829
1779155100,7486.75,7488.25,7478.75,7479.25,3768
1779156000,7479,7479.25,7465.25,7471,9322
1779156900,7471,7476.75,7466.75,7474,4928
1779157800,7473.75,7477,7472,7477,3091
1779158700,7477,7479,7472.25,7473.25,3482
1779159600,7473.25,7478.25,7468.5,7476.5,3481
1779160500,7477,7481.25,7475.25,7480.5,2198
1779161400,7480.5,7485,7479.5,7480.25,3042
1779162300,7480,7480.25,7474,7475.25,3186
1779163200,7475.25,7475.25,7465.5,7469,5089
1779164100,7469.25,7469.5,7459.5,7463.5,5341
1779165000,7463.5,7471.25,7462.75,7466.5,3798
1779165900,7466.5,7469.5,7462.5,7467.25,2923
1779166800,7467.5,7469.75,7462.75,7466.75,3117
1779167700,7466.75,7468,7454,7466.25,5971
1779168600,7466.5,7469,7460.25,7462.25,3764
1779169500,7462.25,7466.25,7461.25,7464.5,2620
1779170400,7464.5,7469.75,7459,7469.75,5768
1779171300,7469.5,7474.75,7466,7472.25,4763
1779172200,7472,7479.25,7469.75,7478.25,4156
1779173100,7478.25,7478.25,7473.5,7476.25,2908
1779174000,7476.25,7488.5,7473.25,7483.25,6318
1779174900,7483.25,7484.25,7480,7482.75,2964
1779175800,7482.5,7490,7478.75,7487,4046
1779176700,7487,7495.5,7486.25,7492.25,5282
1779177600,7492,7493.75,7476.75,7480.75,6451
1779178500,7480.75,7483,7469.25,7472.75,6346
1779179400,7473,7478,7471.75,7476.5,3246
1779180300,7476.75,7480.25,7475,7475.25,2630
1779181200,7475.5,7475.5,7468.75,7469.75,3277
1779182100,7469.25,7469.75,7456.75,7458.75,6490
1779183000,7458.75,7461.25,7446.5,7447.25,8577
1779183900,7447.25,7463,7446.5,7460.5,5652
1779184800,7460.5,7462.5,7455.25,7460,4698
1779185700,7460,7461,7456.5,7458.5,2826
1779186600,7458.75,7464,7447.25,7449.75,11765
1779187500,7449.75,7463.75,7446.75,7462.25,12278
1779188400,7462.25,7467.75,7460.75,7461.5,7397
1779189300,7461.5,7464,7457.25,7460.5,5470
1779190200,7460.75,7465.75,7457.5,7458.5,5100
1779191100,7458.25,7460,7451.25,7451.25,6850
1779192000,7451.5,7459.75,7448.25,7458.25,8998
1779192900,7458.25,7458.75,7452.5,7457.25,7309
1779193800,7457,7467.25,7455.75,7463.25,8432
1779194700,7463.25,7467.25,7461.5,7463.75,5548
1779195600,7463.5,7465.75,7448.75,7457,20981
1779196500,7457.25,7457.5,7442.75,7449.25,31017
1779197400,7449.25,7458.5,7435.75,7437.5,114402
1779198300,7437.5,7464.5,7432.25,7455,107461
1779199200,7455,7455.5,7429.25,7430.75,109946
1779200100,7430.5,7433,7418.75,7425.75,81141
1779201000,7425.75,7436.25,7421.5,7429,67222
1779201900,7429,7433.5,7416.25,7433.25,57408
1779202800,7433,7438.75,7428,7437,46961
1779203700,7437.25,7441.25,7418,7423.75,51256
1779204600,7423.75,7441,7421.5,7437,45930
1779205500,7437,7441,7426.75,7431.5,33097
1779206400,7431.5,7441.75,7424.25,7429.5,36590
1779207300,7429.5,7449,7429,7446.5,39226
1779208200,7446.5,7456,7444.75,7455.75,34027
1779209100,7455.75,7464.5,7453.75,7462.75,29145
1779210000,7462.75,7471.75,7460.75,7470,27965
1779210900,7470.25,7477.75,7469,7471.5,32922
1779211800,7471.25,7477.25,7468.5,7472.5,28129
1779212700,7472.75,7473,7461.5,7469.25,31945
1779213600,7469.25,7474.25,7467.25,7471,21835
1779214500,7471,7472.5,7459.25,7460,34227
1779215400,7460,7464.75,7456.25,7459.75,27417
1779216300,7459.5,7460,7443,7445.5,33517
1779217200,7445.25,7462,7444.75,7461.5,32576
1779218100,7461.75,7463,7439.75,7449,36659
1779219000,7449,7451.75,7438.75,7440,26959
1779219900,7440,7442.25,7427.5,7440,62054
1779220800,7440.25,7440.75,7432,7437.25,13217
1779221700,7437.25,7438.5,7434.5,7435.5,3990
1779222600,7436,7436,7433.5,7435,2428
1779223500,7435.25,7436.25,7433.25,7435,2868
1779228000,7440.25,7442.75,7435.75,7438.25,3871
1779228900,7438.25,7438.75,7430.25,7431.75,4176
1779229800,7432,7437.25,7430.25,7433,4164
1779230700,7433,7438.5,7431,7437.5,3059
1779231600,7437.5,7444,7436.25,7443.25,3251
1779232500,7443,7447.5,7442,7446.25,4153
1779233400,7446.25,7456.5,7446.25,7450.25,7463
1779234300,7450.5,7451,7443.75,7444.5,4117
1779235200,7444,7444,7422,7425.25,14973
1779236100,7425.25,7433.5,7418.5,7433.25,13564
1779237000,7433.5,7442.25,7431.25,7436.5,12804
1779237900,7436.5,7443.75,7435.25,7438,7870
1779238800,7438,7443,7429.75,7441.75,9254
1779239700,7441.75,7444.5,7429.75,7431.25,6863
1779240600,7431.25,7433.5,7422,7430,9752
1779241500,7429.75,7448.5,7429,7444.25,12604
1779242400,7444.25,7446.25,7441,7445.25,5145
1779243300,7445.25,7449.5,7439.25,7439.25,5187
1779244200,7439,7439.25,7426.25,7426.25,9707
1779245100,7426.5,7430.5,7423.5,7427.25,5228
1779246000,7427.25,7427.5,7419,7419.25,6239
1779246900,7419.25,7427.75,7418.5,7426.25,5550
1779247800,7426.25,7431.25,7422.25,7428.5,4717
1779248700,7428.75,7429.75,7425.5,7428.25,2631
1779249600,7428.25,7435.75,7428.25,7435.25,4241
1779250500,7435.5,7437.25,7431,7434,2457
1779251400,7433.75,7434.5,7426.75,7427.25,3058
1779252300,7427,7429.75,7424.75,7426.5,2002
1779253200,7426.5,7436.75,7426.5,7432.25,3773
1779254100,7432,7437,7428,7432.75,3379
1779255000,7433.25,7443.5,7433.25,7436.25,5990
1779255900,7436.25,7440,7431.75,7439.25,2776
1779256800,7439,7443.25,7438,7442.25,4205
1779257700,7442.25,7451.75,7442.25,7450.25,7476
1779258600,7450.25,7451,7444.5,7445.5,3648
1779259500,7445.5,7452,7445.25,7452,3273
1779260400,7451.75,7453,7448.75,7449.75,4238
1779261300,7450,7455.25,7449.5,7453.75,3362
1779262200,7454,7454.25,7447.5,7452.25,3431
1779263100,7452.25,7453,7447,7447.75,3215
1779264000,7447.75,7456.25,7447.25,7454,7597
1779264900,7454,7459,7450.5,7459,4567
1779265800,7459,7464.25,7457.5,7463,5978
1779266700,7463,7466.25,7459.75,7460.25,3789
1779267600,7460,7461.5,7455.5,7455.5,3779
1779268500,7455.5,7459.5,7454.75,7459.5,2503
1779269400,7459.5,7461.25,7458.75,7460.25,1887
1779270300,7460.25,7468.25,7459,7464.5,5001
1779271200,7464.5,7470.5,7464,7468.5,3797
1779272100,7468.5,7470,7465.75,7467.75,2830
1779273000,7467.75,7474.75,7467,7467.75,6016
1779273900,7467.5,7469.5,7461.75,7463.25,4556
1779274800,7462.75,7466.75,7461.5,7462,4473
1779275700,7462,7467.5,7462,7467.5,3191
1779276600,7467.5,7470.5,7460.75,7464,6949
1779277500,7464,7466,7458,7461.5,6347
1779278400,7461.25,7469,7460,7468.25,4833
1779279300,7468.25,7477,7464.75,7474.75,10270
1779280200,7475.25,7478.75,7470.25,7470.5,8692
1779281100,7470.25,7472.5,7465,7465.25,7368
1779282000,7465,7466.5,7462.75,7464.25,7736
1779282900,7464,7466,7456,7457.25,16042
1779283800,7457.25,7463.25,7443.25,7460.5,80852
1779284700,7460.5,7473.25,7454,7462,72108
1779285600,7462.25,7463.25,7439.25,7454,78809
1779286500,7453.75,7486.5,7452.75,7480.25,116987
1779287400,7480,7491,7475,7484,65836
1779288300,7484,7496,7477,7493.25,49108
1779289200,7493.25,7496.5,7486.75,7489.25,30446
1779290100,7489,7520.5,7489,7494.25,111692
1779291000,7494.25,7505.75,7493.25,7504.75,33422
1779291900,7504.75,7510.75,7500.25,7503.75,33615
1779292800,7504,7506.75,7499.5,7502,22877
1779293700,7502,7502.75,7486.25,7490.75,44773
1779294600,7490.75,7500.5,7486,7500.5,38714
1779295500,7500.5,7501.75,7487.75,7494.75,31607
1779296400,7495.5,7502.25,7488.75,7497.75,27505
1779297300,7497.5,7505,7496.25,7503,21664
1779298200,7503,7508.75,7499.25,7503.75,23192
1779299100,7504,7505,7497.25,7500.25,14542
1779300000,7500,7506,7493.75,7501.75,15776
1779300900,7501.75,7504.25,7497.25,7502,14431
1779301800,7502,7509.75,7498.5,7499,19686
1779302700,7499,7504.5,7497.75,7502.75,15213
1779303600,7502.75,7508.5,7501.25,7506.75,15407
1779304500,7506.5,7511,7505.25,7509.5,13988
1779305400,7509.75,7517,7506.75,7513.5,23518
1779306300,7513.5,7516.25,7507,7514,41297
1779307200,7514,7514.5,7507,7510.5,12511
1779308100,7510.75,7516.25,7491.75,7515,18903
1779309000,7514.75,7516.25,7498.5,7501.25,11816
1779309900,7501.5,7504,7493.75,7495.75,5122
1779314400,7495.75,7495.75,7470,7478.25,15616
1779315300,7478.5,7480.5,7470.5,7478.5,9274
1779316200,7478.5,7481,7477.5,7480,5940
1779317100,7480,7481.75,7477.75,7481.75,4066
1779318000,7481.75,7488.25,7481,7485,4988
1779318900,7485.25,7485.25,7478,7480,4566
1779319800,7480.5,7483,7479.25,7481.25,3176
1779320700,7481.25,7484.75,7479.5,7483.25,3923
1779321600,7483,7484.75,7477.5,7482.75,7992
1779322500,7483.25,7485.5,7475,7481.5,6911
1779323400,7481.25,7485.25,7478.75,7484.5,3830
1779324300,7484.25,7487.25,7482.5,7485,3481
1779325200,7485.25,7494,7485.25,7494,6105
1779326100,7494.25,7496.75,7491.25,7493.25,4589
1779327000,7493.25,7500,7491.25,7498.75,5133
1779327900,7498.75,7499.75,7493,7497.5,4028
1779328800,7497.75,7501.5,7497.5,7500.75,3115
1779329700,7500.75,7507.25,7500.5,7504,4564
1779330600,7504.25,7504.25,7501,7501.5,2597
1779331500,7501.5,7503.25,7498.75,7501,2893
1779332400,7501.25,7505.25,7500.5,7503.5,2262
1779333300,7503.75,7507.75,7502.5,7506.75,2704
1779334200,7506.75,7510.5,7505.5,7510.25,2303
1779335100,7510.25,7510.5,7505.5,7506.25,2219
1779336000,7506.25,7511,7505.75,7510.25,2170
1779336900,7510.5,7514.25,7509.5,7513.25,2407
1779337800,7513.25,7514,7510,7513,2016
1779338700,7513,7516.5,7512.5,7515.75,2059
1779339600,7515.75,7520,7514.75,7515.75,3409
1779340500,7516,7518.5,7512.75,7513.25,2699
1779341400,7513.25,7513.5,7508.75,7510.25,3791
1779342300,7510.25,7510.75,7496.25,7508.5,8408
1779343200,7508.25,7513.75,7506.75,7508.25,3954
1779344100,7508.25,7513.75,7504.25,7510,7434
1779345000,7510,7511.5,7501,7501.5,3816
1779345900,7501.5,7501.75,7495.25,7500.5,5822
1779346800,7500.5,7502.25,7491.25,7493,6087
1779347700,7492.75,7495.75,7488.75,7493,5149
1779348600,7492.75,7497.5,7492.5,7496.75,2783
1779349500,7496.75,7504.25,7494.75,7502.75,4292
1779350400,7503,7524,7502,7523.25,11191
1779351300,7523.5,7532.5,7513.75,7522,12015
1779352200,7521.75,7522.25,7513.5,7517.5,4693
1779353100,7517.5,7518.75,7512.25,7515,5651
1779354000,7514.75,7521.25,7514,7520,6156
1779354900,7519.75,7526.25,7519.5,7524.5,3926
1779355800,7524.5,7526.25,7516,7516.75,4663
1779356700,7516.5,7519.75,7515.25,7517.25,2076
1779357600,7517.25,7520,7513.5,7519.75,3563
1779358500,7520,7521.5,7490,7495.5,20581
1779359400,7495.75,7497,7480.5,7487.5,21417
1779360300,7487.5,7488.75,7477.5,7486,14141
1779361200,7486,7492.25,7481.25,7490.75,9101
1779362100,7490.75,7500.25,7490.5,7495.5,10227
1779363000,7495.75,7498,7490.25,7491.25,5366
1779363900,7491.25,7498.25,7491.25,7492.75,4019
1779364800,7492.5,7495.25,7488,7490,5240
1779365700,7490,7492.5,7484.5,7488,7103
1779366600,7488.25,7499,7485,7487.75,17592
1779367500,7488,7490.5,7480,7482,12346
1779368400,7481.75,7490.75,7480,7484.75,17568
1779369300,7484.75,7486.5,7481.25,7486.25,13007
1779370200,7486.25,7486.75,7472.5,7475.25,75443
1779371100,7475.75,7501.25,7473.25,7498,97637
1779372000,7497.75,7506.25,7492,7494,69659
1779372900,7494,7495.25,7474.25,7485,84473
1779373800,7484.75,7492.75,7479.5,7485.5,52790
1779374700,7485.25,7492.5,7476,7489.25,41653
1779375600,7489.25,7493.75,7470.25,7489.75,77957
1779376500,7489,7493.5,7486.5,7487.75,41330
1779377400,7487.75,7493.25,7477.5,7491,40538
1779378300,7491,7498,7490.75,7492.75,26335
1779379200,7492.5,7499.75,7492,7494.25,32339
1779380100,7494.25,7495,7483.25,7487.75,29183
1779381000,7487.75,7491.5,7483.25,7488.75,21405
1779381900,7489,7491.5,7480.5,7488.75,22667
1779382800,7488.75,7511.75,7488.75,7505,65446
1779383700,7504.75,7530.5,7503.25,7521.5,91188
1779384600,7521.25,7536.5,7519.5,7535.5,36709
1779385500,7535.5,7549.25,7531.5,7537,40246
1779386400,7537,7541.25,7527.25,7528.75,40115
1779387300,7528.75,7536.5,7525.5,7533.25,22116
1779388200,7533.25,7537.25,7529,7535,15751
1779389100,7534.75,7536.5,7500.5,7510.25,71377
1779390000,7510.25,7525.75,7509.75,7525.25,32852
1779390900,7525,7529,7523.75,7527,17867
1779391800,7526.75,7530.25,7520.75,7523.75,17366
1779392700,7523.75,7532.25,7519.25,7527.75,48784
1779393600,7527.75,7532.5,7525.75,7531,9325
1779394500,7530.75,7531,7526.25,7528,3118
1779395400,7528,7530.5,7527.5,7529.75,2076
1779396300,7529.75,7535,7529,7529.75,3183
1779400800,7530,7538.75,7529,7538.25,4915
1779401700,7538,7539.25,7533.5,7535.75,2687
1779402600,7536.25,7537.25,7532.75,7535.25,2447
1779403500,7535.25,7541.5,7535.25,7540.5,3354
1779404400,7540.5,7541.75,7539.5,7540.25,2049
1779405300,7540.25,7541.25,7539,7540,1203
1779406200,7540,7542.5,7538.75,7541,2171
1779407100,7540.75,7546,7540.75,7542,4013
1779408000,7542.5,7547,7539,7543.25,7151
1779408900,7543,7550.5,7542.75,7547,6786
1779409800,7547.25,7551.25,7546.5,7547,3821
1779410700,7547,7549.5,7546.75,7547,2103
1779411600,7546.75,7548,7542.75,7547,5128
1779412500,7547,7547.5,7542.5,7543.75,4177
1779413400,7543.75,7544.25,7536.75,7541.75,6031
1779414300,7541.75,7546.5,7541.25,7543,4656
1779415200,7543,7545.5,7541.5,7544.25,2795
1779416100,7544.5,7546.25,7541,7542,2677
1779417000,7541.75,7547.25,7541.25,7545.5,2305
1779417900,7545.5,7547.5,7543.75,7546,2099
1779418800,7546,7546.5,7542.5,7544,1966
1779419700,7544.25,7546,7543,7545.75,1514
1779420600,7545.75,7549.25,7545.75,7549,2128
1779421500,7549.25,7551.25,7548.75,7551.25,2006
1779422400,7551.25,7555.5,7551.25,7554.5,3165
1779423300,7554.5,7555.75,7553.25,7555.25,1784
1779424200,7555,7555,7551.5,7552.75,2068
1779425100,7552.5,7556.25,7552.5,7555.75,1677
1779426000,7555.75,7557.25,7555,7555.5,2061
1779426900,7555.75,7556.5,7553.25,7555.25,1922
1779427800,7554.75,7556,7552,7554.25,2489
1779428700,7554.25,7555.75,7546.75,7547.75,4457
1779429600,7547.75,7552,7545.75,7552,4727
1779430500,7551.75,7554.5,7549,7552.25,3873
1779431400,7552.25,7557.25,7549.75,7555.25,4034
1779432300,7555.25,7555.75,7550.5,7551.5,2448
1779433200,7551.5,7551.75,7544,7545.5,5428
1779434100,7545.5,7552.25,7545.25,7551.75,3313
1779435000,7551.75,7552,7544.25,7548,4400
1779435900,7548.25,7551.5,7546.25,7551,2614
1779436800,7551.25,7555,7550,7552,4070
1779437700,7552,7563,7551.75,7556.75,8256
1779438600,7556.75,7557.25,7546,7552,10524
1779439500,7552.25,7555.25,7547.25,7548,3690
1779440400,7547.75,7548,7538.25,7539.25,6921
1779441300,7539,7543,7537.25,7539,4008
1779442200,7539.25,7545,7535.5,7544.5,5356
1779443100,7544.5,7548.25,7543,7546,2884
1779444000,7546,7546.25,7540.5,7541.25,3472
1779444900,7541,7542.25,7534.5,7535.5,4560
1779445800,7535.5,7537,7532,7535.25,4373
1779446700,7535,7538.5,7534,7537.5,3070
1779447600,7537.25,7541.25,7535.5,7536.75,4085
1779448500,7536.5,7539,7535,7537.25,2931
1779449400,7537,7542.25,7535,7541.75,3653
1779450300,7541.75,7548.75,7541,7543.5,8915
1779451200,7543.25,7562,7540.75,7558,22514
1779452100,7557.75,7561.5,7548.5,7553.75,23171
1779453000,7553.75,7557.75,7552.75,7556.75,5969
1779453900,7556.75,7566,7556.75,7565.5,9944
1779454800,7565.5,7570.25,7558.5,7565.25,20374
1779455700,7565,7567.75,7557.25,7559.25,19000
1779456600,7559.25,7578.75,7553.5,7571,87530
1779457500,7570.75,7578,7563,7572.25,51288
1779458400,7572.75,7572.75,7549.5,7552.25,63146
1779459300,7552.25,7557.5,7541.25,7553.5,54524
1779460200,7553.75,7562.25,7551,7560.5,36251
1779461100,7560.75,7564.25,7554.25,7562.25,32516
1779462000,7562,7568.5,7561.25,7567,24701
1779462900,7567.25,7576,7565.75,7576,28686
1779463800,7576.25,7578,7571.25,7574.75,27514
1779464700,7574.5,7575.5,7570.25,7573,18159
1779465600,7573.5,7574.75,7568.5,7570.75,20652
1779466500,7570.75,7571,7565.25,7570.75,23120
1779467400,7570.75,7573.25,7565.25,7567,20923
1779468300,7567.25,7572.5,7567,7569.75,15617
1779469200,7569.75,7576,7569.75,7573.25,15394
1779470100,7573.25,7585,7563,7584.75,65140
1779471000,7584.75,7586.5,7574.75,7577.25,38572
1779471900,7577.25,7578,7567.75,7570.5,21243
1779472800,7570.75,7573.75,7565.25,7569,23278
1779473700,7569,7572.75,7566.25,7569.75,12528
1779474600,7569.75,7571.5,7563.25,7570,19939
1779475500,7570.25,7571.5,7566,7567.75,9647
1779476400,7568,7569.25,7558,7560.25,27867
1779477300,7560.5,7561.25,7551.75,7552.25,17686
1779478200,7552.5,7558,7549.25,7553,23579
1779479100,7553.25,7559.5,7546.25,7553.25,36007
1779480000,7553.5,7557.5,7549.75,7556.75,9363
1779480900,7557,7557,7553.5,7554,2419
1779481800,7554.25,7555.75,7547.25,7547.75,7473
1779482700,7548,7550,7544.75,7546.75,3696
1779660000,7581,7594.75,7579.25,7593.25,12160
1779660900,7593.25,7595.25,7589.5,7590.5,5455
1779661800,7591,7597.25,7590.5,7595.25,4929
1779662700,7595,7600.25,7595,7595.5,4882
1779663600,7595.5,7601,7595.5,7600.75,3433
1779664500,7600.75,7601.25,7597.25,7598.25,2318
1779665400,7598.5,7606.75,7598.5,7603,7325
1779666300,7603,7604,7599,7599.75,4136
1779667200,7600,7605.75,7597.5,7604.5,5446
1779668100,7604.5,7607.75,7602,7606,4649
1779669000,7606,7608.25,7605.25,7606.75,3009
1779669900,7606.75,7610.5,7603.5,7605,4538
1779670800,7605,7607.5,7602.75,7607,3454
1779671700,7607.25,7610,7606,7609.5,2668
1779672600,7609.5,7612,7608.75,7610.25,2796
1779673500,7610.25,7610.5,7608,7608.75,1572
1779674400,7609,7611.75,7608.5,7610.5,1598
1779675300,7610.5,7610.5,7607.75,7609,2077
1779676200,7609.25,7610.5,7608.25,7610.5,1384
1779677100,7610.5,7615,7610.25,7614.5,3779
1779678000,7614.5,7621,7614.5,7618,6952
1779678900,7618.25,7622,7617.5,7618.75,3386
1779679800,7619,7621.25,7618.5,7619,1821
1779680700,7619.25,7620,7617.75,7618,1099
1779681600,7618.25,7620.75,7618.25,7620.25,940
1779682500,7620.25,7621,7619.5,7620.25,623
1779683400,7620,7620.5,7618.5,7620.5,961
1779684300,7620.5,7624,7620,7621.5,2418
1779685200,7621.75,7624.5,7621.5,7624,2201
1779686100,7623.75,7626.5,7623.5,7625.25,2130
1779687000,7625,7627.5,7624.25,7627,1834
1779687900,7626.75,7627,7623.25,7623.5,1633
1779688800,7623.25,7624.75,7621.25,7623.25,2147
1779689700,7623.25,7623.25,7619.5,7622.75,2247
1779690600,7623,7623.25,7620.75,7621.5,1230
1779691500,7621.25,7625.25,7621,7622.25,1811
1779692400,7622.25,7623.5,7619.5,7619.75,2535
1779693300,7619.5,7620.75,7610.75,7618,7659
1779694200,7618.75,7628.75,7617.75,7623.25,6631
1779695100,7623,7624.25,7621.25,7623.75,1885
1779696000,7623.5,7624,7617.75,7620.25,2576
1779696900,7620.25,7620.5,7615.5,7616.25,1868
1779697800,7616.5,7621.25,7615.5,7620.75,1426
1779698700,7621,7622.75,7621,7622.5,1125
1779699600,7622.5,7624.5,7622,7622,1352
1779700500,7622,7623,7620.75,7621.5,715
1779701400,7621.75,7623.5,7620.25,7623,1145
1779702300,7622.75,7623.75,7622,7622,807
1779703200,7622,7624.25,7620.75,7624.25,930
1779704100,7624,7626,7623,7624,1326
1779705000,7624.25,7625.25,7622.75,7625,735
1779705900,7625,7625.25,7623.25,7624,540
1779706800,7624,7624.5,7621.75,7624,1149
1779707700,7624,7625.25,7623.25,7624.5,881
1779708600,7624.25,7627.25,7624.25,7626.25,2166
1779709500,7626.5,7629.25,7626,7626.5,2602
1779710400,7626.5,7628,7624.75,7625.5,1987
1779711300,7625.75,7631.5,7624.5,7626.5,4560
1779712200,7626.5,7627,7623.5,7624,2138
1779713100,7623.75,7624.5,7621,7621.5,4095
1779714000,7621.5,7622.5,7620.5,7621.75,2001
1779714900,7621.75,7622,7620,7621,2323
1779715800,7621,7627.5,7620.75,7626.5,7104
1779716700,7626.75,7628.25,7624.25,7627.75,5414
1779717600,7627.5,7628,7622.75,7622.75,4943
1779718500,7622.75,7624,7621.25,7621.75,4417
1779719400,7622,7622,7616.5,7617.25,6343
1779720300,7617,7620.75,7616.5,7618,7247
1779721200,7618,7632.5,7616.75,7626.5,19741
1779722100,7626.75,7628.25,7621,7621,11306
1779723000,7620.75,7623,7619.25,7621.75,5649
1779723900,7621.5,7623.25,7620,7621,4248
1779724800,7621.25,7622,7619.5,7621.25,3574
1779725700,7621.5,7622.25,7618.25,7618.25,3583
1779726600,7618.25,7621.25,7617.75,7621,2101
1779727500,7621.25,7627.25,7619,7627,6498
1779746400,7625.75,7628.5,7617.75,7618.25,7538
1779747300,7618.25,7621.5,7616.75,7619.5,3367
1779748200,7619.25,7619.5,7611.5,7616,6915
1779749100,7616,7616.25,7610.25,7611.75,3484
1779750000,7611.75,7614,7608.5,7609.75,4401
1779750900,7609.5,7610.25,7605,7606.75,5413
1779751800,7606.75,7610.5,7606,7609.5,3213
1779752700,7609.5,7614.25,7609.5,7610,4236
1779753600,7610.25,7610.5,7598.5,7602.5,10512
1779754500,7602.25,7605,7596.75,7604,6687
1779755400,7604,7608,7601.75,7602.5,4765
1779756300,7602.25,7604,7599.75,7602.25,3537
1779757200,7602.25,7603.75,7598.25,7603.25,5434
1779758100,7603.25,7603.75,7597,7599,3711
1779759000,7598.75,7599,7594,7596.75,5157
1779759900,7596.75,7601.75,7596.75,7601.25,3322
1779760800,7601.5,7603.5,7600.5,7601.75,2666
1779761700,7601.75,7603.25,7597.5,7600.75,3331
1779762600,7600.75,7602.25,7598.5,7599.75,2032
1779763500,7599.75,7601.25,7599,7600.75,1303
1779764400,7600.75,7602,7598.75,7599.25,1812
1779765300,7599,7603.25,7598.75,7602.75,1959
1779766200,7602.75,7603.75,7601.5,7601.75,1451
1779767100,7601.75,7604,7601,7603,1584
1779768000,7603,7605,7600.5,7605,1729
1779768900,7605,7605.5,7602.5,7602.5,1536
1779769800,7602.5,7604.75,7601.75,7602.25,1110
1779770700,7602.25,7602.5,7599.75,7601,1895
1779771600,7601,7602.25,7598,7601.5,2017
1779772500,7601.5,7603,7600.75,7602.25,1209
1779773400,7602,7603.75,7599.75,7601.25,1267
1779774300,7601,7602,7598.5,7599.75,1319
1779775200,7600,7604,7598.5,7603.5,2595
1779776100,7603.75,7606.25,7598.75,7601.25,4937
1779777000,7601.25,7606.75,7600.25,7605.25,2769
1779777900,7604.75,7605,7601.25,7602.25,1385
1779778800,7602.25,7603.5,7591.75,7595,7653
1779779700,7595.25,7596,7591,7593.25,3720
1779780600,7593.5,7595.5,7587.75,7595.25,4819
1779781500,7595.25,7597.5,7590.75,7593.75,2752
1779782400,7594.25,7595.75,7590.75,7592.5,2508
1779783300,7592.5,7595.25,7591.75,7593.5,1455
1779784200,7593.5,7595,7591,7594,1819
1779785100,7594,7596,7592,7595.5,1733
1779786000,7595.5,7596.75,7593,7593.5,1650
1779786900,7593.25,7600,7592.25,7600,4002
1779787800,7599.75,7601.5,7598.5,7598.75,2218
1779788700,7598.5,7601.25,7598.5,7600,1231
1779789600,7600.25,7604.5,7599,7604.25,2496
1779790500,7604.25,7610,7603.25,7608.75,4596
1779791400,7608.75,7613.75,7606.75,7607.5,5031
1779792300,7607.5,7607.75,7604.75,7605,3226
1779793200,7605,7606.75,7602.75,7602.75,2649
1779794100,7602.75,7606.5,7602.25,7603.75,3048
1779795000,7603.75,7606,7594.75,7603,8923
1779795900,7603.25,7604.5,7601.75,7602.75,2889
1779796800,7602.5,7605,7598.25,7603.5,8185
1779797700,7603.5,7608.5,7602.5,7607.5,4074
1779798600,7607.75,7610.75,7605.75,7607.75,4221
1779799500,7607.75,7608.5,7605.25,7606.5,3489
1779800400,7606.25,7607.25,7602.75,7605.25,5086
1779801300,7605.25,7606.5,7596.5,7596.75,9231
1779802200,7596.5,7603.25,7587.25,7602.5,72925
1779803100,7602.5,7607.5,7592,7604,59131
1779804000,7604,7611,7601.25,7610.5,36062
1779804900,7610.75,7615.25,7607.75,7612.25,35289
1779805800,7612,7617.75,7609.75,7616.75,33849
1779806700,7616.75,7617.25,7608.25,7610.25,26942
1779807600,7610.5,7611.25,7599.75,7602,43189
1779808500,7602,7602,7593.25,7594.5,37076
1779809400,7594.25,7596.25,7587.75,7589.75,36779
1779810300,7589.75,7590.5,7579.5,7585.5,43719
1779811200,7585.5,7590.25,7582.25,7585.25,28566
1779812100,7585,7593.75,7584,7593.5,20329
1779813000,7593.5,7596.5,7588,7588.75,23207
1779813900,7588.5,7590.5,7584.5,7586.25,19565
1779814800,7586,7590.75,7585,7588.75,12940
1779815700,7589,7589.25,7581,7582.25,15966
1779816600,7582.25,7587.75,7580.75,7584.25,14353
1779817500,7584.5,7589.5,7583.75,7586.5,12946
1779818400,7586.25,7593.25,7584,7592.5,14657
1779819300,7592.75,7596.25,7592,7592.75,16753
1779820200,7592.75,7596.25,7590,7590,14255
1779821100,7590,7592,7586.25,7587,16942
1779822000,7587,7590.5,7584.5,7588,16287
1779822900,7588,7592,7587.75,7591.25,10758
1779823800,7591,7601.5,7591,7601,21054
1779824700,7601,7604.75,7596.75,7601.5,42172
1779825600,7601.75,7603.25,7598.5,7598.5,12739
1779826500,7598.25,7601.5,7597.25,7597.75,4261
1779827400,7597.75,7600.25,7597.5,7598.5,2230
1779828300,7598.25,7598.75,7593.75,7595.25,4832
1779832800,7596.5,7600.5,7592,7594.75,4824
1779833700,7594.5,7597.25,7592.5,7594.75,2646
1779834600,7595.5,7598.5,7595.25,7596,1925
1779835500,7596,7597.25,7593.5,7595.75,1988
1779836400,7596,7598.5,7595.75,7596.5,1945
1779837300,7596.5,7601.5,7596,7601.5,3212
1779838200,7601.25,7604.5,7599,7604.5,3411
1779839100,7604.25,7607.25,7603.75,7606,3778
1779840000,7605.75,7607.5,7604.5,7606,3810
1779840900,7606,7606,7600.25,7605,4757
1779841800,7604.75,7608.75,7603.75,7606.25,4323
1779842700,7606.25,7609.5,7605.5,7608,3155
1779843600,7608.5,7611.25,7606.25,7610.25,3550
1779844500,7610,7611.25,7608.25,7609.5,2283
1779845400,7609.5,7610,7607.75,7607.75,1704
1779846300,7608,7608.25,7604.25,7605,2671
1779847200,7605.25,7607.5,7604.75,7606.5,1869
1779848100,7606.5,7609.25,7606.5,7608,1630
1779849000,7607.75,7609.25,7606.5,7607.5,1343
1779849900,7607.75,7609.5,7606.5,7606.75,1374
1779850800,7606.75,7609.25,7606,7606.25,1515
1779851700,7606.25,7606.75,7604.25,7605.5,1330
1779852600,7605.5,7605.75,7602.5,7604.25,1766
1779853500,7604.25,7604.5,7600.75,7601.25,1579
1779854400,7601.5,7605,7601,7603,1838
1779855300,7603,7603.5,7598.25,7598.5,2577
1779856200,7598.5,7603.5,7598,7603,2126
1779857100,7603.25,7605.75,7603,7603.75,1498
1779858000,7603.75,7606,7602.75,7604.5,1317
1779858900,7604.75,7605,7601.25,7605,1631
1779859800,7605,7605.75,7600,7605,1695
1779860700,7605.25,7607.25,7603.5,7606.5,1799
1779861600,7606.5,7608,7604.5,7605.75,1763
1779862500,7605.75,7606.75,7602.75,7604,1296
1779863400,7604,7604.25,7599.25,7602,2653
1779864300,7602,7604,7601.25,7602.5,1216
1779865200,7602.5,7608,7602.5,7608,2382
1779866100,7608,7610,7606.5,7608.75,1797
1779867000,7608.75,7610.75,7606.75,7610,2066
1779867900,7609.75,7611.25,7607.25,7610.25,1545
1779868800,7610.5,7614.5,7609.5,7614.25,3832
1779869700,7614,7621.25,7614,7619.5,5010
1779870600,7619.75,7621.5,7617.5,7621.5,2269
1779871500,7621.25,7622,7619.5,7620.25,2086
1779872400,7620,7621,7618,7620.5,2246
1779873300,7620.5,7621.5,7619.25,7619.75,1513
1779874200,7619.5,7623.25,7618.5,7620.75,2501
1779875100,7620.5,7623.75,7619.5,7622.5,1707
1779876000,7622.75,7627.5,7622.25,7627,3781
1779876900,7626.75,7627.25,7623.5,7624,1589
1779877800,7624,7624.25,7621.75,7622.75,2158
1779878700,7623.25,7625.5,7622.75,7624.25,1676
1779879600,7624.5,7629,7623.25,7625.5,4720
1779880500,7625.5,7627.75,7622.25,7622.5,4913
1779881400,7622.5,7623.25,7618.5,7619,3869
1779882300,7619.25,7619.5,7613,7613.5,4758
1779883200,7613.75,7614,7609.75,7611.25,7198
1779884100,7611.25,7633,7607.75,7629.25,42007
1779885000,7629.25,7630.75,7620.5,7621,14248
1779885900,7621,7621,7614,7615.5,9563
1779886800,7615,7616.25,7607.25,7610,15767
1779887700,7609.75,7611,7604.25,7604.5,16027
1779888600,7604.5,7608.75,7588.25,7590.5,82395
1779889500,7590.5,7601,7589,7600.25,69714
1779890400,7600.75,7609,7596.5,7604,67470
1779891300,7603.75,7609.75,7591.25,7596,64496
1779892200,7596.25,7606.25,7588.25,7600,71261
1779893100,7600,7601.5,7590.5,7592.5,33223
1779894000,7592.5,7597.25,7589.5,7594,32988
1779894900,7594,7594.25,7584.5,7591,34358
1779895800,7591.25,7597.75,7581,7581.75,49868
1779896700,7581.75,7588.5,7579,7586.75,38748
1779897600,7586.75,7593.25,7581.5,7591.5,31554
1779898500,7591.5,7594,7589.25,7592.25,17631
1779899400,7592,7600,7590.25,7598,18607
1779900300,7598.25,7602,7591.75,7593.5,21361
1779901200,7593.75,7594.5,7577.25,7584.5,35730
1779902100,7584.5,7590.75,7583,7587.25,19114
1779903000,7587.25,7595,7587,7589.75,18660
1779903900,7589.75,7596.5,7587.5,7593,16891
1779904800,7593,7596.5,7589,7596.25,14684
1779905700,7596.25,7604,7594.75,7603.25,19901
1779906600,7603.25,7605.25,7600,7604.25,17894
1779907500,7604.25,7606.75,7603.25,7604.5,14029
1779908400,7604.25,7607.75,7602.5,7605.5,13258
1779909300,7605.25,7606.25,7599.25,7602,13592
1779910200,7601.75,7605.25,7599.75,7605,18379
1779911100,7605.25,7605.25,7597.75,7602.25,36859
1779912000,7602.5,7606.5,7601,7605.5,9692
1779912900,7605.75,7611.75,7605.75,7608.5,6030
1779913800,7608.75,7612,7608.25,7611.5,3115
1779914700,7611.5,7618.25,7611.25,7616.75,4270
1779919200,7617.25,7620.5,7611.25,7612.5,5249
1779920100,7612.5,7614.5,7607.75,7607.75,3252
1779921000,7607.5,7610,7603.5,7607,4873
1779921900,7607,7609.5,7606,7608.5,1999
1779922800,7608.25,7610.5,7606.5,7608,1949
1779923700,7607.75,7611.75,7603,7606.25,5148
1779924600,7606,7606.25,7599,7600.25,3911
1779925500,7600,7600.5,7594.5,7597,5263
1779926400,7597,7602.5,7595,7596.5,5420
1779927300,7596.75,7604.75,7596.25,7602.75,5344
1779928200,7602.5,7605,7598.5,7603.75,3528
1779929100,7603.75,7614.25,7603.5,7611.5,5409
1779930000,7611.5,7613,7606.5,7609.75,3708
1779930900,7609.75,7611,7606.5,7609.25,2642
1779931800,7608.75,7611.75,7607.25,7607.75,2703
1779932700,7607.75,7613,7605.5,7611.75,3047
1779933600,7612,7613.25,7605,7605.5,3585
1779934500,7605.25,7606,7600,7600.25,3576
1779935400,7600,7602,7595.75,7597,4153
1779936300,7597,7600.25,7595,7596.5,3485
1779937200,7596.75,7599,7590.25,7592.5,6598
1779938100,7592.75,7595.5,7589.25,7589.75,5087
1779939000,7589.75,7589.75,7575,7575.75,15130
1779939900,7575.25,7580.75,7573.75,7575,7138
1779940800,7575,7577.25,7569.5,7572,8134
1779941700,7572,7574,7568.25,7571.75,6231
1779942600,7571.75,7577.75,7570.75,7574.25,3978
1779943500,7574.25,7575.5,7571.25,7572.75,3672
1779944400,7572.75,7577.25,7569.25,7576.5,4948
1779945300,7576.25,7580.25,7574.75,7580,4268
1779946200,7580.25,7589,7579.5,7587.25,6950
1779947100,7587.5,7591.75,7587.5,7590.25,3372
1779948000,7590.5,7593.25,7590,7592.5,3688
1779948900,7592.75,7594,7590.5,7591.75,2910
1779949800,7591.25,7591.75,7586.75,7589.75,3296
1779950700,7589.75,7591.5,7586,7591,2212
1779951600,7590.75,7596.75,7590.75,7593,4737
1779952500,7593,7594.25,7591,7592.25,1746
1779953400,7592,7594,7590.25,7592.25,2466
1779954300,7592.25,7594.75,7587.75,7594.25,3109
1779955200,7594.25,7597.25,7592.25,7594.5,4087
1779956100,7594.25,7597,7589.5,7592.5,2887
1779957000,7592.5,7595.75,7591.5,7593.5,1937
1779957900,7593,7596,7591.75,7595.75,1158
1779958800,7595.5,7598.25,7592.5,7593.75,2297
1779959700,7593.75,7597,7593.25,7594,1429
1779960600,7594.25,7594.25,7590,7591.5,2197
1779961500,7591.5,7596.25,7591,7594.5,1313
1779962400,7594.75,7595,7590.5,7591.25,1423
1779963300,7591,7593,7586.5,7589.5,2733
1779964200,7589.5,7590.75,7585.75,7586.25,2535
1779965100,7586.5,7589,7577.5,7581.5,10790
1779966000,7581.5,7586,7580,7580.75,6043
1779966900,7580.75,7585,7580.5,7581.25,2814
1779967800,7581,7587.25,7579.25,7587,5137
1779968700,7586.75,7587.25,7583,7584.5,2601
1779969600,7584.75,7588.5,7583.25,7587.5,3427
1779970500,7587.75,7588.25,7583.5,7587.5,3382
1779971400,7587.75,7598.75,7586.75,7598,11705
1779972300,7598.25,7602.25,7597.5,7600.5,7856
1779973200,7600.75,7606.5,7598,7598,13575
1779974100,7598,7601.25,7597,7597.75,12961
1779975000,7597.75,7599.75,7588,7591.25,55099
1779975900,7591,7599.75,7588.5,7598.25,53207
1779976800,7598.25,7636.5,7596,7627.25,103792
1779977700,7627.25,7631.25,7615.75,7624,60549
1779978600,7624,7626.5,7613.5,7621,46880
1779979500,7621,7626,7614.75,7625.25,46099
1779980400,7625.25,7636,7624,7629.75,38743
1779981300,7629.75,7638,7627.5,7635.75,25249
1779982200,7636,7639,7634.25,7636.5,20307
1779983100,7636.5,7639.5,7634.75,7637.5,14713
1779984000,7637.25,7638.75,7633.25,7638.5,13821
1779984900,7638.5,7645.25,7636.5,7640.5,24340
1779985800,7640.5,7641.5,7637,7641,13618
1779986700,7641,7644.5,7639,7643.5,11707
1779987600,7643.75,7645.5,7639,7639.5,12494
1779988500,7639.25,7641.75,7637.5,7639,13857
1779989400,7639.25,7642.25,7637.5,7641.25,11405
1779990300,7641.5,7646.25,7641,7643.5,17186
1779991200,7643.5,7645.5,7641.25,7641.75,12341
1779992100,7641.75,7645.25,7640.5,7644.25,17250
1779993000,7644.25,7644.5,7639.25,7640,11857
1779993900,7640.25,7642.5,7638.5,7639,10099
1779994800,7639,7642,7637.75,7639.25,11098
1779995700,7639.25,7644.75,7638.5,7644.75,11940
1779996600,7644.5,7649,7644.25,7644.75,20688
1779997500,7644.5,7647.25,7642.25,7644.5,39552
1779998400,7644.5,7652.75,7642.75,7652.25,13433
1779999300,7652,7653,7649.75,7652.25,4373
1780000200,7652.25,7653.25,7650,7650.75,3927
1780001100,7650.75,7652,7650,7650.5,3616
1780005600,7650.5,7655.25,7648,7650.25,5321
1780006500,7650.25,7651,7647.25,7648.75,2084
1780007400,7648.75,7651,7647.5,7649.5,1889
1780008300,7649.75,7650.5,7647.75,7647.75,1049
1780009200,7648,7651.25,7647.75,7650.75,1580
1780010100,7650.75,7652.5,7650.25,7651.5,1758
1780011000,7651.25,7651.25,7649.25,7649.5,1816
1780011900,7649.25,7649.5,7646.5,7647.75,2224
1780012800,7647.75,7647.75,7644.5,7646,3849
1780013700,7646,7648.5,7645.25,7645.25,2487
1780014600,7645.5,7645.75,7639.5,7640.5,4348
1780015500,7640.5,7641.5,7638.5,7640.25,3255
1780016400,7640,7642,7636.5,7638.75,5087
1780017300,7638.75,7640.5,7636.75,7637.25,2575
1780018200,7637.25,7640.75,7635.25,7640.5,3292
1780019100,7640.5,7641.75,7637.25,7639.75,2979
1780020000,7640,7644,7638.5,7643.25,3185
1780020900,7643.5,7643.75,7636.75,7638.25,2352
1780021800,7638.25,7641.25,7637.5,7640.25,1887
1780022700,7640.25,7640.75,7637.75,7638.25,1492
1780023600,7638.5,7643.75,7638.25,7642.25,2292
1780024500,7642.5,7644.5,7641.75,7643,1559
1780025400,7643,7644,7641.75,7643,937
1780026300,7643,7645.25,7640.75,7643,2016
1780027200,7643,7645.75,7643,7645,1211
1780028100,7645,7647.25,7645,7646.5,1930
1780029000,7646.75,7649.25,7645.75,7649.25,1960
1780029900,7649,7649.75,7646.75,7647.75,1315
1780030800,7647.5,7650,7647,7649,1637
1780031700,7649,7650.5,7647.75,7649.75,889
1780032600,7649.75,7650,7646.25,7648,1707
1780033500,7648.25,7650,7647.5,7648.75,1221
1780034400,7648.75,7652.75,7648.5,7651.75,2678
1780035300,7651.75,7655,7650,7650.25,3514
1780036200,7650.25,7653.25,7649.5,7652.75,2078
1780037100,7652.5,7655.5,7652.25,7654.75,1729
1780038000,7654.75,7655.25,7652,7652.25,2151
1780038900,7652.5,7652.5,7646.5,7648.25,3253
1780039800,7648.25,7648.75,7642.75,7644.75,4805
1780040700,7644.75,7649.5,7644.5,7649,2676
1780041600,7649,7652,7647,7650.75,3800
1780042500,7650.5,7651.5,7647.25,7650,2265
1780043400,7650,7651.25,7648.25,7648.25,1505
1780044300,7648.25,7649,7644.5,7648.25,2603
1780045200,7648.25,7656.25,7647.5,7655,4118
1780046100,7655.25,7657.75,7652,7654.5,3678
1780047000,7654.75,7655.25,7652.25,7652.75,1819
1780047900,7653,7655.75,7652,7652.75,2271
1780048800,7653,7653,7647.5,7649.75,3054
1780049700,7649.75,7652,7648,7651,1793
1780050600,7651,7653.25,7649.5,7652,2260
1780051500,7652.5,7653.75,7651.5,7652.75,1687
1780052400,7652.75,7655.75,7652.25,7655,2564
1780053300,7655.25,7658.25,7652.5,7652.5,4794
1780054200,7652.5,7655.25,7648.75,7653.75,5251
1780055100,7653.5,7656.25,7646.5,7656,8137
1780056000,7656,7656.5,7652,7652.75,4009
1780056900,7652.5,7655.5,7651.75,7654.5,2686
1780057800,7654.5,7655.25,7648.25,7651.5,9030
1780058700,7651.25,7654.75,7648.75,7653.75,3966
1780059600,7654,7655.5,7651.5,7651.75,5013
1780060500,7651.75,7653.5,7649.75,7653.25,8821
1780061400,7653,7668.5,7649.25,7668.25,62125
1780062300,7668.25,7672.5,7666.25,7671.5,42831
1780063200,7671.25,7674.25,7665,7666.5,44795
1780064100,7666.5,7666.75,7651.5,7659.5,73496
1780065000,7659.5,7662.75,7644.25,7645,69816
1780065900,7644.75,7660.5,7640,7653.25,90851
1780066800,7653.25,7666.25,7651.75,7665.75,42740
1780067700,7666,7667.25,7656,7661,44501
1780068600,7661,7666.5,7657.75,7660,48181
1780069500,7659.75,7662,7655.75,7657,25159
1780070400,7657.25,7667.75,7656,7666,22820
1780071300,7665.75,7666.75,7659.5,7660.25,17761
1780072200,7660.25,7671.25,7657.75,7667.75,38392
1780073100,7667.75,7668.5,7658,7660.25,22205
1780074000,7660.5,7663,7657.75,7660.25,17119
1780074900,7660.25,7662.75,7654.5,7658.75,26608
1780075800,7658.5,7659.75,7652.75,7653.25,18512
1780076700,7653.25,7655.75,7645,7645.75,26862
1780077600,7645.75,7654.25,7644.25,7650.25,25031
1780078500,7650.5,7657,7648.75,7655.75,19083
1780079400,7656,7660.75,7655.75,7657,17763
1780080300,7657,7657.25,7647,7648,40220
1780081200,7647.75,7658.25,7646.25,7657,20960
1780082100,7656.75,7662,7652.75,7661.75,21097
1780083000,7661.75,7669.5,7661.5,7665,28530
1780083900,7665.25,7666.75,7655.75,7657.5,71842
1780084800,7657.75,7661.5,7655.5,7659,15450
1780085700,7659,7659.25,7651.75,7653.25,6029
1780086600,7653.5,7655.5,7652.25,7652.75,3149
1780087500,7652.75,7656.25,7651.75,7653,3833
1780264800,7657.25,7659.75,7648,7656.75,7157
1780265700,7656.75,7660,7654.75,7657.75,4007
1780266600,7658,7662.25,7657.75,7662.25,3482
1780267500,7662.5,7665.75,7662.25,7664,4207
1780268400,7664,7666.5,7662.75,7665.25,2857
1780269300,7665.25,7667.25,7663.5,7666.5,2611
1780270200,7666.5,7667.75,7665.25,7666.25,2279
1780271100,7666.25,7669,7665.25,7667.75,2730
1780272000,7667.75,7674.75,7667,7671.75,9196
1780272900,7671.75,7674.5,7669.25,7674,4614
1780273800,7674,7675.75,7672,7674,3851
1780274700,7674,7676.25,7673.25,7674,4186
1780275600,7674,7675.25,7670.75,7672.5,4579
1780276500,7672.75,7675.75,7672.5,7673.5,3553
1780277400,7673.25,7675.5,7672.75,7675.25,3016
1780278300,7675,7677,7674.75,7676.5,2908
1780279200,7676.5,7680,7676,7679.25,4226
1780280100,7679.5,7680.5,7678.75,7679.25,2228
1780281000,7679.25,7679.75,7677.25,7677.5,2432
1780281900,7677.5,7678.25,7676.5,7678,1824
1780282800,7678,7680,7677.5,7677.75,2118
1780283700,7677.75,7680.5,7673.25,7680,5417
1780284600,7679.75,7682.25,7675,7675,3817
1780285500,7675,7677,7674,7675,2646
1780286400,7675,7677.75,7674.75,7676.5,2537
1780287300,7676.75,7678,7675.75,7677.25,1816
1780288200,7677.5,7680.5,7676.75,7680,1842
1780289100,7680,7680.5,7678.5,7680,1457
1780290000,7680,7680.25,7677.5,7679.25,1424
1780290900,7679,7679.75,7676.5,7676.75,1656
1780291800,7677,7680,7677,7679.75,1492
1780292700,7679.75,7681.5,7679.25,7680.25,1388
1780293600,7680.5,7681.25,7679,7679.75,1396
1780294500,7679.75,7680.25,7676.5,7677,1668
1780295400,7677,7680,7677,7679,1508
1780296300,7678.75,7681,7678.5,7680,1610
1780297200,7680.25,7683,7679,7681.25,3350
1780298100,7681.25,7682,7674.5,7675.75,4026
1780299000,7675.75,7677.25,7670,7671.75,4354
1780299900,7671.5,7674.5,7670,7673.75,2332
1780300800,7673.75,7675.25,7671.25,7672.25,3055
1780301700,7672.25,7673.25,7669.75,7670.25,1943
1780302600,7670.5,7672.25,7668.25,7672,2722
1780303500,7672,7676.75,7668.5,7676.75,4291
1780304400,7676.75,7679,7674.25,7674.5,3311
1780305300,7674.5,7676.25,7673.5,7674.5,1706
1780306200,7674.75,7675.25,7673.75,7674.5,1800
1780307100,7674.5,7674.75,7671.25,7672.5,2330
1780308000,7672.5,7677.25,7672.5,7676.5,2279
1780308900,7676.75,7677.75,7674.75,7677.25,2030
1780309800,7677.25,7680.25,7677,7679.5,3035
1780310700,7679.5,7679.75,7677.5,7678.75,1671
1780311600,7679,7679.75,7676.5,7677.75,2887
1780312500,7677.75,7679.5,7676.25,7679.25,2501
1780313400,7679.25,7685,7677.75,7681.75,6912
1780314300,7681.75,7682.5,7676.25,7676.5,4473
1780315200,7676.75,7676.75,7670.5,7671,7118
1780316100,7671,7674,7668.75,7673,7770
1780317000,7673,7677,7669.25,7676.25,8078
1780317900,7676.25,7678.25,7670.5,7671.25,8345
1780318800,7671.25,7672.5,7643.75,7651.25,65355
1780319700,7651.25,7659.25,7639.25,7645.5,55010
1780320600,7645.5,7657.5,7638.5,7653.75,80610
1780321500,7653.75,7659,7646.5,7647.75,50157
1780322400,7647.75,7655.75,7644.5,7650.25,56661
1780323300,7650.25,7658.75,7647.75,7649.75,55808
1780324200,7649.5,7652.75,7643.5,7649,35419
1780325100,7649,7651,7643.5,7647.5,21271
1780326000,7647.5,7653.75,7645.25,7650.25,30100
1780326900,7650,7654.75,7648.5,7652.5,18430
1780327800,7652.25,7665.5,7652.25,7663.75,67046
1780328700,7664,7664.25,7657.5,7658,21532
1780329600,7658,7663,7653.75,7655.75,29169
1780330500,7656,7659.25,7649.5,7658.75,25165
1780331400,7658.75,7663.5,7658.5,7661.5,26422
1780332300,7661.5,7671.75,7659.25,7670.25,37306
1780333200,7670.25,7671,7661.25,7664,24750
1780334100,7664,7676.5,7662,7676.25,21902
1780335000,7676.5,7695.25,7669.25,7686,65556
1780335900,7685.75,7691.5,7685.75,7686.5,27321
1780336800,7687,7689.25,7684.5,7685.25,13984
1780337700,7685.25,7690.75,7684.75,7689.75,11786
1780338600,7689.75,7690.5,7686.75,7690,8991
1780339500,7690.25,7690.25,7686,7687,8598
1780340400,7686.75,7688.5,7685.25,7685.75,12842
1780341300,7686,7689.25,7685.25,7688.25,9070
1780342200,7688,7688.25,7680.25,7681.5,19484
1780343100,7681.5,7682.5,7673,7676.25,40129
1780344000,7676.5,7678.75,7675.75,7678.25,9134
1780344900,7678,7678,7673.25,7674.25,3122
1780345800,7674.25,7680.75,7673,7677.5,5753
1780346700,7677.5,7677.75,7669,7670.75,7213
1780351200,7673.25,7674.5,7658,7661,8366
1780352100,7661,7662.75,7656.25,7657,4398
1780353000,7657,7658.5,7653.25,7654.75,3549
1780353900,7654.75,7658,7653.75,7657.75,3146
1780354800,7658,7658.75,7656,7657.25,2532
1780355700,7657.25,7659,7656.5,7657.5,1282
1780356600,7658,7661,7656,7658,4044
1780357500,7657.75,7659,7654.5,7658.5,2606
1780358400,7658.5,7658.5,7649.25,7651,7531
1780359300,7650.75,7653.75,7646,7649.5,5665
1780360200,7649.25,7652.5,7646,7647.75,4447
1780361100,7647.5,7648.25,7642.5,7644.5,4032
1780362000,7644,7648.5,7642.5,7647.75,5448
1780362900,7648,7648.5,7641.25,7645.25,4469
1780363800,7645.5,7647.25,7641.75,7643.25,5112
1780364700,7643.5,7643.5,7640,7640,3770
1780365600,7640,7642.25,7639.5,7640.75,3036
1780366500,7640.75,7644.25,7639.75,7642.25,2829
1780367400,7642.5,7645.75,7642.5,7644.25,2499
1780368300,7644.5,7645,7642.5,7644,1579
1780369200,7643.75,7645.25,7640.25,7641,2826
1780370100,7641,7642.75,7638.75,7640.5,3401
1780371000,7640.5,7643,7639.5,7642.5,2246
1780371900,7642.5,7644.5,7642.25,7644.5,1761
1780372800,7644.25,7647.25,7643.75,7645,2570
1780373700,7645,7649.25,7644,7648,2369
1780374600,7648,7648.5,7646.5,7648.25,1636
1780375500,7648,7653.25,7647.75,7653,2968
1780376400,7653,7655.5,7650.75,7655.25,2802
1780377300,7655.25,7656.75,7654,7656,1583
1780378200,7656.25,7659.25,7656.25,7657.75,2410
1780379100,7657.75,7657.75,7654.5,7656.5,1797
1780380000,7656.75,7660.25,7656.25,7658.75,3087
1780380900,7659,7661.25,7658.75,7659.75,2083
1780381800,7659.75,7662.75,7657.75,7661,4403
1780382700,7661,7664.75,7660.75,7664,2121
1780383600,7664,7668,7663.75,7667.25,3431
1780384500,7667,7668.75,7665.5,7666.75,2744
1780385400,7666.5,7667.75,7664.75,7666.75,2084
1780386300,7666.75,7669,7664.75,7668.75,2396
1780387200,7668.75,7673,7668,7669.25,4701
1780388100,7669,7671.5,7665.75,7666.25,4613
1780389000,7666.5,7670,7666,7667.75,2543
1780389900,7668,7670.25,7667.25,7668.25,1640
1780390800,7668,7668,7664.25,7665,2112
1780391700,7665.25,7666.75,7661.25,7662.75,2934
1780392600,7663,7667.75,7661.25,7667,3915
1780393500,7667,7668.25,7663.5,7664,3366
1780394400,7663.75,7666,7661.75,7664,2357
1780395300,7664.25,7665.75,7663.25,7664.75,2057
1780396200,7664.5,7665,7661.5,7662.5,1573
1780397100,7662.5,7663.5,7661.25,7661.25,1856
1780398000,7661.5,7662.75,7657.75,7661,4582
1780398900,7661,7661.5,7658.5,7661,2715
1780399800,7661.25,7665,7661,7661.5,5366
1780400700,7661.5,7661.75,7658.5,7658.75,2430
1780401600,7658.75,7662.75,7657.5,7660.75,4071
1780402500,7661,7665.25,7659.75,7663.75,5503
1780403400,7663.5,7664.25,7659.75,7663.75,5453
1780404300,7664,7664,7659,7659.5,3305
1780405200,7659.5,7660.75,7650,7654.25,15651
1780406100,7654.25,7662,7653.25,7660.5,12325
1780407000,7660.75,7667.75,7658,7663.75,63516
1780407900,7663.5,7668,7663.25,7666.5,36309
1780408800,7666.5,7674,7661.75,7672,41376
1780409700,7672,7675,7665.5,7667.5,46368
1780410600,7667.5,7679.75,7667.25,7679.5,39812
1780411500,7679.5,7687.75,7678.5,7687.75,31828
1780412400,7687.75,7692.5,7684,7690.5,31461
1780413300,7690.5,7694.5,7689,7689.5,22812
1780414200,7689.25,7691,7686.25,7687,22920
1780415100,7687,7689.75,7686,7687.25,15381
1780416000,7687.25,7690.5,7684,7689,25458
1780416900,7689,7689.25,7682.5,7683.5,18300
1780417800,7683.5,7685.75,7681.25,7683.25,15589
1780418700,7683.25,7689.75,7683,7689,14193
1780419600,7689,7690,7686.25,7689,14129
1780420500,7689.25,7689.25,7679.5,7680.5,19985
1780421400,7680.75,7683.75,7678,7681.25,17876
1780422300,7681,7683.5,7678.5,7679,11549
1780423200,7679.25,7684.25,7678.5,7681,12928
1780424100,7681,7681.5,7679,7680,9458
1780425000,7680,7682.75,7676.75,7679,14853
1780425900,7679,7682.5,7678.25,7681.25,9644
1780426800,7681.25,7685.25,7681.25,7683,13922
1780427700,7683,7686.25,7682.75,7684,11279
1780428600,7684,7685.5,7682.5,7682.5,9589
1780429500,7682.5,7688,7682,7686,30877
1780430400,7686,7692.5,7685.75,7689.5,13220
1780431300,7689.5,7692,7688.25,7688.75,3578
1780432200,7688.75,7691,7688.25,7690.5,2619
1780433100,7690.5,7691.5,7689.75,7690.75,2642
1780437600,7690.75,7691,7684.5,7686,5571
1780438500,7686,7688.5,7685.25,7687.5,2410
1780439400,7687.5,7689.5,7687,7688,1913
1780440300,7688,7689,7683,7684,3652
1780441200,7684,7684.5,7677,7678.5,5294
1780442100,7678.5,7678.75,7665,7672.75,17643
1780443000,7672.75,7685.25,7670.25,7683.75,11795
1780443900,7684,7688.5,7681.25,7687,7404
1780444800,7687.25,7689.25,7682.75,7683,5641
1780445700,7683,7687,7682,7685,3620
1780446600,7685,7688.25,7684,7688.25,2639
1780447500,7688,7689.5,7687.25,7688,2451
1780448400,7687.75,7688.5,7682.5,7683,3963
1780449300,7683,7684.5,7682.25,7684.25,1293
1780450200,7683.75,7686,7681.75,7683.25,3649
1780451100,7683.25,7685,7681.5,7684.25,1945
1780452000,7684.5,7685.5,7682.75,7685.25,1263
1780452900,7685.25,7685.75,7682.5,7683.75,1978
1780453800,7684,7685.25,7683,7684,1089
1780454700,7684,7684,7682.5,7683.75,957
1780455600,7683.75,7685.25,7683.25,7685.25,812
1780456500,7685,7687,7683.75,7684,2055
1780457400,7684,7686.25,7684,7685.5,882
1780458300,7685.75,7686.5,7684.25,7686.25,1034
1780459200,7686,7688,7685.75,7687.75,1506
1780460100,7687.75,7688.25,7686.5,7687.25,822
1780461000,7687.25,7688.25,7686.5,7687.5,881
1780461900,7687.25,7687.5,7684.5,7684.75,1091
1780462800,7685,7686.75,7682,7686,2081
1780463700,7686,7687,7684,7684.5,1024
1780464600,7684.5,7684.5,7681.25,7682,2059
1780465500,7682,7682.5,7680,7681.75,1981
1780466400,7681.5,7684.5,7678.25,7680.5,3398
1780467300,7680.25,7681.75,7679.5,7681,1622
1780468200,7681,7684,7679.25,7682,3927
1780469100,7682,7682.25,7679.75,7681.5,1941
1780470000,7681.5,7686,7680.25,7684.75,2832
1780470900,7685,7685.75,7681,7681.5,2017
1780471800,7681.5,7683,7678.25,7680,2884
1780472700,7680,7683,7679.5,7682.5,1366
1780473600,7682.75,7684.5,7680,7682,3761
1780474500,7682.25,7684,7678,7684,4052
1780475400,7684,7684.5,7680.5,7681.25,2285
1780476300,7681.5,7682.5,7680,7681.25,1600
1780477200,7681.25,7684.25,7680,7681.5,1926
1780478100,7681.5,7682.75,7679,7681.25,2153
1780479000,7681.25,7681.75,7677,7678,2467
1780479900,7678,7678.25,7673.75,7674.5,3189
1780480800,7674.25,7684.75,7673,7679,12639
1780481700,7679,7679.25,7676,7678.5,2729
1780482600,7678.75,7680.5,7673.5,7673.5,3497
1780483500,7673.75,7678.25,7673.25,7677.5,2580
1780484400,7677,7680.75,7677,7679.25,2923
1780485300,7679.25,7681.25,7678.25,7680,2480
1780486200,7680,7683,7680,7681.25,2743
1780487100,7681.25,7681.75,7678.75,7678.75,2660
1780488000,7679,7681.5,7678.5,7679.75,3828
1780488900,7679.5,7679.5,7673.75,7673.75,5378
1780489800,7673.75,7674,7666.25,7670.5,13255
1780490700,7670.25,7672.5,7666.25,7669.5,7991
1780491600,7669.25,7671.25,7667.75,7670,6862
1780492500,7670,7671.75,7667.75,7670.75,9935
1780493400,7671,7677.25,7654.25,7655.25,76273
1780494300,7654.75,7657,7636.5,7648.75,101279
1780495200,7648.5,7659,7647.75,7658.75,49322
1780496100,7658.75,7659.5,7649.5,7657.5,47095
1780497000,7657.25,7660.25,7653.25,7654,31175
1780497900,7654,7654.75,7646.25,7651.5,34695
1780498800,7651.75,7654.75,7648,7649.75,21318
1780499700,7649.75,7652.25,7642.75,7651,31098
1780500600,7651,7652.5,7640.5,7641.75,33150
1780501500,7641.5,7645.25,7637.25,7641.75,26166
1780502400,7641.75,7644.5,7638.75,7642.25,19599
1780503300,7642.25,7642.25,7628.25,7632.75,41340
1780504200,7632.5,7636,7625,7630.25,32405
1780505100,7630.25,7641.25,7630,7640.75,34605
1780506000,7640.75,7641.25,7630.5,7632.5,28589
1780506900,7632.25,7636.25,7629.5,7635.75,17848
1780507800,7635.75,7643.5,7631.25,7641.75,21367
1780508700,7641.75,7647.5,7640.25,7645.5,17830
1780509600,7645.75,7646.25,7641,7643,15015
1780510500,7643.25,7650.25,7639.5,7649.75,22058
1780511400,7649.5,7650.5,7645.25,7647,15336
1780512300,7647.25,7648.75,7644.75,7645.75,10790
1780513200,7645.75,7646,7636.75,7640,24750
1780514100,7640,7644.25,7635.75,7638.25,19090
1780515000,7638.25,7645.25,7636,7643.25,18609
1780515900,7643,7645,7631,7634.75,71274
1780516800,7635,7636,7628.5,7629.75,14471
1780517700,7630,7630.75,7613.5,7621.25,18762
1780518600,7621,7621.75,7605.5,7606.75,10543
1780519500,7606.75,7611.5,7604.25,7609.75,7046
1780524000,7604,7608,7595.75,7602.5,12391
1780524900,7602.75,7603,7595.5,7600.5,7082
1780525800,7600.25,7603.75,7597.25,7599.75,6264
1780526700,7599.5,7608.75,7593,7606.25,11293
1780527600,7606,7607,7597,7599.5,7115
1780528500,7600,7600.25,7594,7597.25,4990
1780529400,7597.5,7600,7591.5,7593.25,6576
1780530300,7593.5,7601,7591.5,7597,5797
1780531200,7596.75,7606,7594.25,7602.25,10742
1780532100,7602.25,7606.5,7598,7603,5974
1780533000,7602.75,7611.25,7602.75,7609.25,5948
1780533900,7609,7609.5,7604.75,7609,3416
1780534800,7609,7613.75,7608.25,7611.75,5325
1780535700,7612,7612,7605.25,7607.75,4089
1780536600,7608,7613.5,7605.75,7607.25,4180
1780537500,7607,7608,7599.5,7603.5,5855
1780538400,7603.75,7604,7596,7596.25,5191
1780539300,7596.5,7600,7590,7598.25,7748
1780540200,7598,7598.75,7594,7597.25,3333
1780541100,7597.5,7601.75,7596.75,7597.75,3097
1780542000,7597.75,7603,7596.75,7600.5,2863
1780542900,7600.75,7605,7600.5,7604.75,2260
1780543800,7604.75,7607.25,7601.75,7602.5,3454
1780544700,7602.5,7606.5,7600.75,7606,2382
1780545600,7606,7608.75,7603.5,7608.75,1898
1780546500,7608.75,7609.5,7606.25,7607.25,1926
1780547400,7607.5,7610.5,7606.25,7609.75,2294
1780548300,7609.75,7610.25,7607,7608.75,1354
1780549200,7608.75,7609.25,7601,7604.75,3078
1780550100,7604.75,7606.5,7601.75,7602.75,1990
1780551000,7602.75,7607.75,7602,7607.25,2039
1780551900,7607.25,7607.25,7602,7606.25,1431
1780552800,7606.25,7610,7605,7607.75,2306
1780553700,7607.75,7608.5,7604.5,7608.5,1893
1780554600,7608.25,7613.5,7605.75,7613,3495
1780555500,7613,7615.5,7610.25,7615,3270
1780556400,7615.25,7620,7613.5,7618.25,4209
1780557300,7618.5,7619,7613.25,7618.75,3545
1780558200,7618.5,7620.5,7616,7616.75,3008
1780559100,7616.75,7617.75,7614.75,7616.25,1997
1780560000,7616,7616.25,7605.5,7605.5,5918
1780560900,7605.5,7608.75,7599.75,7606.25,9006
1780561800,7606.5,7612.5,7604,7606,7831
1780562700,7606.25,7608,7600.5,7603,5049
1780563600,7603.25,7603.25,7595.25,7595.75,8131
1780564500,7595.75,7603.25,7595,7603,6527
1780565400,7602.75,7609.75,7601.25,7606.5,5008
1780566300,7606.5,7612.25,7606.5,7610.25,4151
1780567200,7610.25,7610.5,7604,7605.75,4381
1780568100,7605.75,7606,7599.75,7600,4373
1780569000,7600,7603,7597.25,7597.5,4256
1780569900,7597.5,7599,7590.75,7596,8034
1780570800,7596,7600.75,7595.25,7599.5,6665
1780571700,7599.25,7606.5,7598,7603,8130
1780572600,7603,7605.25,7587,7595.25,14486
1780573500,7595.25,7608,7593.25,7606.5,13817
1780574400,7606.25,7610.25,7599.25,7600.75,15928
1780575300,7600.75,7606.25,7600,7604.5,7895
1780576200,7604.25,7612.75,7604,7612.25,8685
1780577100,7612,7615,7607.75,7612.25,7069
1780578000,7612.75,7614.5,7609.75,7612,7470
1780578900,7612,7617.5,7608,7611,17645
1780579800,7611,7624,7604.25,7610.5,81084
1780580700,7610.75,7627,7606,7622.25,65475
1780581600,7621.75,7626.75,7612.25,7624,56750
1780582500,7624.25,7633,7620.75,7630.5,44696
1780583400,7630.25,7632,7625,7628.25,35328
1780584300,7628.25,7632.5,7623.75,7632.25,28213
1780585200,7632.25,7646.5,7632,7645.75,41326
1780586100,7646,7650,7643.75,7649,25418
1780587000,7649,7650,7642,7643.25,18511
1780587900,7643,7645,7638,7643.5,25343
1780588800,7643.75,7654.5,7642,7652.5,22396
1780589700,7652.75,7657.5,7652.5,7656,16409
1780590600,7656,7659.25,7651,7658.25,21360
1780591500,7658.25,7660,7656.25,7658.75,12300
1780592400,7658.75,7660.5,7656.5,7658.75,13646
1780593300,7658.75,7662.5,7656.75,7661.75,11862
1780594200,7661.75,7665,7660.75,7663,15477
1780595100,7663.25,7668,7661.75,7667.25,11118
1780596000,7667.25,7669.25,7666.25,7667.25,14190
1780596900,7667.5,7670,7666,7668.75,12054
1780597800,7668.75,7670,7666.75,7668.25,8435
1780598700,7668.25,7670.25,7665.5,7666.75,9877
1780599600,7667,7671.5,7666.75,7668.5,13780
1780600500,7668.5,7674,7666.5,7673.25,14650
1780601400,7673.25,7674,7668.5,7668.75,13102
1780602300,7668.75,7671,7660.75,7662.25,47969
1780603200,7662,7664.5,7655.5,7656.5,17000
1780604100,7656.25,7657.5,7649.75,7651.25,6871
1780605000,7651.25,7653.5,7650.75,7651.25,3851
1780605900,7651.25,7652.75,7649.75,7650,3682
1780610400,7652,7654,7646,7646.5,3981
1780611300,7646.75,7648.75,7640.75,7644,4924
1780612200,7644.25,7646.25,7642.75,7644.5,2740
1780613100,7644.5,7648.75,7644.25,7648.5,2564
1780614000,7648.5,7649.25,7642.75,7643,3343
1780614900,7643,7643.75,7638.75,7642,4981
1780615800,7642,7642.25,7638.5,7639,3392
1780616700,7639,7639.25,7635.75,7636,4869
1780617600,7636,7636,7625.5,7626.25,10133
1780618500,7626.5,7629.5,7624,7627,7050
1780619400,7627,7629.25,7623.25,7625,5211
1780620300,7624.75,7627.25,7619,7621.5,8400
1780621200,7621.75,7622.75,7618.25,7620,5449
1780622100,7619.75,7621,7609.25,7613.25,9945
1780623000,7613.5,7619.25,7613,7617.25,6771
1780623900,7617.5,7623.5,7614.5,7623.25,6273
1780624800,7623,7627.25,7620.75,7626,5683
1780625700,7625.75,7629,7623.5,7627.25,4531
1780626600,7627.25,7628.5,7624.25,7625,3377
1780627500,7624.75,7626.5,7622.25,7623.75,3460
1780628400,7624,7624.75,7619.5,7623.75,4119
1780629300,7623.75,7626.5,7620.75,7621.25,2763
1780630200,7621.5,7623.5,7620.25,7621.75,2166
1780631100,7621.5,7621.75,7616,7619,3260
1780632000,7619.25,7621.75,7617.75,7620.25,2243
1780632900,7620.5,7624.25,7620,7620.25,2009
1780633800,7620.5,7625.25,7618.75,7623.25,2055
1780634700,7623,7627.75,7622.5,7626.25,2485
1780635600,7626.25,7626.75,7621.5,7622.25,2210
1780636500,7622.25,7626,7621,7622.25,1734
1780637400,7622,7627,7622,7623.75,1820
1780638300,7623.75,7623.75,7619.25,7620.5,2144
1780639200,7620.5,7627.5,7620.25,7621.75,3271
1780640100,7621.75,7622,7616.25,7617.75,3234
1780641000,7618,7619.25,7615.25,7615.5,2726
1780641900,7615.5,7618.5,7613.5,7616.75,2894
1780642800,7616.5,7617.75,7611.75,7612.5,4277
1780643700,7612.5,7618.25,7609.5,7617.75,4413
1780644600,7617.75,7622.5,7617.25,7620.25,3600
1780645500,7620.25,7622.25,7618.5,7620,2190
1780646400,7619.75,7623,7616.75,7621.5,3806
1780647300,7621.25,7629,7619.5,7629,4560
1780648200,7629,7631,7624,7624.25,4029
1780649100,7624.25,7625.25,7621.75,7622.75,2465
1780650000,7622.75,7641.5,7622.25,7634.5,11312
1780650900,7634.5,7637,7627.5,7628.75,6343
1780651800,7629,7630.75,7626.25,7627.25,4113
1780652700,7627.25,7631.5,7627,7630.25,2389
1780653600,7630.25,7633.5,7629.5,7633.25,2161
1780654500,7633.25,7636.75,7632,7635.75,2450
1780655400,7636,7636.5,7633,7635,2129
1780656300,7635.25,7635.5,7630.5,7631,2398
1780657200,7630.5,7632.5,7629.5,7630.25,3010
1780658100,7630.25,7632,7621.75,7631.25,9072
1780659000,7631.25,7633.5,7629,7630.5,4538
1780659900,7630.75,7631.25,7625.25,7625.75,3983
1780660800,7625.75,7625.75,7620,7621.5,5077
1780661700,7621.25,7626,7620.5,7622.25,6010
1780662600,7621.75,7630.5,7608.25,7622,20920
1780663500,7622,7625,7611.25,7612.25,16529
1780664400,7612.25,7614,7606.25,7608.25,15860
1780665300,7608,7612.25,7604.75,7610.5,16072
1780666200,7610.5,7615.25,7589.25,7590,93561
1780667100,7589.75,7593.5,7573.25,7574,98437
1780668000,7574,7589,7568.25,7587.75,116046
1780668900,7587.5,7596,7575.25,7579,69422
1780669800,7578.75,7594,7577.5,7582.25,65560
1780670700,7582,7587.5,7577.5,7585.25,39422
1780671600,7585.5,7588.75,7569.75,7569.75,44032
1780672500,7570,7574.75,7562.25,7568.25,51262
1780673400,7568,7571.5,7551,7552.5,55763
1780674300,7552.5,7556.5,7548.75,7552.5,36744
1780675200,7552.75,7553,7536.75,7541.5,48787
1780676100,7541.25,7542.5,7532.75,7534.25,40456
1780677000,7534.25,7535,7515.75,7519.25,56495
1780677900,7519,7533.5,7511.25,7532.25,61937
1780678800,7532.5,7532.75,7516.25,7521,40742
1780679700,7521,7528.5,7514.75,7527.25,36582
1780680600,7527.25,7540.25,7522.25,7525,43519
1780681500,7525.25,7534.25,7523,7534,29626
1780682400,7534,7535,7508,7508.25,43745
1780683300,7508.5,7508.75,7492,7496,68498
1780684200,7495.75,7498.25,7484.25,7487.25,48246
1780685100,7487.25,7488.75,7471.5,7479,86888
1780686000,7478.75,7480.75,7455.75,7459.25,69955
1780686900,7459.25,7471.75,7442.25,7471.75,88675
1780687800,7471.5,7475.5,7457.25,7465.25,79281
1780688700,7465.25,7485.5,7459.75,7462.75,104221
1780689600,7462.75,7464,7426.75,7430.75,50552
1780690500,7430.75,7434,7423.25,7432,13143
1780691400,7432.25,7432.25,7421.5,7426.75,9822
1780692300,7426.75,7434.25,7423.5,7430.5,9797
1780869600,7430.75,7449.5,7418.75,7449.25,20230
1780870500,7449,7458.75,7444,7446.75,16436
1780871400,7446.75,7454.25,7444,7448,10028
1780872300,7448,7451.25,7418,7430.25,19230
1780873200,7430.25,7449,7430.25,7447.5,10267
1780874100,7447.25,7447.75,7436.25,7443.75,8927
1780875000,7443.5,7454,7443.25,7453.75,6323
1780875900,7453.5,7467,7451.75,7462.75,10200
1780876800,7462.5,7470,7458.25,7469.25,11635
1780877700,7469.25,7478.25,7467,7477.25,8997
1780878600,7477.5,7485.5,7474.25,7478.75,11387
1780879500,7478.75,7480,7469.25,7478.25,9384
1780880400,7478.25,7481.5,7468.25,7468.5,10107
1780881300,7468.5,7470,7454.5,7455.25,17986
1780882200,7455.5,7469.5,7446.5,7468.25,21312
1780883100,7468.25,7472,7462.75,7468.5,8575
1780884000,7469,7473,7463.5,7469,6331
1780884900,7469,7472.75,7463,7470.75,5763
1780885800,7470.75,7480.25,7463.5,7480,10139
1780886700,7479.75,7481.75,7475,7477,5358
1780887600,7477,7481,7475.5,7478.5,3462
1780888500,7478.75,7480.75,7473,7479.5,3567
1780889400,7479.25,7482,7477.5,7478.75,2225
1780890300,7478.5,7481.25,7477.25,7479,1748
1780891200,7479.25,7481.25,7473,7475,3331
1780892100,7475.25,7478.75,7470.5,7474,3320
1780893000,7474.25,7475.5,7463.75,7464,4242
1780893900,7464.25,7471.25,7463,7463.75,3089
1780894800,7463.75,7471.5,7458.25,7459.25,4446
1780895700,7459.25,7466.25,7458,7464.75,3822
1780896600,7464.75,7466,7449,7452,7005
1780897500,7452,7455.25,7448.75,7454.25,3890
1780898400,7454.25,7462.25,7452,7456.5,5977
1780899300,7455.75,7471,7453.75,7469.5,6045
1780900200,7469.75,7472.5,7459.25,7464,5369
1780901100,7463.75,7465.25,7456.5,7465,4083
1780902000,7465,7475,7463,7472.5,7854
1780902900,7472.5,7486,7466.25,7483.25,8445
1780903800,7483.5,7486.5,7477.75,7485,5984
1780904700,7485,7491.25,7483.5,7485.75,5169
1780905600,7485.5,7486.25,7479,7480.25,5637
1780906500,7480.5,7483.5,7475.25,7479.5,4541
1780907400,7479.75,7483.75,7473,7477.25,3984
1780908300,7477.25,7480,7471.75,7476.25,4331
1780909200,7476.25,7480.25,7469.75,7478.5,2788
1780910100,7478.25,7482.75,7477.25,7479.25,2642
1780911000,7479.25,7493.75,7474.5,7485.75,7305
1780911900,7485.75,7489.75,7484.5,7489.75,3213
1780912800,7490,7490.25,7478.75,7487.5,5397
1780913700,7487.5,7488,7478,7483,3161
1780914600,7483,7498.5,7481.5,7491.5,7994
1780915500,7491.5,7493,7486.75,7490.75,4161
1780916400,7490.75,7511.5,7485,7511,11819
1780917300,7510.5,7516,7504.5,7514.5,15330
1780918200,7514.75,7520.25,7513.25,7514.25,7777
1780919100,7513.75,7515.25,7507.5,7509.25,5654
1780920000,7509.25,7519.5,7508.5,7516.25,11795
1780920900,7516.5,7521.25,7514.25,7520.75,6811
1780921800,7520.5,7530.25,7520.25,7525.75,12613
1780922700,7525.75,7526,7519.25,7522,7428
1780923600,7521.75,7527.5,7521.75,7525,10369
1780924500,7525.25,7534,7519,7520,22425
1780925400,7519.75,7532,7500.25,7512.75,97031
1780926300,7513,7523,7493.5,7494,75664
1780927200,7494,7511,7491.5,7502,74704
1780928100,7502,7515.75,7494,7510.25,58249
1780929000,7510.25,7522,7504.5,7511,55401
1780929900,7510.75,7536,7510.75,7535.75,56106
1780930800,7535.75,7539.25,7531,7533,35112
1780931700,7533.25,7537.25,7516.25,7517.75,50559
1780932600,7517.75,7524.25,7503.25,7522.25,59574
1780933500,7522.25,7528.5,7509.75,7512.25,41923
1780934400,7512.5,7517.75,7506.5,7515.5,33122
1780935300,7515.75,7524.75,7505.75,7506.25,34007
1780936200,7506.5,7511.25,7499.75,7506,37162
1780937100,7506,7514.75,7503.5,7504,26951
1780938000,7504,7504.5,7485.5,7494,50519
1780938900,7493.75,7505.5,7485.5,7505.25,42060
1780939800,7504.75,7509,7488.5,7488.75,41711
1780940700,7489,7502.25,7488.75,7496.25,28895
1780941600,7496.25,7508.25,7495.25,7497.5,32580
1780942500,7497.5,7506,7497.25,7504.5,19286
1780943400,7504.75,7509.75,7492.75,7494,28695
1780944300,7494,7500.5,7493.5,7494.25,19432
1780945200,7494.5,7496.75,7477.25,7477.25,37214
1780946100,7477.5,7481.75,7466.25,7477,46182
1780947000,7477,7486.75,7473.75,7478.5,45669
1780947900,7478.25,7484.75,7473,7478,55296
1780948800,7478.5,7481.5,7473.75,7475.75,13287
1780949700,7475.75,7477.25,7469.75,7475.25,6794
1780950600,7475.25,7476,7473.5,7474.25,2432
1780951500,7474.25,7476.25,7471.75,7474.5,3132
1780956000,7474.75,7479.5,7458,7460.25,8421
1780956900,7460.25,7463.5,7453.25,7458.25,5962
1780957800,7458,7467.25,7457.75,7466.25,5032
1780958700,7466,7475.25,7464.25,7474.25,4906
1780959600,7474.5,7479.25,7471.25,7478.5,4787
1780960500,7478.5,7478.75,7473.75,7475,3494
1780961400,7474.5,7481.75,7473,7475.5,5093
1780962300,7475.75,7475.75,7465.75,7473,8081
1780963200,7472.75,7474.5,7456.75,7459.5,12000
1780964100,7460,7463.5,7456,7462,6812
1780965000,7462,7463.75,7453.5,7459.5,7369
1780965900,7459.5,7460.5,7452.5,7457.75,5671
1780966800,7458,7464.75,7456,7462.25,6225
1780967700,7462.75,7480.5,7461.25,7476.25,9098
1780968600,7476.5,7485,7474.5,7482.5,6568
1780969500,7482.5,7490.5,7480.75,7482.5,6816
1780970400,7482.5,7487.25,7481.75,7484.25,3929
1780971300,7484.5,7485,7478,7482.5,4249
1780972200,7482.75,7486,7479.75,7485.5,4025
1780973100,7485.5,7487.75,7482.5,7485.75,2402
1780974000,7485.75,7489.75,7483.75,7488.75,3238
1780974900,7488.5,7491.5,7484.5,7487.75,3333
1780975800,7488,7495.5,7487,7494.5,3718
1780976700,7494.25,7495.5,7491.25,7493,2491
1780977600,7493,7496.25,7490.25,7493.75,3527
1780978500,7494,7497.75,7493,7495.75,2435
1780979400,7496.25,7499.75,7494.25,7497.75,2399
1780980300,7497.75,7499.25,7496,7496.5,1324
1780981200,7496.75,7499.75,7495.25,7496.25,2285
1780982100,7496.25,7498.75,7494.5,7495,1873
1780983000,7495,7502.5,7494.75,7499,3573
1780983900,7499,7503.5,7496.75,7499.25,1927
1780984800,7499.25,7501.5,7497.5,7501,2485
1780985700,7501.25,7504.5,7498.5,7499,2415
1780986600,7499.25,7500.25,7496,7498.75,2253
1780987500,7498.75,7500,7492.75,7495.75,2422
1780988400,7495.75,7509.25,7494,7500.5,5927
1780989300,7501,7503,7493,7495.75,4399
1780990200,7495.75,7499,7493.25,7499,3556
1780991100,7498.75,7501.5,7493.25,7495.25,3632
1780992000,7495.25,7507.75,7490.5,7506.5,8877
1780992900,7506.5,7508.25,7502.25,7505.75,4139
1780993800,7505.75,7511.25,7503.75,7510,3961
1780994700,7510,7511.5,7503,7504.75,2704
1780995600,7504.5,7510.75,7503.75,7510.25,2484
1780996500,7510.5,7513.25,7508.5,7511.75,2500
1780997400,7512,7512.25,7507,7511,2096
1780998300,7511,7513.75,7510.5,7511,1812
1780999200,7511.25,7514.25,7496.75,7511.5,14082
1781000100,7511.5,7512.25,7507.5,7511.75,1658
1781001000,7511.75,7512.25,7507.75,7509.5,1232
1781001900,7509.25,7518.5,7508.25,7513.75,5554
1781002800,7514,7517,7511.25,7513,3527
1781003700,7513,7513.5,7507.25,7509,2757
1781004600,7509.25,7513.25,7507.5,7511,4053
1781005500,7511.25,7513,7505.5,7505.75,3673
1781006400,7506,7510.5,7505.25,7505.75,5031
1781007300,7505.5,7508,7504,7506,5100
1781008200,7506,7518.25,7506,7512.25,8083
1781009100,7512,7519.25,7508.75,7518.75,8191
1781010000,7518.75,7521.5,7513.75,7514.25,17906
1781010900,7514.5,7522,7511.5,7521.25,14396
1781011800,7521,7538,7517,7537.75,70762
1781012700,7537.5,7553.5,7526.5,7528,87159
1781013600,7528,7535,7498.25,7499.5,94958
1781014500,7499.5,7506,7478,7495.75,123825
1781015400,7495.75,7501.5,7468,7470.25,85054
1781016300,7470.25,7473,7430.25,7461.5,148683
1781017200,7461.75,7468,7446.75,7459,76396
1781018100,7459.25,7461.5,7391.75,7394,99664
1781019000,7394.25,7408.75,7388.5,7402,108896
1781019900,7402.25,7411.5,7373.5,7375,81476
1781020800,7375,7389.75,7361.75,7369.5,101494
1781021700,7369.5,7369.75,7337,7357.5,109379
1781022600,7357.5,7370.25,7309.5,7330.5,121816
1781023500,7330.5,7350.75,7319.5,7349.75,76155
1781024400,7350,7374.5,7347.75,7369.5,61127
1781025300,7369.5,7397,7363,7391.5,60139
1781026200,7391.25,7423.5,7385.75,7413.5,50392
1781027100,7413.75,7416.25,7393.5,7409.75,48942
1781028000,7410.25,7421.75,7405,7416.75,37290
1781028900,7416.5,7436,7410,7435.5,40638
1781029800,7435.5,7447.25,7427.25,7428.5,38444
1781030700,7428.75,7456,7427.5,7452,31251
1781031600,7452,7461.25,7435.75,7437,36438
1781032500,7437.5,7438.75,7416,7430.25,50355
1781033400,7430,7434.5,7410.25,7418.75,38983
1781034300,7418.75,7457.75,7410,7454.25,67938
1781035200,7454.25,7461.5,7445.5,7448,22427
1781036100,7448,7454.25,7444.75,7452.5,6117
1781037000,7452,7456.25,7448.5,7453.25,4424
1781037900,7453.5,7455,7448,7452.5,4191
1781042400,7444.5,7447,7437,7444,9631
1781043300,7444,7449.25,7439,7441,5056
1781044200,7441,7441.25,7429,7433.25,7210
1781045100,7433.25,7434.5,7426,7433,5994
1781046000,7432.75,7442,7431.25,7432.75,7722
1781046900,7432.5,7434.75,7429.25,7429.75,4365
1781047800,7429.75,7433.5,7427.5,7432.25,4088
1781048700,7432.5,7442.25,7431.25,7441.5,5905
1781049600,7441.5,7455.75,7440.75,7447,12927
1781050500,7446.75,7448.75,7439.75,7445.75,5713
1781051400,7445.75,7446.5,7426.5,7430.75,8846
1781052300,7430.75,7447.25,7429.5,7444,9293
1781053200,7444.5,7451,7441,7447.25,7149
1781054100,7447,7452.5,7443.25,7446,5221
1781055000,7445.75,7451.25,7439.75,7442,5232
1781055900,7442,7448.25,7438.5,7442.5,4759
1781056800,7442,7444,7434,7438,4860
1781057700,7438.5,7442.25,7435,7441,3430
1781058600,7441.5,7444,7435.75,7439.25,3147
1781059500,7439,7443.5,7432,7433.5,3645
1781060400,7433.5,7442.5,7432.75,7439.75,2529
1781061300,7439.75,7444.25,7436.75,7438.75,2007
1781062200,7438.75,7440.5,7432.25,7432.5,2191
1781063100,7432.5,7437,7432.25,7435,1991
1781064000,7435.25,7436.25,7427,7427.75,2453
1781064900,7428,7433.25,7426,7428,2651
1781065800,7427.5,7428.25,7419,7419.75,3571
1781066700,7419.5,7427.75,7418.25,7420.5,3064
1781067600,7420.5,7428.5,7419.25,7422.5,2615
1781068500,7423,7430,7416.25,7429.5,4422
1781069400,7429.5,7431.25,7421.25,7426.5,3391
1781070300,7426.5,7433.25,7422,7431,2722
1781071200,7431,7438.25,7429.75,7434.75,3076
1781072100,7435,7437.25,7429.25,7433,2720
1781073000,7432.75,7438.25,7429.25,7433.75,4051
1781073900,7434,7434.5,7429.25,7431,1768
1781074800,7431,7436,7427,7433.5,4012
1781075700,7433.25,7435.75,7424.75,7427,3724
1781076600,7427,7433.25,7425.25,7427.75,3569
1781077500,7427.5,7430.75,7424.5,7430.25,4045
1781078400,7430,7430.25,7415,7418.5,7772
1781079300,7418.25,7421,7413.5,7415.5,8231
1781080200,7415.75,7419.5,7401,7402,7915
1781081100,7401.75,7407.5,7395,7398.75,10910
1781082000,7399,7402.25,7386.5,7386.5,11103
1781082900,7386.25,7399.75,7381.5,7399,10230
1781083800,7399,7405.25,7392,7395.5,7939
1781084700,7395.5,7402,7391.25,7400,6990
1781085600,7400.25,7401,7392.75,7397.25,5590
1781086500,7397.25,7399.75,7387,7398.75,8403
1781087400,7398.5,7406.75,7396.25,7406.75,7937
1781088300,7406.5,7409,7397.25,7406.5,7082
1781089200,7406.5,7409,7369.5,7388.5,20253
1781090100,7388.25,7396.75,7367.75,7379.25,17865
1781091000,7379.25,7382.25,7369,7374.25,12218
1781091900,7374.25,7389.25,7371.5,7385,10342
1781092800,7384.75,7397.5,7382.25,7390,14439
1781093700,7389.75,7401.5,7384.25,7400.75,15479
1781094600,7400.75,7429.5,7392.5,7421.5,46629
1781095500,7422,7429.25,7412.25,7413,24510
1781096400,7413,7418.25,7409,7413.75,19323
1781097300,7413.75,7418.5,7412,7417.25,14394
1781098200,7417.5,7445,7397.75,7444.5,110575
1781099100,7444.5,7452.75,7430.25,7440.5,80083
1781100000,7440.5,7459.5,7433.25,7450,81875
1781100900,7450.25,7467.25,7441,7455.25,72710
1781101800,7455,7462.5,7438.75,7439,72504
1781102700,7439,7444.25,7405.5,7411.25,101418
1781103600,7411.75,7427.5,7389.25,7390,88296
1781104500,7390,7408.75,7378,7397.25,80076
1781105400,7397.25,7408.75,7383.5,7405.5,65635
1781106300,7405.5,7411,7367.75,7402.5,91951
1781107200,7402.75,7408.5,7382,7385.5,50083
1781108100,7385.25,7393.5,7381.75,7389.75,28194
1781109000,7389.75,7406.5,7383,7391.25,33936
1781109900,7391.25,7393.5,7377,7386.5,33878
1781110800,7386.5,7397,7369.75,7373.25,34959
1781111700,7373,7381.5,7369.5,7379.5,25473
1781112600,7379.25,7380,7361.25,7362.75,30251
1781113500,7363,7391.25,7361.5,7389.75,45229
1781114400,7389.5,7401,7387.25,7390.75,30038
1781115300,7390.5,7395.75,7376,7379,29579
1781116200,7378.75,7379,7364,7368.25,30735
1781117100,7368.5,7368.75,7353,7357.5,32760
1781118000,7357.75,7364.5,7350.75,7354,30998
1781118900,7354.25,7356,7338.5,7343.5,35035
1781119800,7343.5,7361.25,7340.25,7356.25,38925
1781120700,7356.5,7363,7337.5,7338.5,52205
1781121600,7338.5,7341.75,7323.5,7333.75,23703
1781122500,7334,7338.5,7331,7333,6745
1781123400,7332.25,7332.75,7324.25,7325.25,5939
1781124300,7324.75,7330.25,7318.75,7329.5,6801
1781128800,7325.5,7328.75,7309.5,7317.75,11885
1781129700,7317.75,7322.25,7315.25,7321.25,7122
1781130600,7321.25,7329.25,7319,7322.5,9444
1781131500,7322.75,7327.75,7305.25,7306.5,12652
1781132400,7306.75,7314,7297.25,7298.75,15846
1781133300,7298.75,7321,7295,7319.5,25167
1781134200,7319.75,7325.75,7309.75,7322,10974
1781135100,7321.75,7322.5,7309.75,7312,7748
1781136000,7312.25,7321,7308.25,7317.25,12720
1781136900,7317.5,7345.25,7317.5,7329.5,19797
1781137800,7329.75,7335.25,7320.25,7325.75,13221
1781138700,7325.5,7342.5,7325.5,7339.5,9641
1781139600,7339.75,7365.75,7339.5,7365.25,15569
1781140500,7365,7368.5,7360,7367,9967
1781141400,7367,7368,7358.25,7359.25,7352
1781142300,7359.5,7360,7348.25,7350,6462
1781143200,7350.25,7359.75,7349,7349.75,5826
1781144100,7349.75,7353.25,7339,7340.75,8030
1781145000,7341,7346.25,7335.75,7341.75,8183
1781145900,7342,7353.75,7340.5,7351.75,6778
1781146800,7352,7357,7344.75,7347,6484
1781147700,7346.75,7351,7343.5,7350.5,4676
1781148600,7350,7361.25,7349.75,7360.5,5774
1781149500,7360.5,7368.5,7358.5,7367,5919
1781150400,7367.5,7368.25,7363.5,7366,4557
1781151300,7365.75,7371.5,7363,7368.75,5865
1781152200,7369.25,7380,7368,7378,5835
1781153100,7378,7380.25,7372.75,7375.25,4334
1781154000,7375.75,7376.25,7366.75,7368.25,5670
1781154900,7368,7371,7365.25,7368.5,4015
1781155800,7368,7371.5,7365.25,7370.25,4958
1781156700,7370.25,7373,7368.25,7371,4125
1781157600,7370.75,7371.5,7357.25,7369,14215
1781158500,7369,7372.75,7367.25,7368.25,6653
1781159400,7368.5,7375,7366.25,7372.75,7236
1781160300,7373,7378.5,7371.25,7378,5175
1781161200,7378.25,7382.25,7375,7379.75,9293
1781162100,7379.75,7392.5,7378.5,7389.25,9892
1781163000,7389.25,7393.75,7388.25,7392.75,7241
1781163900,7392.5,7393.25,7386.75,7389.75,5386
1781164800,7389.5,7400,7389,7398,9221
1781165700,7397.75,7399.25,7392.5,7394.75,6018
1781166600,7394.75,7399.75,7393.75,7397.5,5974
1781167500,7397.5,7400,7395.5,7399,3599
1781168400,7399,7400.25,7394,7395.75,5309
1781169300,7395.75,7399,7394,7396,3748
1781170200,7396,7399.5,7394.5,7397.75,3281
1781171100,7398,7401.25,7396,7396,3671
1781172000,7396,7400,7393,7394.5,4971
1781172900,7394.5,7396.25,7391,7391.25,4412
1781173800,7391.5,7396.75,7391.5,7394,4012
1781174700,7394.25,7396.75,7391,7391.5,4322
1781175600,7391.5,7391.75,7380,7384.5,11449
1781176500,7384.5,7388.25,7380.25,7385.25,9480
1781177400,7385.5,7395,7384.5,7392,15358
1781178300,7392.25,7396.5,7389.25,7394.75,6746
1781179200,7394.5,7396.5,7391.25,7394.5,6051
1781180100,7394.75,7394.75,7358.75,7368.25,44712
1781181000,7369.25,7377.25,7350.75,7367.25,31525
1781181900,7367,7382,7364.25,7378.75,25023
1781182800,7378.5,7379.25,7366.5,7370.75,13813
1781183700,7371,7374.25,7368.75,7370.5,11126
1781184600,7370.5,7373.5,7345.5,7353.75,116093
1781185500,7353.75,7397.75,7349.75,7379.5,131630
1781186400,7379.5,7398.25,7359.75,7360.5,100370
1781187300,7360.75,7380,7351.5,7370.5,98518
1781188200,7370.25,7382.75,7358.75,7368,77659
1781189100,7368,7372.25,7332.75,7338,82675
1781190000,7337.75,7360.75,7325.5,7355.5,90810
1781190900,7355.5,7369.5,7348.75,7353.5,57318
1781191800,7353.5,7376.75,7348.75,7360.5,50278
1781192700,7360.5,7366.25,7350,7362.5,40712
1781193600,7363,7383.5,7357.25,7381,38917
1781194500,7381,7385,7359.5,7360.5,41246
1781195400,7360.5,7381,7355.75,7368.25,42038
1781196300,7368.25,7371.5,7346.75,7347.25,32134
1781197200,7347.5,7354.5,7337.5,7345.25,42411
1781198100,7345.5,7409,7334.5,7407.75,54766
1781199000,7407.75,7449,7404.5,7444.75,109727
1781199900,7445,7448,7416.25,7431.5,52682
1781200800,7431.5,7439,7407.75,7425.5,49647
1781201700,7425.25,7440.25,7420.25,7427,42335
1781202600,7427.25,7436.25,7423,7431.75,17856
1781203500,7431.75,7445.75,7430.5,7440,22598
1781204400,7440,7455.25,7434.75,7451.75,32071
1781205300,7452,7464.5,7449.75,7461.5,22969
1781206200,7461.5,7482.25,7461.25,7476,43222
1781207100,7475.75,7475.75,7455,7457,62162
1781208000,7457.25,7472.25,7452.75,7469.5,14863
1781208900,7469.5,7472.25,7461.5,7464.25,5340
1781209800,7464,7466.5,7454.5,7455.25,3663
1781210700,7455,7461.5,7454.75,7460.25,2827
1781215200,7460.75,7475.75,7460.25,7475,6168
1781216100,7475.25,7479,7471.75,7473.25,5138
1781217000,7473.5,7475,7470.75,7473.5,3820
1781217900,7473.25,7478,7473,7474,3649
1781218800,7474.25,7475,7469,7472.25,4588
1781219700,7472,7475.25,7465,7469,5078
1781220600,7468.75,7476.25,7468.75,7475.75,3870
1781221500,7475.75,7479.5,7474.5,7477.5,5023
1781222400,7477.25,7479.5,7469,7475.5,8944
1781223300,7475,7480.75,7470,7479.5,6336
1781224200,7479.5,7484,7473.75,7474.5,6160
1781225100,7474.5,7478.5,7471.25,7475,4527
1781226000,7475,7475.5,7466.75,7471.25,6848
1781226900,7471.25,7473,7459,7461.25,7805
1781227800,7461.25,7466.25,7459.25,7462.75,6751
1781228700,7462.75,7473.75,7462.25,7472.75,5006
1781229600,7472.75,7477.5,7472.75,7474.5,5497
1781230500,7475,7475.5,7467.75,7468,5176
1781231400,7468.5,7473.75,7467.25,7472.75,4989
1781232300,7472.75,7476.5,7472.25,7474.25,4584
1781233200,7474.25,7474.5,7465.25,7467,4408
1781234100,7467,7468.5,7462.25,7466.5,4633
1781235000,7466.5,7472.25,7465.75,7469.25,4917
1781235900,7469.25,7471,7464.5,7469.5,4462
1781236800,7469.75,7469.75,7462.75,7466.5,3769
1781237700,7466.75,7471.5,7462.75,7471,3873
1781238600,7471,7473.5,7469.5,7472,3244
1781239500,7472,7474,7470.5,7473.25,2848
1781240400,7473.25,7475.25,7466.5,7471.25,4409
1781241300,7471,7474.25,7469.5,7473.25,4171
1781242200,7472.75,7472.75,7460.5,7465,9529
1781243100,7465.25,7465.75,7449.75,7455.75,12905
1781244000,7455.5,7466.5,7454,7464.25,11338
1781244900,7464.25,7464.25,7457.75,7459,4768
1781245800,7459,7459,7450.5,7451.75,5180
1781246700,7452,7453.75,7446.75,7450.5,5854
1781247600,7450.75,7452.25,7440,7440.25,9590
1781248500,7440.5,7445.5,7437.25,7442.75,7590
1781249400,7442.5,7455.5,7440.75,7454.75,8418
1781250300,7454.75,7471,7452,7463.5,11386
1781251200,7463.75,7477,7461.5,7474.25,10136
1781252100,7474,7490.75,7470.25,7484,15177
1781253000,7484,7486.5,7470.5,7474.5,7660
1781253900,7474.5,7482.25,7470.75,7477.5,5265
1781254800,7477.75,7488.75,7477.5,7488.5,4485
1781255700,7488.5,7500,7487.5,7498.75,8463
1781256600,7498.75,7513.75,7497.5,7508.5,10130
1781257500,7508.5,7509.75,7501,7502,5259
1781258400,7501.75,7507,7495.25,7499,6394
1781259300,7499,7499.75,7482,7484.25,10578
1781260200,7484,7492.25,7482.75,7488.75,6730
1781261100,7489.25,7490.75,7483.25,7487.25,5244
1781262000,7487.5,7494.25,7484.75,7492.75,6094
1781262900,7492.75,7502.25,7491.75,7500.5,6933
1781263800,7500.75,7505.25,7495,7504.75,6976
1781264700,7505,7510.25,7501.25,7505.5,6220
1781265600,7505.5,7507,7494.75,7496.75,6645
1781266500,7497,7499,7487.5,7488,7818
1781267400,7487.75,7490.25,7475.25,7476.75,11184
1781268300,7476.75,7480.5,7464.5,7467,14519
1781269200,7466.75,7477.75,7459.5,7477.5,20190
1781270100,7477.5,7486.25,7475,7486.25,18126
1781271000,7486,7487.25,7436.5,7437.75,121263
1781271900,7437.75,7453.25,7429,7445.5,63689
1781272800,7445.75,7484.25,7444.25,7472.25,68445
1781273700,7472,7490.5,7468,7475,51613
1781274600,7474.75,7491.5,7458.25,7459,56479
1781275500,7459,7506,7450.75,7503.25,104684
1781276400,7503.25,7513,7495.5,7510.75,48302
1781277300,7510.75,7524,7505,7521.25,42069
1781278200,7521,7521.75,7487.25,7488.75,55940
1781279100,7488.75,7498.25,7463.75,7468.25,67234
1781280000,7468.25,7502.5,7461,7489.75,57654
1781280900,7489.75,7501.5,7478.75,7485.75,37958
1781281800,7485.75,7494.25,7481.5,7484.25,19463
1781282700,7484.25,7495.75,7482.5,7494.75,18973
1781283600,7495,7509.5,7491.5,7499.25,26429
1781284500,7499.75,7507.25,7496.25,7501,17022
1781285400,7500.75,7502.5,7493.25,7496.5,15577
1781286300,7496.75,7501.25,7488.5,7493,13020
1781287200,7493,7500.25,7485,7490.25,20086
1781288100,7490.25,7493.75,7484.25,7492.75,16000
1781289000,7492.5,7503.75,7492,7502.5,14299
1781289900,7502.75,7503.25,7489.5,7490.25,16659
1781290800,7490.25,7502.25,7489.5,7494.5,15910
1781291700,7494.25,7500,7490,7494.75,12717
1781292600,7494.5,7498.25,7481,7488.75,27261
1781293500,7488.5,7500.5,7485,7496,25670
1781294400,7495.75,7505,7495.5,7505,10157
1781295300,7505,7507.25,7502.5,7502.75,3614
1781296200,7503,7505.5,7500.75,7500.75,2662
1781297100,7500.75,7501.5,7498,7498.5,2699
1781474400,7542,7566.5,7540,7564,14919
1781475300,7564,7568,7557.25,7558.25,7203
1781476200,7558.25,7561.5,7553.75,7555.25,5408
1781477100,7555.25,7562.5,7554,7557.75,3989
1781478000,7558,7561.75,7552.25,7553.25,4629
1781478900,7553,7554.75,7546.75,7554.25,5093
1781479800,7554.5,7560,7553.75,7557.25,3105
1781480700,7557.5,7561,7552.75,7559.75,4592
1781481600,7559.75,7574.75,7557.25,7571.75,9478
1781482500,7572,7574.5,7568,7572.25,6265
1781483400,7572.25,7573.25,7567.5,7570,3116
1781484300,7569.75,7572.75,7568,7571,2964
1781485200,7571.25,7575.5,7569.25,7573.75,4381
1781486100,7574,7576.75,7571.5,7575,3163
1781487000,7575.25,7578.5,7573.25,7577.75,2808
1781487900,7578,7579.25,7574,7576,2449
1781488800,7575.75,7580,7575.75,7578.75,2331
1781489700,7578.5,7582.75,7578.25,7581.75,2449
1781490600,7581.75,7583,7580,7581.75,1777
1781491500,7581.75,7584.25,7581.25,7583.25,1805
1781492400,7583.25,7583.75,7580.75,7583.75,2142
1781493300,7583.75,7586.5,7583.5,7585,1837
1781494200,7585,7587.5,7582.5,7583.5,2190
1781495100,7583.5,7585.25,7581.75,7583.5,1510
1781496000,7583.5,7584.5,7580.5,7582.25,1460
1781496900,7582.25,7587,7582.25,7586.75,1753
1781497800,7586.5,7588.5,7583.5,7588,3726
1781498700,7588,7591,7587,7590.5,1828
1781499600,7590.25,7593.5,7589.75,7593,1885
1781500500,7592.75,7594.25,7591,7592.75,1855
1781501400,7592.75,7594.5,7589.5,7593,3487
1781502300,7593.25,7595.25,7591.25,7594.75,1841
1781503200,7595,7597,7592.75,7593.25,3007
1781504100,7593.25,7596.25,7589.75,7592.75,3771
1781505000,7592.75,7593.75,7586.75,7590.25,4113
1781505900,7590.5,7592.25,7587.25,7589.75,2806
1781506800,7589.75,7592.25,7585.25,7589.75,4908
1781507700,7589.5,7595.75,7588.75,7592.25,5424
1781508600,7592.25,7594.25,7589.75,7591.25,2780
1781509500,7591,7593.5,7586.75,7586.75,3560
1781510400,7586.5,7594.5,7586.25,7590.5,4660
1781511300,7590.5,7594.5,7587.25,7594,4014
1781512200,7593.75,7594.75,7590.75,7594,2619
1781513100,7594,7597,7590.25,7592.25,3238
1781514000,7592,7596,7590.5,7591.5,2840
1781514900,7591.5,7592.25,7585.5,7586,4519
1781515800,7586.25,7587.5,7584.25,7584.75,2732
1781516700,7584.5,7588.75,7582.75,7587.25,2903
1781517600,7587.5,7591.5,7586.75,7590.25,2226
1781518500,7590.5,7592,7587,7591,2140
1781519400,7591.25,7591.5,7587.25,7590.25,1995
1781520300,7590.25,7592.75,7589.5,7592,2392
1781521200,7592.25,7598,7591.25,7597,4244
1781522100,7597.25,7601,7596.5,7599.75,5118
1781523000,7599.75,7602,7591.75,7592.75,5836
1781523900,7593,7599.75,7591.5,7595.75,5498
1781524800,7595.75,7598.75,7594.5,7595,4643
1781525700,7595,7596.5,7587.75,7589.25,7450
1781526600,7589.25,7595,7588.25,7591.75,6112
1781527500,7591.75,7594.75,7587.5,7594.5,4810
1781528400,7594.75,7597,7591.75,7597,5513
1781529300,7596.75,7601.25,7595.5,7599.25,10138
1781530200,7599.25,7616.25,7598.25,7609.75,66783
1781531100,7609.75,7622.5,7609.5,7614.5,37822
1781532000,7614,7620.75,7605.75,7611,45135
1781532900,7611,7617.75,7606.5,7617,38597
1781533800,7617,7618.25,7610,7613.5,26771
1781534700,7613.75,7625,7613.5,7623.25,26131
1781535600,7623.25,7629,7623,7628,19465
1781536500,7628.25,7634,7626,7632.75,14808
1781537400,7633,7637,7626.5,7636,23641
1781538300,7636,7644.5,7636,7643,20090
1781539200,7643.25,7648.75,7642,7643.25,16848
1781540100,7643.5,7647.75,7640.75,7647,14110
1781541000,7647,7648.25,7639.25,7640.75,14739
1781541900,7641,7641.5,7636.75,7640.5,13983
1781542800,7640.5,7642.25,7632.5,7640,21264
1781543700,7639.5,7645.5,7638.75,7643.25,11760
1781544600,7643.25,7645.25,7638.75,7639.5,10012
1781545500,7639.25,7640.25,7632.25,7633.75,11739
1781546400,7633.75,7635,7628,7633.25,17055
1781547300,7633.5,7635.5,7628,7629,10489
1781548200,7628.75,7635.25,7625.5,7634,14869
1781549100,7634.25,7636.25,7630.25,7631.5,10752
1781550000,7631.75,7632.75,7628.5,7632,13412
1781550900,7632,7634.5,7624.75,7624.75,12750
1781551800,7625,7628.25,7622.75,7625.5,15430
1781552700,7625.25,7631.5,7616.5,7630.25,45072
1781553600,7630,7631.5,7626.25,7628,10955
1781554500,7628,7628.5,7624.25,7625.5,2745
1781555400,7625.25,7628.25,7625.25,7626.25,2529
1781556300,7626,7629,7624.25,7624.5,2507
1781560800,7626.5,7630,7618.5,7620.75,3819
1781561700,7621.25,7621.5,7612,7617,4935
1781562600,7616.75,7619,7615.25,7616.25,1993
1781563500,7616,7619.75,7615.25,7617.75,2205
1781564400,7617.25,7618.5,7615.25,7615.5,1475
1781565300,7615.5,7622,7614.5,7621,2526
1781566200,7621,7621.5,7616.5,7618.75,1569
1781567100,7619.5,7621.75,7617.75,7620.25,1919
1781568000,7620.25,7622.5,7615.5,7620.75,3052
1781568900,7620.5,7623.5,7617.5,7621.75,2151
1781569800,7621.75,7625.25,7617,7617.5,4286
1781570700,7617.5,7619.75,7612.75,7615.25,4235
1781571600,7615.5,7619,7613.25,7615,3558
1781572500,7615,7618.5,7614.25,7616.5,1990
1781573400,7616.5,7618,7614.75,7616,1784
1781574300,7616,7618.75,7614,7616.5,2139
1781575200,7616.25,7618,7614,7615.25,1923
1781576100,7615.25,7618.5,7615.25,7616.75,1511
1781577000,7616.75,7621,7616.5,7619.75,2042
1781577900,7619.25,7620.5,7615.75,7617.5,1581
1781578800,7617.75,7620.5,7616.75,7617.5,1145
1781579700,7617.75,7623.5,7617.25,7621.75,2015
1781580600,7621.5,7627.5,7620.75,7626.5,3833
1781581500,7626.75,7626.75,7621.25,7623,1996
1781582400,7623.25,7623.5,7620.5,7621.75,1150
1781583300,7621.5,7622.5,7619,7620.5,1619
1781584200,7620.5,7622,7619.25,7619.5,1112
1781585100,7619.25,7620,7615.25,7618.5,2396
1781586000,7618.75,7624.5,7618.5,7623,1597
1781586900,7623,7625.25,7621.5,7621.75,1413
1781587800,7621.75,7622.75,7616,7618,2045
1781588700,7618,7620.75,7617.5,7618.25,1094
1781589600,7618,7624,7617,7623.25,2106
1781590500,7623.25,7623.5,7620,7623.25,1528
1781591400,7623.25,7624,7620.75,7621,1633
1781592300,7621,7623,7619.75,7622.5,1387
1781593200,7622.25,7626.5,7621.75,7623.75,3087
1781594100,7623.75,7627.75,7623.25,7626.5,2475
1781595000,7626.5,7627.75,7622,7622.25,2794
1781595900,7622.25,7625.25,7620.25,7624.5,2899
1781596800,7624.75,7630.25,7622.5,7626.75,4617
1781597700,7626.75,7628.5,7624,7626.25,3352
1781598600,7626.5,7627.5,7620.75,7623,3605
1781599500,7623,7628.75,7621,7626.5,3342
1781600400,7626.25,7628.75,7625,7627,2365
1781601300,7627,7627.5,7622,7622.75,2879
1781602200,7623,7625.25,7620.25,7621.25,1802
1781603100,7621.5,7622.25,7618.75,7620.25,2648
1781604000,7620.5,7625.5,7620.5,7625.5,2372
1781604900,7625.5,7627.25,7623,7626.25,1976
1781605800,7626.25,7628.25,7624.5,7627,2387
1781606700,7627,7631,7626.25,7630.75,2429
1781607600,7630.5,7632.25,7628.5,7631.25,3938
1781608500,7630.75,7634.25,7629,7631.75,3752
1781609400,7632,7633.5,7628.75,7633,2888
1781610300,7633.25,7634.25,7630.5,7631.25,2665
1781611200,7631.25,7634.75,7630.25,7631.25,4150
1781612100,7631,7631.5,7621.75,7625.5,9880
1781613000,7625.5,7627,7622.25,7623.75,6915
1781613900,7624,7628.75,7622.25,7625.25,7775
1781614800,7625.25,7627,7620.75,7624.25,10551
1781615700,7624.5,7630.75,7622,7628,11151
1781616600,7628,7636.5,7624.25,7630.5,67786
1781617500,7630.25,7636.25,7621.75,7622.75,47740
1781618400,7622.75,7634.25,7622.5,7630.25,49819
1781619300,7630.5,7632.75,7612,7612,75206
1781620200,7612.25,7621.5,7604,7614.25,69980
1781621100,7614.25,7619,7606.5,7611.25,49962
1781622000,7611,7619.25,7610,7616,38158
1781622900,7615.75,7618.5,7604.5,7608,37338
1781623800,7608.25,7616.5,7605.75,7606.75,36097
1781624700,7606.75,7616.75,7598.75,7610,57682
1781625600,7609.75,7622.5,7609.5,7619,33073
1781626500,7619.25,7621.75,7614.25,7616.25,25209
1781627400,7616.25,7617.25,7606.75,7613.25,33455
1781628300,7613.25,7615,7606,7610.5,27382
1781629200,7610.5,7611.5,7605,7609.25,18507
1781630100,7609.25,7610.75,7602,7605.75,21694
1781631000,7605.75,7606.75,7598.75,7603.5,20860
1781631900,7603.5,7611.5,7601.25,7606,19806
1781632800,7605.75,7607.75,7603.5,7604.75,13960
1781633700,7604.5,7607.5,7601.5,7605.25,13930
1781634600,7605.25,7606.5,7601.5,7605.25,13462
1781635500,7605.25,7606.75,7600.5,7602,11380
1781636400,7601.75,7603,7592.5,7593.75,28805
1781637300,7593.75,7600.25,7584.75,7596.25,39224
1781638200,7596.25,7597.25,7587.5,7594.5,28183
1781639100,7594.25,7597.5,7582.75,7588,53410
1781640000,7588,7588.75,7581.25,7582.25,15931
1781640900,7582.25,7584.75,7577.75,7582.75,6542
1781641800,7582.75,7585.75,7581.75,7584.75,3390
1781642700,7585,7585.75,7581.25,7583.5,3029
1781647200,7583.5,7593.25,7583,7591.25,4845
1781648100,7591.75,7595.25,7589.5,7593.75,2711
1781649000,7593.5,7596.5,7590.75,7593.75,2463
1781649900,7593.75,7597.5,7592.75,7596.25,1764
1781650800,7596.5,7597,7590.5,7594,2184
1781651700,7594,7594,7591,7592,1243
1781652600,7592,7594.75,7590,7591.75,1792
1781653500,7591.75,7594.25,7589,7591.75,2768
1781654400,7592,7598.75,7592,7595,5539
1781655300,7595,7599.5,7594.25,7597.25,3199
1781656200,7597.25,7600.5,7596.25,7598.25,2930
1781657100,7598.25,7598.75,7595.25,7597,2298
1781658000,7597,7602.75,7595.5,7601.25,4019
1781658900,7601.25,7604.25,7599.75,7603,2469
1781659800,7603.25,7605,7602,7602.5,2130
1781660700,7602.5,7605.5,7602.5,7605.5,1788
1781661600,7605.25,7605.5,7603.25,7605,1356
1781662500,7605,7605.5,7603.5,7603.75,1280
1781663400,7603.75,7604,7601.5,7603.25,1731
1781664300,7603.25,7603.5,7601,7602.5,1299
1781665200,7602.75,7605.25,7601,7601.25,1603
1781666100,7601.25,7601.75,7598.75,7601,1878
1781667000,7601,7605.5,7600.25,7604.5,1745
1781667900,7604.5,7606.25,7604,7606,1452
1781668800,7606,7606.5,7604.5,7605,1030
1781669700,7604.75,7606.5,7604.5,7605.25,752
1781670600,7605.25,7606,7601,7601.5,1480
1781671500,7601.75,7606.25,7601.75,7606,1201
1781672400,7606.25,7607.5,7605,7605.5,1622
1781673300,7605.25,7607,7604,7604.5,1155
1781674200,7604.5,7608,7603.75,7605.75,1736
1781675100,7605.25,7607.5,7603,7604,1080
1781676000,7604.25,7607.5,7603,7605.5,1444
1781676900,7605.5,7606.25,7602,7602.75,1254
1781677800,7602.75,7608.5,7601.25,7608,2349
1781678700,7608.25,7609.25,7607,7609,1683
1781679600,7608.75,7612.25,7608.25,7611.75,3302
1781680500,7611.5,7612.5,7603.25,7604.75,2755
1781681400,7604.75,7608.5,7603.25,7606,1944
1781682300,7606.25,7607.25,7604,7606,2082
1781683200,7605.75,7608.25,7597.75,7598.5,4067
1781684100,7598.75,7602.25,7597.75,7599.5,3758
1781685000,7599.5,7600.5,7593.25,7594,4192
1781685900,7594,7600,7591.5,7600,3961
1781686800,7600,7601.25,7596.25,7598.25,2455
1781687700,7598.25,7601.75,7597.25,7601,2515
1781688600,7601,7602.75,7596,7597.5,3058
1781689500,7597.25,7598.25,7590.25,7592.25,3679
1781690400,7592.25,7592.5,7585.5,7589.25,5371
1781691300,7589.5,7594.25,7586.5,7591.5,3801
1781692200,7591.75,7596,7590.5,7596,3098
1781693100,7595.75,7598.5,7590.25,7591.25,4123
1781694000,7591.25,7596.25,7589.5,7595.5,4148
1781694900,7595.5,7597.75,7593.5,7594.5,3388
1781695800,7594.25,7594.5,7589,7589.5,3259
1781696700,7589.5,7591.25,7582.75,7586.5,6696
1781697600,7586.75,7593.75,7586.25,7592.75,5661
1781698500,7592.5,7593.5,7589.5,7590,4545
1781699400,7590.25,7596.5,7590,7594.5,8114
1781700300,7594.5,7596.25,7593.25,7595.5,5692
1781701200,7595,7596,7591,7594,6406
1781702100,7594,7599,7591.75,7595.75,16332
1781703000,7596,7598,7583.5,7597.75,66219
1781703900,7597.75,7600.25,7581,7581.25,52239
1781704800,7581.25,7595.25,7578.5,7594.75,59174
1781705700,7594.75,7604.25,7593.25,7599.25,41629
1781706600,7599.25,7600,7574,7584,63414
1781707500,7584,7589,7560.5,7572.25,98994
1781708400,7572.5,7579.75,7568,7578.25,44286
1781709300,7578.25,7584.75,7575.5,7582.25,38743
1781710200,7582.25,7590.5,7580,7586.25,27154
1781711100,7586.25,7591.25,7585.5,7588.75,16972
1781712000,7589,7592.25,7585.5,7588.75,11246
1781712900,7588.75,7593.25,7587.25,7590.25,10229
1781713800,7590.25,7591.25,7582,7585,14933
1781714700,7584.75,7585.5,7581.5,7582.75,10829
1781715600,7582.5,7582.75,7568.5,7575,22976
1781716500,7575,7579.75,7572,7578.25,16917
1781717400,7578.25,7579.25,7572.5,7574.5,14260
1781718300,7574.25,7590,7573,7590,15753
1781719200,7589.75,7590,7513.75,7546.25,109568
1781720100,7546,7560.5,7533.75,7542.75,75098
1781721000,7542.75,7584.25,7535.5,7580.25,89969
1781721900,7580.25,7580.5,7531.5,7540.5,62388
1781722800,7540.5,7552,7524.5,7547,69720
1781723700,7547.25,7548.5,7497.5,7500.25,70766
1781724600,7500.25,7503.75,7472.25,7479.75,77143
1781725500,7480.25,7498.75,7475.25,7492,63880
1781726400,7492.25,7504.5,7490,7492.5,17323
1781727300,7492.5,7509.75,7489.75,7508.25,8411
1781728200,7508.25,7514.75,7506,7511.5,5673
1781729100,7511.5,7511.75,7507.5,7511,3315
1781733600,7515,7521.75,7504.25,7519.5,8300
1781734500,7519.75,7527,7518.25,7523.5,6170
1781735400,7523.25,7527,7522.5,7524.25,3943
1781736300,7524,7527.75,7524,7525.75,3045
1781737200,7525.5,7532.25,7524.5,7531.75,3888
1781738100,7531.5,7539,7531,7537.75,3890
1781739000,7537.75,7539.5,7534,7535.75,3949
1781739900,7535.75,7541.5,7534.25,7541.5,3569
1781740800,7541.5,7559.25,7539.75,7559,12702
1781741700,7558.75,7560.5,7548.75,7552.75,8946
1781742600,7552.75,7558.25,7552.75,7556.25,6278
1781743500,7556.25,7557,7548.25,7550.75,6420
1781744400,7551,7560.5,7550,7559.25,6692
1781745300,7559.25,7561.5,7554.75,7557,4381
1781746200,7557.25,7559.25,7553.75,7554.75,3716
1781747100,7554.5,7556.25,7550.25,7552.75,4380
1781748000,7553,7559.75,7552.25,7557.75,2986
1781748900,7557.5,7558,7554.25,7555.5,1573
1781749800,7555.75,7557.5,7553,7557,1686
1781750700,7557.25,7558.75,7555,7556.75,1898
1781751600,7556.75,7558.25,7552.5,7553,1986
1781752500,7553,7557.5,7552,7556.5,2101
1781753400,7556.75,7558.75,7550.5,7551.75,2619
1781754300,7551.5,7556.75,7551.25,7555.25,1604
1781755200,7555.75,7556.75,7549,7549.5,2286
1781756100,7549.5,7551.5,7544.75,7546.75,4042
1781757000,7546.5,7546.75,7540.5,7541,3412
1781757900,7540.75,7546.25,7539.25,7545,3234
1781758800,7544.75,7548,7542.75,7544.75,2708
1781759700,7544.25,7549.5,7544,7548.25,2192
1781760600,7548.25,7550.75,7546.25,7547.75,2268
1781761500,7547.5,7548,7544,7546.25,1814
1781762400,7546.5,7548.75,7541.25,7544.5,3737
1781763300,7544.25,7550.75,7540.75,7550.5,3407
1781764200,7550.25,7550.25,7543.75,7546.75,2322
1781765100,7546.75,7557.25,7546.5,7556.75,3514
1781766000,7556.75,7559,7550.25,7551.5,3862
1781766900,7551.5,7559.25,7550.5,7558.5,3069
1781767800,7558.5,7558.5,7553.5,7556.75,2565
1781768700,7556.75,7559.5,7554,7559.5,2474
1781769600,7559.5,7568,7559.25,7565.5,6622
1781770500,7565.25,7566.25,7555.5,7556.5,3765
1781771400,7556.5,7560.25,7554.75,7557.25,3572
1781772300,7557,7558.5,7547,7547.75,3870
1781773200,7548,7553.75,7545.75,7553,3944
1781774100,7553.25,7556.5,7551.75,7554.25,3003
1781775000,7554,7560,7552.5,7559.25,2483
1781775900,7559,7564,7559,7563.25,3242
1781776800,7563.25,7563.5,7558.75,7563.25,2611
1781777700,7563.25,7564.5,7559.5,7560.5,3105
1781778600,7560.75,7563,7552,7552,4635
1781779500,7552.25,7555.25,7551.25,7553,2710
1781780400,7553.5,7554.75,7540,7544.5,7021
1781781300,7544.5,7545,7535.5,7541.5,7349
1781782200,7541.5,7543.75,7531.25,7538,7790
1781783100,7538,7544,7537.25,7543.25,5359
1781784000,7543.25,7548,7540.75,7546.5,6493
1781784900,7546.5,7555.5,7544,7554.25,8255
1781785800,7554.75,7559.5,7553.25,7555.5,7208
1781786700,7555.5,7565,7554.75,7560.5,7046
1781787600,7560.5,7562.75,7550.5,7561.5,17075
1781788500,7561.75,7579.75,7560.75,7577,29291
1781789400,7577,7581.75,7537,7538.5,101826
1781790300,7538.75,7555,7535.5,7544,70153
1781791200,7544.25,7558.25,7540.75,7545.5,59861
1781792100,7545,7566.25,7539,7550.75,57345
1781793000,7550.5,7564.5,7541.25,7558.75,49473
1781793900,7558.5,7570.75,7558.25,7566.25,33661
1781794800,7566.5,7569,7557.25,7559,33283
1781795700,7559,7561.5,7549.5,7551.75,38280
1781796600,7551.5,7556.25,7541,7545.75,39106
1781797500,7545.75,7563.25,7541.25,7560.5,30212
1781798400,7560.5,7563.75,7555,7559.75,19129
1781799300,7559.75,7566.75,7557,7564.25,17053
1781800200,7564.25,7570.5,7560.75,7567.5,17161
1781801100,7567.75,7568.75,7559.5,7564,15268
1781802000,7564.25,7575.25,7561.5,7573.5,17424
1781802900,7573.25,7578.75,7571,7573,14964
1781803800,7573,7577,7569.5,7570.5,13092
1781804700,7570.5,7572.75,7566.75,7567,12136
1781805600,7567.25,7568,7562,7563.75,16079
1781806500,7563.5,7566.5,7561,7562.75,14447
1781807400,7562.75,7563.5,7559,7562.75,12604
1781808300,7562.75,7567.25,7560.5,7561.25,15102
1781809200,7561.5,7562.5,7549.25,7552.25,22159
1781810100,7552.25,7560,7550,7558,16242
1781811000,7557.75,7571.75,7553.5,7571,23845
1781811900,7571.25,7580.75,7564.5,7564.5,60807
1781812800,7564.5,7577.5,7562.25,7576.75,16114
1781813700,7576.5,7583,7575,7577.5,5896
1781814600,7577.25,7579.5,7572.25,7573,3155
1781815500,7573,7575,7570.5,7574.75,2671
1781820000,7575.5,7580,7572,7573.25,3009
1781820900,7573.25,7573.25,7564.75,7566,3483
1781821800,7566.25,7566.25,7560.25,7561.75,3296
1781822700,7561.75,7564,7559.75,7561,2566
1781823600,7561.25,7564.25,7560.25,7561.5,2187
1781824500,7561.5,7566,7561.25,7564.25,1798
1781825400,7564.5,7567.25,7562.75,7565.75,1932
1781826300,7565.5,7568.25,7564.5,7565.75,2084
1781827200,7565.5,7565.75,7556,7557.25,5877
1781828100,7557.5,7562,7556.75,7559.5,4112
1781829000,7559.75,7561.25,7556.75,7559,2131
1781829900,7559.25,7560.5,7557,7558.25,1147
1781830800,7558.25,7560.75,7551,7552.5,4168
1781831700,7552.5,7556,7552.5,7554.75,2120
1781832600,7554.75,7554.75,7550,7551.25,2298
1781833500,7551.75,7553,7547.25,7547.5,2523
1781834400,7547.5,7548.5,7543.75,7544.75,2716
1781835300,7544.75,7546.75,7541.75,7546,2503
1781836200,7546,7549.25,7545.5,7548.75,1751
1781837100,7548.75,7548.75,7544.25,7546.25,1637
1781838000,7546.25,7548.5,7544,7544,1273
1781838900,7544.25,7544.75,7537.75,7539,3439
1781839800,7538.5,7541.25,7536,7538.75,3008
1781840700,7539,7540,7536.25,7538.5,1682
1781841600,7538.75,7539.5,7532.25,7538.25,3652
1781842500,7538.25,7538.25,7534,7535.75,2034
1781843400,7536.25,7536.25,7529.25,7531,3018
1781844300,7531,7531.25,7521.5,7525.5,4075
1781845200,7525.5,7527,7522,7526.5,2313
1781846100,7526.5,7527.5,7520.5,7525.5,3014
1781847000,7525.5,7528.5,7520.75,7522.75,3219
1781847900,7522.5,7531.75,7522.5,7531.5,3085
1781848800,7531.25,7535.5,7530.75,7533,3032
1781849700,7533,7537.75,7530,7536.5,2489
1781850600,7536.25,7538,7534,7536,1521
1781851500,7536,7542.75,7534.5,7541.5,2263
1781852400,7541.25,7546.75,7541,7546.5,2189
1781853300,7546.75,7549.5,7544.75,7549.5,2027
1781854200,7549.5,7555,7548.5,7550.75,4472
1781855100,7550.75,7554.25,7548.5,7554.25,2430
1781856000,7554.25,7556.5,7550.5,7554.75,2391
1781856900,7554.5,7558.25,7554,7557,1825
1781857800,7557,7558.75,7553,7557.25,2327
1781858700,7557.5,7560.5,7555.75,7558.5,1670
1781859600,7558.75,7562.25,7554.75,7556.5,2591
1781860500,7556.5,7558,7553.5,7554.25,1497
1781861400,7554,7560.5,7554,7557.75,1911
1781862300,7557.75,7559.5,7554.75,7555.25,2499
1781863200,7555.25,7555.75,7551.5,7552,2216
1781864100,7552,7553.25,7544.75,7545.25,2876
1781865000,7545.5,7545.75,7537.75,7542.25,3756
1781865900,7542.5,7547.25,7540,7543.5,2945
1781866800,7543.5,7543.75,7537.5,7541,3806
1781867700,7541,7544,7537,7538.5,1888
1781868600,7538.5,7546.25,7538.25,7544.25,2521
1781869500,7544.25,7546,7540,7544.25,1997
1781870400,7544.25,7544.75,7541.5,7542,2128
1781871300,7542.25,7543.25,7540,7540.5,1813
1781872200,7540.5,7541.5,7533.5,7540.5,6611
1781873100,7540.5,7562.25,7538.5,7558.75,17204
1781874000,7559,7561.75,7554.5,7558.5,9362
1781874900,7558.75,7560.5,7555.5,7559,5573
1781875800,7559,7563.75,7556,7557.75,13866
1781876700,7557.75,7563,7557,7559.5,10976
1781877600,7559.25,7560,7554,7559.25,11387
1781878500,7559.25,7561.25,7556,7559.75,5965
1781879400,7559.5,7563.75,7557.25,7563.25,7437
1781880300,7563.5,7566,7562.75,7565.25,6255
1781881200,7565,7568.5,7564.25,7565.25,5726
1781882100,7565.5,7566,7563.25,7566,5501
1781883000,7566,7567,7558.25,7558.75,10353
1781883900,7558.5,7565.75,7558.5,7563.75,5300
1781884800,7563.75,7564,7559.5,7560.25,3651
1781885700,7560.25,7565,7560.25,7564.75,2819
1781886600,7564.75,7567.25,7563.5,7565.5,3158
1781887500,7565.25,7567.75,7554.75,7557,5538
1782079200,7543.75,7549.75,7528.25,7532,14427
1782080100,7532.5,7543.5,7526,7540.75,8737
1782081000,7541,7542.25,7536.25,7541.25,4785
1782081900,7541.25,7544,7536.75,7538,4110
1782082800,7537.75,7538.25,7525,7526.5,10975
1782083700,7526.5,7529.25,7523.25,7526,6204
1782084600,7526.25,7527.25,7515.5,7519.5,7988
1782085500,7519.5,7521.25,7513,7516,5967
1782086400,7515.75,7537.25,7514.5,7533.25,15040
1782087300,7533,7544,7531.25,7543.5,10121
1782088200,7543.75,7545.5,7540.25,7542.75,6019
1782089100,7543,7550,7543,7549,6465
1782090000,7549,7558,7549,7553.5,8583
1782090900,7553.5,7556,7550.75,7554.75,4318
1782091800,7554.5,7555.75,7552,7554,2905
1782092700,7554,7554.75,7549,7549.75,3993
1782093600,7550,7550.75,7544,7544,4663
1782094500,7544.25,7547,7542,7542.5,3657
1782095400,7542.25,7543,7538.5,7540,3507
1782096300,7540,7540.25,7537.25,7538.5,2388
1782097200,7538.5,7539,7534.25,7536,4022
1782098100,7536,7541,7536,7540.5,3311
1782099000,7540.5,7542.25,7539,7540,1854
1782099900,7540.25,7541.75,7533.5,7534.5,3020
1782100800,7534.5,7536.75,7532.75,7533,2507
1782101700,7533,7534.25,7530.25,7531,2600
1782102600,7530.75,7532.75,7528.5,7529.75,2915
1782103500,7529.75,7535.5,7529.25,7534.75,4101
1782104400,7534.75,7546.5,7533.75,7545.25,4976
1782105300,7545.25,7547.25,7542.5,7545.5,2659
1782106200,7545.75,7546.75,7541.5,7545,1993
1782107100,7545,7547.75,7543.5,7546.25,1734
1782108000,7546.5,7553.5,7546,7553,3219
1782108900,7553,7560.5,7551.75,7558.75,4661
1782109800,7558.5,7562,7554.5,7560.75,3222
1782110700,7560.75,7563,7559.5,7561.75,1709
1782111600,7561.75,7566.25,7561.25,7564,3702
1782112500,7564,7567.5,7564,7566.75,2023
1782113400,7566.5,7567.25,7562,7562.75,2160
1782114300,7562.5,7565,7560.5,7562.75,1964
1782115200,7562.75,7563.75,7552.5,7556.25,3907
1782116100,7556.5,7557.75,7552.5,7555,2544
1782117000,7554.75,7560,7553.25,7560,2406
1782117900,7559.75,7560.25,7555.5,7559.25,2222
1782118800,7559.5,7564.5,7556.25,7563,2859
1782119700,7562.75,7563,7559.75,7560.5,1624
1782120600,7560.25,7562,7555.25,7556.25,2423
1782121500,7556.5,7558.25,7554.5,7555,1858
1782122400,7554.75,7564.75,7554.75,7563,2734
1782123300,7562.75,7564.5,7562,7563,1363
1782124200,7563,7563,7556.75,7559.25,2302
1782125100,7559.25,7562.5,7557.75,7558.75,2035
1782126000,7558.5,7578,7558.5,7562.75,12718
1782126900,7562.5,7564.25,7560.75,7561.75,2653
1782127800,7561.75,7565.75,7560.75,7563.25,4064
1782128700,7563.5,7565,7559,7563.5,5491
1782129600,7563.75,7570.25,7563.75,7569.75,3550
1782130500,7569.5,7574.5,7567.75,7574,4621
1782131400,7574.25,7576.5,7570.25,7570.75,5672
1782132300,7571,7571.75,7567.5,7568,4093
1782133200,7568,7578,7568,7576.5,17361
1782134100,7576.5,7579,7572.25,7573.25,9712
1782135000,7573.25,7596.75,7571.5,7578.75,80736
1782135900,7578.5,7596.5,7576.5,7596.5,51909
1782136800,7596,7599.25,7589,7589.75,37461
1782137700,7590,7591,7560.5,7561.25,67492
1782138600,7561.25,7562.5,7540,7541,88451
1782139500,7541,7549.5,7527.25,7543,70862
1782140400,7543,7550,7536,7540.75,45396
1782141300,7540.5,7547,7534.5,7539.75,53589
1782142200,7539.75,7558,7537.75,7555,39141
1782143100,7555,7559.25,7539.25,7542.5,38290
1782144000,7542.75,7546.5,7532,7546.5,35041
1782144900,7546.25,7550.5,7540,7544.5,22876
1782145800,7544.25,7545.25,7536.75,7540,17428
1782146700,7540,7549.75,7537.75,7546,22168
1782147600,7546.25,7547,7535.25,7542.25,18090
1782148500,7542.25,7549,7542,7543.25,13283
1782149400,7543.25,7544.75,7535.5,7539.25,15152
1782150300,7539.5,7549.5,7538.25,7542.75,15769
1782151200,7543,7546.75,7538.5,7545.75,14678
1782152100,7545.75,7553.75,7544.75,7547,18527
1782153000,7547.5,7551.5,7540.5,7540.75,15433
1782153900,7541,7544.75,7531.5,7533,20448
1782154800,7533,7539.5,7528.5,7535.5,20939
1782155700,7535.5,7538.25,7530.25,7530.5,14707
1782156600,7530.5,7536.25,7528,7529.5,16965
1782157500,7529.5,7545.75,7528.75,7540.25,44778
1782158400,7540.25,7547,7539,7545.25,11775
1782159300,7545.5,7547,7541,7541.5,3661
1782160200,7541.5,7542.75,7540.5,7542.25,2242
1782161100,7542.5,7542.5,7539.75,7540.75,2799
1782165600,7543.25,7547.5,7538.5,7541.25,4714
1782166500,7541.25,7543.25,7539,7539.75,1545
1782167400,7540,7540,7529.5,7530.5,5195
1782168300,7530,7533.75,7529.25,7532,2387
1782169200,7532.25,7533.25,7527.75,7528.75,2337
1782170100,7528.75,7531.5,7525.5,7531,3709
1782171000,7531,7531.5,7528.25,7531,1832
1782171900,7531,7532.5,7526.25,7532,2932
1782172800,7531.75,7535,7522,7525,6710
1782173700,7525,7529,7522,7525,5299
1782174600,7525.25,7541,7524,7541,7034
1782175500,7541,7545.25,7537.75,7540,7047
1782176400,7540.25,7542.5,7536.25,7536.5,4419
1782177300,7536.25,7537.75,7532.75,7535.75,4885
1782178200,7535.75,7536.5,7521,7522.25,8779
1782179100,7522.25,7525.5,7512,7522.5,10779
1782180000,7522.5,7525,7514,7519,6520
1782180900,7519,7522.5,7517.25,7520,4080
1782181800,7520,7520.5,7515.5,7517.5,2554
1782182700,7517.75,7518.25,7510.5,7512.5,4580
1782183600,7512.75,7513.75,7504.5,7506.5,6029
1782184500,7506.25,7509,7505,7507.75,3345
1782185400,7507.5,7507.75,7496.5,7500.5,7535
1782186300,7500.5,7509,7497,7509,5141
1782187200,7509.25,7512,7499.75,7501.75,4868
1782188100,7501.75,7501.75,7493.25,7496.75,4687
1782189000,7496.5,7496.75,7490.5,7492,3765
1782189900,7492.25,7493.25,7481.75,7483.25,5668
1782190800,7483.5,7488.25,7482.75,7483.25,4948
1782191700,7483.25,7484.5,7474.25,7477,6936
1782192600,7477,7477.5,7467.25,7473.25,10216
1782193500,7473.5,7476,7465.5,7468.5,6810
1782194400,7468.75,7472.25,7462.5,7465.75,7731
1782195300,7466,7468.5,7451,7454.75,10757
1782196200,7454.5,7458.75,7448,7450.5,7411
1782197100,7450.75,7455.75,7444.5,7447,6391
1782198000,7447,7455.5,7442.25,7452,9682
1782198900,7452,7453.25,7440.5,7446.25,5980
1782199800,7446.5,7447.5,7437.25,7439.5,7896
1782200700,7439.5,7441.25,7428.5,7434,9134
1782201600,7433.75,7435.25,7421.75,7429.75,14297
1782202500,7429.5,7430.75,7421.5,7424.5,10674
1782203400,7424.5,7438.5,7424.25,7434.5,8885
1782204300,7434.5,7434.5,7423.5,7430.5,7752
1782205200,7430.5,7439.25,7429.5,7438.25,7656
1782206100,7438,7446,7434.75,7445,6979
1782207000,7445,7445.5,7438.25,7440,4905
1782207900,7440,7446,7438,7444.25,4445
1782208800,7444.25,7449.5,7440.75,7442.5,5520
1782209700,7442.5,7449.5,7439.25,7439.75,6179
1782210600,7439.75,7440.25,7426.25,7431.5,9746
1782211500,7431.25,7438,7430.5,7436.75,6160
1782212400,7436.75,7443,7432.5,7442.75,7248
1782213300,7442.5,7448.25,7436,7440.25,9500
1782214200,7440,7449.5,7438.25,7449,6667
1782215100,7449,7453.75,7446,7450.75,8779
1782216000,7450.75,7454.5,7444.25,7446.75,8935
1782216900,7446.75,7447.5,7432.75,7437.5,10391
1782217800,7437.5,7440.5,7427.5,7433.25,13206
1782218700,7433.25,7435.25,7429.75,7432.5,8215
1782219600,7432.5,7436.25,7429,7434,10437
1782220500,7433.75,7434,7423.75,7429.5,17660
1782221400,7429.5,7446.75,7415,7442.5,117342
1782222300,7442,7466.25,7436,7465.25,80236
1782223200,7465.5,7485.25,7463.75,7484,75072
1782224100,7483.75,7491.25,7475.75,7483.75,61859
1782225000,7483.75,7486,7466,7468.25,67540
1782225900,7468.5,7474,7459.75,7464.75,60089
1782226800,7464.75,7468.75,7450.5,7455.5,53214
1782227700,7455.5,7457,7436.25,7440,46150
1782228600,7439.75,7449.5,7435.75,7444.25,43577
1782229500,7444,7456.5,7441.75,7453.75,36502
1782230400,7454,7471.5,7452.75,7469.25,32358
1782231300,7469.5,7471,7460.5,7469,24380
1782232200,7469,7475.25,7464.5,7474,20090
1782233100,7474,7474.75,7464.5,7469.5,22360
1782234000,7469.75,7473,7460.5,7468.75,24051
1782234900,7469.25,7476.5,7464.75,7471,21864
1782235800,7471,7476,7466.25,7467.25,17586
1782236700,7467.25,7470.5,7452.75,7453,25478
1782237600,7453.25,7461.25,7449,7453.75,26197
1782238500,7453.5,7456,7447.75,7449.75,18917
1782239400,7449.5,7451,7433,7433.5,23935
1782240300,7433.75,7441,7428.75,7436.25,38440
1782241200,7436,7452.25,7433.75,7441,39166
1782242100,7441,7449.75,7433.25,7447,35903
1782243000,7447,7449,7438,7442.25,34166
1782243900,7442.25,7453,7432.75,7434.75,68309
1782244800,7435,7442.25,7431.75,7438.75,15148
1782245700,7438.75,7442,7435.25,7440.75,4225
1782246600,7440.5,7443,7438.25,7440.5,3263
1782247500,7440.5,7447,7439.5,7445.5,3341
1782252000,7449,7452.25,7443.5,7449,5915
1782252900,7449,7452,7436.5,7436.75,6094
1782253800,7437,7440.75,7429,7430.5,7329
1782254700,7430.75,7436.25,7430.25,7434.75,4321
1782255600,7435,7435.5,7420.25,7433,10372
1782256500,7433.25,7438.25,7432.25,7435.75,4311
1782257400,7436,7437,7427.5,7433.75,5929
1782258300,7433.5,7451,7433.25,7447,11891
1782259200,7446.75,7460,7443.25,7454.25,14592
1782260100,7454,7458.75,7448.5,7455,8976
1782261000,7454.75,7458.5,7453,7456,6730
1782261900,7456.5,7458.25,7448.75,7453.5,6157
1782262800,7453.75,7454.5,7446,7451.75,7792
1782263700,7452,7452.75,7442.5,7450.75,6541
1782264600,7450.75,7454.25,7448,7452,4959
1782265500,7452,7454.25,7448.75,7451.25,4190
1782266400,7451.25,7453.25,7447.25,7451.25,3935
1782267300,7451,7451.5,7442.75,7448,3787
1782268200,7448,7450.5,7438.75,7440.25,5614
1782269100,7440.25,7441.25,7429.75,7430,5669
1782270000,7430,7446.25,7427,7444.75,8502
1782270900,7445,7448.25,7436.25,7448.25,5799
1782271800,7448,7452,7445.75,7447.5,5870
1782272700,7447.5,7448.5,7443.25,7447.75,3154
1782273600,7448,7448.5,7438,7439.75,3711
1782274500,7440,7441.75,7434.75,7437,3408
1782275400,7437,7450.75,7437,7448.5,4424
1782276300,7448.25,7451.5,7447.5,7449.5,3008
1782277200,7449.5,7453.25,7447.25,7451.25,4167
1782278100,7451.5,7457.5,7450,7454.25,3585
1782279000,7454.25,7459.5,7453.25,7454,3089
1782279900,7454,7455.25,7449.5,7450.5,2095
1782280800,7450.25,7453.5,7445.75,7452,3243
1782281700,7451.75,7452.75,7445,7447.25,2811
1782282600,7447.5,7454,7446.75,7450.25,2985
1782283500,7450,7451.75,7448,7449,1819
1782284400,7449,7450.75,7442.5,7448,4393
1782285300,7448,7450.5,7444.25,7444.5,3018
1782286200,7444.5,7451,7439.5,7450.25,4708
1782287100,7450,7452.75,7441.75,7443,3907
1782288000,7443,7452.5,7442.25,7452,4524
1782288900,7451.75,7453.25,7445.75,7448.5,3298
1782289800,7448.25,7453.25,7447,7449,2990
1782290700,7448.75,7449.25,7445,7447.5,2042
1782291600,7447.5,7452.25,7444.25,7451.25,3087
1782292500,7451.25,7451.75,7443.25,7447,2951
1782293400,7446.75,7448.5,7440.75,7441.5,2926
1782294300,7441.25,7448.75,7439.25,7447.75,3288
1782295200,7447.75,7448,7442.25,7447.75,3590
1782296100,7447,7450.5,7447,7450.5,2691
1782297000,7450.25,7458.25,7449.75,7455.25,4611
1782297900,7455.25,7455.75,7447.5,7448.75,4550
1782298800,7449,7455.75,7447.75,7448,4305
1782299700,7448,7449.25,7443.75,7447.5,4206
1782300600,7447.75,7459.5,7447.75,7455.25,6061
1782301500,7455.25,7465,7454.5,7463.75,8820
1782302400,7463.75,7464.75,7458.25,7460.25,7492
1782303300,7460.5,7467,7457,7465,7978
1782304200,7464.75,7467,7452.75,7454.25,7013
1782305100,7454,7455.5,7448,7450.5,7631
1782306000,7450.5,7455.75,7441.75,7442.75,16452
1782306900,7443,7449.5,7439,7447.25,18852
1782307800,7447,7468.25,7438,7452.75,98359
1782308700,7452.5,7472.5,7437,7454.5,93036
1782309600,7454.75,7460.75,7446.5,7451.5,73928
1782310500,7451.25,7466,7436.5,7461,69271
1782311400,7461,7473.5,7457.5,7472.75,49687
1782312300,7472.75,7494.25,7471.75,7493.5,59590
1782313200,7493.5,7496.5,7476.25,7482,51768
1782314100,7481.75,7493.75,7478.25,7493.75,40993
1782315000,7493.5,7496.5,7478.25,7481.25,41214
1782315900,7481.5,7489.75,7474.5,7480.25,41594
1782316800,7480.25,7485.5,7474.5,7481.25,31352
1782317700,7481.5,7485,7476.5,7477.5,23129
1782318600,7477.5,7477.75,7455,7459.75,48926
1782319500,7459.5,7464.5,7450.5,7452.75,33932
1782320400,7453.25,7461,7442,7444,37405
1782321300,7444,7447.75,7415.75,7416.75,60556
1782322200,7416.75,7424.75,7407.75,7414.75,63142
1782323100,7414.75,7427.25,7410.25,7414,46673
1782324000,7414.25,7429.5,7413,7424.75,43072
1782324900,7424.75,7443.25,7424.5,7440,37209
1782325800,7440,7442.5,7424.75,7429.25,29937
1782326700,7429,7429.25,7408.25,7415.5,40383
1782327600,7415.5,7425.25,7404,7412.25,43100
1782328500,7412.25,7419.5,7407.75,7416.25,27169
1782329400,7416.25,7418.75,7405.25,7411,27580
1782330300,7411,7431.5,7410.5,7428.25,51673
1782331200,7428,7465,7421.25,7463.5,29452
1782332100,7463.75,7474,7460.75,7470.75,10381
1782333000,7470.25,7480,7467.75,7479.5,7945
1782333900,7479.25,7482.25,7474.5,7477.25,7149
1782338400,7477.25,7486.75,7472.25,7473,7931
1782339300,7473,7475.25,7468.25,7468.25,4716
1782340200,7468.5,7471.5,7467.25,7470.75,3819
1782341100,7470.75,7471,7465.75,7466.5,2591
1782342000,7466.5,7468.5,7464,7465.25,2815
1782342900,7465,7471,7464,7468.5,3109
1782343800,7468.5,7475.5,7468,7474.25,3617
1782344700,7474.25,7478.75,7469.5,7471.75,5280
1782345600,7471.75,7473.25,7464.75,7470.75,6800
1782346500,7471,7472.25,7464.5,7466,4079
1782347400,7466,7467,7454,7457,7043
1782348300,7457,7460.5,7453,7455,5941
1782349200,7455,7459.25,7452,7456,5170
1782350100,7455.75,7460,7454,7456.25,4088
1782351000,7456.5,7466.5,7456,7461,6021
1782351900,7460.75,7465.25,7459.5,7460,3843
1782352800,7460,7464.75,7454,7455,5235
1782353700,7455.5,7463,7452.75,7461.5,4109
1782354600,7461.25,7463.5,7458.5,7459.75,2213
1782355500,7459.75,7464,7458.5,7463.5,1770
1782356400,7463.75,7467.25,7462.5,7464.25,2917
1782357300,7464,7468.25,7460.25,7466.5,2979
1782358200,7466.5,7469.25,7463.75,7465,2617
1782359100,7465,7469.75,7464,7469.25,1802
1782360000,7469.5,7469.75,7465.25,7465.25,1459
1782360900,7465.25,7467,7462.25,7463.75,2197
1782361800,7464.25,7466.75,7459.75,7466.5,2374
1782362700,7466.75,7467.75,7463,7464.25,2040
1782363600,7464.25,7470.5,7464,7469.75,2333
1782364500,7469.75,7474.25,7468.5,7473.5,2217
1782365400,7473.25,7476.5,7472.25,7474.5,2463
1782366300,7474.5,7474.75,7470.5,7472,2109
1782367200,7472,7478.75,7471,7477.25,3419
1782368100,7477.5,7482,7476.75,7480,3719
1782369000,7480,7482,7478,7479.25,2381
1782369900,7479.5,7481.5,7477,7477.75,2123
1782370800,7478,7484.25,7478,7481.75,4480
1782371700,7481.75,7488.75,7481.5,7485.75,4081
1782372600,7485.75,7488.5,7483.25,7487,2817
1782373500,7486.75,7488.25,7484.5,7488,2405
1782374400,7488.25,7491.25,7483.75,7483.75,5156
1782375300,7483.75,7485.5,7480.25,7483.5,4152
1782376200,7483.5,7485.75,7481,7481.25,2939
1782377100,7481.25,7482.25,7475.75,7476.75,4233
1782378000,7477,7482.5,7476,7480.25,3504
1782378900,7480,7482,7476.5,7478.75,3395
1782379800,7478.75,7483,7478.5,7481.5,2579
1782380700,7481.75,7484.5,7479.75,7480.5,2745
1782381600,7480.5,7486,7480,7486,2751
1782382500,7485.75,7486.75,7483.5,7485.75,2266
1782383400,7486,7487.5,7481.75,7482.25,2920
1782384300,7482.25,7486,7480,7483.5,2394
1782385200,7483.75,7487.25,7480.25,7480.25,4097
1782386100,7480.5,7481.25,7472.5,7473.75,5743
1782387000,7473.75,7479,7472.25,7477.5,4925
1782387900,7477.5,7480.25,7473,7475.75,5544
1782388800,7475.75,7482.75,7474.5,7476.75,7284
1782389700,7476.5,7478.75,7472.25,7474.5,6699
1782390600,7474.5,7496.25,7473.25,7485.25,21467
1782391500,7485.25,7492.75,7484.75,7486.75,7605
1782392400,7487,7489,7480.5,7483.75,9623
1782393300,7483.75,7488.25,7479.25,7485.75,12025
1782394200,7485.75,7490.5,7436.25,7439,107721
1782395100,7439,7444,7390,7393,178232
1782396000,7393.25,7454.5,7392.25,7437.25,135404
1782396900,7437,7462,7427.75,7450.75,110267
1782397800,7450.75,7467.75,7444.25,7450.75,82155
1782398700,7450.75,7475.5,7444,7449.25,83724
1782399600,7449.25,7462.25,7422.75,7426.25,78334
1782400500,7426.25,7445.25,7414.25,7439.25,71928
1782401400,7439.25,7451.5,7435.25,7443.75,45434
1782402300,7443.75,7454.5,7436,7437.5,34358
1782403200,7438,7458.25,7432.75,7453.5,40183
1782404100,7453.5,7459,7435.25,7437.5,34454
1782405000,7438,7438.25,7415.75,7417.75,41620
1782405900,7417.75,7425.75,7409.75,7420.5,40073
1782406800,7420.5,7432.75,7416.5,7427.25,25257
1782407700,7427.25,7438,7415.75,7427.75,34656
1782408600,7427.75,7433.25,7420.25,7421.75,23677
1782409500,7421.5,7431.25,7410.5,7429.5,31474
1782410400,7429.5,7435.5,7408.25,7427.5,43682
1782411300,7427.5,7456.75,7425,7454.25,40394
1782412200,7454.25,7454.5,7431.25,7434.75,37480
1782413100,7434.75,7439.75,7422.25,7434.25,31048
1782414000,7434.5,7434.75,7418.75,7419.5,25829
1782414900,7419.5,7424.75,7414.25,7419.5,30606
1782415800,7419.5,7421,7411.5,7415.75,26459
1782416700,7415.5,7430,7408.75,7428.75,54832
1782417600,7428.5,7452,7427.75,7438.25,23691
1782418500,7438.25,7454,7437.75,7446.75,7806
1782419400,7447,7447.25,7440,7440.25,4040
1782420300,7440.5,7441,7431.75,7434,2465
1782424800,7431,7435.75,7417,7420.5,7116
1782425700,7420.5,7425.75,7416.5,7417.25,5546
1782426600,7417.25,7423,7416,7422.25,4078
1782427500,7422.25,7426.25,7419.25,7425.25,3717
1782428400,7425.25,7433.75,7424.5,7433.25,4697
1782429300,7433.5,7454,7431.75,7449.75,12146
1782430200,7449.75,7451.5,7430.25,7430.75,8940
1782431100,7430.5,7430.5,7417,7424,10819
1782432000,7423.75,7434.5,7419.5,7432,11198
1782432900,7432.25,7435.5,7420.5,7429.5,7536
1782433800,7429.25,7430.5,7422,7426,5831
1782434700,7426,7429.5,7418.5,7421.5,4978
1782435600,7421.75,7427.75,7411.5,7422,7893
1782436500,7421.75,7428,7416.5,7417.75,4751
1782437400,7417.75,7418.75,7402,7403.25,9820
1782438300,7402.75,7407.5,7395,7399.75,9695
1782439200,7399.75,7401.5,7391.75,7394.5,7883
1782440100,7394.25,7397.25,7383.75,7388.75,9640
1782441000,7389,7391,7378,7381.5,10207
1782441900,7381.5,7381.75,7366.75,7371.25,13270
1782442800,7371,7371.75,7365.25,7369.75,8356
1782443700,7369.25,7371,7364,7368.5,5432
1782444600,7368.25,7369.75,7357.25,7369.75,10412
1782445500,7369.5,7383.5,7366.5,7383,8982
1782446400,7383.25,7385.5,7378.25,7380.75,7496
1782447300,7381.25,7385,7371.25,7376.5,6128
1782448200,7376.5,7380,7368.75,7373,5230
1782449100,7373.25,7373.25,7365.5,7367.75,3846
1782450000,7367.75,7376.75,7364.5,7376.75,5148
1782450900,7376.25,7380.25,7373.25,7378.75,4007
1782451800,7379,7383,7367.5,7367.75,5686
1782452700,7368.25,7375.75,7365,7372,4413
1782453600,7372.25,7376.5,7369,7375.75,3800
1782454500,7375.75,7387,7375.75,7386.5,4964
1782455400,7386.5,7395.75,7384,7395.5,5859
1782456300,7395.25,7409.5,7394.25,7404,7598
1782457200,7403.75,7406.25,7394.75,7402.5,5099
1782458100,7402.5,7409.5,7401,7409.25,5399
1782459000,7409.5,7413.75,7406.5,7406.75,5273
1782459900,7406.75,7412,7404.5,7411.25,3556
1782460800,7411,7415.75,7401,7402.75,7967
1782461700,7403,7409.25,7400.25,7407.5,4738
1782462600,7407.5,7407.75,7396.5,7397.75,4894
1782463500,7397.75,7398.75,7381.25,7388.75,6877
1782464400,7388.75,7390,7382.25,7388.5,5214
1782465300,7388.25,7389.75,7380,7383.5,6377
1782466200,7383.5,7395.75,7380,7392.25,5300
1782467100,7392.5,7396.25,7384,7385.5,5164
1782468000,7385.5,7389,7376.75,7386.75,5497
1782468900,7386.75,7389.25,7380.75,7386,3186
1782469800,7386,7389.25,7383.5,7385.25,3836
1782470700,7385.25,7388.5,7383,7386.5,3337
1782471600,7386.5,7394.5,7383.5,7390.75,5813
1782472500,7390.75,7390.75,7384,7386.5,4271
1782473400,7386.25,7390.75,7384.75,7385.75,3722
1782474300,7385.75,7389,7377.5,7384.75,6243
1782475200,7384.75,7401.25,7382.75,7398.5,8782
1782476100,7398.25,7404,7389.75,7395,8624
1782477000,7394.5,7397,7383.5,7384,7564
1782477900,7383.75,7386.75,7380,7383.75,6758
1782478800,7384.25,7385,7373.25,7376.75,12634
1782479700,7376.75,7382.75,7364.5,7380.75,30131
1782480600,7381,7388.25,7360,7384.25,94693
1782481500,7384.5,7405.5,7371.25,7403.5,87370
1782482400,7401.5,7428.25,7397.75,7425.5,72419
1782483300,7425.25,7436.25,7418,7428.5,60972
1782484200,7428.75,7433,7409,7415.25,59598
1782485100,7415.25,7427.5,7411.75,7418,54778
1782486000,7418,7427.75,7413,7414.25,40214
1782486900,7414.5,7440.75,7409.5,7440.75,48820
1782487800,7440.5,7459.25,7437.5,7456.5,51689
1782488700,7456.75,7458.75,7435.25,7447.75,52266
1782489600,7447.75,7449.25,7431.5,7434.75,30938
1782490500,7434.75,7440.25,7420.75,7427.25,42525
1782491400,7427.25,7441.5,7427.25,7433.75,28272
1782492300,7433.75,7443,7432,7438.25,22355
1782493200,7438.25,7452.5,7435,7444.5,24846
1782494100,7444.5,7445.25,7431.25,7441,23627
1782495000,7440.75,7447.5,7429.5,7436,25242
1782495900,7435.75,7437.75,7427.5,7429.75,18117
1782496800,7430.25,7439.5,7429.5,7434,18150
1782497700,7434,7435.5,7420.25,7421.25,18288
1782498600,7421.5,7429.75,7420.25,7420.75,15225
1782499500,7420.75,7420.75,7405,7409,27175
1782500400,7409,7421,7406.25,7420.75,21729
1782501300,7420.75,7423,7411,7415,20983
1782502200,7415.25,7426.75,7410.5,7426,19745
1782503100,7426,7432.25,7369.75,7379.25,59548
1782504000,7379.5,7413.5,7370.5,7412.25,30619
1782504900,7412.5,7420.5,7410.5,7415.75,8110
1782505800,7416,7416.5,7397,7399.75,10239
1782506700,7399.75,7404.75,7395.25,7397.75,5218
1782684000,7398,7437.75,7398,7435.5,16908
1782684900,7435.25,7437.75,7426.75,7434.75,7805
1782685800,7434.75,7438.25,7434,7437.75,5682
1782686700,7437.75,7438.75,7433.5,7434.25,3155
1782687600,7434.25,7448.5,7432.75,7446,9597
1782688500,7446.25,7451.75,7443.75,7449.5,5288
1782689400,7449.5,7453.5,7449.25,7452,4116
1782690300,7452,7455.75,7447,7447.25,6617
1782691200,7447.5,7447.5,7432.5,7436.25,16367
1782692100,7436,7438.75,7422.5,7423,13962
1782693000,7423.25,7436.5,7422.25,7435.25,11619
1782693900,7435,7440,7423,7438.5,10086
1782694800,7438.75,7440.5,7430.5,7437,7519
1782695700,7437,7437.5,7427,7429.25,7011
1782696600,7429.5,7442.75,7426.75,7440.5,9123
1782697500,7440.5,7441.75,7434.5,7438.5,4688
1782698400,7438.75,7439.75,7421.5,7422.75,7351
1782699300,7422.5,7441.25,7420.5,7440,8071
1782700200,7440,7443.75,7438.25,7441.25,4583
1782701100,7441.75,7443.25,7440,7440.5,2669
1782702000,7441,7450,7441,7444.5,6310
1782702900,7444.75,7446.5,7443,7444.75,2750
1782703800,7444.75,7446.25,7434.25,7436.75,4976
1782704700,7437,7452.75,7436,7450.25,6868
1782705600,7450.5,7450.5,7444.5,7445,3318
1782706500,7445.25,7448,7441.5,7444.25,3755
1782707400,7444,7445.75,7439.5,7441.75,3411
1782708300,7441.25,7445.5,7439.75,7442.25,2937
1782709200,7442,7445,7439,7444.5,3566
1782710100,7444.75,7447,7440.5,7442.75,2519
1782711000,7442.5,7453.75,7442,7453,4156
1782711900,7453,7458.5,7449.75,7457.25,5010
1782712800,7457,7457.75,7445.25,7447.5,4499
1782713700,7447.75,7452.5,7446.75,7450.75,3271
1782714600,7451,7454.75,7449.25,7451.75,3174
1782715500,7452,7452,7444.25,7446.25,2647
1782716400,7446.5,7447,7436.75,7443,7199
1782717300,7443,7452,7443,7450.25,4469
1782718200,7450.25,7453.5,7446.5,7450.75,3286
1782719100,7450.5,7452.75,7448.25,7451,3308
1782720000,7451.25,7459.75,7450.25,7458,5928
1782720900,7458,7463.75,7455.25,7456.25,5722
1782721800,7456.25,7462,7453.75,7454.75,4071
1782722700,7455.25,7457.75,7450.5,7451.5,2637
1782723600,7451.25,7454.75,7450.25,7453.75,2839
1782724500,7453.5,7458.5,7452.25,7457.75,3116
1782725400,7457.75,7459.25,7453.5,7455.5,2860
1782726300,7455.5,7456.25,7447.25,7454.5,5841
1782727200,7455,7461.25,7455,7457,4433
1782728100,7457,7460.25,7452.75,7460,3185
1782729000,7460,7465,7459.25,7462,4481
1782729900,7462,7466.75,7456,7466,5076
1782730800,7466,7470.5,7462.5,7463,5986
1782731700,7463.5,7464.5,7456.75,7462,4657
1782732600,7461.75,7473.75,7460.5,7464.75,7773
1782733500,7464.75,7469,7462.5,7463.5,4258
1782734400,7463.5,7467.75,7461.25,7466.25,3919
1782735300,7466.25,7468.5,7463.75,7465.5,3543
1782736200,7465.5,7467.75,7455,7459.25,7303
1782737100,7459,7464.25,7457.5,7464.25,5285
1782738000,7464,7468.5,7463,7467.75,6329
1782738900,7467.75,7469,7454.5,7457,11877
1782739800,7457,7483.75,7444.5,7483.5,106973
1782740700,7483.5,7489.75,7453.75,7458.75,85734
1782741600,7458.5,7460.75,7415.25,7415.5,101867
1782742500,7415.5,7450.75,7409,7449.5,98972
1782743400,7449.75,7468,7448,7459.5,72434
1782744300,7459.75,7472.5,7447.75,7468,70778
1782745200,7468,7469.5,7454.5,7464,41949
1782746100,7464.25,7468,7453,7467.25,33707
1782747000,7467,7475,7461.5,7474.25,25852
1782747900,7474.25,7476.25,7467.25,7475,22311
1782748800,7475.25,7481.75,7474.5,7475.5,22517
1782749700,7475.5,7479.25,7473,7474,15197
1782750600,7474,7476.25,7470,7475.5,15971
1782751500,7475.25,7480,7472,7477.5,14889
1782752400,7477.5,7492.75,7477.25,7490.25,20903
1782753300,7490.25,7494.75,7485,7491.5,22605
1782754200,7491.75,7496.75,7490,7493,16898
1782755100,7493.25,7498.75,7491.25,7494.25,13694
1782756000,7494.25,7498,7492.25,7495.75,10678
1782756900,7495.5,7496.5,7491.25,7492.25,12073
1782757800,7492.25,7500.75,7491.75,7499.75,16147
1782758700,7499.75,7502.25,7495.25,7497,13055
1782759600,7496.75,7499.25,7494.75,7495.5,17066
1782760500,7495.25,7500.5,7493,7497.75,18561
1782761400,7497.75,7498.75,7493.5,7495.25,19121
1782762300,7495.25,7505,7491.5,7497,45636
1782763200,7497,7499,7491.75,7497.75,15036
1782764100,7497.5,7499.75,7496.75,7497.5,3224
1782765000,7497.25,7497.5,7492.5,7493.5,3239
1782765900,7493.75,7495.5,7491,7493,3847
1782770400,7494.75,7497.25,7490.5,7494,5123
1782771300,7494,7496.75,7492.75,7493.75,1665
1782772200,7494.25,7497,7491.25,7496,2647
1782773100,7496,7496.25,7493,7494.25,1300
1782774000,7494.5,7499,7493.5,7496.25,2238
1782774900,7496.25,7497.75,7495,7496.25,1314
1782775800,7496,7498.75,7494.75,7496.25,1633
1782776700,7496,7497,7491.5,7495.5,3296
1782777600,7495.5,7501,7491.25,7499,5691
1782778500,7499.25,7501.25,7489.25,7491,4829
1782779400,7491,7491.5,7481.75,7484.75,7606
1782780300,7484.75,7493.25,7484,7492.75,4734
1782781200,7492.75,7494,7484,7486.25,4807
1782782100,7486.25,7499,7485,7498.75,4860
1782783000,7499,7501.25,7492.25,7497.5,5377
1782783900,7497.75,7498.75,7493.5,7498.25,2203
1782784800,7498.5,7498.75,7491.25,7492,2869
1782785700,7492.25,7495.75,7488.25,7494,3244
1782786600,7494,7496.25,7491.75,7492.75,1598
1782787500,7492.75,7494.75,7490.5,7491.25,1373
1782788400,7491.25,7494.75,7490,7493,1345
1782789300,7493.5,7497.25,7493.5,7496.5,1460
1782790200,7496.75,7504.75,7495.5,7503.75,3616
1782791100,7503.75,7506.75,7501.5,7501.75,2723
1782792000,7501.5,7508.25,7501.25,7506.75,2374
1782792900,7506.5,7509,7505.75,7509,1874
1782793800,7508.75,7513.25,7507.75,7513,3586
1782794700,7513,7513.5,7510,7511,1843
1782795600,7511.25,7514.5,7510.75,7512.75,2267
1782796500,7512.5,7513.5,7508,7508.5,2729
1782797400,7508.75,7509,7503.5,7506.5,4366
1782798300,7506.75,7511,7506.25,7510.25,1954
1782799200,7510.25,7511.25,7507.25,7508.5,3105
1782800100,7508.5,7508.75,7502.75,7508,3640
1782801000,7508,7508.5,7501.5,7503,3422
1782801900,7502.5,7509,7502.5,7508.75,2326
1782802800,7508.75,7512.75,7505.25,7506,4817
1782803700,7506,7509.5,7504.5,7507.75,3098
1782804600,7507.75,7510,7506.75,7507,2203
1782805500,7507.25,7507.25,7500.5,7502.25,3635
1782806400,7502,7508.5,7501.5,7502.75,4637
1782807300,7502.75,7509.25,7499.25,7508.75,4198
1782808200,7508.5,7510.25,7494.75,7498.5,5866
1782809100,7498.75,7503,7494,7502,3942
1782810000,7502,7504.5,7500.25,7503.75,2743
1782810900,7503.75,7505.75,7502.5,7502.75,2393
1782811800,7502.5,7505.75,7498.25,7504.5,3421
1782812700,7505,7508.25,7504.75,7506,2497
1782813600,7506.25,7508.75,7503.75,7507,3106
1782814500,7507,7509,7506,7508.25,2496
1782815400,7508.25,7509,7504.25,7507,2453
1782816300,7507,7515,7505.25,7513,3927
1782817200,7513,7517,7511.25,7516.5,4176
1782818100,7516.75,7517.5,7509,7511.5,4863
1782819000,7511.25,7515.25,7510,7514.5,3355
1782819900,7514.25,7517.5,7510.25,7510.5,5514
1782820800,7510.75,7511.25,7501.5,7502.75,8864
1782821700,7502.5,7503.5,7495.75,7496.25,8553
1782822600,7496,7500.75,7491.5,7499.25,9335
1782823500,7499.25,7502,7496.5,7496.75,6567
1782824400,7497,7499.5,7494,7496.5,8313
1782825300,7496.25,7500.75,7492.25,7500,12080
1782826200,7500,7510.5,7495.75,7506,65618
1782827100,7506,7527,7503.5,7526.75,51688
1782828000,7526.75,7532.75,7515.5,7523.75,53103
1782828900,7523.5,7533.5,7520.25,7532.5,31910
1782829800,7532.5,7541.75,7529,7535.5,40365
1782830700,7535.75,7535.75,7516.5,7520.5,42337
1782831600,7520.5,7536.75,7519.75,7535.5,32261
1782832500,7535.5,7541.5,7531,7540.5,22900
1782833400,7540.5,7542.75,7535.5,7537.5,19833
1782834300,7537.75,7547.75,7537.75,7545.75,21096
1782835200,7545.75,7552.25,7545.25,7550.5,15967
1782836100,7550.5,7554.5,7549.5,7550.5,13225
1782837000,7550.5,7553.75,7548.75,7553,11750
1782837900,7553.25,7558.25,7552.25,7555.5,14313
1782838800,7555.75,7559.5,7553.25,7553.5,11212
1782839700,7553.75,7556.5,7550.75,7552.25,12608
1782840600,7552.5,7554.25,7548.5,7553.5,14610
1782841500,7553.5,7554,7550,7552,8665
1782842400,7552.25,7556,7550.5,7555.25,14717
1782843300,7555.25,7558.25,7554,7555.5,11772
1782844200,7555.25,7559.25,7553.25,7557.25,10607
1782845100,7557.25,7562.25,7555.75,7558.5,15600
1782846000,7559,7565,7558.25,7564.5,15153
1782846900,7564.75,7567.75,7560.25,7561.25,17103
1782847800,7561.5,7562,7554.25,7557.75,18945
1782848700,7558,7564,7544.5,7544.75,75916
1782849600,7545,7553.25,7542,7545.25,23042
1782850500,7545.25,7547.25,7541,7542.75,4895
1782851400,7542.5,7543.75,7540.5,7540.5,2503
1782852300,7540.5,7542.5,7538.5,7541.75,3731
1782856800,7543.5,7547.25,7541,7546.5,4957
1782857700,7546.25,7550.75,7546.25,7550.25,3636
1782858600,7550,7550.25,7546.25,7547.5,2528
1782859500,7547.25,7547.5,7541.75,7543.5,2853
1782860400,7543.5,7546,7542,7544,2600
1782861300,7543.75,7546.25,7542.5,7544,1861
1782862200,7544.25,7547,7543.5,7544.75,1606
1782863100,7545,7547.25,7541.75,7545,2838
1782864000,7545,7547.5,7543.25,7544.5,4362
1782864900,7544.25,7546,7542,7545.75,2967
1782865800,7545.75,7548.75,7545.25,7547.25,2772
1782866700,7547.5,7549.25,7544.75,7544.75,2584
1782867600,7545,7546,7534.75,7539.5,7408
1782868500,7539.75,7540.75,7534.5,7536.75,4758
1782869400,7536.5,7539,7534,7535.25,3782
1782870300,7535,7536.25,7531.75,7532.75,3725
1782871200,7532.75,7533.25,7522,7523.75,7758
1782872100,7523.75,7528.25,7517.5,7528.25,6488
1782873000,7528,7531,7526,7530,3601
1782873900,7530.25,7530.75,7527,7529,2282
1782874800,7529,7533.25,7528.5,7532.75,2817
1782875700,7532.5,7533,7526.5,7527.5,2801
1782876600,7527.5,7531.75,7526.25,7529.5,2743
1782877500,7529.25,7534,7529.25,7532.75,2018
1782878400,7532.5,7532.75,7527.75,7528,2348
1782879300,7528,7530.75,7527,7530,1798
1782880200,7530.25,7531.5,7527.5,7530.75,1376
1782881100,7531.25,7535,7529.75,7530.5,2489
1782882000,7530.75,7532.5,7528.75,7530.5,1741
1782882900,7530.5,7531.25,7527.5,7528.25,1913
1782883800,7528.5,7530,7526.25,7528.5,2227
1782884700,7528.5,7530,7525.75,7527.5,1696
1782885600,7527.5,7530,7524.75,7526.5,3106
1782886500,7526.5,7528,7521.75,7525.75,3252
1782887400,7526,7527.25,7524.5,7526.75,1790
1782888300,7526.75,7529.25,7522.75,7524.25,2237
1782889200,7524.5,7525.25,7514,7515.5,6735
1782890100,7515.5,7520.25,7510.5,7518.75,6347
1782891000,7518.75,7522,7517.5,7519.5,2518
1782891900,7519.5,7524.25,7518.25,7523,2759
1782892800,7523,7525.25,7519.25,7524.25,4073
1782893700,7524.25,7526.5,7522.5,7523.75,2684
1782894600,7523.75,7528.5,7522,7527.5,2795
1782895500,7527.75,7529.25,7524.75,7529,8969
1782896400,7528.5,7529,7521.75,7525.75,8939
1782897300,7525.5,7526.5,7523,7525.75,1277
1782898200,7525.25,7527.75,7524.75,7527,964
1782899100,7527.25,7531.25,7527,7531,2234
1782900000,7531,7532.25,7526,7528.25,2671
1782900900,7528.5,7535.5,7528.5,7534.75,2729
1782901800,7534.5,7536.75,7531,7534.5,3595
1782902700,7534.25,7537.75,7533.5,7536,1987
1782903600,7536,7539.75,7536,7537.25,2882
1782904500,7537.5,7539,7535.5,7536.25,2092
1782905400,7536,7536.5,7532.25,7535.5,3123
1782906300,7535.5,7536.5,7530,7531,4548
1782907200,7531,7533.75,7527.25,7532.25,5713
1782908100,7532.75,7537.75,7532.75,7535.5,4459
1782909000,7535.75,7538.75,7524.75,7528,16611
1782909900,7528,7532,7525.25,7528.5,10430
1782910800,7528.25,7535,7523.75,7527,10244
1782911700,7527.25,7539.5,7527,7532,20788
1782912600,7532,7534,7506,7514.75,95014
1782913500,7514.75,7537,7511.25,7536,53259
1782914400,7537,7552.5,7533,7549.75,48997
1782915300,7550,7553.75,7546.75,7551.75,29444
1782916200,7551.75,7555.5,7543.25,7549.75,43397
1782917100,7549.75,7554,7540,7553.5,38181
1782918000,7553.25,7564.5,7552.25,7564.25,37488
1782918900,7564.5,7577.75,7563.75,7577.5,32507
1782919800,7577.25,7578.5,7567.5,7572.5,26205
1782920700,7572.75,7573.75,7568,7572.5,17449
1782921600,7572.5,7576,7571,7575.75,15026
1782922500,7575.5,7579,7573,7574.25,14056
1782923400,7574.5,7576.75,7567.25,7570.5,15929
1782924300,7570.75,7572.75,7557.5,7559.75,22882
1782925200,7559.75,7564,7554.5,7562.75,23644
1782926100,7562.75,7568.5,7561.5,7564,15534
1782927000,7564,7566.5,7559.25,7559.5,12840
1782927900,7559.25,7562,7556.25,7556.75,14178
1782928800,7556.75,7561.5,7555.25,7555.5,12173
1782929700,7555.5,7560.25,7551.5,7556,15821
1782930600,7556,7558.5,7554.75,7556.5,8872
1782931500,7556.5,7557,7549.25,7553.25,17693
1782932400,7553.5,7561.75,7552.75,7558.5,18929
1782933300,7558.5,7561,7553.75,7553.75,12699
1782934200,7553.75,7557.5,7548.75,7550.5,16947
1782935100,7550.5,7552.5,7536.5,7541.75,46993
1782936000,7542,7543,7529,7535.25,21111
1782936900,7535,7535.5,7531,7532.25,4611
1782937800,7532,7533,7525.5,7530.25,5371
1782938700,7530.5,7534,7528.5,7533,3666
1782943200,7535.5,7539,7531.75,7532,4905
1782944100,7532,7538.75,7532,7538.25,2594
1782945000,7538,7540.25,7537.25,7538.5,1935
1782945900,7539,7541.25,7535.75,7539.75,2195
1782946800,7540.25,7540.5,7535.75,7536.25,1875
1782947700,7536,7537.75,7535.25,7537.25,1163
1782948600,7537.5,7538,7534.25,7537.75,1757
1782949500,7537.5,7537.5,7528.75,7534.75,5020
1782950400,7534.75,7534.75,7522.75,7529,9535
1782951300,7529,7537,7526.75,7536.5,4371
1782952200,7536.5,7538.75,7529.75,7530.25,3927
1782953100,7530.25,7542,7529.5,7541,5009
1782954000,7541.25,7549.75,7539.75,7549.5,6106
1782954900,7549.25,7550.75,7546.25,7550,4497
1782955800,7550,7555.25,7549.25,7554,4542
1782956700,7553.75,7556.5,7552,7552.75,2859
1782957600,7553,7557,7551.25,7556.75,2681
1782958500,7557,7558.25,7553.5,7554.5,3171
1782959400,7554.75,7557,7553,7556,1944
1782960300,7556,7557.75,7555,7557,2003
1782961200,7557.25,7558,7552,7554.25,2387
1782962100,7554.25,7555,7549.75,7552,2331
1782963000,7552,7557.5,7551.5,7553,3456
1782963900,7553,7556.5,7551,7554.5,1955
1782964800,7555,7556.25,7549,7549,1879
1782965700,7549.25,7551,7546.75,7549.75,2442
1782966600,7549.5,7550,7542,7542.75,2875
1782967500,7542.5,7549.5,7541.25,7548.25,2562
1782968400,7548.75,7553.5,7546.25,7552.5,2556
1782969300,7552.25,7554.75,7549.5,7549.5,1921
1782970200,7549.75,7549.75,7541.75,7542.75,3728
1782971100,7543,7545,7541.25,7542.5,2590
1782972000,7542.75,7544.75,7533.25,7533.75,4916
1782972900,7533.5,7538.5,7533.25,7534,3389
1782973800,7534,7540,7533.5,7535.5,2648
1782974700,7535.25,7536,7526.5,7530.5,4890
1782975600,7530.5,7532.25,7520,7521,6162
1782976500,7521.25,7525.75,7520,7525.25,4642
1782977400,7525,7536.75,7524.25,7536,4526
1782978300,7536,7536.25,7530.5,7531,3018
1782979200,7531,7534.25,7522.25,7524.5,6076
1782980100,7524.5,7538,7523.75,7536,4439
1782981000,7535.75,7543,7533.75,7539.5,5403
1782981900,7539.5,7545,7538.75,7542.5,3425
1782982800,7542,7542.5,7534.5,7537.5,3142
1782983700,7537.5,7538.25,7535,7537.5,2153
1782984600,7537.75,7542.25,7537.5,7540.75,3841
1782985500,7540.75,7540.75,7536,7537.25,2244
1782986400,7537.25,7537.25,7531.75,7534,3127
1782987300,7534,7538.5,7533,7537.5,2224
1782988200,7537.5,7544,7537.5,7541.25,3342
1782989100,7541.25,7544,7539.25,7542.75,2277
1782990000,7543,7544.25,7538.25,7543.25,3921
1782990900,7543.25,7544.25,7539,7542.75,2548
1782991800,7542.5,7548,7541.5,7547.25,4197
1782992700,7547.25,7549.5,7543.5,7543.5,4682
1782993600,7543.25,7551.75,7541,7550.5,6086
1782994500,7550.5,7558,7549.5,7558,7803
1782995400,7555.75,7576.75,7554.75,7569.75,22612
1782996300,7570,7573.75,7557.5,7561.75,14183
1782997200,7561.75,7565.5,7552.5,7554.5,16367
1782998100,7554.5,7561.5,7552.5,7555,13852
1782999000,7555,7583.5,7551.75,7578.5,93520
1782999900,7578.5,7594,7575.75,7588.75,63162
1783000800,7589,7593.75,7577.5,7591,51317
1783001700,7590.75,7593.25,7556.5,7559.75,80522
1783002600,7559.75,7574.5,7543.75,7549,91716
1783003500,7549.5,7558,7540.25,7557.25,75379
1783004400,7557.25,7559.25,7522.25,7541.25,75654
1783005300,7541.25,7544.5,7523.75,7529.25,62033
1783006200,7529,7547.75,7528.75,7533.25,44276
1783007100,7533.25,7537.75,7520.5,7526.75,42687
1783008000,7527,7529.5,7517,7525.25,36665
1783008900,7525.25,7526.5,7513.5,7515.5,31567
1783009800,7516,7516.25,7501.25,7512.25,44573
1783010700,7512.25,7513.75,7497.75,7501.5,31424
1783011600,7501.75,7503,7483.25,7497.5,44749
1783012500,7497,7502,7491.25,7495.25,22693
1783013400,7495,7500.75,7483.75,7490.75,29495
1783014300,7490.5,7491,7479.75,7482,23864
1783015200,7482.25,7508.75,7480,7501.75,37981
1783016100,7502,7506.75,7493,7506.75,26685
1783017000,7506.5,7513,7505.75,7510.25,22439
1783017900,7510.25,7514.75,7504.5,7509,23215
1783018800,7509.25,7510.75,7491.75,7499.75,34224
1783019700,7499.5,7505.5,7493.25,7502.5,19287
1783020600,7502.25,7513,7500.75,7511.75,21374
1783021500,7511.75,7534,7509,7526.5,60516
1783022400,7526.25,7527.25,7517.75,7524.25,19468
1783023300,7524.5,7525,7519.75,7521.25,3615
1783024200,7521,7524.75,7519.25,7519.75,2655
1783025100,7519.75,7524.5,7519.25,7522.75,3430
1783029600,7523.5,7529.5,7523.5,7528.5,2614
1783030500,7528.75,7531.5,7528.5,7529,1463
1783031400,7528.75,7535.75,7527.25,7535,2666
1783032300,7535.25,7535.75,7532.75,7535.5,1781
1783033200,7535.25,7535.75,7529.5,7529.75,2735
1783034100,7529.75,7537,7529.75,7536,3563
1783035000,7536,7537.75,7533,7533.25,2639
1783035900,7533.5,7537.25,7532.5,7536.25,2705
1783036800,7536,7540.25,7527.25,7537.25,7956
1783037700,7537.25,7537.5,7530,7531,3612
1783038600,7531,7537,7527.5,7531.25,4328
1783039500,7531.25,7533.5,7527.75,7530,3115
1783040400,7530.25,7550,7529.5,7547.5,8345
1783041300,7547.5,7550,7544.75,7547.75,3565
1783042200,7547.5,7551,7546,7549.75,3573
1783043100,7550,7550.75,7547.5,7549.25,2552
1783044000,7549.5,7552.75,7549,7549.25,2987
1783044900,7549.25,7553.25,7548.75,7552.5,1734
1783045800,7552.5,7552.75,7548.25,7550,2213
1783046700,7550.25,7553.5,7550,7552.75,1672
1783047600,7552.5,7552.75,7549.75,7551.75,1380
1783048500,7551.75,7554.25,7551.25,7554,1363
1783049400,7554,7555.5,7548.25,7548.5,2467
1783050300,7548.5,7554.5,7547.75,7554,1804
1783051200,7554.25,7555.25,7553.25,7554.75,1184
1783052100,7554.75,7556.5,7554.25,7555.75,1243
1783053000,7555.75,7556.75,7553.75,7556.25,1344
1783053900,7556.25,7557.25,7554,7554.75,1347
1783054800,7554.75,7555.75,7550.5,7552.75,3199
1783055700,7552.75,7553.25,7550.5,7552.75,1416
1783056600,7552.5,7555.75,7551.75,7552,1875
1783057500,7552.25,7554.75,7551.25,7554.75,1284
1783058400,7554.5,7561.25,7554,7559.25,3289
1783059300,7559.25,7560,7556,7558.25,1509
1783060200,7558.5,7565.25,7557.5,7563,3004
1783061100,7563,7563.5,7558,7558.5,1455
1783062000,7558.25,7560.75,7556.75,7557.25,2238
1783062900,7557.25,7558.5,7555.25,7556.5,1755
1783063800,7556.75,7557.5,7552.75,7553,1937
1783064700,7553.25,7554.25,7551.75,7552,1008
1783065600,7552,7553.5,7550.25,7551.25,2109
1783066500,7551.25,7552.75,7549.5,7550.5,1368
1783067400,7550.25,7553,7548.75,7552,1630
1783068300,7551.75,7552,7546.5,7547.25,1652
1783069200,7547.5,7551,7545.75,7551,1727
1783070100,7551,7552.25,7549.5,7550.75,1315
1783071000,7551,7553.25,7549.25,7552.25,1366
1783071900,7552,7552.75,7547.75,7548.5,1770
1783072800,7548.5,7551.25,7547,7550.5,1328
1783073700,7550.75,7552,7549.25,7551.25,918
1783074600,7551.25,7553.75,7550.75,7553.5,1143
1783075500,7553.75,7554,7551.25,7552,742
1783076400,7551.75,7551.75,7548.25,7549.25,1392
1783077300,7549.5,7550.25,7546.5,7547.75,1153
1783078200,7547.75,7549.75,7546.75,7548.5,1568
1783079100,7548.5,7552.75,7548.25,7552.5,1795
1783080000,7552.75,7556.5,7550.75,7551.5,3803
1783080900,7551.25,7552.25,7549,7551,1772
1783081800,7551,7552.75,7550,7551.5,1701
1783082700,7551.25,7553.25,7551.25,7552.75,1170
1783083600,7552.75,7554.5,7551,7551.5,2852
1783084500,7551.75,7555.5,7551.5,7554.5,2640
1783085400,7554.75,7559.25,7552.25,7553,10022
1783086300,7553,7555,7549.25,7554.25,7706
1783087200,7554.25,7554.75,7550.25,7551,4824
1783088100,7551,7556,7551,7554.5,5247
1783089000,7554.75,7561.75,7554.25,7558.75,6276
1783089900,7558.5,7561.25,7557.5,7560.25,4453
1783090800,7560.25,7560.5,7557,7558.5,4600
1783091700,7558.5,7560.5,7555.25,7555.25,3875
1783092600,7555.5,7558.25,7554.25,7557.5,4355
1783093500,7557.75,7560,7557.5,7558.75,2425
1783094400,7558.75,7559,7556.75,7557.25,2064
1783095300,7557.25,7558.5,7554.25,7554.75,2374
1783096200,7555,7558.75,7553.5,7558.25,2700
1783097100,7558.5,7559.25,7555,7557.25,3214
1783288800,7562.75,7569,7551.25,7556.75,8968
1783289700,7557.25,7562.5,7556,7561.5,5188
1783290600,7561.75,7566.25,7561.25,7565.5,4195
1783291500,7565.5,7568,7561.75,7562.75,3790
1783292400,7562.75,7568.5,7560.75,7568,5137
1783293300,7568,7569,7564.5,7565.25,2730
1783294200,7565.25,7568.75,7564.5,7565.5,2415
1783295100,7565.25,7570.75,7563.75,7569.75,4912
1783296000,7570,7570.5,7559.75,7570,8412
1783296900,7569.75,7574,7559,7559.75,8046
1783297800,7559.75,7567.5,7557.25,7566.25,6311
1783298700,7566.25,7570.75,7564.5,7566,5178
1783299600,7566,7566.5,7560,7563,4099
1783300500,7562.75,7564.25,7552.5,7556.5,5384
1783301400,7556.25,7561.75,7556,7557.5,4214
1783302300,7557.75,7557.75,7549.75,7553.5,5873
1783303200,7553.75,7555.75,7548,7548.75,4155
1783304100,7548.75,7550.75,7546.5,7547.25,3874
1783305000,7547.25,7548.25,7541,7541.5,5232
1783305900,7541.75,7545.25,7540.25,7544.25,3291
1783306800,7544.25,7547,7541.25,7544.25,4150
1783307700,7544.5,7546.25,7542.5,7546,2048
1783308600,7546,7547.75,7541.5,7541.75,3630
1783309500,7541.5,7543.25,7538,7542,3929
1783310400,7542.5,7547,7539.75,7546.5,2592
1783311300,7546.5,7548.75,7545.5,7547.75,2089
1783312200,7547.75,7551.75,7547,7551,2849
1783313100,7550.75,7553,7549.25,7552,1880
1783314000,7552.5,7554,7549.25,7552.75,2225
1783314900,7552.75,7554.75,7548.5,7549,2382
1783315800,7549,7552,7544.75,7550.5,2788
1783316700,7550.5,7552.5,7548.25,7549.75,1572
1783317600,7550,7552.25,7546.25,7547,1588
1783318500,7546.75,7551.75,7546.25,7551,1351
1783319400,7550.75,7555.75,7550,7555,2580
1783320300,7554.75,7555,7552.5,7554.5,1306
1783321200,7554.25,7558,7552.5,7556.25,2677
1783322100,7556.5,7558.75,7554.5,7555.25,1805
1783323000,7555.5,7563,7554.5,7562.5,1927
1783323900,7562.5,7563.5,7561.25,7563,1520
1783324800,7563,7566.75,7558.5,7560.5,3716
1783325700,7560.75,7562.5,7556.5,7562.25,2124
1783326600,7562,7562.5,7557.75,7561.5,1819
1783327500,7561.75,7563.5,7560,7562.75,1152
1783328400,7562.75,7563,7558.75,7560,1410
1783329300,7560.25,7562.75,7558.75,7562.25,1135
1783330200,7562.5,7562.5,7559,7560,1115
1783331100,7560,7565.5,7557,7565,2492
1783332000,7565,7566.5,7560.5,7564.75,2264
1783332900,7564.75,7565.75,7562.25,7562.5,1304
1783333800,7562.75,7565.75,7561,7561,1331
1783334700,7560.75,7563.25,7559.25,7563,1483
1783335600,7563.25,7565.25,7558.25,7559.75,2589
1783336500,7560.25,7563.25,7559.5,7560,1812
1783337400,7559.5,7562.5,7559.5,7561,1498
1783338300,7561,7563,7556,7556.5,3589
1783339200,7556.5,7563.75,7555.25,7562.5,5682
1783340100,7562.75,7564.75,7556.25,7558.25,4750
1783341000,7558,7563.5,7556.5,7559,4702
1783341900,7559.25,7562.75,7559,7562.5,2432
1783342800,7562.75,7563.5,7555,7555.25,6446
1783343700,7555.25,7565.5,7552,7565,13759
1783344600,7564.75,7573.25,7552.25,7565.25,67429
1783345500,7565,7574,7560.75,7564.5,45248
1783346400,7564.25,7573.5,7556.25,7573,40658
1783347300,7573,7579,7568.25,7578.75,34283
1783348200,7578.75,7581.25,7570,7575.75,35586
1783349100,7576.25,7582.5,7574,7582,22622
1783350000,7582.25,7583.75,7577.75,7580.5,24736
1783350900,7580.5,7587.25,7575.25,7587,27501
1783351800,7587,7589,7582.75,7587.25,19835
1783352700,7587.5,7589,7585.25,7587.75,12243
1783353600,7587.5,7590.25,7585.5,7588.75,11060
1783354500,7589,7591,7584.75,7585.75,12060
1783355400,7585.75,7586.75,7583,7586.5,12568
1783356300,7586.5,7590.25,7581.5,7583.75,17279
1783357200,7583.75,7594.75,7583,7592.75,21740
1783358100,7593,7593.75,7585.25,7586.25,13511
1783359000,7586,7586.75,7575,7579.5,26984
1783359900,7579.25,7584.25,7577.25,7580.25,17639
1783360800,7580,7590,7580,7589,17148
1783361700,7589.25,7595,7589,7592,16049
1783362600,7592.25,7594,7588.75,7591,11000
1783363500,7591.25,7599,7590.75,7598.25,15738
1783364400,7598.25,7600,7595,7596.25,16818
1783365300,7596.25,7602.25,7595,7600.75,16233
1783366200,7601,7601,7595.75,7598.5,16260
1783367100,7598.5,7600.5,7587.75,7593.5,43722
1783368000,7593.5,7597.25,7591.25,7596.5,10893
1783368900,7596.25,7598.25,7594.25,7595.75,3068
1783369800,7595.75,7597,7595,7596.75,2367
1783370700,7596.5,7598,7593.75,7596.5,3344
1783375200,7597.5,7599.75,7595.75,7599.5,2382
1783376100,7599.5,7601,7598.25,7598.5,2082
1783377000,7598.75,7600.75,7597.25,7599,1905
1783377900,7598.75,7598.75,7592.75,7593.75,3338
1783378800,7593.75,7598,7593.5,7595.75,2174
1783379700,7595.75,7595.75,7591.5,7593,3028
1783380600,7592.75,7594,7589.75,7590.25,2387
1783381500,7590.25,7590.25,7584.25,7585.75,5389
1783382400,7585.5,7590.5,7583.5,7586.25,5683
1783383300,7586.25,7595.5,7585,7590.25,6194
1783384200,7590.25,7591.25,7583.5,7587,4328
1783385100,7587,7589.5,7584.75,7585,3114
1783386000,7585.25,7587.5,7583.75,7585,3094
1783386900,7585.25,7586,7580.75,7582,4016
1783387800,7581.5,7586.25,7579,7585.75,5051
1783388700,7586,7588.75,7582.75,7583.5,3327
1783389600,7583.5,7587.5,7582.5,7586,2156
1783390500,7586,7587,7582.25,7582.5,1715
1783391400,7582.25,7583,7579.75,7582.5,3012
1783392300,7582.25,7582.5,7578.5,7578.75,2138
1783393200,7579.25,7583.25,7578.75,7580,2119
1783394100,7580,7580.25,7574.75,7575.25,3500
1783395000,7575.25,7577,7573.25,7574.5,3651
1783395900,7574.5,7574.75,7570.5,7574,3788
1783396800,7574.25,7575,7571.75,7571.75,1964
1783397700,7571.75,7572.5,7569.25,7571.25,2118
1783398600,7571.25,7573.25,7567,7568.75,2406
1783399500,7569,7569.5,7566.5,7568.75,1635
1783400400,7568.75,7568.75,7564.75,7565.25,2264
1783401300,7565.25,7566.5,7563,7565.75,2863
1783402200,7566,7572.25,7566,7571,4159
1783403100,7570.75,7575,7568.75,7573.5,2592
1783404000,7573.25,7574.75,7567,7567.75,2557
1783404900,7567.75,7572.25,7567.25,7570.75,2624
1783405800,7570.75,7573.5,7569,7573.5,1597
1783406700,7573.25,7574.5,7570.25,7573.5,1379
1783407600,7573.75,7577.75,7571.25,7576.5,3720
1783408500,7576.75,7580,7576.25,7579.5,2731
1783409400,7579,7579.5,7576.5,7577,1348
1783410300,7577,7578.25,7571.75,7572,2481
1783411200,7572.25,7578.5,7570.5,7578,3831
1783412100,7577.75,7582,7577.25,7581.75,3276
1783413000,7581.75,7583,7579.5,7581,2000
1783413900,7581,7582.25,7578,7579,1870
1783414800,7578.75,7582.75,7576,7582.5,2298
1783415700,7582.5,7583.25,7580,7580.25,1320
1783416600,7580.25,7582.5,7578,7581.5,1974
1783417500,7581.75,7582.75,7579.75,7582,1282
1783418400,7581.75,7585,7577.75,7579.25,3844
1783419300,7579.25,7583.25,7578.75,7581.5,2656
1783420200,7581.25,7581.5,7578.25,7578.75,1822
1783421100,7578.75,7579.75,7573.25,7576.75,3755
1783422000,7577.75,7578.25,7572,7573.75,4073
1783422900,7574,7578.25,7573.75,7575.75,2580
1783423800,7575.75,7575.75,7572.25,7575.5,3001
1783424700,7575.5,7580.25,7573.25,7578.75,5510
1783425600,7578.75,7585.5,7578.25,7583.25,6228
1783426500,7583.75,7584.25,7578.5,7583.5,5081
1783427400,7583.5,7587,7580.75,7585.75,4882
1783428300,7585.5,7586.25,7578.75,7581,5460
1783429200,7580.75,7581.5,7575.5,7580.5,7624
1783430100,7580.75,7583.25,7578.25,7580.75,9733
1783431000,7580.75,7587.75,7569.25,7580,67210
1783431900,7580,7581,7560.25,7566.5,60016
1783432800,7566.25,7570.25,7547.5,7548,72482
1783433700,7548,7555.25,7538.5,7544.75,65490
1783434600,7544.5,7547.75,7529.5,7535.25,50489
1783435500,7535.25,7546.5,7534.25,7542.25,37604
1783436400,7542,7544.5,7536.25,7537.75,25881
1783437300,7537.75,7541,7534.5,7540.5,23299
1783438200,7540.75,7541.75,7531.25,7541.5,22978
1783439100,7541.25,7551.25,7541,7550.75,27714
1783440000,7551,7559.25,7549.75,7557.75,29323
1783440900,7558,7567.25,7555.75,7565.25,28680
1783441800,7565,7567.75,7559.75,7566.25,20656
1783442700,7566.25,7568.75,7562.5,7567.25,15720
1783443600,7567.25,7571,7565,7565.5,16304
1783444500,7565.75,7569.5,7561.75,7566,17047
1783445400,7566.25,7570.5,7565.75,7568.75,11927
1783446300,7568.75,7569.25,7564,7569.25,10562
1783447200,7569.25,7570.25,7565.75,7567.25,9466
1783448100,7567.25,7570.75,7566,7567.25,10938
1783449000,7567.25,7568.25,7561.5,7564.5,16100
1783449900,7564.75,7566.25,7551.5,7552.5,31073
1783450800,7552.5,7554.25,7542.25,7545.25,30837
1783451700,7545,7548,7536.75,7544.25,28604
1783452600,7544,7549.75,7541.25,7542.75,20858
1783453500,7543,7557,7542.5,7553.25,39164
1783454400,7553.25,7554.5,7549.25,7552,10466
1783455300,7551.75,7552.5,7546.75,7550.5,4874
1783456200,7550.75,7553,7550.25,7551.75,2418
1783457100,7551.75,7553,7550.75,7551.75,2230
1783461600,7546,7547.5,7537.25,7545.5,5649
1783462500,7545.75,7547.75,7544.5,7546.25,1860
1783463400,7546.75,7548.5,7544.75,7545.75,1935
1783464300,7545.5,7549,7544,7547.5,2188
1783465200,7547.25,7549.25,7544.5,7547.5,2638
1783466100,7547.5,7553,7547,7551.75,2859
1783467000,7551.75,7553,7543.75,7544.25,3407
1783467900,7544.5,7546.75,7538,7539,4657
1783468800,7538.75,7549.5,7533.25,7547.5,10422
1783469700,7548,7556,7545.25,7552.5,8196
1783470600,7552.25,7559.75,7547.75,7559,5814
1783471500,7559.25,7562,7557.25,7561.75,4523
1783472400,7561.75,7563,7556.75,7562.25,5129
1783473300,7562.5,7562.75,7555.5,7556.5,3507
1783474200,7556.75,7558,7550.5,7554,5293
1783475100,7554,7558.25,7551.5,7553,3774
1783476000,7553,7553.75,7547.25,7547.75,4783
1783476900,7548,7553.25,7546.5,7548.75,3875
1783477800,7548.75,7552.5,7546.25,7552.25,2681
1783478700,7552.5,7555,7551.5,7553,2604
1783479600,7553.25,7557.75,7553.25,7556.25,2412
1783480500,7556.5,7560.25,7554.75,7559.75,2060
1783481400,7559.75,7561.5,7555,7555.5,2606
1783482300,7555.75,7556.75,7554,7554.5,1738
1783483200,7554.5,7555,7550.75,7552.25,2228
1783484100,7552.25,7556,7551,7553.75,2122
1783485000,7554,7554.5,7548.5,7551.25,2308
1783485900,7551,7553.25,7547,7551.5,2074
1783486800,7551.5,7555,7549.75,7551,2418
1783487700,7550.5,7553.25,7547,7548,1700
1783488600,7548.25,7548.25,7543,7544,3242
1783489500,7544.25,7545.75,7538.75,7543.5,3471
1783490400,7543.5,7544.25,7540,7541.5,2505
1783491300,7541.75,7545,7538.75,7540,2331
1783492200,7540,7541.5,7533.75,7534,3583
1783493100,7534.25,7541.75,7532.5,7539.25,3432
1783494000,7539.25,7540.25,7531.75,7535.25,3641
1783494900,7535.75,7542,7532.5,7541.75,3289
1783495800,7541.5,7548,7540,7544.75,4197
1783496700,7545,7545.75,7540.5,7541.5,2044
1783497600,7541.75,7547,7536.75,7545.75,4052
1783498500,7545.5,7546.75,7496.75,7497.25,27342
1783499400,7497.25,7499,7477.25,7486.5,19276
1783500300,7486.75,7494.5,7479,7480.5,10612
1783501200,7480.75,7483.5,7468.25,7468.75,10627
1783502100,7468.75,7477.5,7468.5,7475,8484
1783503000,7474.75,7484,7473.25,7479.75,6682
1783503900,7479.25,7480.25,7473,7474.5,4935
1783504800,7474.75,7478.25,7469,7473.25,6606
1783505700,7473.5,7481.5,7470.25,7481,4812
1783506600,7480.75,7488.75,7477.25,7487.75,6986
1783507500,7487.75,7490.25,7484.75,7485.5,5524
1783508400,7485.5,7489,7481,7485,6997
1783509300,7484.75,7487,7478.75,7482.75,4542
1783510200,7482.75,7506.5,7480.5,7497.75,18934
1783511100,7498,7504.25,7493.5,7498.75,12188
1783512000,7498.5,7511.75,7492.5,7507.75,12783
1783512900,7508,7512.75,7504.5,7512,6712
1783513800,7512,7514.75,7507.75,7512.25,6626
1783514700,7512,7519,7504.5,7505.25,12034
1783515600,7505.5,7515.75,7504.75,7513.75,12667
1783516500,7513.75,7514.5,7503.25,7506.75,15207
1783517400,7507,7523.25,7501.75,7518.75,63797
1783518300,7518.75,7524.75,7507.25,7515.75,60635
1783519200,7515.75,7522.75,7505.75,7507.5,50991
1783520100,7507.5,7521,7501.75,7506,56892
1783521000,7506,7512.25,7494.75,7499.5,51450
1783521900,7499.25,7503.25,7484.25,7493.25,53162
1783522800,7493.5,7495.5,7484.25,7485.75,28068
1783523700,7486,7490.75,7470,7474,46249
1783524600,7474.25,7487.5,7469.25,7482,42119
1783525500,7482,7485,7474.5,7481,24950
1783526400,7481,7498.5,7480.75,7497.5,30863
1783527300,7498,7510,7495,7506.25,27032
1783528200,7506,7517.25,7499.5,7514.25,44227
1783529100,7514.5,7522.75,7511,7522,21933
1783530000,7521.75,7522.75,7515,7518.25,18112
1783530900,7518.25,7533,7518,7532.5,23953
1783531800,7532.75,7536.5,7523.75,7524.75,21785
1783532700,7524.75,7525,7514.5,7519.5,23122
1783533600,7519.25,7530,7515.25,7528,20993
1783534500,7528,7529.25,7521.25,7521.5,14463
1783535400,7521.5,7528.25,7517.5,7525.5,17716
1783536300,7525.5,7530.25,7522.75,7528.25,13157
1783537200,7528.5,7532.5,7522.75,7523.75,14020
1783538100,7523.75,7528.5,7521.75,7526.75,10967
1783539000,7526.75,7528.5,7523,7528,12450
1783539900,7527.75,7536.5,7518.25,7526.75,45489
1783540800,7526.75,7529.5,7519.25,7523.75,13823
1783541700,7524,7524,7516.5,7518,4425
1783542600,7517.75,7518.75,7508.25,7514.75,6388
1783543500,7514.75,7518.5,7512,7515.25,3852
1783548000,7516.5,7523,7516.25,7520.5,3216
1783548900,7520.5,7522.75,7516.75,7519.5,2245
1783549800,7519.5,7523.5,7516.75,7517,3012
1783550700,7517,7519.75,7516.75,7519,1174
1783551600,7519.25,7522.75,7518.75,7522,1908
1783552500,7522.25,7522.25,7516.25,7520.25,2543
1783553400,7520.5,7525.5,7517.5,7524.25,4144
1783554300,7524.5,7528.75,7523,7527.25,4226
1783555200,7527,7534,7525.5,7533.5,6658
1783556100,7533.5,7534,7526.75,7533.5,4435
1783557000,7533.5,7536.75,7531,7531.75,4799
1783557900,7531.5,7536.25,7528.75,7532.5,3974
1783558800,7532.5,7535.5,7527.75,7533,4248
1783559700,7532.75,7537.25,7530.75,7533.75,3523
1783560600,7534.25,7536.25,7531.25,7536,2040
1783561500,7536,7538,7528.75,7530.25,4545
1783562400,7530.25,7539,7527,7538.25,5765
1783563300,7538.5,7543.5,7536.75,7539.25,4617
1783564200,7539.25,7540.75,7531.5,7531.5,3454
1783565100,7531.75,7532.5,7526.75,7528.5,4321
1783566000,7528.75,7530.5,7525.5,7527.5,3631
1783566900,7527.75,7535.25,7524.75,7535,3638
1783567800,7535.25,7539.75,7534.25,7539.5,3458
1783568700,7539.5,7540,7537.25,7539,1914
1783569600,7539,7540.5,7537.5,7538,1702
1783570500,7538.25,7540.75,7534.5,7536,2115
1783571400,7536,7544,7536,7543.5,2907
1783572300,7543.5,7547,7541.5,7546,2806
1783573200,7546,7554,7540,7549.25,6857
1783574100,7549.25,7550.25,7540.5,7541.25,3066
1783575000,7541.5,7545,7535.75,7545,3057
1783575900,7545,7552.75,7544.25,7552.5,3079
1783576800,7552.25,7553.5,7547,7550.25,3581
1783577700,7550.25,7553.5,7549.75,7551.5,2328
1783578600,7551.5,7552.25,7548,7551.75,2294
1783579500,7551.75,7551.75,7548,7549.75,1296
1783580400,7549.5,7553.5,7548,7553,3084
1783581300,7553,7554.25,7549.25,7551.5,2512
1783582200,7551.75,7556.75,7549.25,7556.5,2728
1783583100,7556.5,7557.75,7551,7553.5,3559
1783584000,7553.5,7558,7551.5,7552.75,3685
1783584900,7553,7557,7550.25,7553.5,2338
1783585800,7553,7553.75,7545.5,7547.25,2954
1783586700,7547.25,7548,7541.25,7545.5,3316
1783587600,7545.5,7546.75,7541.25,7542.25,2080
1783588500,7542.75,7544,7540.5,7542.25,1999
1783589400,7542,7543.5,7533.75,7536.75,3768
1783590300,7536.5,7542,7536.25,7542,2420
1783591200,7541.75,7543,7539.25,7542,1570
1783592100,7541.75,7544,7538.75,7540.75,1978
1783593000,7540.5,7541.5,7536.5,7539.75,2438
1783593900,7539.75,7540.75,7526.5,7534.5,8670
1783594800,7534.5,7538.75,7531.25,7537.25,4754
1783595700,7537.5,7539.75,7534.5,7538.5,3876
1783596600,7538.5,7541.75,7536,7541,4600
1783597500,7541.25,7547.25,7540.25,7543.25,6286
1783598400,7543.25,7549.75,7542.25,7546.25,5040
1783599300,7546.5,7551,7545,7550.75,4278
1783600200,7550.25,7554.5,7547.5,7547.75,6252
1783601100,7547.75,7548,7543.5,7544.5,4962
1783602000,7544.25,7548.5,7544.25,7547.25,5191
1783602900,7547.5,7550.5,7544.5,7546.5,9301
1783603800,7546.5,7559.25,7530.25,7558,63571
1783604700,7558,7566.5,7551.25,7561.25,45195
1783605600,7561,7564.5,7546.25,7549.25,44195
1783606500,7549.5,7556,7529.5,7552.75,76157
1783607400,7552.75,7559,7544.75,7553,36827
1783608300,7553.25,7563.75,7546.75,7562,35277
1783609200,7562,7570.75,7560.5,7566.75,26648
1783610100,7566.75,7575,7564.5,7572.75,24282
1783611000,7573,7577.75,7569.75,7576.25,18839
1783611900,7576.5,7578,7573.25,7573.75,13178
1783612800,7574,7581.25,7573.75,7580.75,14075
1783613700,7580.5,7583.75,7579.25,7581.75,10768
1783614600,7581.75,7584.5,7578.25,7582.25,13216
1783615500,7582.25,7582.75,7577.25,7579.75,9631
1783616400,7579.75,7589.25,7579.5,7587.25,17604
1783617300,7587.25,7593.25,7587.25,7593.25,12657
1783618200,7593.25,7594.25,7590,7592.25,12844
1783619100,7592.5,7595,7588.25,7591.25,12305
1783620000,7591.5,7593.5,7589.5,7592.5,10052
1783620900,7592.5,7594,7587.25,7589.5,13189
1783621800,7589.5,7590.5,7585.25,7587.75,10611
1783622700,7587.75,7588,7583,7585,9903
1783623600,7585.25,7585.25,7581,7583.25,11865
1783624500,7583.25,7588.5,7582.5,7585,12662
1783625400,7585,7589,7583.25,7587.75,10638
1783626300,7588,7590.75,7582.25,7590.5,24023
1783627200,7590.5,7592,7585.75,7590.5,10088
1783628100,7590.75,7591.75,7586.25,7586.75,2861
1783629000,7586.75,7590,7586.5,7587.5,2988
1783629900,7587.5,7588.25,7584.5,7586.25,3374
1783634400,7588,7589,7584.25,7585.25,2984
1783635300,7585.25,7586.5,7583.75,7584.5,2022
1783636200,7584.25,7586.25,7584.25,7586,1228
1783637100,7585.75,7587,7585.25,7586.75,1109
1783638000,7587,7589.5,7584.75,7589.25,2458
1783638900,7589.5,7591.75,7588,7591.25,2127
1783639800,7591.5,7591.5,7589.25,7590,1624
1783640700,7590,7591.25,7586.5,7588.5,2861
1783641600,7588.5,7589.5,7580.5,7583.75,7451
1783642500,7583.25,7584.75,7577.5,7579.75,4266
1783643400,7579.75,7580.5,7575.5,7577.25,4207
1783644300,7577,7580.75,7574.75,7580.5,4433
1783645200,7580.75,7581.5,7575.75,7577.75,4063
1783646100,7577.75,7580,7577,7579.5,2088
1783647000,7579.25,7581.5,7577.5,7579.5,2153
1783647900,7579.5,7583.75,7579,7580.25,2946
1783648800,7580.25,7582.25,7577,7580,2569
1783649700,7580.25,7580.25,7577,7579.25,1999
1783650600,7579.25,7582.5,7578,7581.25,2071
1783651500,7581.75,7586.5,7581,7586.25,3079
1783652400,7586.25,7588.5,7585.5,7586.75,2326
1783653300,7586.75,7587,7583.25,7583.5,1671
1783654200,7583.5,7584,7582,7583,1335
1783655100,7582.75,7584,7581.5,7583.5,1533
1783656000,7583.5,7584.25,7582.5,7583.75,1594
1783656900,7584,7584,7580.25,7581.25,1429
1783657800,7581.25,7581.5,7579.5,7580.75,1275
1783658700,7580.75,7581,7577.25,7577.5,1701
1783659600,7577.75,7578.5,7576.25,7578,1768
1783660500,7578,7579.5,7576.75,7578.25,1628
1783661400,7578.25,7578.5,7576.5,7578.5,1504
1783662300,7578.5,7579.25,7575.5,7576.5,1398
1783663200,7576.5,7579.25,7575.75,7576.25,2153
1783664100,7576.25,7576.25,7570.5,7571.5,3928
1783665000,7571.75,7577,7570.5,7572.75,3366
1783665900,7572.75,7575.5,7572.5,7574,1875
1783666800,7574,7577.75,7571.75,7577.5,2652
1783667700,7577.75,7579.5,7575.25,7579,2522
1783668600,7578.75,7579.25,7575.5,7575.5,1229
1783669500,7575.5,7576,7569.75,7572.25,3252
1783670400,7572.25,7578.75,7569.5,7578.5,4285
1783671300,7578.5,7579.25,7574.5,7575.5,2234
1783672200,7575.25,7576.25,7572.75,7575.5,1995
1783673100,7575.5,7577,7573.75,7574.5,1249
1783674000,7574.25,7580.5,7568.5,7580,4915
1783674900,7580,7582.25,7579.75,7581,2294
1783675800,7581,7582.5,7579.5,7580.75,1309
1783676700,7580.5,7582.25,7580,7581,1839
1783677600,7581,7586,7581,7585,2276
1783678500,7585,7586.75,7581.5,7586.25,3358
1783679400,7586.25,7590.75,7586.25,7590.25,3003
1783680300,7590.5,7590.75,7587.25,7590.25,1892
1783681200,7590.25,7592.25,7589.25,7590,3095
1783682100,7590,7591.5,7586.5,7586.5,2539
1783683000,7586.75,7587,7580.75,7584.5,4757
1783683900,7584.5,7586,7582.5,7583.5,3303
1783684800,7583.5,7595.75,7577.25,7589,14809
1783685700,7589.25,7590.25,7585,7587.5,5979
1783686600,7588,7592.5,7584.25,7588.5,5818
1783687500,7589,7592.25,7587.5,7588.25,2952
1783688400,7588.25,7591.25,7586.5,7591,4059
1783689300,7591,7594.25,7589.5,7592.25,7379
1783690200,7592.25,7604.25,7590,7594.5,53362
1783691100,7594.25,7605.75,7593,7601.5,41312
1783692000,7601.5,7605.75,7596.75,7599.25,34406
1783692900,7599.25,7603.5,7593,7597.75,39166
1783693800,7598,7602.75,7552.25,7593.25,93052
1783694700,7593,7598.25,7582.75,7584,36494
1783695600,7584.25,7593,7578.5,7591.75,33114
1783696500,7591.5,7606.75,7591.5,7605.25,34405
1783697400,7605.25,7606.5,7585.75,7592.5,35643
1783698300,7592.75,7601.75,7587.75,7600.5,21599
1783699200,7600.25,7605.75,7600.25,7604,15715
1783700100,7604.25,7609.25,7603.5,7604,16578
1783701000,7604,7609,7602.25,7608.5,11752
1783701900,7608.5,7614,7608,7612.5,15575
1783702800,7612.75,7613,7607.25,7610.5,10554
1783703700,7610.25,7613.25,7610.25,7613,7542
1783704600,7612.75,7617,7611.5,7614,12517
1783705500,7614,7616.75,7612,7612.5,7384
1783706400,7612.75,7619.25,7612,7615.75,12726
1783707300,7616,7620,7613.75,7617.25,11484
1783708200,7617.5,7619.75,7616.25,7618.25,6754
1783709100,7618.5,7620.25,7618,7618.75,6176
1783710000,7618.75,7625.5,7618,7624.5,14974
1783710900,7624.5,7625.5,7622.25,7622.75,7796
1783711800,7622.75,7625.25,7621,7623.5,10714
1783712700,7623.25,7627.25,7617.75,7621,25330
1783713600,7621,7624.5,7618.25,7622.75,9306
1783714500,7622.75,7625.25,7621.75,7624.75,3158
1783715400,7624.75,7626.25,7624.25,7625.75,2559
1783716300,7625.5,7628.75,7625,7626,4390
1783893600,7607.25,7612,7593.25,7593.5,16496
1783894500,7593.5,7598,7591.5,7596.5,6013
1783895400,7596.5,7600.25,7595.75,7599.5,4748
1783896300,7599.5,7601.75,7596.75,7600.75,2983
1783897200,7600.75,7601.5,7598,7599,2566
1783898100,7598.75,7599,7596.5,7598,2592
1783899000,7597.75,7598.5,7596,7597,2375
1783899900,7597.25,7599.5,7592.75,7599.25,6080
1783900800,7599.25,7615.5,7596,7613,14681
1783901700,7612.75,7614.75,7607,7608,6895
1783902600,7607.75,7608.25,7596.5,7600.75,9418
1783903500,7600.5,7603.25,7592.75,7597.25,8020
1783904400,7597,7598,7590.5,7593.75,7662
1783905300,7593.75,7599.25,7592,7594.75,5331
1783906200,7594.5,7599,7592.75,7594.5,4946
1783907100,7594.5,7594.75,7588.5,7592.25,6288
1783908000,7592.25,7593.5,7587.5,7589.5,5490
1783908900,7589.5,7594.25,7588.5,7593,4189
1783909800,7592.75,7593,7588.5,7589.75,3395
1783910700,7590,7590.75,7585.75,7586,2956
1783911600,7586.25,7586.5,7583.25,7584.5,4275
1783912500,7584.75,7586.75,7583,7585.75,2737
1783913400,7586,7586.75,7583.25,7584.25,2909
1783914300,7584.5,7586,7582.5,7583.25,2068
1783915200,7583.25,7583.5,7578.75,7580.5,4063
1783916100,7580.5,7583.25,7579.25,7580.75,2960
1783917000,7580.75,7581.5,7575.75,7577,2819
1783917900,7576.75,7578.5,7575.5,7577.25,1940
1783918800,7577.5,7584.25,7575,7583.5,5510
1783919700,7583.75,7583.75,7570.75,7571.25,5474
1783920600,7571.5,7579,7566.25,7575.5,6771
1783921500,7575.5,7578.5,7571.25,7578.25,3535
1783922400,7578.25,7581,7574,7574.75,3654
1783923300,7575.25,7583.5,7574.75,7583.5,3360
1783924200,7583.5,7584.75,7578.5,7582.75,2638
1783925100,7582.5,7584.75,7581,7584,2401
1783926000,7584.25,7591.25,7581.5,7590.5,4987
1783926900,7590.5,7591.25,7585.5,7586.5,3045
1783927800,7586.5,7589,7582,7587,2907
1783928700,7587.25,7589.25,7584.25,7587.75,1947
1783929600,7588,7596.25,7586.75,7596,5677
1783930500,7596,7598.5,7595.25,7595.75,3531
1783931400,7595.75,7597.5,7593,7596.5,2127
1783932300,7596.25,7599.5,7595.25,7598.5,2610
1783933200,7598.5,7599,7594.75,7597,1666
1783934100,7597,7603.5,7596.75,7602.5,2572
1783935000,7602.75,7604,7600.25,7602.75,1937
1783935900,7602.75,7602.75,7600,7601.5,2062
1783936800,7601.75,7602.25,7598,7599.25,2702
1783937700,7599.25,7601.75,7597.5,7597.75,1946
1783938600,7598,7599.5,7596.75,7597.5,1275
1783939500,7597.25,7600,7597,7598,1921
1783940400,7598,7604.75,7596.25,7597.75,5199
1783941300,7597.5,7600.5,7595,7599.5,2968
1783942200,7599.5,7602,7597.25,7597.75,2906
1783943100,7598,7598.25,7592,7594,4331
1783944000,7594.25,7598.25,7587.25,7592.25,8251
1783944900,7592.5,7593.25,7589,7589.5,3329
1783945800,7589.5,7591.5,7585.75,7591,5161
1783946700,7591,7597.25,7590.5,7597,5118
1783947600,7597,7599.75,7595.25,7596.25,5544
1783948500,7596.25,7596.75,7593,7595.5,6983
1783949400,7595.5,7609.75,7594.5,7601,49762
1783950300,7601.25,7608.75,7590.25,7607.25,47902
1783951200,7607.25,7610.5,7593.5,7603.5,43600
1783952100,7603.75,7604.75,7573,7601.75,70832
1783953000,7601.75,7604,7583.25,7585.5,32200
1783953900,7586,7599,7580.5,7598.5,35920
1783954800,7598.5,7601.5,7590.25,7592.25,26242
1783955700,7592,7597,7589.75,7594.75,15909
1783956600,7595,7596.5,7587.75,7588,14340
1783957500,7588,7588.75,7581.75,7583.25,17565
1783958400,7583.25,7589.25,7580.5,7585.5,18268
1783959300,7585.25,7585.5,7570.25,7573.75,26117
1783960200,7574,7576.25,7560,7575,43610
1783961100,7575,7578,7563.5,7570,28418
1783962000,7570.25,7578,7568.75,7572,19704
1783962900,7572,7575,7566.75,7569.75,15207
1783963800,7569.75,7573,7565.75,7571.5,12888
1783964700,7571.5,7574.25,7563,7563.75,15988
1783965600,7563.75,7573.5,7562.75,7569,18506
1783966500,7568.75,7569.75,7561.75,7563.75,13397
1783967400,7563.75,7572.25,7561,7570,16181
1783968300,7570.25,7572.25,7566,7567.25,12998
1783969200,7567.25,7571.25,7562.25,7564.25,14484
1783970100,7564.25,7565.75,7553.25,7554.75,24400
1783971000,7555,7561.5,7551.5,7561.25,23839
1783971900,7561.25,7568.25,7557.5,7563,33719
1783972800,7563,7563.5,7557.5,7559.5,10553
1783973700,7559.75,7559.75,7547,7555.75,9804
1783974600,7555.75,7555.75,7552.75,7554.25,2715
1783975500,7554,7555.25,7552,7553.75,3108
1783980000,7558.25,7563.5,7554.5,7557.5,4365
1783980900,7557.5,7560.25,7555,7555.5,2187
1783981800,7555.25,7557.5,7554.5,7557,1884
1783982700,7557,7559.25,7550.75,7551.75,3404
1783983600,7552,7552.25,7546.25,7547.5,4392
1783984500,7547.75,7551.25,7546.75,7547.5,2406
1783985400,7547.25,7548.5,7541.75,7542.75,4288
1783986300,7542.5,7553.75,7541.5,7553.25,5848
1783987200,7553.5,7557,7539.5,7555.75,15207
1783988100,7555.75,7557.5,7540,7545.75,10586
1783989000,7545.75,7554.5,7541.5,7544.25,7833
1783989900,7544.25,7560.5,7544,7558.5,7870
1783990800,7558.75,7560.5,7554.25,7555,5354
1783991700,7554.75,7560,7553.75,7556,4369
1783992600,7556.25,7557.25,7547,7551.5,4959
1783993500,7551.5,7556,7546,7548.25,3710
1783994400,7548.25,7554.75,7546,7546.25,4312
1783995300,7546.25,7548,7538.5,7543.25,5703
1783996200,7543.25,7549.75,7539.25,7548.25,3985
1783997100,7548.25,7549.25,7539.5,7540.75,2955
1783998000,7540.75,7541,7534.5,7535.5,4660
1783998900,7535.25,7540.5,7531.75,7540.5,4694
1783999800,7540.25,7544,7535,7536.25,4516
1784000700,7535.75,7544.75,7535,7544,3200
1784001600,7544.25,7548,7538.5,7541,3260
1784002500,7541.25,7549.75,7539.25,7548.75,2404
1784003400,7548.5,7557.25,7547.75,7555.75,3569
1784004300,7556,7561.5,7555.75,7560.25,2983
1784005200,7560.5,7563,7558,7562.5,2545
1784006100,7562.75,7569.75,7561.5,7569.75,3929
1784007000,7570,7573.75,7567.25,7569,3664
1784007900,7568.75,7570.5,7567.5,7568.25,1436
1784008800,7568,7573.75,7567.75,7573.5,1853
1784009700,7573.5,7575,7566,7567,3336
1784010600,7567.75,7570.5,7563,7563.75,2087
1784011500,7563.75,7564,7558.75,7559,1805
1784012400,7559.25,7566,7555.75,7563.5,3662
1784013300,7563,7563.75,7557.25,7560.25,2483
1784014200,7560.5,7561.75,7555,7555.75,2389
1784015100,7555.5,7562.5,7552.25,7558.75,2947
1784016000,7559,7561.25,7552.5,7557.5,3216
1784016900,7557.5,7564.5,7557.25,7562.75,2448
1784017800,7562.5,7564,7558.5,7559.75,1722
1784018700,7559.75,7560,7552.75,7554.5,2130
1784019600,7554.5,7563.75,7551.5,7563,3434
1784020500,7563,7563.75,7554,7554.25,2500
1784021400,7554.5,7559,7554.5,7557.5,1821
1784022300,7557.25,7561.75,7556.75,7557.5,1521
1784023200,7557.75,7561,7556.5,7558,1336
1784024100,7557.75,7559,7555.5,7558.25,1416
1784025000,7558,7565.75,7554,7556.75,6307
1784025900,7556.75,7560,7553.5,7557,2628
1784026800,7557,7558,7543.5,7553,9067
1784027700,7553,7564.25,7552.25,7558.5,9673
1784028600,7558.5,7563,7552.75,7554,4215
1784029500,7554,7559.75,7553.5,7555.5,3649
1784030400,7555.5,7556,7544.5,7547.5,6746
1784031300,7547.75,7561.5,7545.25,7561.5,5980
1784032200,7559.25,7613.75,7556.5,7587.75,34584
1784033100,7588.25,7590,7575.5,7579.5,14004
1784034000,7579.75,7584,7577.25,7579.25,10252
1784034900,7579.25,7585,7571,7579.25,13616
1784035800,7579.25,7585.5,7564.25,7583.25,63163
1784036700,7583,7588.25,7576,7583.5,38199
1784037600,7583.75,7585.25,7567.75,7574.5,42153
1784038500,7574.5,7583.5,7556.5,7577.25,51045
1784039400,7577.5,7604.25,7575,7581.75,55038
1784040300,7581.5,7590.25,7575.25,7587.5,28850
1784041200,7587.75,7601.75,7583,7596,43290
1784042100,7596.25,7598,7586.75,7597.5,22049
1784043000,7597,7599.75,7577.75,7586,31654
1784043900,7586,7590,7576.25,7580,21575
1784044800,7580.25,7580.75,7570,7575.5,27149
1784045700,7575.5,7579.5,7570,7578.25,16587
1784046600,7578,7587.75,7576.25,7584.75,17647
1784047500,7585.25,7589.25,7580,7589.25,13705
1784048400,7589.25,7592.75,7585.75,7588.5,13875
1784049300,7588.75,7596.75,7584.75,7593.75,15513
1784050200,7594,7595.5,7588.5,7590.75,10376
1784051100,7590.75,7593.75,7587.75,7593.25,8699
1784052000,7593.5,7596.75,7589.75,7596.5,9541
1784052900,7596.5,7598.25,7593.25,7595.25,8355
1784053800,7595.25,7596.25,7586.75,7590.5,19571
1784054700,7590.5,7593.5,7588.75,7592,8436
1784055600,7592,7593,7587.5,7590.25,9640
1784056500,7590.25,7594.75,7588.5,7591.5,10613
1784057400,7591.5,7594.25,7587,7593,16753
1784058300,7593,7596,7589.25,7590.25,30016
1784059200,7590,7592.5,7587.5,7589.25,8376
1784060100,7589.25,7590,7585.75,7586,2586
1784061000,7586,7589.5,7585.5,7588.75,1925
1784061900,7589,7591.75,7586.75,7590.5,2469
1784066400,7590.5,7592,7582.75,7584,3071
1784067300,7584.25,7592,7583.75,7590.5,2821
1784068200,7590.5,7592,7590.25,7590.5,915
1784069100,7590.75,7591,7588,7589,1435
1784070000,7589,7592.5,7587.5,7592.25,2087
1784070900,7592,7600.25,7591,7599.75,4047
1784071800,7599.75,7603.25,7599.75,7601,3194
1784072700,7600.75,7604.25,7600.25,7602.75,3419
1784073600,7602.75,7604.5,7598,7603.25,4909
1784074500,7603,7604.5,7600.75,7602.5,2955
1784075400,7602.5,7603,7592.5,7594,5068
1784076300,7594,7603.5,7592.75,7601.75,4094
1784077200,7602,7603,7595.75,7598.5,3188
1784078100,7598.5,7603.75,7598.25,7601.5,2944
1784079000,7601.5,7603.5,7597.25,7597.75,2620
1784079900,7597.5,7604.5,7597.5,7604.25,2657
1784080800,7604.25,7605.75,7602.5,7603.5,2566
1784081700,7603.5,7605.75,7603.25,7604.5,1503
1784082600,7604.75,7607,7604,7606.75,1668
1784083500,7606.5,7607,7603,7603,1876
1784084400,7603.25,7604,7601.25,7602.25,1338
1784085300,7602.5,7605.25,7602.25,7604.5,1463
1784086200,7604.5,7606.75,7604.5,7605,1311
1784087100,7604.75,7608.5,7604.75,7607,1595
1784088000,7607,7607.75,7605.5,7606.5,978
1784088900,7606.5,7608.25,7606,7606.75,911
1784089800,7607,7608,7606,7606.75,844
1784090700,7606.75,7608.25,7606.75,7608.25,795
1784091600,7608.5,7613.5,7603,7604.5,6829
1784092500,7605,7608,7602.75,7603.75,1501
1784093400,7603.75,7608,7602.5,7605.75,1780
1784094300,7605.75,7609.25,7605.25,7609.25,1482
1784095200,7609.25,7609.75,7607,7608,1552
1784096100,7608,7610.25,7606.25,7610,1278
1784097000,7610,7611.25,7606.25,7607,1873
1784097900,7607.5,7608.5,7606.5,7607.75,1206
1784098800,7607.75,7609,7604.5,7607.25,2422
1784099700,7607,7607.5,7593.25,7598.75,4934
1784100600,7598.75,7602.5,7596.75,7602,2692
1784101500,7602,7606.25,7600.5,7604.25,1941
1784102400,7604.5,7605,7597.25,7600.25,3505
1784103300,7600.25,7602.5,7595.75,7601.25,2315
1784104200,7601,7604.75,7600,7604,1752
1784105100,7604,7607.5,7603.5,7606.75,2038
1784106000,7606.75,7610.75,7606.5,7609.5,1861
1784106900,7609.75,7610.5,7607.75,7608.25,1331
1784107800,7608,7610.25,7606.75,7609.75,1678
1784108700,7609.5,7609.75,7603.75,7604.5,2029
1784109600,7604.75,7606.5,7603.5,7605.75,1213
1784110500,7605.75,7606.75,7597,7598.25,3507
1784111400,7598,7602.25,7598,7599.5,1970
1784112300,7599.5,7602.25,7599.5,7601.25,1375
1784113200,7601,7603.75,7599.25,7599.75,1932
1784114100,7600,7602.5,7599.75,7600.75,1206
1784115000,7600.75,7603.5,7597.75,7602,2013
1784115900,7601.75,7601.75,7598.25,7600.25,2173
1784116800,7600,7600.5,7594.5,7596,3264
1784117700,7596,7597.75,7592.25,7595.25,3750
1784118600,7594.5,7613.5,7593.5,7610.75,12859
1784119500,7610.75,7614.75,7607.75,7611.5,7877
1784120400,7611.25,7615.25,7606.5,7607,10096
1784121300,7607.25,7612.5,7605.75,7612.5,8898
1784122200,7612.25,7626.25,7611.75,7613.5,60121
1784123100,7613.5,7616.75,7601.25,7614.5,61368
1784124000,7614.5,7623.5,7614.5,7617.5,38619
1784124900,7617.75,7626,7603.25,7616.5,62018
1784125800,7616.25,7619,7597.75,7605.25,53555
1784126700,7605,7608.5,7597,7605,37644
1784127600,7604.75,7611.5,7599.25,7601,28103
1784128500,7601.25,7606.25,7591.75,7606,42157
1784129400,7605.75,7608.5,7600.25,7601.5,24794
1784130300,7601.5,7602.5,7592.5,7596,21617
1784131200,7596.25,7598,7581,7581.75,35853
1784132100,7581.75,7583.25,7573.75,7578,31713
1784133000,7578,7581.5,7571.75,7579,24204
1784133900,7579,7593.5,7576.75,7586.5,35645
1784134800,7587,7594,7585.75,7587.75,18290
1784135700,7588.25,7598.75,7587.5,7598.25,15831
1784136600,7598.25,7605,7598.25,7603.5,20996
1784137500,7603.5,7616,7602.5,7612.5,27123
1784138400,7612.25,7618.25,7611.75,7616,13669
1784139300,7616.25,7619,7612.75,7616.75,14174
1784140200,7616.75,7619.75,7610.5,7610.5,15505
1784141100,7610.75,7610.75,7601,7602,29876
1784142000,7601.75,7609,7600.5,7608,18401
1784142900,7608,7608.5,7601.5,7606.25,14568
1784143800,7606.5,7612.75,7601.25,7611.5,24575
1784144700,7611.25,7617.75,7605.25,7617.25,30332
1784145600,7617,7619.5,7608.75,7614.5,12924
1784146500,7614.75,7618,7613.25,7617,2231
1784147400,7616.75,7617.25,7614.75,7617,2110
1784148300,7616.75,7618,7615.25,7615.75,1822
1784152800,7615.75,7622.25,7614,7619,3969
1784153700,7618.75,7619,7616.25,7616.75,1744
1784154600,7617,7618,7615.25,7615.75,1766
1784155500,7615.5,7619.5,7613.25,7618.5,4192
1784156400,7618.25,7619.75,7617.25,7618.75,1570
1784157300,7618.75,7620.25,7617.25,7619.5,1659
1784158200,7619.5,7622,7618.5,7620,1877
1784159100,7620.25,7621,7615.5,7616.25,2559
1784160000,7616.25,7626.75,7615.75,7626.5,6666
1784160900,7626.25,7627.75,7618,7619.25,4378
1784161800,7619.25,7622,7615.25,7615.5,3706
1784162700,7615.5,7620.5,7614.5,7616.25,3433
1784163600,7616.75,7618.25,7613.25,7614.75,3190
1784164500,7614.75,7615.25,7610.25,7611.25,3923
1784165400,7611.5,7615.5,7610.75,7612.25,2937
1784166300,7612.5,7618.75,7612,7614.5,3981
1784167200,7614.75,7615.25,7611,7613.25,2403
1784168100,7613.5,7620.25,7612.75,7619.75,3047
1784169000,7619.75,7621,7618,7618.75,2451
1784169900,7618.5,7623.75,7618.5,7622.75,2254
1784170800,7622.75,7624.75,7621.75,7624,1909
1784171700,7624,7624,7620.75,7621.5,1475
1784172600,7622,7625.25,7621.5,7622.75,1872
1784173500,7623,7624.5,7621.75,7624.5,1039
1784174400,7624.5,7626.25,7623.75,7626,1446
1784175300,7626.25,7626.25,7622.25,7622.75,1147
1784176200,7622.5,7623.25,7620.25,7621.5,1177
1784177100,7621.25,7623,7620.5,7621.75,824
1784178000,7622,7627,7621.75,7626.75,1967
1784178900,7626.75,7629.75,7626,7627.75,3098
1784179800,7627.75,7632,7616.5,7620,6631
1784180700,7620,7621,7615.25,7617,1793
1784181600,7617.25,7625,7613.25,7621.75,7255
1784182500,7622,7623.5,7617,7618,2300
1784183400,7617.75,7618.5,7611,7615,3163
1784184300,7615.5,7619,7613.75,7618.25,1459
1784185200,7618.25,7619,7610,7610.25,3346
1784186100,7610.25,7613.25,7608.25,7610.5,2820
1784187000,7610.75,7611.75,7605.75,7606.25,2971
1784187900,7606.25,7606.5,7600,7601.75,3999
1784188800,7601.75,7603,7593.5,7594,5775
1784189700,7594.25,7603.75,7593.5,7601.5,3871
1784190600,7601.5,7606.25,7600.5,7603.75,2638
1784191500,7603.75,7610.25,7603.75,7609.75,2561
1784192400,7609.75,7613.75,7609.75,7613,2836
1784193300,7613,7615.5,7610.25,7610.5,2640
1784194200,7610.75,7613.5,7608.75,7608.75,1899
1784195100,7608.5,7610.5,7604.75,7605.25,3757
1784196000,7605,7607.75,7602.25,7606,2486
1784196900,7606,7606.25,7601,7604.5,2406
1784197800,7604.5,7607.25,7602,7603.75,2197
1784198700,7603.5,7604.75,7601,7602.75,2130
1784199600,7602.75,7603,7595.75,7600.75,4508
1784200500,7600.75,7603.5,7595.5,7600,4264
1784201400,7600,7600.25,7594.75,7596.75,3423
1784202300,7596.5,7598.25,7580.5,7597.25,14087
1784203200,7597,7599,7588.5,7591.25,6063
1784204100,7591.25,7594.5,7584,7586.75,8606
1784205000,7587.25,7591.25,7580.5,7583,9000
1784205900,7582.75,7589.5,7581.75,7586.5,6603
1784206800,7586.75,7596.25,7585.75,7595.75,8742
1784207700,7595.75,7598,7594.25,7596.75,8422
1784208600,7596.75,7604,7579.75,7581.75,63093
1784209500,7582,7591.5,7575.25,7588,56382
1784210400,7587.75,7605.5,7585.25,7602.5,48398
1784211300,7602.5,7613,7599.75,7612.5,41461
1784212200,7612.5,7614,7606.5,7612.75,27481
1784213100,7613,7614.75,7602.75,7611,32898
1784214000,7611,7613.25,7599.75,7602.5,31947
1784214900,7602.5,7613.75,7598.5,7607.25,31144
1784215800,7607.25,7613.25,7601.75,7605.5,23626
1784216700,7605.75,7610,7599,7605,22246
1784217600,7605,7605.5,7588.5,7589,34317
1784218500,7589,7594.25,7583,7588.25,31690
1784219400,7588.5,7594.25,7586.75,7588.75,21900
1784220300,7588.75,7599.25,7585.75,7598,19709
1784221200,7598.25,7598.5,7590.25,7591,15806
1784222100,7591.25,7597.5,7589.25,7596.25,14525
1784223000,7596.25,7597.25,7579.5,7583,25508
1784223900,7583.25,7588,7579.5,7582.25,17247
1784224800,7582.5,7584,7573.75,7576.5,27609
1784225700,7576.5,7586.5,7573.75,7578.5,24460
1784226600,7578.5,7578.5,7568.25,7574.75,23835
1784227500,7574.25,7579,7570.5,7571.5,16179
1784228400,7571.25,7576.25,7565,7566.75,23108
1784229300,7566.5,7569.5,7558,7560.5,24365
1784230200,7560.5,7561.25,7553.25,7554.5,26160
1784231100,7554.5,7579.5,7548.25,7577,54330
1784232000,7577,7577.75,7566.75,7567.25,13585
1784232900,7567.25,7573.5,7566.25,7569.25,3979
1784233800,7569,7570.5,7566.75,7569,2376
1784234700,7568.75,7570,7567,7569,2231
1784239200,7571,7574.75,7569.5,7570.25,3658
1784240100,7570.25,7570.5,7566.25,7567.25,2915
1784241000,7567.25,7568.25,7565,7567.25,2758
1784241900,7567.25,7567.5,7563.75,7566,3175
1784242800,7566.25,7567,7561.25,7565,3557
1784243700,7565,7565,7558.5,7561,2582
1784244600,7561,7564.25,7556.75,7562,3666
1784245500,7562.5,7563.25,7558.5,7560.5,2631
1784246400,7560.5,7563.75,7552,7553.25,6223
1784247300,7553.25,7557.25,7549.25,7550,5557
1784248200,7550.25,7551,7546,7548.25,5337
1784249100,7548.25,7555.5,7547.75,7552,5338
1784250000,7552.25,7556.25,7545,7545.75,6870
1784250900,7546,7548.5,7543.5,7548.25,4220
1784251800,7548.25,7548.75,7537.75,7539,7835
1784252700,7538.75,7540.5,7535.25,7538.25,5718
1784253600,7538.25,7539.5,7533.75,7535.25,4206
1784254500,7535,7535.25,7530,7531.25,5337
1784255400,7531.5,7532.5,7528.5,7532.5,4603
1784256300,7532.5,7533.25,7525.5,7530,5377
1784257200,7530.25,7535.5,7528.5,7534.25,4976
1784258100,7534.25,7541.25,7534.25,7539.5,5511
1784259000,7539.25,7540,7528.5,7530.25,5566
1784259900,7530.5,7530.75,7524.25,7524.25,4507
1784260800,7524.25,7524.75,7517.5,7518.5,7230
1784261700,7518.75,7519.5,7512.5,7514.25,5545
1784262600,7514.25,7516,7509,7514,6182
1784263500,7514.25,7519.25,7513.75,7514,4663
1784264400,7514,7515.75,7511,7512,4298
1784265300,7512.25,7514.75,7509.75,7511.5,2631
1784266200,7511.75,7514.25,7503.25,7508.25,6281
1784267100,7508,7511.75,7505.25,7511.25,5104
1784268000,7511.25,7515.75,7509,7513.75,5707
1784268900,7513.75,7523.25,7513,7521.75,5112
1784269800,7522,7523.5,7514.25,7515.75,3697
1784270700,7515.5,7515.75,7508.75,7512,4262
1784271600,7512.25,7516.25,7510,7514.5,5485
1784272500,7514.75,7517.25,7510.25,7516.75,4194
1784273400,7517,7519,7512.75,7515.5,3725
1784274300,7515.25,7516.25,7510.5,7511.75,2950
1784275200,7511.75,7517,7506.25,7507.5,5712
1784276100,7507.5,7508.25,7495,7500.25,11985
1784277000,7500.5,7502.25,7491.25,7495.25,5738
1784277900,7494.75,7504.25,7493.75,7499.5,5887
1784278800,7499.5,7506,7496.75,7505.5,3741
1784279700,7505.5,7510.5,7502,7510.25,4219
1784280600,7510.5,7510.5,7502.75,7503.75,3537
1784281500,7503.5,7510.75,7503.5,7510,3705
1784282400,7510.25,7517.25,7507,7516.5,5992
1784283300,7516.5,7518,7511,7515.75,4791
1784284200,7515.5,7522,7515.5,7519,4155
1784285100,7519,7520.25,7516.25,7517.75,3730
1784286000,7518.25,7521.75,7512,7512.75,4498
1784286900,7513,7517,7509.5,7517,4808
1784287800,7517.25,7518.75,7513,7514,3116
1784288700,7514,7520.5,7512.5,7519,4274
1784289600,7518.75,7519.5,7509.5,7510.5,4829
1784290500,7510.5,7512.25,7507.5,7509.25,5276
1784291400,7509.25,7510.5,7505,7508,5621
1784292300,7507.75,7510,7502.5,7504.25,6046
1784293200,7504.25,7504.75,7492.75,7493.25,12488
1784294100,7493.5,7496.5,7483,7485,26294
1784295000,7485,7492.25,7473,7475.75,75213
1784295900,7475.75,7514,7474.75,7514,61521
1784296800,7514,7534.25,7512.25,7528.75,65849
1784297700,7528.5,7539,7527.5,7529.25,49805
1784298600,7529.5,7533.75,7521.75,7524.5,45892
1784299500,7524.5,7531.75,7514.25,7516,41477
1784300400,7516.25,7518,7506.5,7509,38392
1784301300,7509,7521.5,7504.75,7520.25,36993
1784302200,7520,7525,7510,7520.5,41186
1784303100,7520.75,7536.5,7514.25,7534,26444
1784304000,7534.5,7537,7513.75,7528.25,40457
1784304900,7528.5,7531,7516.5,7524.75,26819
1784305800,7525,7530.25,7520.75,7529.5,25845
1784306700,7530,7539,7527,7529.25,25055
1784307600,7529.25,7537.75,7527.75,7529.75,18774
1784308500,7529.75,7536,7525.25,7534.25,18087
1784309400,7534.5,7535.5,7520.25,7521.25,16933
1784310300,7521.25,7524.25,7508.75,7511,20585
1784311200,7511,7516.5,7506,7506.25,22175
1784312100,7506.25,7507.5,7497.75,7502.25,25601
1784313000,7502,7508.75,7495.75,7497.25,24347
1784313900,7497.25,7512,7495,7508.5,23170
1784314800,7508.75,7510,7492.25,7492.5,21705
1784315700,7492.25,7498,7486.25,7496.75,26900
1784316600,7497,7501.5,7491.25,7500,27360
1784317500,7500,7509.25,7494.25,7496.5,42912
1784318400,7496.75,7497.5,7484.5,7488.5,18466
1784319300,7488.75,7494,7487.25,7493,5434
1784320200,7492.75,7496.5,7492.5,7496,3548
1784321100,7496.25,7498,7493.5,7495,3090
1784498400,7484.5,7497.25,7482,7483.5,11847
1784499300,7483.75,7496.5,7483.75,7487.5,8636
1784500200,7487,7502.5,7485.75,7500.75,6870
1784501100,7500.5,7502.25,7494.5,7495.75,5148
1784502000,7496,7498.5,7492,7495.5,5305
1784502900,7495.75,7498.5,7491.75,7493.25,4311
1784503800,7493.5,7502,7490.75,7502,5171
1784504700,7502,7505.25,7494.75,7504.25,6083
1784505600,7504.25,7517.5,7496.5,7514.75,11211
1784506500,7514.75,7517.25,7510.25,7511.75,5397
1784507400,7511.5,7512,7503.5,7504.5,6949
1784508300,7504.5,7506.75,7502,7503.75,4328
1784509200,7503.5,7511.75,7502.75,7503.5,5659
1784510100,7503.75,7507.5,7498.5,7499,5698
1784511000,7499,7501,7492.75,7495.25,5808
1784511900,7495.25,7498.5,7490,7494.75,5211
1784512800,7494.75,7506.5,7494.5,7499.5,6221
1784513700,7499.75,7500,7493.5,7496.5,3392
1784514600,7496.25,7509.25,7496,7506.75,4903
1784515500,7506.75,7511,7505.25,7505.5,3592
1784516400,7505.5,7508,7501,7503.5,2654
1784517300,7503.5,7507.75,7502.5,7504.25,2234
1784518200,7504,7508.25,7502,7507.5,2235
1784519100,7507.5,7510.25,7504,7505.75,2494
1784520000,7505.75,7507.75,7501.25,7502,2127
1784520900,7501.75,7508.25,7499,7507.75,2738
1784521800,7507.75,7513.5,7506.25,7512.25,3204
1784522700,7512.25,7515,7508.75,7509.25,2174
1784523600,7509.25,7510.25,7497.75,7503.5,4309
1784524500,7503.25,7503.25,7499,7500.25,1879
1784525400,7500.25,7500.5,7497.25,7497.5,2032
1784526300,7497.5,7499.75,7494,7496.25,2326
1784527200,7496.25,7499.75,7494.5,7495.25,2116
1784528100,7495.25,7498.25,7493,7495,2380
1784529000,7494.75,7498.5,7490.75,7496.5,3581
1784529900,7496.5,7497.5,7493.5,7497.25,1816
1784530800,7497.25,7502.75,7497.25,7499.75,3691
1784531700,7499.5,7510,7496.5,7509.5,4912
1784532600,7509.5,7519.5,7509.5,7517.25,6157
1784533500,7517.25,7518.75,7511.75,7516,3449
1784534400,7516,7521,7514,7520,4033
1784535300,7520,7522,7517,7518,3092
1784536200,7517.75,7518.25,7512,7512.75,2879
1784537100,7513,7515.75,7512,7514.25,1856
1784538000,7514.25,7515.75,7510.5,7513.25,2540
1784538900,7513,7518.5,7512.75,7517,2201
1784539800,7517,7521.25,7515.5,7520.5,2245
1784540700,7520.5,7529,7520.25,7521.5,5197
1784541600,7521.5,7523,7517.75,7518.25,2595
1784542500,7518.5,7521,7516,7520,2392
1784543400,7519.75,7523,7517.25,7519.5,2269
1784544300,7519.25,7524.25,7518.5,7522,2237
1784545200,7522,7529.75,7520.75,7527.5,4188
1784546100,7527.25,7528.5,7522.75,7523.5,2644
1784547000,7523.5,7545.5,7523.25,7539,22198
1784547900,7539.25,7541,7532,7535.75,7342
1784548800,7535.5,7536.25,7521,7526.25,15601
1784549700,7526,7530.5,7523.25,7530.25,4435
1784550600,7530.25,7532.25,7524.25,7525,5233
1784551500,7525,7530.75,7522.75,7527.25,5955
1784552400,7527,7531.5,7526,7527.5,6877
1784553300,7527.25,7536.25,7526,7534.25,8170
1784554200,7534.5,7551.5,7532.75,7550.25,52585
1784555100,7550,7552.25,7519,7520.25,60157
1784556000,7520.75,7527.5,7511.25,7514,50257
1784556900,7514,7521.25,7506,7520.75,43608
1784557800,7520.75,7523,7511.25,7512.75,35875
1784558700,7512.75,7521.75,7501,7504.75,46623
1784559600,7505,7519,7501.75,7511.75,42843
1784560500,7511.75,7523.75,7509.5,7522.5,28875
1784561400,7522.75,7524.25,7516.75,7523.75,20997
1784562300,7523.75,7528.25,7514.5,7523.5,26064
1784563200,7523.75,7534,7519.5,7531.75,24557
1784564100,7532,7532.75,7525.5,7528.5,16475
1784565000,7528.75,7531.5,7508,7517.75,35941
1784565900,7518,7526,7511,7513.75,25347
1784566800,7513.75,7516,7502.25,7502.5,22680
1784567700,7502.75,7508.5,7499,7504.75,21678
1784568600,7504.75,7509.25,7499.5,7501,15503
1784569500,7501,7512.5,7500.75,7509.25,17521
1784570400,7509.25,7516,7508.5,7514,18183
1784571300,7514,7517.75,7504.75,7508.5,23681
1784572200,7508.5,7508.5,7488.5,7489,34755
1784573100,7489,7495.75,7487.75,7490.5,23986
1784574000,7490.75,7495.25,7480,7480.25,25212
1784574900,7480.25,7492.5,7478,7490.75,35661
1784575800,7490.75,7497.5,7486.75,7493.75,32391
1784576700,7493.75,7496.25,7480.5,7485.75,46345
1784577600,7485.75,7493.25,7481,7481.5,14940
1784578500,7481.75,7482,7476.75,7479.25,4465
1784579400,7479.25,7483.5,7478.75,7481.75,3086
1784580300,7482,7484,7480.75,7483.5,2750
1784584800,7483.75,7486.25,7473.25,7476,5032
1784585700,7476,7478,7474.25,7475.75,1933
1784586600,7475.75,7477.25,7473.25,7475.75,2076
1784587500,7476.25,7477.25,7473.75,7475.25,1382
1784588400,7475.5,7483.25,7474.5,7482.75,3476
1784589300,7483,7490,7482.5,7489.75,3929
1784590200,7489.5,7491,7487.75,7489,2308
1784591100,7488.75,7491,7480.5,7485.25,5689
1784592000,7485,7485,7474.25,7477.75,8577
1784592900,7477.75,7488.5,7473.75,7486.25,7094
1784593800,7486.25,7494.25,7485.75,7492.25,5785
1784594700,7492.5,7495.75,7490.75,7492.25,4498
1784595600,7492.25,7498.75,7489.25,7498,5504
1784596500,7498,7499.5,7494.5,7495.5,4418
1784597400,7496,7498.25,7490.5,7491.75,3718
1784598300,7491.75,7496,7491,7492.75,2347
1784599200,7493,7499.75,7492,7493,3518
1784600100,7493,7497.25,7488.5,7493.75,3636
1784601000,7494,7501.5,7494,7500.5,3538
1784601900,7500.5,7502,7498.25,7501.75,1799
1784602800,7501.75,7504.5,7501.75,7503.75,2396
1784603700,7503.5,7508,7503.25,7508,2501
1784604600,7507.75,7511,7507.25,7509.5,3336
1784605500,7509.5,7513,7509.25,7513,2739
1784606400,7513,7516.75,7512.5,7514.25,3563
1784607300,7514,7514.75,7513,7513.75,1720
1784608200,7514,7516.25,7513.25,7514.5,1194
1784609100,7514.25,7515.75,7513.25,7514.25,1207
1784610000,7514.5,7514.75,7511.25,7511.5,1358
1784610900,7512,7517.25,7510,7516.75,2453
1784611800,7516.75,7522,7514.5,7521.5,2895
1784612700,7521.25,7523.25,7518.75,7520.75,2075
1784613600,7520.75,7522.75,7519.5,7521.5,2168
1784614500,7521.25,7522.75,7518,7520,2119
1784615400,7520.25,7528,7520.25,7525.5,3444
1784616300,7525.25,7525.5,7522.25,7524,1396
1784617200,7524,7528,7520.75,7523.25,3897
1784618100,7522.75,7522.75,7515.75,7517,3314
1784619000,7516.75,7520.5,7513.75,7517.5,2594
1784619900,7517.5,7518.25,7514.5,7517.75,2614
1784620800,7517.75,7523.25,7515.75,7523,3717
1784621700,7522.75,7524.5,7521,7523.5,2217
1784622600,7523.5,7525.75,7522.25,7524.5,2127
1784623500,7524.5,7524.5,7521,7523.5,1726
1784624400,7523.25,7526.5,7522.75,7525.25,1749
1784625300,7525.5,7528,7522.75,7523.25,2355
1784626200,7523,7525.25,7521.25,7523,1939
1784627100,7522.75,7527.25,7522,7522.5,1995
1784628000,7522.5,7528,7520.75,7523.25,6733
1784628900,7523.25,7526.25,7522.5,7524,2308
1784629800,7523.75,7529.75,7521.25,7523.25,5198
1784630700,7522.75,7526.75,7519.5,7521.75,5687
1784631600,7522.25,7523.75,7515.75,7519.25,4169
1784632500,7519,7519.5,7512.5,7514.5,6791
1784633400,7514.5,7520.75,7514.5,7517,4218
1784634300,7516.75,7518.75,7513.5,7515,3306
1784635200,7515,7521.75,7513.25,7518,6550
1784636100,7518,7518,7510.5,7511,7391
1784637000,7510.75,7513,7505.25,7509.75,7699
1784637900,7509.75,7517.5,7509.5,7515.5,7916
1784638800,7515.5,7516.75,7511.75,7514,6583
1784639700,7514,7526.25,7513.5,7526,12022
1784640600,7526,7530.25,7505.5,7507.75,70048
1784641500,7507.75,7517,7504.5,7516.5,55485
1784642400,7516.75,7522,7511.25,7520.5,50458
1784643300,7520.5,7533.25,7510.5,7531.75,54176
1784644200,7532,7535.75,7521,7529.5,48065
1784645100,7529.5,7536.5,7526,7531.25,40637
1784646000,7531.25,7538.75,7521.5,7535.5,43320
1784646900,7535.5,7544,7534.75,7543.75,28577
1784647800,7543.5,7544,7537.5,7539.5,21140
1784648700,7539.25,7543.25,7538,7538.75,12780
1784649600,7538.5,7546.75,7538.25,7545.5,15700
1784650500,7545.75,7550.75,7545.25,7549.75,17801
1784651400,7549.75,7551,7548,7549.5,10274
1784652300,7549.75,7554.25,7547.25,7550.25,16980
1784653200,7550.5,7552,7548.5,7549.5,12355
1784654100,7549.25,7549.75,7545.5,7546.75,13711
1784655000,7547,7550.5,7545.25,7550,13420
1784655900,7549.75,7552.5,7548,7549,11362
1784656800,7549.25,7550.75,7544.5,7544.75,18637
1784657700,7544.75,7547,7543.5,7545,11965
1784658600,7545.25,7549,7542.25,7548.5,14838
1784659500,7548.5,7549.5,7545.25,7547,10789
1784660400,7547,7547.75,7544.25,7546,11415
1784661300,7546,7548,7545,7545.5,8931
1784662200,7545.5,7548.75,7544,7548,14562
1784663100,7548,7549.5,7543.5,7545.75,34588
1784664000,7545.75,7547,7541.25,7544.25,11834
1784664900,7544.25,7544.25,7540.75,7541.5,2964
1784665800,7541.25,7543.75,7541.25,7542.5,2178
1784666700,7542.25,7543.25,7540.75,7542.75,3247
1784671200,7545,7545.25,7541,7544.5,2962
1784672100,7544.5,7545.5,7540.75,7541.5,2349
1784673000,7541.5,7542.75,7540,7540.75,1411
1784673900,7540.75,7541,7538.25,7540.5,2257
1784674800,7540.5,7542.25,7539.5,7541.75,1710
1784675700,7541.5,7544,7540,7542.75,1983
1784676600,7542.75,7544,7539.25,7540.25,1715
1784677500,7540.25,7544,7539.75,7543.5,2314
1784678400,7543,7547,7542,7544.75,5923
1784679300,7545,7545.75,7540.5,7542,3739
1784680200,7542,7542.75,7539,7540.75,3678
1784681100,7540.75,7542.5,7536.5,7541.75,3495
1784682000,7542,7543,7536,7538.25,3504
1784682900,7538.25,7539.25,7534.75,7536.5,2441
1784683800,7536.25,7538.5,7534.25,7538.25,2316
1784684700,7538.25,7544.5,7537.75,7540.75,4198
1784685600,7541,7542,7536,7540,3371
1784686500,7539.75,7542.75,7538.25,7541.25,2083
1784687400,7541.25,7542,7538,7541.5,1740
1784688300,7541.5,7543.25,7539.75,7541.25,1803
1784689200,7541.25,7542.5,7537.75,7538.75,1782
1784690100,7538.5,7544.5,7538.25,7544,2012
1784691000,7544,7545,7538.5,7539.25,2123
1784691900,7539,7540.5,7534.25,7535.5,2763
1784692800,7535.25,7538.5,7534,7537.5,1630
1784693700,7537.75,7539.25,7537.75,7538.75,926
1784694600,7538.75,7538.75,7535.75,7537.75,1269
1784695500,7537.75,7538.5,7535.25,7538.5,978
1784696400,7538.5,7538.75,7534.5,7535.5,1508
1784697300,7535.5,7536.5,7533.75,7534.75,1647
1784698200,7534.5,7536.5,7532.5,7533,1645
1784699100,7533.25,7537,7532,7536.5,1931
1784700000,7536.25,7536.5,7532.75,7534.25,1793
1784700900,7534,7534,7523.25,7524.5,5152
1784701800,7524.5,7529.5,7524.25,7525.5,2572
1784702700,7525.25,7526.25,7521,7522.75,3425
1784703600,7522.75,7523.5,7516,7523.25,5633
1784704500,7523.25,7526.75,7521.5,7525.25,3069
1784705400,7525,7526.5,7512,7517,5659
1784706300,7517,7519,7512.75,7516,3344
1784707200,7516.5,7522.75,7514.75,7516.5,4211
1784708100,7516.25,7523.75,7516.25,7523.5,2984
1784709000,7523.25,7526.5,7521,7522,3072
1784709900,7522.25,7526.25,7522,7525.25,2371
1784710800,7525.5,7531.75,7524.5,7528.25,4510
1784711700,7528.25,7531,7527,7527,2324
1784712600,7527,7527.5,7522.25,7524.75,3008
1784713500,7525,7526.5,7520.25,7526.25,2538
1784714400,7526.5,7530.75,7525.25,7525.5,2515
1784715300,7525.25,7533.25,7524.25,7531.5,4346
1784716200,7531.75,7532.75,7526.25,7526.25,2432
1784717100,7526,7532,7525.75,7530,1947
1784718000,7530,7530.25,7525,7525.25,2921
1784718900,7525.25,7527.25,7522.5,7522.75,2805
1784719800,7523.25,7526.5,7511.5,7516,9980
1784720700,7516,7523.25,7515.25,7517.25,6559
1784721600,7517.5,7520,7513.75,7518.75,5463
1784722500,7518.75,7519.25,7512,7516.25,4943
1784723400,7516.75,7523.25,7516.25,7521.5,6181
1784724300,7521.75,7522,7503.25,7514.75,15859
1784725200,7514.75,7521,7514.75,7519.25,7728
1784726100,7519,7528.75,7518.75,7527.75,10713
1784727000,7528,7538.75,7525,7537.25,47190
1784727900,7537.25,7550,7535.5,7550,46046
1784728800,7549.75,7556.25,7543,7544.75,45811
1784729700,7544.75,7546.5,7532.75,7534.75,49781
1784730600,7534.5,7540,7529.25,7529.75,37571
1784731500,7529.75,7542.5,7528.75,7542,33638
1784732400,7542,7552.75,7541.25,7551,30511
1784733300,7551,7559.5,7547.5,7557,31912
1784734200,7557,7558,7550,7552.75,22880
1784735100,7552.5,7560.75,7552.5,7560,17645
1784736000,7560.25,7561.75,7557.25,7559.5,14314
1784736900,7559.75,7563,7559.25,7561.5,12636
1784737800,7561.5,7562.75,7559.25,7560.25,9296
1784738700,7560.5,7562.5,7557.5,7561.25,13113
1784739600,7561.25,7562.5,7554.75,7555.75,11993
1784740500,7555.5,7557,7552,7553,14921
1784741400,7552.75,7556.25,7550.75,7553.75,12721
1784742300,7553.75,7554.75,7546,7547.75,15543
1784743200,7547.5,7549.75,7542.25,7543,19990
1784744100,7542.5,7548,7542.5,7547.25,13230
1784745000,7547.25,7547.5,7542.75,7545.5,14256
1784745900,7545.5,7548.75,7543.5,7546.75,12407
1784746800,7546.75,7547.25,7541,7541.75,13620
1784747700,7541.75,7544.75,7539.25,7542.5,14861
1784748600,7542.5,7542.75,7536,7540.75,18356
1784749500,7540.75,7546,7535.5,7536.75,35288
1784750400,7537,7553,7531.75,7553,23061
1784751300,7552.75,7553.75,7546.25,7548.5,6766
1784752200,7548.25,7549.5,7543.25,7544.5,4132
1784753100,7544.75,7548.75,7541,7541,4115
1784757600,7535,7536,7522.75,7525.5,7261
1784758500,7525.5,7527.25,7521.25,7522.25,4083
1784759400,7522.25,7523.25,7515.75,7517.5,5204
1784760300,7517.5,7524.5,7516.25,7522.5,3856
1784761200,7522.25,7522.75,7516.75,7521.25,3831
1784762100,7521,7521.25,7517.25,7519.5,2111
1784763000,7519.5,7523.5,7519.25,7523.25,2071
1784763900,7523.25,7530.5,7522.5,7530.25,5703
1784764800,7530.5,7533.5,7527.75,7531.5,5832
1784765700,7531.75,7545,7530.25,7540.75,9102
1784766600,7540.5,7546.75,7540.25,7544.5,5058
1784767500,7544.5,7549.5,7542.75,7546.75,4723
1784768400,7546.5,7550,7544.5,7547.25,5211
1784769300,7547.25,7548,7543.25,7543.75,3987
1784770200,7544,7546,7538.75,7539,6551
1784771100,7539,7542.5,7538.25,7538.75,3820
1784772000,7538.5,7541.75,7535.75,7536.25,4809
1784772900,7536,7537,7529.5,7531,4748
1784773800,7530.75,7534.25,7526.75,7528,5048
1784774700,7528,7531.75,7527.25,7530.75,2974
1784775600,7531,7531.5,7521.5,7523.75,5174
1784776500,7524,7525.75,7520.5,7525.25,2791
1784777400,7525.25,7528,7522.5,7528,2836
1784778300,7527.75,7529.25,7525.75,7527,2140
1784779200,7527,7529,7521.25,7528.75,3326
1784780100,7529,7533.75,7527.25,7532.25,3106
1784781000,7532.25,7533.25,7529.75,7530,2077
1784781900,7530.25,7531.75,7525.75,7527.25,2111
1784782800,7527.5,7528,7524,7527,1666
1784783700,7527,7533.75,7524.5,7533.5,2884
1784784600,7533.75,7535.75,7528,7529.75,2478
1784785500,7530,7530,7521.25,7522.75,3387
1784786400,7522.5,7526.5,7522,7524.25,2518
1784787300,7524.25,7526.5,7522.5,7525.75,2694
1784788200,7525.75,7526.5,7520,7520.25,2398
1784789100,7520.25,7525.5,7519.25,7519.75,2143
1784790000,7520,7520.5,7498.5,7505.25,12728
1784790900,7505.25,7513.5,7505,7509.5,6361
1784791800,7509.5,7510.25,7497.75,7498.25,5448
1784792700,7498.5,7504.5,7495.25,7504.5,5981
1784793600,7504.25,7512.75,7498.5,7511,6704
1784794500,7511.25,7515.25,7508.75,7513.25,4339
1784795400,7513,7514.5,7507.75,7508.25,4304
1784796300,7508.25,7519.5,7507.25,7518.75,3382
1784797200,7518.75,7525.75,7515.25,7515.25,6624
1784798100,7515.25,7517,7512.75,7513.75,2878
1784799000,7513.75,7514,7510,7513.25,2841
1784799900,7513.5,7515.25,7509.25,7511.25,2616
1784800800,7511.5,7514.5,7508.5,7509.25,3200
1784801700,7509.25,7514.25,7508.75,7512.5,2602
1784802600,7512.5,7524,7511.25,7520.5,7312
1784803500,7520.75,7522.25,7519.5,7520.5,2623
1784804400,7520.5,7521.75,7510,7514,5082
1784805300,7513.75,7516,7503,7504.75,6437
1784806200,7504.5,7505.75,7490,7493,13429
1784807100,7492.75,7503,7490.75,7499.75,11761
1784808000,7500,7501.5,7492.25,7492.25,6930
1784808900,7492.75,7497.75,7478.25,7481.75,15709
1784809800,7480.5,7482.75,7466.75,7470.5,16962
1784810700,7470.75,7471.75,7461.5,7466,15038
1784811600,7465.75,7467.75,7454,7458.25,24388
1784812500,7458.25,7458.75,7448,7453.5,21609
1784813400,7453.5,7486.5,7444.75,7478.75,87937
1784814300,7478.75,7480.75,7453,7455.75,79376
1784815200,7455.75,7469.75,7448.75,7457,74604
1784816100,7457,7465,7449.75,7457.75,50956
1784817000,7457.5,7466.75,7445.75,7448.75,58361
1784817900,7448.5,7455,7440,7443.5,45004
1784818800,7443.5,7445.25,7424.5,7426.5,49573
1784819700,7426.25,7437,7418,7419,56926
1784820600,7419.25,7437,7411.75,7426.75,52587
1784821500,7426.5,7439.25,7423.75,7438.25,28411
1784822400,7438.5,7448.5,7435.25,7446,31810
1784823300,7446,7457,7441.75,7455,26843
1784824200,7454.75,7457.5,7449.75,7449.75,22933
1784825100,7449.75,7449.75,7437.75,7446.75,32215
1784826000,7446.75,7450,7438,7446,23533
1784826900,7445.75,7452.25,7441.75,7447.75,21797
1784827800,7447.5,7448.25,7432.75,7437.5,24262
1784828700,7437.5,7443.25,7431.5,7432.25,19574
1784829600,7432,7434.25,7428.25,7430,17753
1784830500,7430.25,7435.5,7428.5,7434.75,15510
1784831400,7434.75,7437.75,7426.75,7429,16592
1784832300,7429,7435.5,7427,7431.5,14171
1784833200,7431.25,7435,7425.75,7427.25,12908
1784834100,7427.25,7440.75,7426.75,7436.25,20756
1784835000,7436.5,7438.75,7424,7424,21309
1784835900,7424.25,7447.75,7418.5,7444,48872
1784836800,7443.75,7456.25,7443.25,7452.75,15616
1784837700,7453,7458.25,7452.5,7455.25,4840
1784838600,7455,7458.25,7452.5,7453,3851
1784839500,7453.5,7458.25,7452.25,7455.5,3196
1784844000,7453,7454.25,7443,7445,4406
1784844900,7444.75,7450,7443.25,7446.75,2774
1784845800,7447,7450,7446.25,7448.75,2314
1784846700,7448.75,7454,7448.5,7453.5,2125
1784847600,7453.25,7453.75,7447.75,7449.25,3116
1784848500,7449.25,7452,7448,7450,2242
1784849400,7449.75,7450.75,7444.5,7449,3335
1784850300,7449,7452.5,7445,7449,3710
1784851200,7449.25,7455.5,7443.5,7447.25,7680
1784852100,7447.5,7455.5,7444.75,7450.75,5407
1784853000,7451,7456.25,7446.5,7454.5,4307
1784853900,7454.5,7457,7448.5,7454.25,5258
1784854800,7454.5,7457.5,7452.5,7453.25,4575
1784855700,7452.75,7457.5,7451,7453.5,2768
1784856600,7453.25,7459.25,7452.25,7457,3813
1784857500,7456.5,7457.25,7450.25,7451.25,3112
1784858400,7451,7453.5,7448.25,7451.5,3117
1784859300,7451.75,7452.75,7447.75,7449.75,2477
1784860200,7450,7450,7442.5,7442.5,3702
1784861100,7442.5,7443,7439.25,7439.25,3572
1784862000,7439.5,7443,7439,7441.5,3241
1784862900,7441.75,7444,7440,7442.25,2214
1784863800,7442.25,7443.25,7438,7439,2978
1784864700,7438.75,7441.25,7436.75,7437.5,2415
1784865600,7437.5,7441,7435.25,7437,2979
1784866500,7437,7444.75,7436.75,7444.5,2672
1784867400,7444.25,7444.75,7437.5,7439.75,2747
1784868300,7439.75,7443.5,7438.25,7443.25,1849
1784869200,7443.25,7448.25,7441,7445.75,2854
1784870100,7445.75,7449,7444,7446.75,2289
1784871000,7447,7448.25,7444.5,7447.75,2204
1784871900,7447.5,7450.25,7441.75,7442,2479
1784872800,7442.25,7442.75,7436.5,7437.5,3056
1784873700,7438,7447.5,7437,7441.5,4338
1784874600,7441.5,7445,7437.25,7437.5,2694
1784875500,7437.75,7443.5,7433.5,7442.5,3959
1784876400,7442.75,7456.25,7442,7455.75,6058
1784877300,7456,7462.75,7454,7461.5,5079
1784878200,7462,7463.5,7454.5,7456.75,3535
1784879100,7456.5,7458.75,7455.5,7456.5,2381
1784880000,7456.75,7456.75,7449.25,7451.5,5604
1784880900,7451.25,7460.5,7450.75,7458.5,4605
1784881800,7458.75,7462,7456.5,7459.25,3857
1784882700,7459.25,7459.75,7456,7457.25,2317
1784883600,7457.5,7465.25,7456.25,7459.5,3445
1784884500,7459.75,7465,7457.75,7463.75,3258
1784885400,7463.75,7467.5,7462,7466.25,2802
1784886300,7466.25,7467.5,7463.75,7465.75,1958
1784887200,7465.75,7467,7459.75,7461.5,2811
1784888100,7461.25,7462.75,7459,7461.5,1847
1784889000,7461.5,7464.25,7458.75,7460.5,2387
1784889900,7460.75,7461.75,7458,7458.5,2475
1784890800,7458.5,7463,7458,7460.75,3330
1784891700,7461,7462.75,7458.5,7459.75,1858
1784892600,7459.5,7460.75,7455,7455.25,3709
1784893500,7455.25,7469,7453.25,7465,9810
1784894400,7464.75,7467.75,7457.5,7466.5,8265
1784895300,7466.5,7467.5,7460.5,7466,6981
1784896200,7465.75,7466.5,7455,7455.75,5440
1784897100,7455.75,7456.5,7449,7450.25,7716
1784898000,7450.25,7451.75,7446.5,7450,11763
1784898900,7450,7453.5,7443.5,7443.75,17801
1784899800,7444,7455.25,7442.25,7446.25,75178
1784900700,7446.25,7457.5,7431.25,7433,62491
1784901600,7433.5,7457.75,7431.5,7454,59832
1784902500,7454,7459.25,7438.25,7450.25,54889
1784903400,7450.25,7451,7436.5,7437.5,38136
1784904300,7437.5,7466,7432.75,7465,49221
1784905200,7465,7481.25,7454.75,7478,66544
1784906100,7478,7490.75,7472.5,7485.5,55836
1784907000,7485.5,7492,7479.25,7481.75,37006
1784907900,7482,7490.25,7479.25,7489.75,21843
1784908800,7489.75,7496.5,7485.75,7489,25383
1784909700,7489,7495.25,7487.5,7491.25,15746
1784910600,7491.25,7491.75,7475.5,7475.5,32133
1784911500,7475.5,7477.5,7466.25,7473.5,30336
1784912400,7473.75,7475,7461.25,7468.5,32662
1784913300,7468.25,7477.5,7465.5,7476.5,20153
1784914200,7476.5,7480.75,7469.75,7469.75,18030
1784915100,7470,7474.75,7468.25,7468.75,11741
1784916000,7469,7472,7463.75,7465.25,13182
1784916900,7465,7465.75,7448.75,7449.5,22535
1784917800,7449.25,7450.75,7435.25,7437.75,35201
1784918700,7437.5,7446.25,7436.75,7443.25,18464
1784919600,7443.25,7448.5,7434,7435.5,22755
1784920500,7435.5,7439.75,7432,7435.75,18537
1784921400,7435.75,7445.75,7435.75,7442.25,25809
1784922300,7442,7450.5,7435.5,7448,33475
1784923200,7448,7449.25,7441.5,7444.75,12674
1784924100,7444.75,7450,7443.5,7443.75,3948
1784925000,7443.75,7444.5,7439.25,7444.5,3892
1784925900,7444.5,7447.25,7442,7444,3593
1785103200,7489,7509.75,7486.5,7494,15028
1785104100,7494.25,7497.25,7491.5,7494.75,4945
1785105000,7494.75,7498.5,7494,7495.5,3780
1785105900,7495.25,7495.5,7490.75,7492,2690
1785106800,7492,7499,7491.25,7498.5,3749
1785107700,7498.75,7500,7497.25,7498.75,2312
1785108600,7498.5,7505.5,7498.5,7504.5,3412
1785109500,7504.25,7512.25,7501.75,7510.75,7147
1785110400,7511,7512.25,7500.5,7509.25,10113
1785111300,7509,7509.25,7496.25,7500,8552
1785112200,7500,7502.25,7494.5,7494.75,4526
1785113100,7494.75,7499.5,7492.5,7492.75,4664
1785114000,7492.5,7496.75,7490,7491.25,4840
1785114900,7490.75,7492.75,7487,7490,4859
1785115800,7489.75,7499.5,7489.5,7495.75,6342
1785116700,7495.75,7498.25,7493.25,7498,3074
1785117600,7498.25,7500,7495.75,7498.5,3409
1785118500,7498.5,7502,7497.5,7500.25,3392
1785119400,7500,7502.5,7496.75,7501.5,2597
1785120300,7501,7502.5,7498,7499.25,1813
1785121200,7499.5,7503,7498.75,7502.75,2260
1785122100,7503,7503.5,7500.25,7500.75,1567
1785123000,7501,7502.25,7498.25,7500.25,1765
1785123900,7500.5,7501.25,7497.75,7499.5,1578
1785124800,7499.75,7502,7498.75,7502,1076
1785125700,7502,7503.75,7499.5,7501.5,1965
1785126600,7501.5,7505.75,7500,7505.25,1955
1785127500,7505.5,7507,7504.25,7504.5,1570
1785128400,7504.75,7509.75,7504,7509,2146
1785129300,7508.75,7510.5,7508,7510.25,1919
1785130200,7510.5,7514.5,7509.25,7512.5,3703
1785131100,7512.5,7515.5,7512.25,7514.5,2397
1785132000,7514.25,7520.25,7514.25,7517.5,4704
1785132900,7517.25,7518,7513.25,7514.75,2987
1785133800,7514.75,7516.75,7512.75,7513.75,2295
1785134700,7513.75,7514,7510.5,7511.75,2198
1785135600,7511.75,7517,7510.75,7517,3586
1785136500,7517,7517.5,7512.75,7512.75,2409
1785137400,7512.75,7513,7508.5,7511.5,3173
1785138300,7511.75,7512.5,7505.5,7505.75,3840
1785139200,7505.75,7512.25,7505.5,7512.25,4253
1785140100,7512,7515.5,7509.5,7515,2735
1785141000,7515,7519.5,7512.75,7519,3037
1785141900,7519.25,7520.75,7517.25,7519.25,3114
1785142800,7519.25,7519.25,7516.25,7517,1692
1785143700,7516.75,7520.25,7516.5,7517.75,1856
1785144600,7517.75,7522.5,7517,7522,2783
1785145500,7521.75,7524.5,7521.5,7522.25,2190
1785146400,7522.25,7523.5,7518.25,7520.75,2203
1785147300,7520.75,7522,7519.75,7520.75,1424
1785148200,7521.25,7522.75,7519.25,7522.5,1320
1785149100,7522.25,7524.5,7521.5,7522,1575
1785150000,7521.75,7522,7516.75,7517.5,2759
1785150900,7517.5,7519.25,7508.25,7508.75,4769
1785151800,7509.25,7515.25,7508,7512.25,6788
1785152700,7512.25,7513.25,7511.25,7511.75,2616
1785153600,7511.75,7515.25,7504.5,7505.5,6998
1785154500,7505.25,7509.25,7505,7508.5,3936
1785155400,7508,7511.75,7506.25,7511.5,4163
1785156300,7511.5,7514.5,7510.75,7513.25,6096
1785157200,7513.5,7515.25,7509.75,7512.25,7761
1785158100,7512.5,7514,7507,7507.5,9961
1785159000,7507.75,7514.25,7492.75,7493.25,69979
1785159900,7493.5,7500,7473.75,7473.75,68444
1785160800,7474,7479.25,7462.5,7467.5,73043
1785161700,7467.75,7473.75,7439.5,7440.75,69118
1785162600,7440.75,7443.5,7422.75,7426,85867
1785163500,7426,7457.25,7426,7455.5,65614
1785164400,7455.75,7462,7449.25,7452.25,48108
1785165300,7452.25,7453.75,7436.75,7440.75,50493
1785166200,7441,7441.5,7421.25,7432.75,47221
1785167100,7432.5,7434.5,7424.75,7432.75,29996
1785168000,7433,7445,7431.75,7432.75,31191
1785168900,7432.75,7455.25,7426.75,7445.5,53142
1785169800,7445.5,7451.75,7438.5,7441.25,26506
1785170700,7441.5,7446.25,7424,7428.25,27687
1785171600,7428.25,7429,7418.5,7424.25,24845
1785172500,7424.25,7425.5,7416.25,7420,19226
1785173400,7420,7430.75,7419.5,7426,18509
1785174300,7426.25,7436.5,7423.5,7436.25,17859
1785175200,7436.25,7437.75,7432.5,7435.5,16072
1785176100,7435.5,7436.25,7428,7434.5,18759
1785177000,7434.5,7434.5,7424,7432.75,26325
1785177900,7432.5,7450.75,7431.25,7448.5,27961
1785178800,7448.75,7454,7442.5,7448.75,20888
1785179700,7448.75,7455.75,7448.75,7454.75,12053
1785180600,7454.5,7456.75,7446.5,7448,15038
1785181500,7448,7451.5,7443.5,7449.25,28124
1785182400,7449,7454.25,7444.75,7448.25,11830
1785183300,7448.5,7449.25,7446,7448.75,2090
1785184200,7448.75,7456.5,7448,7452.75,3785
1785185100,7452.75,7453.75,7449.75,7453.25,2558
1785189600,7453.25,7456.5,7446.75,7447,3345
1785190500,7447.25,7448.75,7444,7444.75,2572
1785191400,7444.75,7448.5,7444.75,7445.5,2164
1785192300,7445.25,7447.25,7444,7444.5,1554
1785193200,7444.75,7447.25,7440,7443.5,4358
1785194100,7443.5,7449.5,7441.75,7448.75,2699
1785195000,7448.5,7448.75,7444.75,7445.25,1585
1785195900,7445.5,7450.25,7441.75,7447.75,3958
1785196800,7448.25,7452,7438.25,7441.5,7820
1785197700,7441.5,7444.25,7436.25,7440.5,5166
1785198600,7440.5,7445.25,7434.25,7443.25,5653
1785199500,7443.25,7443.25,7435.5,7437.5,3552
1785200400,7437.5,7438.75,7425,7427.75,7506
1785201300,7427.75,7441,7426.25,7438,6594
1785202200,7438,7443.5,7436.5,7441,4411
1785203100,7441,7443.75,7432.25,7434.5,4301
1785204000,7434.5,7435.25,7429,7430.5,3128
1785204900,7430.5,7435.75,7428,7430,3546
1785205800,7430,7431.25,7426.75,7428,2830
1785206700,7428.25,7433.25,7426.75,7430.5,2853
1785207600,7430.75,7431,7424,7428.75,3578
1785208500,7428.5,7438,7427.5,7429.5,4516
1785209400,7429.5,7441.75,7425.75,7440.5,5697
1785210300,7440.5,7442,7437.5,7440,2697
1785211200,7440.25,7440.25,7430,7431,3154
1785212100,7431,7435.5,7429.75,7430,2604
1785213000,7430.5,7432,7428.75,7430.75,1723
1785213900,7430.5,7434.75,7426.25,7427.25,2775
1785214800,7427.5,7431.5,7426,7427.25,2479
1785215700,7427,7429,7423.75,7424.75,2262
1785216600,7425,7425.25,7419,7422.25,4715
1785217500,7422,7425.5,7419.5,7420.75,2289
1785218400,7421,7424.5,7419.25,7423,3397
1785219300,7423,7426.75,7420.25,7425.5,5159
1785220200,7425.25,7429.25,7423.75,7427,3013
1785221100,7427.25,7431,7424.5,7429.75,2469
1785222000,7430,7437,7429,7435.75,5005
1785222900,7435.75,7438.75,7434,7435.25,2875
1785223800,7435,7437.5,7433,7434.75,2324
1785224700,7434.25,7436.75,7429.25,7433.25,3205
1785225600,7433.5,7436.5,7425.5,7426.25,5177
1785226500,7426.25,7444.5,7425.5,7442.75,7563
1785227400,7442.75,7446.75,7438.5,7444.5,4656
1785228300,7444.5,7449.25,7440.25,7441.75,3829
1785229200,7441.75,7445.25,7440.25,7441.5,2650
1785230100,7441.75,7445.75,7441.5,7445.5,1854
1785231000,7445.5,7445.5,7441.25,7442.25,1933
1785231900,7442.25,7444.75,7438,7439.75,1930
1785232800,7439.5,7441.25,7437.75,7439,1966
1785233700,7439.25,7442.5,7436.75,7442.5,2409
1785234600,7442.5,7444.25,7433.75,7436.75,8042
1785235500,7437,7442.25,7436.25,7442,4416
1785236400,7442.25,7446.5,7432.5,7433.5,8042
1785237300,7433.5,7449,7433.25,7438.25,11255
1785238200,7438,7450,7433,7437.5,9596
1785239100,7437.5,7452.5,7437,7451,7886
1785240000,7451,7455,7448.5,7450.5,6412
1785240900,7450.75,7458,7448.5,7457.25,6762
1785241800,7457.25,7460.5,7451.5,7459.25,10972
1785242700,7459.5,7464,7455.25,7456.5,8676
1785243600,7456.75,7459.25,7452.75,7456,8010
1785244500,7456.25,7462.5,7449,7449.75,13173
1785245400,7449.75,7452.5,7423.25,7428.25,82075
1785246300,7428,7439.25,7417,7421.75,83871
1785247200,7421.75,7439.5,7420,7423.25,64039
1785248100,7423.75,7436.5,7421,7434.75,61947
1785249000,7434.75,7445.25,7428.75,7440,59483
1785249900,7439.75,7455.75,7436,7444.25,50142
1785250800,7444,7455,7437.5,7451.5,55707
1785251700,7451.5,7476.75,7449.25,7469.25,59242
1785252600,7469.25,7478.5,7467.25,7478.25,27295
1785253500,7478.25,7482.25,7475,7479.5,29320
1785254400,7479.75,7481,7472.25,7473.75,21624
1785255300,7474,7478.75,7469.5,7469.75,20855
1785256200,7469.75,7479.25,7466.75,7477,23774
1785257100,7477.25,7485.75,7471.5,7484,22533
1785258000,7484,7485.75,7469.5,7471,26454
1785258900,7471,7479.5,7468.25,7470.75,27201
1785259800,7470.75,7477,7464,7465.75,19697
1785260700,7465.5,7471.75,7462.5,7469.5,20282
1785261600,7469.75,7473,7462,7462.25,17706
1785262500,7462.25,7467.5,7462,7463.75,14367
1785263400,7464,7469.25,7462.75,7465.75,14745
1785264300,7465.5,7474,7464.75,7472.25,15349
1785265200,7472.25,7477.75,7471.25,7472.75,17369
1785266100,7472.5,7476.5,7470.75,7475.25,14490
1785267000,7475.25,7475.25,7467.25,7471,16161
1785267900,7471.25,7474.75,7462.5,7466.25,33410
1785268800,7466,7469.5,7458.5,7466.75,14138
1785269700,7467,7474,7464,7472.25,3935
1785270600,7472.25,7473.25,7465.75,7467.5,4219
1785271500,7467.5,7469.25,7466,7467.75,2920
1785276000,7465.25,7474.25,7464,7467,4263
1785276900,7467,7468.25,7457.5,7461.75,4963
1785277800,7461.5,7463,7450.75,7453.25,6016
1785278700,7453.25,7457,7450.25,7451.75,7217
1785279600,7452,7465.75,7449.25,7463.5,9932
1785280500,7463.5,7470.75,7459.5,7468.75,7072
1785281400,7468.5,7484,7467.5,7483,5853
1785282300,7482.5,7495,7479.75,7494.75,13090
1785283200,7494.75,7499.25,7490.25,7494.25,9781
1785284100,7494.25,7501,7490.75,7493,7955
1785285000,7492.75,7495.25,7487.75,7492.75,6419
1785285900,7492.75,7494.5,7485.25,7486.5,4494
1785286800,7486.75,7489,7471.5,7472.5,9794
1785287700,7472.5,7481.25,7468.75,7478.25,8759
1785288600,7478,7479,7467,7467.5,7110
1785289500,7467.25,7468.75,7455,7455.25,9204
1785290400,7455.25,7465.25,7453,7463,9241
1785291300,7462.75,7466.5,7458,7466.5,5685
1785292200,7466.25,7469,7463.25,7466.5,4976
1785293100,7466.25,7466.75,7461,7463.25,3408
1785294000,7463.25,7468,7457.5,7460.75,5333
1785294900,7461,7462.25,7455.5,7455.5,3444
1785295800,7455.5,7457.75,7451.25,7455,5888
1785296700,7454.75,7456.75,7445,7447.5,5791
1785297600,7447.75,7448.5,7443.5,7445,4444
1785298500,7445,7448.25,7442.25,7445,5003
1785299400,7444.75,7447,7439.75,7440,4131
1785300300,7440.25,7450.75,7438.25,7450.75,5615
1785301200,7450.75,7461,7448.5,7461,6542
1785302100,7460.75,7461.5,7454.75,7459.75,3651
1785303000,7460,7462.75,7456.75,7461,3598
1785303900,7461,7462,7456.25,7457.5,2805
1785304800,7457.5,7458.5,7451.25,7455,3859
1785305700,7455,7461.25,7454,7461,3963
1785306600,7460.75,7474.5,7460.75,7473.5,6956
1785307500,7473.5,7479.75,7471.75,7478.5,3861
1785308400,7478.75,7483.5,7474.75,7479.25,6035
1785309300,7479.75,7482.75,7476.75,7482,3459
1785310200,7482.5,7485,7479.75,7482.5,3136
1785311100,7482.75,7483.25,7478.25,7481.5,3147
1785312000,7481.25,7482,7474.5,7474.75,4830
1785312900,7474.75,7477.5,7469,7471.25,4656
1785313800,7471.25,7483.25,7470,7482.25,4729
1785314700,7482.5,7486,7479.25,7480.75,3790
1785315600,7480.75,7483.75,7479.25,7482.5,3358
1785316500,7482.5,7482.75,7478.75,7480,2959
1785317400,7480,7484.25,7477.5,7482.75,2860
1785318300,7483,7492,7482.75,7485.75,5510
1785319200,7485.75,7488.5,7481.5,7483.5,4477
1785320100,7483.75,7486,7480.75,7484.5,2634
1785321000,7484.5,7486,7477.25,7480.5,3441
1785321900,7480.5,7481.5,7476,7477.5,3072
1785322800,7477.5,7484,7476,7481.5,4575
1785323700,7481.25,7484.75,7480,7481.75,3139
1785324600,7481.75,7483,7476.75,7477.75,3134
1785325500,7478,7482.75,7476.75,7481,5067
1785326400,7480.75,7481.5,7470.5,7472,6199
1785327300,7471.75,7472.75,7456.5,7459,20824
1785328200,7458.75,7466.5,7455.25,7466.25,7329
1785329100,7466,7467,7462.25,7463.25,4767
1785330000,7463.25,7464.25,7453.75,7454.5,10391
1785330900,7454.5,7464.75,7451.75,7456.5,17954
1785331800,7456.5,7461,7444.25,7453.25,69790
1785332700,7453.5,7459.25,7422,7430,76127
1785333600,7430,7439.5,7406,7410,78033
1785334500,7410.25,7420.5,7398.25,7404.75,70742
1785335400,7404.75,7414.5,7393.25,7398,54038
1785336300,7397.75,7409.25,7394.5,7403.75,46329
1785337200,7404,7412.5,7399.75,7402.25,38825
1785338100,7402.25,7410.75,7399,7400,29821
1785339000,7400.25,7406,7393,7395.75,28699
1785339900,7395.5,7401.25,7385.75,7393,32635
1785340800,7393.25,7396,7375.5,7375.5,33126
1785341700,7375.75,7394.75,7373,7394,32000
1785342600,7394,7398.75,7384.25,7388,28696
1785343500,7387.75,7404.5,7385.75,7404,28937
1785344400,7404.25,7422,7402.75,7421.75,36055
1785345300,7421.75,7428.5,7413,7413,29966
1785346200,7413,7419.5,7408.5,7413.5,24459
1785347100,7413.5,7420.25,7409.25,7420.25,14901
1785348000,7420.25,7451.25,7398,7429.5,62220
1785348900,7429.75,7438.25,7418.25,7428.5,34063
1785349800,7428.5,7465.5,7414.75,7463.5,62630
1785350700,7463,7482.5,7460.5,7475.5,48601
1785351600,7475.25,7482,7434.25,7443.5,59875
1785352500,7443.5,7452.25,7396.25,7405.5,64976
1785353400,7405.5,7411,7362.25,7366.75,71926
1785354300,7366.5,7375,7346,7350.25,73672
1785355200,7350,7356,7326.5,7336.75,28828
1785356100,7336.75,7343.5,7323.25,7331,9348
1785357000,7331.5,7346.25,7324.25,7341,8109
1785357900,7340.75,7343.75,7334.75,7335.25,4787
1785362400,7335.5,7374.25,7330.75,7369,15714
1785363300,7369.25,7376,7366.5,7371,9366
1785364200,7371.25,7373.5,7367.5,7372.75,4263
1785365100,7372.5,7376.25,7367.25,7370,4785
1785366000,7370,7380,7369.5,7373.5,7181
1785366900,7373.75,7379.5,7372.5,7378,4528
1785367800,7378,7382.5,7375,7377.75,5421
1785368700,7377.5,7382.25,7374.5,7378.25,6437
1785369600,7378.5,7388,7372.25,7384.5,11490
1785370500,7384.5,7385.75,7374.5,7378.75,7791
1785371400,7378.75,7381.5,7367.75,7370.75,7361
1785372300,7370.5,7377.75,7369.25,7376,6142
1785373200,7376,7389.5,7374.25,7378,9407
1785374100,7378,7387.25,7377,7386.25,4572
1785375000,7385.75,7392.25,7385.75,7390.75,5355
1785375900,7391,7392.5,7387.75,7388.75,4147
1785376800,7388.5,7393,7386.25,7387,3950
1785377700,7387,7390.25,7384.75,7386,3389
1785378600,7386,7387.75,7381.25,7387,3558
1785379500,7387.25,7388.75,7377.75,7378,4203
1785380400,7378.5,7383.75,7372.25,7373.75,4667
1785381300,7374,7375.25,7370.5,7373.25,3436
1785382200,7373.5,7378.5,7369.5,7375.25,4476
1785383100,7375.25,7378.5,7372.5,7375.25,3059
1785384000,7375,7376.5,7370.25,7370.5,2643
1785384900,7370.5,7379.25,7369,7378.5,3551
1785385800,7378.5,7379,7369,7369.5,3239
1785386700,7369.5,7375.25,7366,7367.75,3321
1785387600,7367.75,7368.5,7362.25,7365.75,3702
1785388500,7365.75,7370.75,7365,7368.25,4044
1785389400,7368.25,7373,7366.25,7372.5,3130
1785390300,7372.5,7377.5,7365,7368.75,3808
1785391200,7368.5,7369.25,7363,7364,3685
1785392100,7364,7367.5,7359.25,7364.25,4477
1785393000,7364.25,7364.75,7358.5,7359,4092
1785393900,7358.75,7364.75,7358.25,7364,3347
1785394800,7364,7382.25,7361.75,7375.5,11998
1785395700,7375.5,7376.25,7362.5,7365.25,7841
1785396600,7365.25,7368.25,7354,7365.75,8076
1785397500,7365.75,7367.75,7358.75,7359.5,3932
1785398400,7359.75,7371.5,7351.75,7368.25,8442
1785399300,7368.25,7378.75,7366,7376.5,5363
1785400200,7376.75,7379,7372.75,7374,3646
1785401100,7374,7376.5,7368.5,7372.75,2518
1785402000,7372.75,7383.75,7371,7380,4448
1785402900,7380.25,7385,7378,7383.25,4551
1785403800,7383,7388,7380.5,7382.75,3052
1785404700,7382.75,7384.5,7374.25,7374.25,3090
1785405600,7374.5,7382.5,7371.25,7377.25,4496
1785406500,7377.5,7388.5,7377,7386,4234
1785407400,7386,7391.75,7384,7389.5,4338
1785408300,7389.5,7392.25,7383.5,7385.25,4796
1785409200,7385.25,7393,7384.75,7390.5,4183
1785410100,7390.5,7397.75,7389.75,7397.5,4771
1785411000,7397.75,7399.25,7394,7395.25,5865
1785411900,7395,7402,7395,7399.75,5361
1785412800,7399.5,7405,7395.75,7404.25,7297
1785413700,7404.25,7404.75,7395.75,7399,7750
1785414600,7400,7408.5,7393,7395,13173
1785415500,7395.25,7400.75,7392.75,7398.5,7849
1785416400,7398.5,7410,7397.75,7402.5,18907
1785417300,7402.75,7415,7401.25,7414.5,14505
1785418200,7414.25,7421.5,7399.75,7417.25,77676
1785419100,7417.25,7440,7417,7439.75,71270
1785420000,7439.5,7443.75,7427.5,7433,59300
1785420900,7433,7446.5,7426,7439.75,52896
1785421800,7439.75,7444.5,7430,7431.75,41749
1785422700,7431.75,7434.5,7408.75,7415.25,58217
1785423600,7415.25,7421.25,7400.75,7401.75,59733
1785424500,7401.75,7414.5,7398.75,7400.75,50680
1785425400,7400.75,7422.75,7399.5,7419.25,44383
1785426300,7419.75,7429.75,7416.25,7424.5,36260
1785427200,7424.5,7443.25,7421.75,7441.75,33854
1785428100,7441.75,7445.5,7438.75,7441,19624
1785429000,7441,7444.5,7431,7434.25,27331
1785429900,7434,7445.75,7433.75,7443.5,21208
1785430800,7443.75,7455.5,7443.75,7450.75,26662
1785431700,7451,7456.5,7450.5,7451.75,13937
1785432600,7451.75,7455.5,7445.75,7453.25,21454
1785433500,7453.25,7457.75,7450.25,7451.5,14257
1785434400,7451.75,7456.75,7450.75,7455.75,11783
1785435300,7456,7458.5,7454.25,7457.5,9931
1785436200,7457.5,7459.25,7454,7457,11038
1785437100,7457,7462.5,7456.5,7461.75,14099
1785438000,7461.5,7476.75,7461.25,7474.25,28610
1785438900,7474.5,7478.5,7471,7471.5,19516
1785439800,7471.5,7473.75,7468,7471.75,20614
1785440700,7471.75,7476.25,7464.25,7472.75,55116
1785441600,7473,7492,7468.25,7487.25,20462
1785442500,7487,7492.25,7485.5,7490.25,5538
1785443400,7490.5,7498,7476.5,7480.75,9478
1785444300,7480.75,7482,7472,7474.5,4833
1785448800,7478.5,7480.25,7467.75,7476.5,5943
1785449700,7476.25,7481,7472.75,7475,3937
1785450600,7475,7482.75,7472.5,7482.5,3845
1785451500,7482.25,7485.5,7481.75,7484.5,3049
1785452400,7484.5,7489.5,7482.25,7483,3921
1785453300,7482.75,7484,7480.25,7482.75,3028
1785454200,7482.75,7488,7482,7487.5,2941
1785455100,7487.75,7491.75,7485,7487.75,4366
1785456000,7487.75,7496.5,7484.5,7495.75,6620
1785456900,7495.5,7498,7492.75,7494,5255
1785457800,7494,7497.5,7493.5,7496.5,2905
1785458700,7496.75,7497,7491.25,7495.25,2964
1785459600,7495.25,7502.25,7495.25,7500,6377
1785460500,7500,7504.5,7499.75,7502.25,3757
1785461400,7502.25,7502.75,7496.25,7496.75,4271
1785462300,7497.25,7498,7494.25,7498,3401
1785463200,7497.75,7500.75,7494.5,7495,4059
1785464100,7494.75,7495,7491.5,7492.5,3575
1785465000,7492.25,7493.75,7488.5,7492.25,2928
1785465900,7492.5,7493.75,7489.25,7493,2642
1785466800,7493,7493.75,7488.5,7491,2525
1785467700,7491,7497.75,7491,7496.75,3154
1785468600,7496.75,7498.75,7495.75,7497.25,1822
1785469500,7497.25,7498,7493,7497,2214
1785470400,7497,7498.5,7492.25,7497.75,2207
1785471300,7498,7503.25,7496.75,7502.75,2752
1785472200,7503,7507.75,7502.25,7507.25,3580
1785473100,7507.5,7509.75,7506.25,7508.75,2818
1785474000,7508.75,7509.75,7507,7508.25,1514
1785474900,7508.25,7511,7507.25,7509,1696
1785475800,7509.25,7510.75,7505.5,7506.75,2695
1785476700,7506.75,7509.75,7506,7508.5,1993
1785477600,7508.25,7511,7507.25,7510.75,1439
1785478500,7510.5,7511.5,7506.5,7508,1724
1785479400,7507.75,7508.25,7493.25,7496.5,5436
1785480300,7496.5,7498.75,7492,7496.5,3158
1785481200,7496.25,7507.5,7493,7505.75,4893
1785482100,7505.75,7509.25,7501,7505,3715
1785483000,7505.25,7507.5,7502.5,7507,2197
1785483900,7507,7508.25,7502.75,7506.75,2220
1785484800,7506.5,7510.5,7502.75,7510.5,3687
1785485700,7510.5,7513,7508,7511.25,3058
1785486600,7511,7512.25,7507,7508.25,2243
1785487500,7508.5,7514,7508,7513,2237
1785488400,7513.25,7517.75,7511.25,7516.25,3578
1785489300,7516,7517,7511.5,7511.75,1971
1785490200,7511.75,7512.5,7504,7506.25,3714
1785491100,7506.25,7508.25,7504,7504,2262
1785492000,7504.25,7508.75,7502.25,7507,2879
1785492900,7507.25,7512,7506.5,7509.5,2315
1785493800,7509.5,7510.75,7504.25,7508.25,3079
1785494700,7508.25,7509.5,7504.75,7506.75,2333
1785495600,7506.75,7511.5,7506,7507,2931
1785496500,7507,7507,7499.25,7500.25,4861
1785497400,7500,7500,7494.25,7496.5,4456
1785498300,7496.25,7500.75,7495.75,7499.5,3474
1785499200,7499.5,7499.75,7490,7490.5,5569
1785500100,7490.25,7493.25,7485.75,7490.5,7329
1785501000,7489.75,7492,7479.5,7483,7925
1785501900,7483.25,7487,7480.25,7483,6345
1785502800,7483,7491.25,7481.25,7490.25,11008
1785503700,7490,7499.5,7490,7498.75,15034
1785504600,7498.75,7515.25,7480.25,7482.75,74778
1785505500,7483,7487.75,7466.5,7470.75,78841
1785506400,7470.5,7476,7430.5,7435.75,91219
1785507300,7435.5,7456.75,7427.5,7455.75,82228
1785508200,7455.75,7468.25,7452.25,7467.5,53266
1785509100,7467.5,7481.25,7465.75,7476.75,56726
1785510000,7476.75,7479.75,7462.75,7473.25,43967
1785510900,7473,7483.25,7452.5,7454.75,50087
1785511800,7454.5,7475.25,7449.25,7470,55374
1785512700,7470,7485,7462.5,7482.5,37358
1785513600,7482.5,7488,7475.75,7486.75,30614
1785514500,7486.75,7496,7479,7495.75,27680
1785515400,7496,7501,7492.5,7493.5,26100
1785516300,7493.5,7501.75,7491.5,7497.5,18131
1785517200,7497.75,7505,7496.5,7503.75,18257
1785518100,7503.75,7516,7502.5,7514.75,24335
1785519000,7514.75,7516.75,7507.5,7510,21775
1785519900,7510,7513,7503.25,7505.75,18857
1785520800,7506,7512.25,7504.25,7508.5,16938
1785521700,7508.5,7516.25,7508,7512,15692
1785522600,7512,7514.5,7508.25,7512.25,13351
1785523500,7512.25,7516.75,7510.5,7512.75,12540
1785524400,7512.75,7517.25,7509.25,7514.5,16242
1785525300,7514.5,7531,7514.25,7526.5,30749
1785526200,7526.5,7533.25,7520,7532.75,28605
1785527100,7533,7541,7514.5,7520,65116
1785528000,7520.25,7527.5,7516.75,7521.75,21056
1785528900,7521.75,7522,7517.25,7519,3388
1785529800,7518.5,7521,7516.75,7518.25,3083
1785530700,7518.5,7519.75,7498.25,7502.5,10403
1785708000,7549.75,7558.25,7545.5,7555.25,13643
1785708900,7555.25,7556.5,7549.5,7551.25,5344
1785709800,7551.5,7552.75,7549.25,7549.25,2549
1785710700,7549,7550.25,7544.25,7545.75,2987
1785711600,7545.5,7550,7543.5,7545,3928
1785712500,7545,7550,7545,7549,2735
1785713400,7549,7551.5,7548,7550.25,2842
1785714300,7550.25,7555.25,7546.75,7551.5,6289
1785715200,7551.5,7554.25,7546,7553.75,5750
1785716100,7553.75,7556.75,7545.25,7547.25,5202
1785717000,7546.75,7553.75,7546.25,7549.75,5450
1785717900,7549.5,7554.5,7548.5,7554,3846
1785718800,7554.25,7556.25,7551,7552,4495
1785719700,7551.75,7555.75,7549.75,7555,2996
1785720600,7555,7557.25,7552.75,7556.75,2997
1785721500,7557,7558.75,7556,7558,2742
1785722400,7558.25,7559.75,7556.5,7559.25,2780
1785723300,7559,7561.75,7557,7557,3719
1785724200,7557.25,7560.5,7556.75,7558.5,2175
1785725100,7558.75,7561,7558.5,7560.25,1145
1785726000,7560.5,7562,7560.5,7561.5,1420
1785726900,7561.5,7562.5,7558.75,7559,1993
1785727800,7559,7562.5,7558.25,7562.25,1759
1785728700,7562.5,7564.75,7561.25,7561.75,2745
1785729600,7561.75,7563.25,7560.75,7562.5,1395
1785730500,7562.5,7565,7562.5,7564.5,1442
1785731400,7564.75,7565.75,7563.75,7565.25,1175
1785732300,7565.25,7567,7563,7563.25,1985
1785733200,7563.5,7565.25,7562,7563.5,1774
1785734100,7563.5,7564.75,7561.75,7563.25,1412
1785735000,7563.25,7564,7562.25,7563,922
1785735900,7563,7563.75,7560.5,7563,1460
1785736800,7563.25,7566.25,7562,7563.75,2673
1785737700,7563.75,7564,7558.75,7559.75,2510
1785738600,7559.75,7562,7558,7558,2140
1785739500,7558,7559,7555.75,7556.75,2413
1785740400,7557,7561.25,7553,7559.75,4493
1785741300,7560,7562,7552.75,7557,4767
1785742200,7556.75,7559.75,7553.25,7554,2350
1785743100,7554.25,7560.25,7553.75,7559.75,1962
1785744000,7559.75,7559.75,7550.5,7555.25,4105
1785744900,7555,7555.25,7547.25,7550.25,3632
1785745800,7550.5,7557,7547.75,7554.5,3836
1785746700,7554.5,7559.5,7552.5,7559.5,3191
1785747600,7559.25,7560.25,7554,7556,2780
1785748500,7556,7558.75,7555,7556.25,1795
1785749400,7556.25,7559.75,7555.5,7556.25,2173
1785750300,7556.5,7558.5,7553.5,7557.5,2108
1785751200,7557.25,7560,7555.5,7558.75,1845
1785752100,7558.25,7560.75,7557.25,7560.5,2518
1785753000,7560,7562.5,7558.5,7562.25,2063
1785753900,7562.5,7563.25,7560.75,7562.75,1423
1785754800,7562.75,7563.25,7557.25,7560,3571
1785755700,7560,7564,7559.25,7561.5,2928
1785756600,7561.5,7567.75,7560.25,7563.75,5343
1785757500,7564,7564.5,7555.75,7557.25,5355
1785758400,7557.25,7557.75,7553.25,7556.5,5364
1785759300,7556.5,7559,7553.75,7558,5605
1785760200,7558.25,7565.75,7558.25,7565.5,6487
1785761100,7565.75,7566.25,7562.25,7563.25,5656
1785762000,7563.5,7565.25,7561.75,7562.5,6747
1785762900,7562.5,7565.75,7544.75,7546,20297
1785763800,7546,7571,7542.75,7567.5,79897
1785764700,7567.5,7588.25,7565,7587.5,59625
1785765600,7588.25,7592.5,7582.5,7591,42988
1785766500,7591,7600,7590,7597.25,33324
1785767400,7597,7603.75,7595,7601,27687
1785768300,7601.25,7606,7598.75,7606,24855
1785769200,7605.75,7606.25,7599.75,7602.5,21897
1785770100,7602.5,7609,7602.25,7603.25,30650
1785771000,7603.25,7610.5,7602.75,7608.25,21432
1785771900,7608.5,7614,7608.5,7611.25,23432
1785772800,7611.5,7613.5,7609.25,7611.5,13078
1785773700,7611.25,7617.75,7611,7617,17625
1785774600,7617.25,7618,7613.75,7616.25,13549
1785775500,7616.25,7616.75,7611.5,7613.75,13054
1785776400,7613.75,7617.75,7611.25,7616.75,13705
1785777300,7616.5,7623.25,7616.25,7622.5,18646
1785778200,7622.25,7626.25,7621.75,7625,13752
1785779100,7625,7629.75,7625,7628.25,15581
1785780000,7628.25,7635.25,7628,7631.75,24215
1785780900,7631.75,7634.75,7626.25,7627.25,17252
1785781800,7627.25,7632.75,7625,7632.5,18380
1785782700,7632.5,7634.25,7629,7631.25,15286
1785783600,7631,7638.5,7631,7633.5,18881
1785784500,7633.75,7637.5,7633.75,7635.5,11978
1785785400,7635.5,7637,7630.5,7632.5,18057
1785786300,7632.5,7635.5,7626.25,7628.5,41437
1785787200,7628.5,7633,7625.25,7632.25,12373
1785788100,7632.25,7638.25,7632,7633,4753
1785789000,7633,7636.75,7632.75,7635.5,3332
1785789900,7635.5,7635.75,7630.5,7631.25,4212
1785794400,7630.75,7635.5,7628.75,7632.5,4370
1785795300,7632.25,7635.25,7632.25,7633.75,1557
1785796200,7633.75,7636.75,7633.25,7635.75,1784
1785797100,7635.75,7636.25,7634,7635.25,1107
1785798000,7635.5,7635.75,7633.5,7634.25,1341
1785798900,7634.5,7636.5,7634,7634.75,1344
1785799800,7634.75,7636.25,7632.5,7633,2027
1785800700,7632.75,7636,7632.5,7635.75,1917
1785801600,7635.5,7637.5,7632,7634,3187
1785802500,7633.75,7634.25,7630.75,7631.5,3031
1785803400,7631,7635.25,7629.5,7634.5,4378
1785804300,7634.75,7636,7631.75,7633,2527
1785805200,7632.75,7635.25,7629.25,7634,4450
1785806100,7634,7636.5,7632,7636,2532
1785807000,7636.25,7640.25,7635.75,7640,4845
1785807900,7639.75,7647.5,7639.75,7646.25,7174
1785808800,7646.5,7647.5,7639.75,7640.75,5325
1785809700,7640.75,7642.5,7639,7639.75,3094
1785810600,7640,7644,7640,7643.75,2429
1785811500,7643.75,7644.5,7641.75,7642.5,1484
1785812400,7642.25,7644,7638,7639.5,2510
1785813300,7639.5,7644.25,7639,7643.25,2312
1785814200,7643.5,7645.5,7641.75,7642.75,2276
1785815100,7642.5,7645.25,7641.5,7644.5,1730
1785816000,7644.75,7645.25,7641.75,7643,1350
1785816900,7643,7646,7642.75,7645.5,1053
1785817800,7645.5,7646,7644.5,7645,662
1785818700,7645,7646.5,7644.25,7645.5,999
1785819600,7645.25,7645.75,7642.5,7643.25,1320
1785820500,7643,7646.25,7643,7645.5,1370
1785821400,7645.25,7649,7645.25,7647.25,2811
1785822300,7647,7647.75,7646,7647.5,1114
1785823200,7647.5,7650,7646.5,7649.75,2235
1785824100,7650,7650,7647,7647.25,1763
1785825000,7647,7648.25,7642.75,7644,2317
1785825900,7644,7644.75,7643,7644.75,1484
1785826800,7644.5,7647.5,7641.25,7642.75,3828
1785827700,7643,7646.25,7642.5,7644.75,2361
1785828600,7645.25,7648.5,7641.75,7642.5,3123
1785829500,7642.5,7647,7641.75,7643.5,2820
1785830400,7643.5,7645.25,7642,7644,2875
1785831300,7643.5,7646,7642,7643.5,2191
1785832200,7643,7643,7637,7638.25,4147
1785833100,7638.25,7638.5,7635,7637.25,3045
1785834000,7637,7637.25,7631.75,7633.75,3315
1785834900,7634,7634.5,7631.75,7634.5,1894
1785835800,7634.25,7638.25,7634,7637.75,2138
1785836700,7637.75,7639,7634.5,7637.5,3620
1785837600,7637.75,7639.75,7636.25,7638.5,2062
1785838500,7638.5,7638.75,7636,7636.5,1765
1785839400,7636.5,7645,7635.75,7643.75,7033
1785840300,7643.25,7647.75,7641.5,7643,7158
1785841200,7643.25,7645.25,7641.5,7643.5,3074
1785842100,7643.25,7648.75,7643,7648.25,3198
1785843000,7648.5,7657.25,7645.25,7654.75,8442
1785843900,7654.75,7658,7651.75,7654.5,8544
1785844800,7654.5,7655.5,7651.25,7651.75,4332
1785845700,7651.75,7655.5,7651.5,7654.5,4126
1785846600,7654.75,7656,7652.5,7655.25,2769
1785847500,7655.25,7655.5,7651,7651.5,3660
1785848400,7651,7654.75,7649.25,7654,6031
1785849300,7654,7664.75,7653.25,7657.75,22283
1785850200,7657.5,7673.5,7656,7670,60936
1785851100,7670,7686.75,7669.75,7685.25,53886
1785852000,7685.25,7700.5,7682.5,7700.5,44728
1785852900,7700.5,7706.25,7693.5,7696.75,53002
1785853800,7696.75,7711.25,7692.75,7710.25,45270
1785854700,7710.25,7716.5,7707.75,7715.5,26723
1785855600,7715.25,7724,7713.75,7721.25,31733
1785856500,7721.5,7731.25,7721,7726,27680
1785857400,7725.75,7735.75,7724,7735.25,32950
1785858300,7735.25,7741.25,7733.75,7736.5,27104
1785859200,7736.5,7741.75,7733.25,7734.5,21559
1785860100,7734.5,7745.75,7734.5,7744.5,20229
1785861000,7744.5,7752.75,7742.25,7752.25,19302
1785861900,7752.25,7755.75,7752,7755,16565
1785862800,7755.25,7765.75,7754.25,7764.75,26983
1785863700,7765,7769,7762,7765.25,21682
1785864600,7765.25,7776.5,7762,7775.75,22070
1785865500,7776,7783.75,7768,7768,30907
1785866400,7768,7774.75,7763.25,7774,30926
1785867300,7774.25,7777,7772,7775.75,20848
1785868200,7776,7777,7766,7769.25,20354
1785869100,7769.5,7775.25,7769.25,7773,17210
1785870000,7773,7782.5,7772.5,7780.75,24285
1785870900,7780.75,7783.25,7773,7775.25,19754
1785871800,7775,7785.25,7773,7784.25,23299
1785872700,7784.25,7786,7761.25,7764.25,55500
1785873600,7764.25,7781,7763.25,7773.75,21948
1785874500,7773.5,7773.5,7761.5,7766.75,10261
1785875400,7766.75,7773.25,7765.5,7771,5364
1785876300,7771,7775.5,7770.25,7774.5,4567
1785880800,7772.75,7778.5,7771,7778.5,3681
1785881700,7778,7781.5,7777.25,7780.25,3103
1785882600,7780.25,7783.25,7777.75,7778,2972
1785883500,7778.25,7781,7777.5,7780.5,2050
1785884400,7780.75,7783,7778.5,7782,2108
1785885300,7782,7782.75,7779,7779.25,1314
1785886200,7779.5,7780.25,7776,7779.25,3065
1785887100,7779.25,7781.25,7777.25,7777.25,2866
1785888000,7777.75,7780.5,7776,7780,3325
1785888900,7780.25,7785,7778.75,7783.25,2971
1785889800,7783.25,7785.5,7780.5,7780.5,3076
1785890700,7780.25,7784.5,7778.75,7784.25,2818
1785891600,7784.5,7784.5,7779.25,7782.5,2873
1785892500,7782.25,7782.5,7777.75,7779,2873
1785893400,7779,7783.75,7778.5,7782.25,2677
1785894300,7782.25,7786,7782.25,7784.25,2693
1785895200,7784.25,7788.75,7783,7785.5,4143
1785896100,7785.75,7787.25,7784.25,7785.25,1760
1785897000,7785,7786.5,7783.5,7786.25,1619
1785897900,7786.5,7788.75,7786.25,7786.75,2415
1785898800,7786.75,7792,7786.25,7790.75,3306
1785899700,7791,7792.25,7787.25,7787.5,2658
1785900600,7787.25,7791.5,7786.25,7791,2167
1785901500,7791,7792.25,7789.25,7792,1326
1785902400,7792,7793.5,7790.5,7791,2285
1785903300,7791,7791.25,7788,7789.5,1929
1785904200,7789.25,7792,7788.75,7791.5,1605
1785905100,7791.25,7792.5,7789.25,7791.25,1245
1785906000,7791.25,7795.25,7790.5,7794.5,1886
1785906900,7794.5,7796,7794,7794.25,1146
1785907800,7794.25,7796.25,7793.25,7796,1500
1785908700,7796.25,7799.75,7795.75,7798.75,2453
1785909600,7798.5,7799.5,7797,7798.75,1227
1785910500,7798.75,7798.75,7791.5,7793,2560
1785911400,7793,7796,7792.5,7794.5,1829
1785912300,7794.5,7798.25,7793.75,7798,1255
1785913200,7798.25,7799.5,7792.25,7793.75,3704
1785914100,7794,7794.75,7790.5,7790.75,3008
1785915000,7791,7792.25,7788,7791,2675
1785915900,7791,7793,7789.5,7793,1579
1785916800,7793,7796.75,7786.25,7787.75,3807
1785917700,7788,7789.25,7782.25,7785,3879
1785918600,7785.25,7785.5,7780.5,7782.5,3319
1785919500,7782.75,7785.25,7780,7784.25,2733
1785920400,7784.25,7788,7782.5,7786,2311
1785921300,7785.75,7788.75,7783.75,7788.75,2299
1785922200,7789,7792.25,7788.5,7790.25,2550
1785923100,7790,7791,7787.25,7788.25,1717
1785924000,7788.5,7790,7787.5,7789.25,1502
1785924900,7788.75,7793.5,7788.25,7793.25,2100
1785925800,7793,7795,7791.75,7793.25,1808
1785926700,7793.25,7798,7792.5,7797.5,4478
1785927600,7797.75,7799,7795,7797.5,3204
1785928500,7797.5,7799.75,7794.5,7794.5,2332
1785929400,7794.5,7798,7793.25,7794.5,2976
1785930300,7794.25,7798.5,7792.75,7798.25,3399
1785931200,7798,7802.25,7797.5,7800.5,5266
1785932100,7800.5,7806,7799,7803.25,6440
1785933000,7803.5,7804.25,7795.5,7802.5,6881
1785933900,7802.5,7803.5,7798.5,7799.75,4225
1785934800,7799.5,7808.5,7799.5,7806.5,8808
1785935700,7806.5,7809.75,7803,7809.5,12057
1785936600,7809.5,7820.25,7804,7817.25,80079
1785937500,7817.25,7819.25,7794.75,7819,59287
1785938400,7818.75,7818.75,7801,7813.75,47505
1785939300,7814,7816.75,7799.25,7799.75,44693
1785940200,7799.75,7802.5,7788,7792,58018
1785941100,7792,7800.5,7778.25,7786.25,54606
1785942000,7786.25,7791.5,7781.5,7782.25,38957
1785942900,7782.25,7783.5,7764.5,7769,57698
1785943800,7768.75,7777,7768.25,7771.75,25703
1785944700,7771.5,7771.75,7754.5,7757.75,38292
1785945600,7757.75,7761.75,7750.5,7756.25,36352
1785946500,7756,7772.5,7753.75,7772.25,41843
1785947400,7772.25,7773.75,7763.25,7767.25,22903
1785948300,7767.25,7773,7764,7769.75,19349
1785949200,7769.75,7773,7762,7766.75,21440
1785950100,7766.5,7769.75,7761.25,7764.75,15375
1785951000,7764.75,7771.75,7762.5,7768.75,13923
1785951900,7768.75,7771.5,7765,7767,12005
1785952800,7767,7774.75,7766.75,7769.5,15167
1785953700,7769.5,7773,7768.25,7771,10112
1785954600,7770.75,7771,7763.5,7767.75,16548
1785955500,7767.5,7771.5,7765,7765.25,11705
1785956400,7765.5,7770,7763.75,7769,12451
1785957300,7769,7771.5,7767.75,7769.25,11690
1785958200,7769,7770.25,7763.5,7766,14612
1785959100,7766,7768.5,7745.75,7748,42506
1785960000,7748,7760.5,7747,7759.75,17631
1785960900,7759.75,7760.5,7754.75,7757,4363
1785961800,7757.25,7761.25,7756.5,7761,3117
1785962700,7761,7761.75,7758,7758.5,2887
1785967200,7758,7761,7756.75,7757.75,2799
1785968100,7758.25,7767.75,7757.75,7767,4649
1785969000,7767,7771,7765.75,7768.75,3559
1785969900,7769,7771,7764,7764.25,3726
1785970800,7764.25,7766.5,7762.75,7766.25,2397
1785971700,7766,7768,7765,7765.75,1784
1785972600,7765.75,7767,7761.5,7763,3339
1785973500,7763,7763.25,7759.75,7761.75,2829
1785974400,7762,7763.25,7757.5,7760.25,5143
1785975300,7760,7762.5,7756,7758,3449
1785976200,7758,7762,7757.75,7760.25,2737
1785977100,7760,7761.25,7756.75,7757,1838
1785978000,7757,7757.75,7752.75,7755,5010
1785978900,7755.25,7755.25,7748,7750,4451
1785979800,7750,7754.5,7749.25,7750.75,4000
1785980700,7750.5,7756.5,7750.5,7755,3184
1785981600,7755,7763.75,7754.75,7760.75,5673
1785982500,7761,7764,7759.5,7760.5,2257
1785983400,7760.25,7767,7758.5,7767,3018
1785984300,7767.25,7768,7763.75,7765,2474
1785985200,7765,7767.25,7764.25,7765,1387
1785986100,7765,7765.75,7760,7760.25,2509
1785987000,7760.75,7763,7759,7761.75,1725
1785987900,7761.75,7763.75,7759.5,7763.25,1472
1785988800,7763.75,7763.75,7759.5,7761,1236
1785989700,7761,7765,7761,7763.75,1303
1785990600,7763.75,7765.75,7759.75,7760.75,1341
1785991500,7760.5,7763.25,7760,7763.25,896
1785992400,7763,7765.5,7761.25,7763.5,1361
1785993300,7763.75,7765.5,7761.5,7763.75,1101
1785994200,7763.75,7764.25,7761.25,7764,887
1785995100,7764.25,7765.5,7760.5,7765,1097
1785996000,7765.25,7765.25,7755.25,7756.25,1929
1785996900,7756.25,7761.5,7753.75,7761.25,2732
1785997800,7761,7761.5,7755.25,7757.5,1630
1785998700,7757.5,7760.5,7755.25,7759.75,1408
1785999600,7759.75,7764.5,7758,7763.5,2373
1786000500,7763.25,7764.25,7759.75,7760,1644
1786001400,7760.25,7760.25,7754.75,7756,1670
1786002300,7756.25,7759.25,7755,7758.25,1862
1786003200,7758.25,7759,7750,7753.25,4500
1786004100,7753.25,7760.75,7751.75,7760.5,2533
1786005000,7760.5,7763.75,7760,7761.5,2247
1786005900,7761.25,7765.5,7760,7765,2237
1786006800,7765,7765,7755,7756.25,2657
1786007700,7756.5,7761.5,7756.25,7760.25,2044
1786008600,7760.25,7762.25,7758.25,7761,1125
1786009500,7760.75,7767.5,7760.75,7767,2030
1786010400,7767,7767.25,7763,7763.5,2034
1786011300,7763.25,7766.25,7762,7765.25,1318
1786012200,7765.5,7765.5,7759,7760,1996
1786013100,7759.75,7762,7758.75,7761.75,1858
1786014000,7761.5,7762,7750.5,7755.75,6719
1786014900,7756,7762.75,7755.75,7762,3777
1786015800,7762.25,7765.75,7761.5,7762,3908
1786016700,7762,7764.25,7754.5,7759.75,6124
1786017600,7759.75,7760.5,7753.25,7754,4327
1786018500,7754.25,7760.5,7751.75,7756.5,4918
1786019400,7756.75,7761.75,7754.75,7758.25,4073
1786020300,7758.25,7760,7752.25,7754.25,4328
1786021200,7754.25,7755,7747.5,7749.25,8344
1786022100,7749.25,7754.25,7748,7751.75,11902
1786023000,7751.75,7759.75,7740.25,7755.5,78412
1786023900,7755.25,7765.75,7755,7759.25,45109
1786024800,7759.25,7767.75,7756,7765.75,39046
1786025700,7765.75,7768.5,7750.75,7754.5,47917
1786026600,7754.75,7759.75,7746.5,7751.5,49572
1786027500,7751.5,7760.75,7745.5,7760,39177
1786028400,7760,7762.5,7749,7749.5,33606
1786029300,7749.5,7751.25,7735.75,7742.5,48616
1786030200,7742.25,7744.25,7732.75,7733,33811
1786031100,7732.75,7747.75,7729,7731,57346
1786032000,7731.25,7735,7727,7729.5,30700
1786032900,7729.5,7734.75,7724.25,7732,29370
1786033800,7732.25,7738.75,7730.25,7730.25,27675
1786034700,7730.25,7740.5,7728.75,7739.25,19207
1786035600,7739.5,7741.75,7730.5,7731,23183
1786036500,7731,7734.5,7727.5,7727.75,15960
1786037400,7728,7732.5,7726.75,7731,12602
1786038300,7731,7736.25,7729.25,7736,13223
1786039200,7736.25,7742.5,7734.5,7741.25,18773
1786040100,7741.5,7747.25,7735.75,7744,27594
1786041000,7743.75,7744.5,7734.5,7737.5,16837
1786041900,7737.25,7741.5,7736.75,7739.5,13979
1786042800,7739.75,7747.75,7739.5,7743.5,17936
1786043700,7743.25,7744.75,7735.25,7736.5,20438
1786044600,7736.5,7740,7730.5,7733,22760
1786045500,7733,7739,7727,7735.5,50393
1786046400,7735.25,7741.25,7735.25,7737.75,12813
1786047300,7738,7739.5,7728.75,7730.25,7946
1786048200,7730.25,7732.5,7728,7730.25,3382
1786049100,7730.25,7732.5,7729.5,7731.75,2387
1786053600,7734.75,7740,7729.75,7739.25,3049
1786054500,7739.25,7741,7736,7736.5,2524
1786055400,7736.25,7736.75,7733,7735.75,2022
1786056300,7736,7738.5,7735.5,7738,1256
1786057200,7737.5,7738.5,7736.25,7736.75,833
1786058100,7736.5,7740.5,7736.5,7738.25,1633
1786059000,7738,7740,7737,7739.5,1734
1786059900,7739.75,7741,7738.25,7740,1909
1786060800,7740,7742.5,7736.25,7738.25,4305
1786061700,7738.25,7738.5,7729,7730.5,4300
1786062600,7730.25,7739.25,7729.75,7735,4642
1786063500,7734.5,7737.25,7730.25,7736,3057
1786064400,7735.75,7738,7730.75,7731.75,3215
1786065300,7731.75,7734.5,7727.25,7733.75,3970
1786066200,7733.5,7739.25,7729.5,7732.5,4867
1786067100,7732.75,7734.75,7729.75,7732.75,2205
1786068000,7732.75,7735,7729,7732.75,2557
1786068900,7732.75,7734.5,7731.25,7732.5,1183
1786069800,7732.5,7732.75,7726.75,7729.75,2272
1786070700,7729.5,7733.5,7729.25,7732,1283
1786071600,7732,7734.25,7731.75,7732,1339
1786072500,7732.25,7732.75,7728.5,7730.75,1552
1786073400,7730.25,7732.5,7729.25,7730.25,851
1786074300,7730,7731,7728.5,7729.25,752
1786075200,7729.5,7730.75,7727.5,7728.25,1198
1786076100,7728,7732.5,7725.25,7730.5,2566
1786077000,7730.75,7733.5,7729.25,7729.5,1373
1786077900,7729.5,7732.25,7728.75,7731.5,851
1786078800,7731.5,7736.75,7731.25,7733.75,2221
1786079700,7733.75,7735.75,7733.5,7734.5,603
1786080600,7734.75,7734.75,7731.5,7733,828
1786081500,7732.75,7733.75,7731.75,7731.75,433
1786082400,7732,7738.25,7731.5,7737.5,1515
1786083300,7737.5,7739.75,7736.25,7739.75,1561
1786084200,7739.75,7739.75,7734,7734.75,1629
1786085100,7734.5,7738.5,7734.25,7738,1009
1786086000,7737.75,7742.25,7735.75,7742.25,2611
1786086900,7742.25,7742.5,7739.5,7741.5,1117
1786087800,7741.5,7742.75,7739.25,7740.75,1463
1786088700,7741,7741.5,7738.25,7740.5,1325
1786089600,7740.5,7746.75,7740.25,7746,3182
1786090500,7746,7746.5,7742,7744.25,1963
1786091400,7744,7747.25,7742,7743.75,1849
1786092300,7743.75,7746.25,7743,7745.5,1463
1786093200,7745.5,7748,7744.5,7747,1680
1786094100,7747,7748.75,7745,7746.75,1438
1786095000,7747,7748.75,7746,7747,1055
1786095900,7747,7748.25,7744.75,7745.75,1587
1786096800,7746,7747.5,7745.25,7745.25,1140
1786097700,7745.25,7747,7744,7747,1453
1786098600,7747,7749.25,7746.25,7748.75,1268
1786099500,7748.75,7749.5,7744.75,7746.5,1700
1786100400,7746.25,7751.75,7746.25,7750,3387
1786101300,7749.75,7754.75,7749.75,7753.5,2616
1786102200,7753.25,7756.75,7753,7756,2614
1786103100,7755.75,7756,7748.25,7748.75,3280
1786104000,7748.75,7755.75,7747.25,7753,4582
1786104900,7753,7759,7747.5,7757.75,6547
1786105800,7758,7776.25,7754.5,7772.5,23229
1786106700,7772.25,7779,7772.25,7774.75,10956
1786107600,7775,7776,7760,7761.25,16858
1786108500,7761.5,7762.5,7753.5,7757,15754
1786109400,7757.25,7768.5,7753.5,7767.25,57624
1786110300,7767.25,7770.75,7751.5,7757.75,58400
1786111200,7758,7763.5,7743.25,7746,61966
1786112100,7745.75,7780.5,7744,7779.5,61321
1786113000,7779.25,7781.25,7764.5,7767.25,50815
1786113900,7767,7777.75,7766.25,7776.5,32369
1786114800,7776.5,7781.75,7771.5,7778.75,26742
1786115700,7778.5,7786.75,7775.25,7784.25,25364
1786116600,7784.25,7786.75,7776.5,7779.25,27680
1786117500,7779.25,7784,7775,7778,20307
1786118400,7778,7781.25,7774.75,7777.5,16974
1786119300,7777.5,7781.25,7760.5,7764.5,39542
1786120200,7764.75,7773.75,7757.75,7773.5,31892
1786121100,7773.5,7776.25,7766.75,7767.25,19358
1786122000,7767,7771.25,7765,7768,15586
1786122900,7767.75,7771.75,7765,7768.5,13105
1786123800,7768.5,7771.5,7764.5,7769,13303
1786124700,7769,7772.25,7767,7768.75,10907
1786125600,7768.75,7770.25,7761.75,7763,13482
1786126500,7763,7765.5,7761.75,7762.25,14717
1786127400,7762,7764,7756,7757.25,14798
1786128300,7757.25,7765.25,7756.25,7764.5,16593
1786129200,7764.25,7778.25,7763.75,7776.5,29574
1786130100,7776.75,7782.25,7775.5,7778.5,23164
1786131000,7778.5,7779,7772.75,7773.25,20207
1786131900,7773.25,7785.5,7773,7778.5,47783
1786132800,7778.5,7781,7774,7775.25,12745
1786133700,7775.5,7777,7773,7773.25,2841
1786134600,7773.25,7777.25,7773,7776,2414
1786135500,7776,7779,7775,7777.25,2876
1786312800,7777,7779.75,7767,7768.5,7432
1786313700,7768.5,7770.25,7763.5,7769.5,5568
1786314600,7769.25,7770.75,7766.25,7768.5,2872
1786315500,7768.75,7769.75,7767.75,7768.75,1248
1786316400,7769,7772.5,7767.25,7772,2398
1786317300,7771.5,7773.25,7771,7771.75,1601
1786318200,7771.75,7772,7767.75,7771.25,3577
1786319100,7771.25,7772.5,7766.75,7767,3018
1786320000,7766.75,7778,7765.25,7776.25,7270
1786320900,7776.25,7776.75,7770.5,7771,4000
1786321800,7771,7773.25,7768.75,7769.75,3113
1786322700,7770,7773,7769,7770.75,2296
1786323600,7770.75,7777,7769.75,7777,3552
1786324500,7777,7780.75,7776.5,7779.25,3546
1786325400,7779,7780.25,7776,7780,3090
1786326300,7779.75,7781.5,7779.25,7780.5,2001
1786327200,7780.5,7781.75,7779.5,7779.5,1511
1786328100,7779.5,7780,7777.5,7779.75,1760
1786329000,7779.75,7782.75,7778.5,7782.5,1853
1786329900,7782.75,7783,7781.75,7782.25,1207
1786330800,7782,7783,7780.75,7781.25,1012
1786331700,7781.25,7783.5,7780.75,7783,1313
1786332600,7782.75,7786,7782.25,7786,2080
1786333500,7785.75,7786.25,7782.75,7783.5,1613
1786334400,7783.75,7786.25,7782,7786,1701
1786335300,7786,7788.25,7785.75,7787.5,1827
1786336200,7787.25,7787.25,7783.25,7786.25,1560
1786337100,7786.25,7788.75,7785.75,7787.25,1633
1786338000,7787.25,7790.75,7787,7790.25,1958
1786338900,7790.5,7790.75,7788.75,7789.25,1021
1786339800,7789,7790.25,7788.25,7789.25,1122
1786340700,7789,7791.25,7788.5,7790.75,1055
1786341600,7790.75,7792.75,7790,7791.5,1643
1786342500,7791.5,7792.25,7784.75,7785.25,3614
1786343400,7785.25,7787,7784,7785.75,2122
1786344300,7785.75,7788,7785.5,7787.25,1222
1786345200,7787,7789,7783.75,7785.5,2346
1786346100,7785.5,7792.5,7785.25,7792.25,2547
1786347000,7792.25,7794.25,7791,7793.75,1993
1786347900,7794,7796.5,7789.5,7792.25,3423
1786348800,7792.25,7794,7789.5,7791.25,1902
1786349700,7791.25,7792.75,7789,7790.75,1212
1786350600,7791,7793.25,7790,7791.25,1091
1786351500,7791.25,7792,7789.25,7791.75,905
1786352400,7791.75,7792.5,7790.5,7791.75,877
1786353300,7791.75,7793.5,7790.25,7792.25,916
1786354200,7792,7793.25,7788.5,7790,1618
1786355100,7789.5,7790,7788.75,7789.25,667
1786356000,7789.25,7791,7786.5,7787,1802
1786356900,7786.75,7791,7786.5,7790.25,1339
1786357800,7790.25,7790.5,7784.5,7786,2389
1786358700,7786,7788,7783.75,7785.25,2082
1786359600,7785.5,7786.5,7778.5,7780.5,4572
1786360500,7780.5,7786,7780,7785.75,2992
1786361400,7785.75,7787.5,7784,7784,3174
1786362300,7783.75,7785.25,7780.75,7782.25,3345
1786363200,7782.25,7785.75,7781,7781.5,3655
1786364100,7781.25,7781.5,7776.5,7778.75,4439
1786365000,7779,7779.25,7772.75,7774.5,6022
1786365900,7774.5,7775.75,7771.5,7773.5,3919
1786366800,7773.75,7777.25,7772.75,7776.5,5675
1786367700,7776.25,7777.75,7769.25,7773,11234
1786368600,7773,7783.25,7771.25,7773,52432
1786369500,7773,7782,7771,7781,38254
1786370400,7780.75,7789.5,7780.25,7789,36593
1786371300,7789,7791.25,7784,7790,31986
1786372200,7790,7793.5,7788.25,7792.5,26089
1786373100,7792.5,7797,7781.25,7781.5,43969
1786374000,7781.5,7787,7779.25,7784.5,34212
1786374900,7784.75,7788.75,7780.5,7784.25,23470
1786375800,7784,7785.25,7778,7784.5,23437
1786376700,7784.5,7790.75,7781.25,7789.75,22474
1786377600,7789.75,7791.25,7784.25,7784.25,17583
1786378500,7784.25,7785.75,7780,7780.25,17669
1786379400,7780.5,7781.5,7763.75,7768,36346
1786380300,7768,7776.25,7765.5,7776.25,23950
1786381200,7776.25,7779,7771.5,7777.75,17153
1786382100,7777.5,7779.5,7775,7777.75,11311
1786383000,7777.75,7779.5,7772.5,7772.75,11811
1786383900,7773,7774.75,7771.25,7774,11858
1786384800,7773.75,7777.25,7773,7773.25,12874
1786385700,7773.25,7774,7771.5,7771.75,8538
1786386600,7771.75,7775.75,7769.5,7775.25,14557
1786387500,7775.25,7779.75,7774,7778.5,13323
1786388400,7778.75,7780.75,7777.25,7779.75,12718
1786389300,7779.75,7781.25,7775.5,7776,11839
1786390200,7776,7779.5,7773.75,7777.5,15483
1786391100,7777.5,7779,7770.25,7778,37419
1786392000,7778,7778.25,7774.75,7775.25,7408
1786392900,7775.25,7776.75,7773,7776.25,3332
1786393800,7776.25,7776.75,7774.75,7776.25,1685
1786394700,7776.5,7778.5,7776,7777,2416
1786399200,7778.5,7781.25,7776.75,7777.75,2166
1786400100,7777.5,7778,7773.25,7774.5,1987
1786401000,7774.5,7774.75,7771.25,7772.25,1983
1786401900,7772.25,7773.75,7772,7773.25,965
1786402800,7773.5,7774,7772,7772.5,1638
1786403700,7772.75,7772.75,7769.25,7770,2315
1786404600,7770,7772,7768.75,7771.75,1644
1786405500,7771.5,7773,7766.75,7770.75,3451
1786406400,7770.75,7777,7767.75,7776.5,4910
1786407300,7776.25,7778.25,7773.5,7778,2862
1786408200,7778,7780.25,7776.75,7779.5,2711
1786409100,7779.75,7781.25,7779,7779.75,2109
1786410000,7779.75,7785.25,7778,7784.75,5548
1786410900,7785,7786.5,7782.5,7785,2913
1786411800,7784.75,7785.75,7783.25,7784.25,1526
1786412700,7784.25,7786.5,7783.25,7783.25,2044
1786413600,7783.25,7784.25,7782.5,7783.75,1434
1786414500,7783.75,7785,7783,7784.75,1182
1786415400,7784.75,7786.5,7784.5,7786.5,1349
1786416300,7786.5,7786.5,7784,7784.5,1181
1786417200,7784.5,7786.5,7784.25,7785.75,987
1786418100,7785.75,7789.25,7785.5,7788.75,1742
1786419000,7788.5,7789,7786.75,7787.5,1011
1786419900,7787.25,7788.25,7786,7786.75,1100
1786420800,7786.75,7788.25,7786.5,7787.75,884
1786421700,7788,7788.5,7786.75,7788,890
1786422600,7788.25,7789.5,7786.75,7787.5,1253
1786423500,7787.5,7788.25,7786.75,7787,602
1786424400,7787,7789,7786,7788.75,812
1786425300,7788.75,7789,7784.75,7785,1255
1786426200,7784.75,7786.5,7783,7785.25,1420
1786427100,7785.25,7785.75,7780.5,7781,2191
1786428000,7780.75,7784.5,7780,7783.5,1203
1786428900,7783.5,7784,7774.75,7775.25,2887
1786429800,7775.25,7778.75,7770.5,7776.75,4429
1786430700,7777.25,7777.75,7772.75,7774.75,1840
1786431600,7775,7777.25,7771.75,7774,2534
1786432500,7774,7775.25,7770.5,7773,1971
1786433400,7773.25,7777.5,7773,7776,1940
1786434300,7775.75,7776.75,7773.5,7776,1151
1786435200,7776.25,7780.5,7771,7771.25,3640
1786436100,7771.25,7774.5,7770,7772.75,2548
1786437000,7772.75,7776.25,7771,7776,1406
1786437900,7776,7777.25,7774.25,7775,1453
1786438800,7775,7776.25,7771.25,7774.25,1918
1786439700,7774.25,7778.25,7773.75,7776.75,1784
1786440600,7776.5,7780.5,7776.5,7778.25,2034
1786441500,7778.25,7779.75,7777.25,7778,818
1786442400,7778,7778.5,7775.75,7776,1411
1786443300,7776,7787.75,7775.25,7785.75,5868
1786444200,7785.75,7786,7782.25,7785,2132
1786445100,7784.75,7786.25,7784,7785,1356
1786446000,7785,7796,7784.75,7793.5,11884
1786446900,7793.5,7794.25,7787,7788.5,3005
1786447800,7788.25,7789,7786,7788,2568
1786448700,7788.25,7790.75,7787,7789.25,2093
1786449600,7789.25,7792.75,7788,7792.75,2912
1786450500,7792.75,7795,7785.25,7788.25,10558
1786451400,7788,7791.25,7786.5,7789.75,2913
1786452300,7789.75,7790,7786.75,7787.5,2193
1786453200,7787.75,7791.75,7786.75,7787.75,4454
1786454100,7787.75,7793.75,7786.25,7791.5,8289
1786455000,7791.5,7792.5,7774.75,7778.75,56712
1786455900,7779,7782.5,7771.75,7782.25,48485
1786456800,7782.5,7787,7780.75,7783.75,36130
1786457700,7783.75,7785.5,7778.75,7784.75,33642
1786458600,7784.75,7785.5,7777.25,7779.5,27926
1786459500,7779.5,7786.25,7779.25,7782,31520
1786460400,7782,7784,7771,7772.5,34612
1786461300,7772,7774,7767.5,7769.5,32765
1786462200,7769.75,7771.25,7762.5,7767.25,44236
1786463100,7767.25,7768,7763,7765.5,20644
1786464000,7765.5,7769.5,7764.75,7765.25,23013
1786464900,7765.25,7770,7759,7763.25,30116
1786465800,7763.5,7765.25,7760,7761.25,17904
1786466700,7761.25,7761.5,7755.5,7756.75,19929
1786467600,7756.75,7758,7748.25,7748.5,20822
1786468500,7748.75,7755.5,7747.75,7753.75,21804
1786469400,7753.5,7758.5,7752.25,7758,16834
1786470300,7758,7759,7756.25,7757.5,11545
1786471200,7757.5,7757.75,7752,7754,16315
1786472100,7754,7755,7739.25,7740.5,27982
1786473000,7740.5,7747.75,7740.5,7743.5,21225
1786473900,7743.25,7750.25,7743.25,7746.25,16692
1786474800,7746,7749,7743.75,7747.75,14867
1786475700,7748,7752.5,7747.25,7751.75,14608
1786476600,7751.75,7756.75,7751.25,7752.5,17196
1786477500,7752.75,7753,7743.5,7750,50255
1786478400,7749.75,7753,7746.75,7752.25,12080
1786479300,7752.25,7757,7751.5,7756.5,3747
1786480200,7756.75,7757.75,7755.75,7756.75,2408
1786481100,7756.75,7756.75,7752.5,7753.25,3081
1786485600,7755.75,7756.75,7751,7755.25,2329
1786486500,7755.75,7756,7754.25,7754.75,1003
1786487400,7754.25,7755.25,7751.75,7752,1501
1786488300,7752,7753.75,7750.5,7753,1475
1786489200,7753,7754,7751.75,7752.5,831
1786490100,7752.25,7754.25,7752.25,7754,744
1786491000,7754,7754,7751.75,7752.75,785
1786491900,7753,7756,7752,7755.5,1620
1786492800,7755.25,7755.25,7749,7752,4129
1786493700,7752.25,7754.75,7750.5,7752.75,2430
1786494600,7752.5,7754,7751.25,7752.5,1269
1786495500,7752.5,7753.25,7750.75,7752.5,874
1786496400,7752.5,7754,7751.25,7752.5,1549
1786497300,7752.5,7752.5,7748.5,7751,2172
1786498200,7750.75,7752.5,7749.25,7752.5,1448
1786499100,7752.25,7752.75,7748.5,7749.5,1580
1786500000,7749.75,7751.75,7749.5,7751.5,934
1786500900,7751.5,7753,7751,7753,1031
1786501800,7752.75,7754.25,7752.75,7754,1178
1786502700,7754,7755.5,7753.75,7755.5,1048
1786503600,7755.5,7756.5,7755.25,7756.25,1310
1786504500,7756.25,7756.5,7754.5,7756,831
1786505400,7756,7756.25,7753.75,7754,1028
1786506300,7754.25,7755.5,7754,7755.25,542
1786507200,7755.5,7756.25,7754.25,7755.5,578
1786508100,7755.25,7756.5,7754.75,7756,596
1786509000,7756,7756.25,7754.5,7755.25,484
1786509900,7755,7758,7754.5,7757.5,1030
1786510800,7757.5,7757.75,7755,7755,664
1786511700,7754.75,7755.5,7752.75,7755.5,1079
1786512600,7755.75,7757.5,7755.25,7755.5,873
1786513500,7755.5,7757.75,7755.5,7756.75,665
1786514400,7756.75,7757.75,7754.25,7755,1084
1786515300,7755.25,7756.25,7754,7756,728
1786516200,7756,7758.75,7755.75,7756.75,1318
1786517100,7756.75,7759.75,7756.75,7759.75,1002
1786518000,7759.5,7761.5,7759,7760,2123
1786518900,7760,7761,7757.5,7758.5,1377
1786519800,7758.5,7760.5,7758,7760.5,875
1786520700,7760.25,7760.5,7757.25,7759.25,1441
1786521600,7759.5,7762.75,7759,7761.5,2359
1786522500,7761.5,7762.75,7761,7761.75,897
1786523400,7761.75,7761.75,7758.25,7760.25,1240
1786524300,7760.5,7763.5,7760,7762.5,1419
1786525200,7762.75,7765.25,7762,7765,1461
1786526100,7765,7773.5,7764.25,7768.25,5718
1786527000,7768.5,7770.75,7768.25,7769.25,2202
1786527900,7769.25,7771.25,7764.75,7766.5,2734
1786528800,7766.25,7769.75,7766.25,7769.25,1521
1786529700,7769.25,7770,7768.25,7768.25,1172
1786530600,7768.25,7770,7767.75,7769.5,1070
1786531500,7769.25,7769.75,7759,7766.5,6601
1786532400,7766.25,7769.5,7765.75,7766.5,2466
1786533300,7766.5,7767,7764.5,7766,1355
1786534200,7765.75,7769.25,7765.25,7768.75,1808
1786535100,7768.5,7771.5,7767.5,7770.75,2000
1786536000,7770.5,7772,7768,7769.75,3040
1786536900,7769.75,7781.75,7768.75,7780.75,7411
1786537800,7781,7787,7760.25,7783,18571
1786538700,7783,7785,7779.5,7785,6303
1786539600,7784.75,7787.25,7782.75,7786,6891
1786540500,7785.75,7792.75,7785.25,7791.75,13317
1786541400,7791.75,7794,7769,7772.75,71885
1786542300,7772.75,7782.5,7765.5,7770.5,62853
1786543200,7770.5,7773,7763.5,7768.5,48431
1786544100,7768.5,7777.75,7766.25,7772.25,43079
1786545000,7772.25,7775.5,7756.25,7775.25,56083
1786545900,7775.25,7776.75,7762.75,7766.75,36669
1786546800,7766.75,7768.75,7761.75,7766.5,28720
1786547700,7766,7768.5,7761.75,7768.25,19329
1786548600,7768.25,7769.5,7760.25,7762.75,22356
1786549500,7762.5,7766.5,7762,7764.75,14234
1786550400,7764.75,7770.75,7764.25,7769.75,18581
1786551300,7769.75,7771.25,7767.75,7769,14574
1786552200,7769,7773.5,7766,7771.75,17020
1786553100,7771.75,7776.25,7770,7773.5,15731
1786554000,7773.5,7777.5,7772,7774.75,12469
1786554900,7774.75,7774.75,7770.5,7772.5,13154
1786555800,7772.5,7774.5,7771,7773.25,10817
1786556700,7773,7774.25,7770.75,7772.5,10043
1786557600,7772.5,7776.75,7772.25,7775.75,10742
1786558500,7775.5,7777.75,7774,7775.25,10264
1786559400,7775.25,7781,7775.25,7779.5,13422
1786560300,7779.5,7781,7774.5,7775,13344
1786561200,7775,7778.75,7774.75,7775.75,10977
1786562100,7775.75,7777,7772.75,7774.75,11537
1786563000,7774.5,7775,7770.25,7773.5,14023
1786563900,7773.25,7774.75,7764.5,7769.75,35453
1786564800,7769.75,7778,7768.5,7772.25,12854
1786565700,7772,7773.5,7767,7768,3382
1786566600,7768,7769,7767.25,7768.5,1784
1786567500,7768,7769,7766.25,7766.5,2019
1786572000,7769.5,7771.25,7768.25,7769,2326
1786572900,7769,7769.75,7767.75,7769,1278
1786573800,7768.5,7768.75,7766.75,7768.25,1350
1786574700,7768,7769.25,7767.75,7768.75,771
1786575600,7768.75,7771.5,7768.25,7771.25,1592
1786576500,7771,7771.5,7770.25,7770.75,984
1786577400,7770.75,7771.5,7769.25,7771,1080
1786578300,7771,7771,7767.25,7768.5,1965
1786579200,7768.25,7773.5,7767.25,7770.25,3717
1786580100,7770.25,7772.75,7768.75,7769,2279
1786581000,7769,7770.5,7767.5,7769.5,1866
1786581900,7769.5,7770.75,7768.25,7770.5,1214
1786582800,7770.25,7770.75,7766,7766,2279
1786583700,7766.25,7767,7764.25,7765.5,2044
1786584600,7765.5,7768.25,7765.25,7767.25,1738
1786585500,7767.25,7771,7766.5,7770.25,2114
1786586400,7770.5,7772,7770,7771.75,1561
1786587300,7771.75,7773,7770.25,7770.75,1533
1786588200,7770.75,7774,7768,7773.25,2803
1786589100,7773.25,7773.5,7772.25,7772.75,1123
1786590000,7772.75,7773.5,7772,7773.25,742
1786590900,7773.25,7774,7772.75,7773.5,719
1786591800,7773.75,7774.75,7772.5,7774.5,792
1786592700,7774.5,7775.5,7774.25,7775,1004
1786593600,7775,7776.75,7773.5,7773.5,1449
1786594500,7773.5,7775.5,7772,7775,1400
1786595400,7774.75,7776.5,7774.5,7775,588
1786596300,7775,7777.5,7774.25,7775.75,1043
1786597200,7775.5,7779.75,7775.25,7779.75,1541
1786598100,7779.75,7780,7778.5,7779.75,1112
1786599000,7779.75,7780.5,7778.25,7778.5,1240
1786599900,7778.5,7778.75,7776.25,7776.25,756
1786600800,7776.5,7778.75,7775.75,7778.5,1260
1786601700,7778.25,7779.75,7777.75,7778.25,836
1786602600,7778.5,7779,7774.25,7774.75,1518
1786603500,7774.75,7778,7773.75,7778,1355
1786604400,7778,7779,7774,7774.75,1915
1786605300,7775,7777.75,7774,7777.5,1151
1786606200,7777.25,7779.5,7776.75,7779.25,1112
1786607100,7779.5,7780.25,7777.5,7777.75,1141
1786608000,7778,7780.25,7775,7779.5,2732
1786608900,7779.75,7782.25,7777,7781.5,2028
1786609800,7781.5,7782.25,7780,7781.75,1173
1786610700,7781.75,7783,7780.75,7781.25,1199
1786611600,7781.5,7782.25,7779.5,7779.5,1271
1786612500,7779.25,7782,7777.75,7780.5,1346
1786613400,7780.25,7783.75,7780.25,7783.25,1329
1786614300,7783.25,7784.75,7782.5,7784.25,1017
1786615200,7784.25,7784.5,7783,7783.5,938
1786616100,7783.5,7784.75,7782.75,7783.5,1120
1786617000,7783.75,7784.75,7783.5,7784.25,668
1786617900,7784.75,7786,7784,7784.75,1279
1786618800,7785,7786,7784,7784.75,1000
1786619700,7784.75,7785,7782.5,7783.75,1236
1786620600,7784,7788.5,7783.5,7788.5,2212
1786621500,7788.5,7789,7783.75,7783.75,1732
1786622400,7784,7784.5,7781,7782.25,3931
1786623300,7782.25,7783.5,7778.5,7783.25,4104
1786624200,7783.75,7790.25,7778,7784.25,10532
1786625100,7784,7788.5,7783.5,7788.25,4082
1786626000,7788.5,7791.75,7788,7790.75,7965
1786626900,7791,7793.5,7790,7793.25,7812
1786627800,7793.25,7809.25,7785.25,7801.5,64199
1786628700,7801.5,7821.5,7800.5,7820.75,53375
1786629600,7820.75,7830.25,7819.75,7829.5,43643
1786630500,7829.75,7837,7824.5,7836.25,37612
1786631400,7836.25,7838.5,7830.25,7830.25,29234
1786632300,7830.25,7830.5,7817.75,7822.25,46783
1786633200,7822,7826.75,7813.75,7815.5,43962
1786634100,7815.5,7817,7803.25,7805.75,44461
1786635000,7806,7808,7800,7803.75,39954
1786635900,7803.5,7805.5,7797.75,7799,28359
1786636800,7799,7807,7798.5,7801.25,23997
1786637700,7801,7809.5,7799.75,7809.25,19331
1786638600,7809.25,7811.5,7806,7808.5,20291
1786639500,7808.5,7812.25,7808.25,7811.25,12870
1786640400,7811.25,7818.25,7811.25,7816.25,17362
1786641300,7816.25,7819.25,7815,7815.25,13327
1786642200,7815.25,7816.75,7810.25,7810.25,17231
1786643100,7810.25,7813.75,7810.25,7811.75,11655
1786644000,7812,7816,7811,7815.25,12983
1786644900,7815.25,7816.25,7811,7814.25,12696
1786645800,7814.5,7821.75,7814.5,7820.5,16380
1786646700,7820.5,7823.75,7820.25,7822,13536
1786647600,7822,7828.75,7821.75,7824,23731
1786648500,7824,7828.25,7822.25,7825.25,15882
1786649400,7825,7827.25,7821.5,7821.75,17031
1786650300,7821.75,7824.75,7818,7823.25,38133
1786651200,7823.25,7825.5,7818.5,7822.5,13947
1786652100,7822.25,7823,7819.75,7820.25,3535
1786653000,7820.25,7823.75,7820,7823.75,2891
1786653900,7823.5,7825.5,7823.5,7825.25,3120
1786658400,7823.75,7827.5,7823.5,7824.25,2373
1786659300,7824,7826,7822.75,7824.25,1887
1786660200,7824.25,7825,7824,7824.75,591
1786661100,7824.5,7824.75,7823.5,7824,627
1786662000,7823.75,7827.5,7823.5,7827.5,1100
1786662900,7827.5,7827.5,7825,7825.5,1234
1786663800,7825.75,7826.75,7825,7826,932
1786664700,7826,7827,7825,7825.75,851
1786665600,7825.75,7828.75,7825,7825.5,2849
1786666500,7825.5,7826.25,7824,7824.25,1267
1786667400,7824,7825,7823.5,7823.5,1180
1786668300,7823.5,7824.75,7822.75,7824,1607
1786669200,7824,7824.25,7820.25,7820.5,2999
1786670100,7820.75,7822.75,7820.25,7822.25,1929
1786671000,7822.5,7824.25,7821.75,7824,1524
1786671900,7824,7824.75,7822.75,7823.5,1068
1786672800,7823.5,7826.25,7823.5,7826.25,1650
1786673700,7826,7826.5,7824.75,7826,1037
1786674600,7826,7827,7825.75,7826.5,1140
1786675500,7826.5,7827,7824,7825,1317
1786676400,7825,7826.25,7824.5,7825.75,765
1786677300,7826,7827.75,7825.75,7827.5,847
1786678200,7827.5,7827.75,7825.25,7825.5,939
1786679100,7825.25,7825.75,7824.25,7824.25,648
1786680000,7824.25,7825.5,7824,7825.25,730
1786680900,7825.25,7825.5,7824.25,7824.5,699
1786681800,7824.75,7825,7822.5,7824,1213
1786682700,7824,7824,7822.75,7823,474
1786683600,7823.25,7823.75,7821.5,7823,1098
1786684500,7823,7823.75,7822.25,7823.75,793
1786685400,7823.5,7824.5,7822.75,7824.25,767
1786686300,7824.5,7826,7824,7824.5,1017
1786687200,7824.5,7824.75,7821.25,7821.5,1218
1786688100,7821.75,7822.25,7821.25,7822,731
1786689000,7822,7822.5,7820.5,7821.25,790
1786689900,7821.25,7822.25,7821.25,7821.75,898
1786690800,7821.75,7823,7820,7820.25,1529
1786691700,7820.25,7822.25,7820.25,7821.5,742
1786692600,7821.5,7824,7821,7824,809
1786693500,7824,7824.75,7822.75,7823.5,1316
1786694400,7823.5,7826,7822.25,7823.5,2514
1786695300,7823.75,7826,7822.75,7826,1204
1786696200,7826,7828.25,7825.5,7827,1922
1786697100,7826.5,7828.5,7826.25,7826.25,1019
1786698000,7826.25,7826.5,7824.5,7826,1179
1786698900,7825.75,7827.75,7825.25,7826,950
1786699800,7826,7826.25,7824,7824.75,1235
1786700700,7825,7827.75,7824.75,7827.5,923
1786701600,7827.5,7829.5,7827,7828,1515
1786702500,7828.25,7828.25,7826.25,7827,893
1786703400,7827,7828.25,7825.5,7826.75,1703
1786704300,7827.25,7828.75,7826.25,7828.75,1493
1786705200,7828.75,7829.5,7826.75,7827,1748
1786706100,7827.25,7827.75,7826.25,7826.75,1278
1786707000,7826.75,7829.75,7826.75,7828.75,2102
1786707900,7828.75,7830.75,7828,7829.5,2040
1786708800,7829.5,7830,7821,7826.5,6025
1786709700,7826.5,7828.5,7824.75,7828,3452
1786710600,7828.25,7832,7827.75,7829,5092
1786711500,7829,7831.25,7828.5,7830.25,2408
1786712400,7830.25,7830.5,7825.75,7826.25,3427
1786713300,7826,7829.75,7825.75,7827.5,6188
1786714200,7827.75,7828,7819.25,7826.25,47937
1786715100,7826.5,7828.5,7820.25,7826,41309
1786716000,7825.75,7830.75,7823.25,7825.25,29679
1786716900,7825.25,7826,7813.75,7816.75,43954
1786717800,7816.75,7817.5,7810.5,7813.75,35754
1786718700,7813.75,7816.75,7809.5,7809.5,22257
1786719600,7809.75,7813.75,7806.5,7806.75,24642
1786720500,7806.75,7809.5,7801,7805.25,29001
1786721400,7805.25,7807,7800.5,7802.75,24048
1786722300,7802.75,7805.75,7800,7804.5,21427
1786723200,7804.5,7808,7802.75,7807.25,19051
1786724100,7807.5,7810.25,7806.5,7808.75,14052
1786725000,7809,7809.5,7803.25,7803.25,16737
1786725900,7803.25,7804.25,7798.5,7799.25,16173
1786726800,7799.25,7803.5,7798.25,7802.5,16450
1786727700,7802.75,7803.75,7798.75,7799.75,11357
1786728600,7799.75,7802,7796.5,7798,17403
1786729500,7798.25,7801.75,7796.75,7800.5,14170
1786730400,7800.75,7805.75,7799.5,7804,15432
1786731300,7804.25,7806,7801.5,7801.75,12931
1786732200,7802,7805.25,7800.75,7804.75,12898
1786733100,7804.5,7807.5,7802.75,7804.25,14253
1786734000,7804.5,7804.75,7801.5,7803,13225
1786734900,7803,7806,7800.5,7804,16297
1786735800,7804.25,7805.75,7802.5,7804.25,12477
1786736700,7804.25,7806.5,7801.5,7805.5,34334
1786737600,7805.25,7806,7800,7801,10790
1786738500,7801,7801.75,7800,7800.75,2253
1786739400,7800.75,7803.25,7800,7802.5,2960
1786740300,7802.75,7803,7801.5,7802,2659