time,open,high,low,close,Volume
1746471600,5978.75,5979.75,5951,5956,146760
1746475200,5956.25,5957.25,5947,5953.25,25839
1746482400,5948.75,5955.25,5945.25,5949.25,9232
1746486000,5949.25,5953,5947.25,5948.25,8165
1746489600,5948.25,5953.25,5943,5947.25,11990
1746493200,5947,5949.5,5938.25,5940.75,11623
1746496800,5940.75,5942.25,5935,5939.25,8788
1746500400,5939.25,5945,5933.75,5944.75,8196
1746504000,5944.75,5945.25,5937,5941.25,4607
1746507600,5941.25,5941.5,5927.75,5930.75,7558
1746511200,5930.5,5941.25,5929,5941.25,9309
1746514800,5941.25,5942.5,5922.75,5923.5,16854
1746518400,5923.25,5924.5,5907.25,5916.25,22926
1746522000,5916,5917.25,5905.75,5915.25,16420
1746525600,5915.25,5922,5911.25,5921.5,12982
1746529200,5921.5,5924.5,5898.25,5907.25,30322
1746532800,5907.25,5911.5,5901,5909,27736
1746536400,5908.75,5916,5888.75,5893,159815
1746540000,5893.25,5934,5890,5927,215593
1746543600,5927.25,5939.5,5921.25,5923.25,133747
1746547200,5922.75,5953.5,5910.5,5911.25,184084
1746550800,5911.5,5925.5,5902.25,5903.5,117211
1746554400,5903.5,5930.25,5903.5,5930.25,115714
1746558000,5930,5933.5,5905.75,5907.25,141322
1746561600,5907.5,5909.75,5886.75,5897.25,38930
1746568800,5891.25,5972.5,5890,5954.25,69132
1746572400,5954,5956.75,5944,5953.5,16821
1746576000,5953.25,5963.25,5940.5,5957.25,19050
1746579600,5957,5962.5,5947,5951,13758
1746583200,5951.25,5951.75,5934.25,5939,14095
1746586800,5939,5945.25,5937.5,5940.5,8191
1746590400,5940.25,5947.75,5940,5942.5,5888
1746594000,5942.25,5943,5932.75,5934.5,8249
1746597600,5934.25,5939.25,5927.75,5933,9052
1746601200,5933,5942.25,5931.5,5941,10672
1746604800,5941,5944.25,5933.25,5941.75,10466
1746608400,5941.25,5944.25,5934,5938.5,7255
1746612000,5938.5,5945.5,5933,5941.5,9219
1746615600,5941.75,5949,5937,5941.25,11697
1746619200,5941.25,5942,5923.5,5927,29772
1746622800,5927,5934.25,5912.75,5932.75,140296
1746626400,5932.75,5938.25,5908,5912.75,141496
1746630000,5912.75,5919.75,5901.75,5918,143961
1746633600,5917.75,5932.5,5909,5931,91580
1746637200,5931,5937.25,5906.25,5909.5,87580
1746640800,5912,5931,5877.75,5926.75,214619
1746644400,5927,5956.75,5893,5931,245512
1746648000,5930.75,5942.75,5924.5,5928.25,27760
1746655200,5927.5,5929.75,5918.25,5926.75,12974
1746658800,5926.75,5933.5,5926,5927.5,8171
1746662400,5927.75,5950.75,5922.75,5946.25,23222
1746666000,5946.25,5966.5,5943,5952.75,32990
1746669600,5952.75,5964.75,5952.5,5962.25,11550
1746673200,5962.25,5979.25,5961,5978.25,16323
1746676800,5978.5,5982.5,5976,5979.75,12626
1746680400,5979.5,5981,5971.25,5973.25,9896
1746684000,5973.25,5973.5,5964.5,5969.25,11969
1746687600,5969.25,5981,5967,5974,16360
1746691200,5974,5988.5,5970.75,5988.25,14489
1746694800,5988,5997.5,5986,5993.5,12085
1746698400,5993.75,5999,5989.25,5998.5,13100
1746702000,5998.5,5999.5,5979.75,5983,21494
1746705600,5983,5987.75,5963,5975,51654
1746709200,5975.25,5976.75,5953.25,5959.5,122500
1746712800,5959.5,5970,5934.5,5943.75,228303
1746716400,5943.5,6015.25,5938.25,6003,241192
1746720000,6003,6022.75,6002.5,6020.75,109039
1746723600,6020.5,6021.5,5994.75,5996,96224
1746727200,5995.75,6010.5,5993,6002.5,99692
1746730800,6002.5,6013.75,5964,5968.25,193247
1746734400,5968.25,5975.25,5965,5966.5,27864
1746741600,5969.5,5972.5,5963.25,5967.25,9593
1746745200,5967.5,5969.5,5957.75,5961.25,12376
1746748800,5961,5961.25,5947,5957,16094
1746752400,5956.75,5967,5955.25,5966.75,12628
1746756000,5966.75,5977.25,5964.5,5966,16566
1746759600,5965.75,5973.5,5958,5972.25,13611
1746763200,5972.25,5975,5969.25,5973.25,5885
1746766800,5972.5,5975.25,5965.5,5973.75,10787
1746770400,5973.5,5975.5,5967.5,5971.75,9248
1746774000,5971.75,5980,5965,5970.75,14837
1746777600,5970.75,5972.75,5964,5967.75,11603
1746781200,5967.5,5974.5,5966.75,5974.25,6142
1746784800,5974.5,5985,5974,5981.75,11161
1746788400,5982,5997.5,5957.75,5978.5,46139
1746792000,5978.25,5992.25,5976.25,5985.25,23382
1746795600,5985.25,5992.25,5974.75,5986.75,108566
1746799200,5986.5,5990.25,5944.5,5962.25,222865
1746802800,5962.25,5972.75,5955,5972.5,137281
1746806400,5972.5,5973.25,5947.25,5950.25,116937
1746810000,5950.5,5970.25,5944.75,5968.75,106396
1746813600,5968.75,5969.75,5957.25,5965,74093
1746817200,5965,5975.75,5957.75,5959.5,135785
1746820800,5959.5,5966.25,5955.75,5965.5,19178
1747000800,6025.25,6055.25,6015.75,6021.5,47918
1747004400,6021.5,6037.5,6019.75,6027.5,26439
1747008000,6027.25,6038,6025.25,6033.25,18687
1747011600,6033.25,6042.75,6031.75,6037.5,16178
1747015200,6037.25,6039.25,6034.25,6038,8167
1747018800,6038,6042.75,6037,6042,6381
1747022400,6041.75,6044.5,6040.75,6043,5107
1747026000,6043,6048.25,6040.75,6045.5,8132
1747029600,6045.5,6052.5,6041,6048.75,15158
1747033200,6048.75,6134.25,6048.5,6102.25,92411
1747036800,6102.5,6118,6096.75,6111.75,36435
1747040400,6112,6121.75,6110.5,6121,17967
1747044000,6120.75,6143.5,6116.75,6140.25,38226
1747047600,6140.5,6147.25,6119.75,6128.25,44809
1747051200,6128,6143.5,6126.75,6130.25,35339
1747054800,6130,6136.5,6100.75,6104.75,202587
1747058400,6105.25,6122.5,6087.5,6108.25,246979
1747062000,6108.25,6115.25,6098,6099.25,151084
1747065600,6099.5,6130,6097.25,6128.75,113413
1747069200,6128.75,6142.5,6127.5,6132.75,107105
1747072800,6133,6144.25,6131,6133.25,85042
1747076400,6133.5,6148,6125.75,6146,140334
1747080000,6146.25,6158,6145.5,6150,33260
1747087200,6149.75,6151,6140.75,6141.75,12504
1747090800,6141.75,6151.75,6138.25,6138.25,10417
1747094400,6138.5,6138.5,6129.5,6131,15083
1747098000,6131,6135,6128.25,6131.5,10922
1747101600,6131.5,6136.25,6126,6130.5,11262
1747105200,6130.25,6131.5,6123.25,6123.75,6995
1747108800,6123.75,6125.75,6117.5,6122.5,10255
1747112400,6122.5,6128.5,6121.25,6127.5,6328
1747116000,6127.5,6132.75,6124.25,6125,9141
1747119600,6125,6129.5,6120,6122.75,15209
1747123200,6123,6129.75,6119.5,6120.75,11975
1747126800,6121,6132,6119.5,6131.75,8658
1747130400,6132,6135.5,6126.75,6128.5,15447
1747134000,6128.75,6138.75,6128.25,6137.75,15276
1747137600,6138,6177,6135.5,6150.25,49465
1747141200,6150.25,6172,6145.5,6170,124547
1747144800,6170,6196.75,6169.5,6188.5,197617
1747148400,6188.5,6202.25,6184.5,6194,111458
1747152000,6194,6201.25,6185.75,6197.25,87440
1747155600,6197.25,6208.5,6194.25,6196.5,85066
1747159200,6197,6204.75,6192,6203.5,83601
1747162800,6203.75,6208.5,6184,6185.25,124418
1747166400,6185.5,6187.5,6181.25,6182.5,29662
1747173600,6183.5,6186.75,6180.75,6184.5,7852
1747177200,6184.5,6191.5,6182.5,6189.25,9035
1747180800,6189.25,6190.25,6183.5,6185.25,8657
1747184400,6185.5,6187.75,6180.25,6186.25,9300
1747188000,6186.25,6187.25,6181,6184,6595
1747191600,6184,6190,6183.75,6187,6180
1747195200,6187.25,6193,6185.25,6190.25,5991
1747198800,6190.25,6193.5,6188.5,6190.25,6226
1747202400,6190.5,6197.75,6187.25,6195.75,8786
1747206000,6196,6199.25,6185.25,6191.5,13868
1747209600,6191.5,6192.75,6184.25,6187.25,13192
1747213200,6187.25,6189,6178,6180.75,18737
1747216800,6180.75,6188.5,6178,6186,11590
1747220400,6186,6204,6186,6197.5,26712
1747224000,6197.25,6205.5,6195.25,6197.25,25613
1747227600,6197.25,6206.75,6181.25,6192,153531
1747231200,6192.25,6196,6179.75,6192,169782
1747234800,6192.25,6200.5,6174.5,6197,149394
1747238400,6197,6202.75,6187.75,6191.5,86322
1747242000,6191.75,6192,6171.75,6190,114658
1747245600,6190.25,6199.25,6182.5,6193,98713
1747249200,6193.25,6198.25,6180.25,6191.25,131927
1747252800,6191.5,6193,6187,6187.75,19705
1747260000,6186,6186,6181.75,6183.25,7133
1747263600,6183,6183.5,6174,6178.5,10418
1747267200,6178.25,6183.5,6177.5,6181.5,7508
1747270800,6181.25,6184.25,6177.25,6178.75,6921
1747274400,6178.75,6185,6176.25,6183.5,8095
1747278000,6183.5,6183.75,6178.5,6179.75,4228
1747281600,6179.75,6180.75,6178,6180.25,2777
1747285200,6180.25,6180.75,6167,6170.25,11187
1747288800,6170.25,6178.25,6169,6173,11300
1747292400,6173,6176.75,6159.75,6160.5,20090
1747296000,6160.25,6165,6149,6152.5,19659
1747299600,6152.25,6164,6148.75,6163.5,15169
1747303200,6163.75,6163.75,6157,6161.25,11820
1747306800,6161.25,6171.25,6160.25,6166.25,17276
1747310400,6166.25,6180,6158.75,6168.75,39063
1747314000,6168.75,6180.25,6166.25,6176.75,119681
1747317600,6177,6187.25,6168.5,6182.5,168178
1747321200,6182.5,6212.5,6180.75,6207.25,141851
1747324800,6207.25,6219.5,6203.75,6218.25,98734
1747328400,6218.25,6226.25,6213.25,6215,89237
1747332000,6215.25,6219.5,6202.75,6213.5,109794
1747335600,6213.5,6220.75,6199.25,6220,159289
1747339200,6220.25,6223.25,6215,6215.75,25794
1747346400,6217.25,6217.75,6212.5,6212.75,6800
1747350000,6213,6218.75,6212.25,6217.5,4990
1747353600,6217.75,6222,6206.5,6207,10801
1747357200,6207,6210.5,6204.75,6208.75,8055
1747360800,6208.5,6215.75,6206.75,6214.75,6180
1747364400,6214.5,6217.5,6213.5,6215,3658
1747368000,6214.75,6217.5,6214,6214.75,3299
1747371600,6214.75,6216,6211.75,6212.5,3516
1747375200,6212.5,6218.25,6209,6211,5830
1747378800,6211,6227.5,6209,6226,9473
1747382400,6225.75,6233.75,6224.75,6230.25,11666
1747386000,6230.5,6232,6226.5,6227.25,7061
1747389600,6227.25,6234.5,6224.75,6230.5,9712
1747393200,6230.25,6237.75,6228.5,6236.25,12418
1747396800,6236.25,6240,6226.5,6227,22846
1747400400,6227,6233,6213.5,6227.5,140953
1747404000,6227.5,6230.25,6206.5,6218.5,181205
1747407600,6218.25,6230.25,6217.5,6224,96227
1747411200,6224,6239.25,6222.75,6236.25,77770
1747414800,6236.25,6249,6234.75,6242,68658
1747418400,6242.25,6254.5,6240.5,6250,63083
1747422000,6249.75,6259.5,6245.25,6256.75,99393
1747425600,6256.75,6257.25,6220.5,6230.25,31733
1747605600,6212.25,6222.25,6199.5,6220.75,27311
1747609200,6220.75,6229.75,6217.75,6222.25,13316
1747612800,6222.5,6223,6205,6213.5,23361
1747616400,6213.5,6217.25,6209.25,6210.25,12845
1747620000,6210.5,6216.5,6207.25,6207.25,10857
1747623600,6207.25,6208.25,6191.25,6193.75,16654
1747627200,6193.75,6198.5,6191.5,6194.5,10074
1747630800,6194.5,6200.5,6192,6199,8839
1747634400,6198.75,6205.25,6186.75,6187.5,18139
1747638000,6187.5,6194.5,6184,6187.5,20183
1747641600,6187.5,6189.5,6174.5,6179.5,22930
1747645200,6179.5,6189.5,6175.25,6185.5,13967
1747648800,6185.5,6194.5,6177.25,6191.5,18518
1747652400,6191.25,6199.75,6187,6197.5,20941
1747656000,6197.75,6200.75,6190,6199.5,29892
1747659600,6199.5,6227.25,6184.25,6225.5,157547
1747663200,6225.25,6246.5,6223.5,6233.5,172715
1747666800,6233.5,6251.25,6232.75,6244.25,103033
1747670400,6244.25,6261.5,6242.5,6259,76719
1747674000,6259,6269.25,6256.75,6257.25,94474
1747677600,6257.25,6259.25,6246.75,6257.5,88358
1747681200,6257.75,6266.25,6244.5,6263,124558
1747684800,6263,6264,6252,6262.5,23986
1747692000,6262,6263.25,6257.25,6261.5,8379
1747695600,6261.5,6275,6260.25,6269,16085
1747699200,6268.75,6272.75,6263.75,6263.75,9393
1747702800,6263.75,6263.75,6246.5,6250.75,19145
1747706400,6250.75,6253.5,6247,6250.5,9002
1747710000,6250.25,6251.25,6245,6246.75,6307
1747713600,6246.75,6249.75,6244.75,6249,6964
1747717200,6249,6256,6241,6241.5,10913
1747720800,6241.25,6244.25,6237,6243,12607
1747724400,6242.75,6253.5,6239,6246.5,15682
1747728000,6246.5,6250.5,6240.75,6244,11617
1747731600,6244.25,6248.75,6239.75,6242,9185
1747735200,6242.5,6252.75,6240,6252.25,12520
1747738800,6252,6256.5,6251.5,6252,14185
1747742400,6251.75,6255.25,6244.5,6248,20901
1747746000,6248,6253,6232.25,6240.75,157788
1747749600,6240.5,6252.75,6234.75,6241.75,159946
1747753200,6241.5,6248.75,6236.75,6244.5,101133
1747756800,6244.5,6248.25,6234.25,6246.25,80054
1747760400,6246.5,6250.75,6237,6242.75,74775
1747764000,6242.75,6244.5,6218,6221.5,145720
1747767600,6221.25,6242.75,6208.25,6241.25,182270
1747771200,6241.25,6242,6233.25,6236.25,23782
1747778400,6236.25,6236.25,6217.5,6229.75,22359
1747782000,6230,6236.75,6229.25,6236.75,8424
1747785600,6236.75,6239.75,6230.5,6235,11685
1747789200,6234.75,6237.25,6226.25,6229.5,11895
1747792800,6229.75,6230.5,6223.5,6224.5,8327
1747796400,6224.25,6227.75,6221.25,6224,6345
1747800000,6224,6224.25,6217.75,6220,5169
1747803600,6219.5,6225.5,6213,6214,7946
1747807200,6214,6215.25,6205,6206.5,15999
1747810800,6206.5,6216,6206.25,6214.5,12729
1747814400,6214.25,6215.75,6202,6208.75,12730
1747818000,6208.75,6212,6194,6196.25,15203
1747821600,6196.25,6201.25,6186.5,6200.75,18548
1747825200,6200.75,6215.75,6200.5,6212.5,22984
1747828800,6212.5,6213.25,6198.5,6204.75,34361
1747832400,6204.75,6217,6190.75,6210.25,139616
1747836000,6210.25,6226.25,6200,6218.25,222624
1747839600,6218.5,6234.5,6215.25,6229.5,146566
1747843200,6229.25,6238,6226.25,6227.75,88730
1747846800,6228.25,6229.75,6149,6172.5,430312
1747850400,6173,6175.5,6149,6151.5,185365
1747854000,6151.75,6157.75,6129.5,6141,269862
1747857600,6141.25,6143.5,6132.5,6140.25,33140
1747864800,6139.5,6147.5,6132.75,6140,14628
1747868400,6140,6147.25,6137.75,6142.25,12242
1747872000,6142.5,6154,6140.25,6153.25,15897
1747875600,6153.25,6156,6144.5,6145,10788
1747879200,6144.75,6150.75,6142.75,6144.75,7533
1747882800,6144.75,6150.25,6144.75,6146.75,5855
1747886400,6147,6147.25,6143.5,6144.5,3012
1747890000,6144.5,6152.75,6142.75,6151.75,6445
1747893600,6152,6154.5,6145.25,6150.25,8537
1747897200,6150.25,6158,6145.75,6150.25,17009
1747900800,6150.25,6154.75,6146.75,6151,10588
1747904400,6150.75,6153.25,6145.25,6149.25,8844
1747908000,6149.25,6152.25,6143.25,6146.5,11697
1747911600,6146.25,6156.75,6119.75,6120.25,35771
1747915200,6120.25,6142.25,6109.75,6141.25,68638
1747918800,6141,6154.25,6124.5,6152.5,194706
1747922400,6152.25,6162.25,6125.25,6139.25,248124
1747926000,6139.25,6154,6133.5,6152.75,169018
1747929600,6153,6166.75,6140.5,6141.25,128769
1747933200,6141.5,6169,6136.75,6164.5,111899
1747936800,6164.75,6171.75,6159.5,6169,92406
1747940400,6169,6176.75,6135.5,6140.25,161887
1747944000,6140.25,6149.5,6138,6149.5,25275
1747951200,6150,6153.75,6132.75,6134.25,12906
1747954800,6134.25,6142.5,6131.75,6141.25,10940
1747958400,6141.5,6147.25,6141.25,6146.5,9589
1747962000,6147,6147,6137.75,6139.75,9117
1747965600,6139.75,6149.75,6138.75,6144.75,8597
1747969200,6145,6149.25,6141.75,6144,8131
1747972800,6144.25,6144.25,6133.25,6136,6109
1747976400,6135.75,6142.5,6134,6136.25,7290
1747980000,6136,6137,6123.25,6132,14795
1747983600,6132.25,6152,6132,6148.5,15053
1747987200,6148.25,6153.25,6141.75,6142.75,10656
1747990800,6142.5,6143,6125.25,6139.5,15609
1747994400,6139.5,6141.75,6130.75,6138.5,11083
1747998000,6138.25,6141,6049.5,6057.5,116875
1748001600,6057.75,6067,6038.25,6056.5,100862
1748005200,6056.5,6088.25,6044,6074.25,233191
1748008800,6074.5,6096.25,6073.25,6077.75,218240
1748012400,6078,6104,6074.5,6087,162983
1748016000,6087,6103,6081.75,6096.5,116529
1748019600,6096.5,6122,6093.75,6115.5,117450
1748023200,6115.5,6125.5,6107,6114.75,124564
1748026800,6114.5,6121.75,6091.75,6099,164265
1748030400,6099,6099.25,6088.5,6097,29861
1748210400,6102,6158.75,6095,6141.25,33939
1748214000,6141.25,6152.75,6141,6147.5,11395
1748217600,6147.25,6155,6143.5,6147.25,11039
1748221200,6147,6155,6143.25,6154,8478
1748224800,6154.25,6160,6150.25,6151.25,7601
1748228400,6151.25,6159.75,6151,6156.75,5503
1748232000,6157,6161.5,6155,6160.25,4317
1748235600,6160.25,6160.75,6154.75,6155,4908
1748239200,6155.5,6167.75,6151.75,6165,12702
1748242800,6165.25,6174.25,6161.5,6172.75,11493
1748246400,6172.5,6177.25,6163.5,6165.25,9797
1748250000,6165.25,6169.25,6164,6166,4935
1748253600,6166,6171.5,6164.5,6167.25,4499
1748257200,6167,6172.5,6166,6171.25,5485
1748260800,6171.25,6173.75,6166.25,6166.5,6211
1748264400,6166.5,6175,6162.25,6167.5,14881
1748268000,6167.25,6168,6156.25,6157.25,17972
1748271600,6157.75,6170,6153,6169,16066
1748275200,6169.25,6174,6166,6172.5,10269
1748296800,6172.5,6172.5,6159.5,6160.75,13162
1748300400,6160.75,6163,6157.25,6160.75,8297
1748304000,6160.75,6164,6154.75,6163.75,11068
1748307600,6163.75,6163.75,6150.25,6150.75,12801
1748311200,6150.5,6152.75,6147.75,6151.75,8051
1748314800,6151.75,6153.5,6144.5,6146.75,8228
1748318400,6146.5,6151.5,6145.5,6151,4386
1748322000,6151,6159.5,6147.75,6157.25,8011
1748325600,6157.25,6168,6157,6164.75,7993
1748329200,6164.75,6194.25,6162.5,6188.25,24032
1748332800,6187.75,6190.25,6179.25,6182.75,12819
1748336400,6182.5,6191.75,6181.5,6187,12298
1748340000,6187,6191.25,6181.5,6182,11549
1748343600,6181.75,6186.75,6175.75,6182.25,17353
1748347200,6182,6184.5,6167.75,6173.25,29019
1748350800,6173.5,6182,6150,6167.25,141369
1748354400,6167.5,6193,6167.25,6187.5,124146
1748358000,6187.5,6198.5,6186.5,6196.5,74107
1748361600,6196.75,6214,6195.75,6206.5,84742
1748365200,6206.5,6218,6206,6217.25,50400
1748368800,6217.5,6220.75,6210.75,6211,55518
1748372400,6211,6218.25,6205.25,6217.75,100782
1748376000,6217.75,6223.5,6213.75,6222.25,27668
1748383200,6223,6223,6217,6221,8973
1748386800,6220.75,6223.5,6219,6219.25,5747
1748390400,6219.25,6219.25,6216,6217.75,6196
1748394000,6217.75,6220.5,6215.25,6215.75,5746
1748397600,6215.75,6218.25,6215,6215,3324
1748401200,6215,6218,6211,6211.75,4887
1748404800,6211.5,6212.5,6209.75,6210.25,2843
1748408400,6210.25,6214.25,6208.5,6211.5,5087
1748412000,6211.75,6214.75,6207,6207.5,6001
1748415600,6208,6211.5,6204.25,6205.25,8557
1748419200,6205.25,6209,6203.75,6204.25,7166
1748422800,6204.5,6207,6200.25,6206.5,8518
1748426400,6206.5,6225.75,6205.25,6225,15360
1748430000,6225,6226.25,6216.5,6220.75,13900
1748433600,6220.75,6227.25,6219,6220.25,19382
1748437200,6220,6234.25,6211.5,6214,131278
1748440800,6214,6218,6198,6199.5,149373
1748444400,6199.25,6207.75,6193.75,6196.75,109392
1748448000,6196.5,6208.5,6196.25,6205.5,70433
1748451600,6205.5,6212.5,6200.25,6203,69149
1748455200,6203.25,6210.75,6185,6204,100837
1748458800,6203.75,6214.5,6176.25,6183.25,194420
1748462400,6183.5,6208.75,6171.75,6207.5,46477
1748469600,6205.75,6228.5,6198.25,6226.75,26354
1748473200,6226.75,6280,6226.75,6273.5,91547
1748476800,6273.75,6284.75,6258.75,6282,35718
1748480400,6282,6282.25,6266,6280,19500
1748484000,6280.25,6286,6277.25,6279.75,15004
1748487600,6279.75,6287.75,6275,6276.25,10993
1748491200,6276,6281.75,6275.25,6281,6293
1748494800,6281,6285,6278,6280.5,6712
1748498400,6280.25,6280.5,6271,6272.75,10150
1748502000,6272.75,6287.25,6266.75,6287.25,13276
1748505600,6287.25,6289.75,6271.75,6273,13266
1748509200,6273,6277,6265.5,6266.25,9948
1748512800,6266.5,6267,6246.25,6251.75,20951
1748516400,6252,6252.5,6232.75,6233.75,29813
1748520000,6233.5,6241.5,6222.25,6228.5,47374
1748523600,6228.5,6239.25,6208,6217.75,155695
1748527200,6217.75,6222,6190.25,6214.75,203569
1748530800,6214.5,6215.5,6170.25,6177,172435
1748534400,6176.75,6207,6165.5,6203.25,145878
1748538000,6203.25,6210.25,6189.25,6191,97120
1748541600,6191,6201,6181.25,6193.25,103376
1748545200,6193.5,6212.5,6188.75,6205.25,132398
1748548800,6205.25,6208.5,6197,6198.75,23407
1748556000,6194.75,6202,6187,6193,16299
1748559600,6193.25,6196.75,6186,6186.25,11122
1748563200,6186.25,6193.75,6185.75,6189.25,11022
1748566800,6189,6191.75,6172.75,6191.75,18897
1748570400,6191.5,6194.75,6189,6193.25,6986
1748574000,6193.75,6194.75,6188.5,6191,4898
1748577600,6191.25,6193.5,6188,6191.75,4036
1748581200,6191.75,6204.5,6191.25,6199.25,8643
1748584800,6199.25,6201.75,6188,6188.25,10828
1748588400,6188.5,6199.25,6184,6195,13392
1748592000,6194.75,6201,6191.75,6193.75,11181
1748595600,6193.5,6200.75,6192,6192.5,8144
1748599200,6192.25,6199.5,6189.5,6197.75,9056
1748602800,6197.75,6204.75,6195.5,6196.5,12239
1748606400,6196.5,6203.5,6158,6180.75,78175
1748610000,6181,6194.5,6166.75,6173.25,131438
1748613600,6173.5,6202.25,6173,6189.75,160544
1748617200,6190,6196.75,6176,6183,133090
1748620800,6183,6189.5,6134.75,6146.75,233926
1748624400,6146.75,6169.75,6142.25,6161.5,130228
1748628000,6161.5,6191.75,6161,6189.75,129074
1748631600,6189.75,6214.5,6188.5,6196.75,220788
1748635200,6196.75,6206.5,6187.25,6195.5,39817
1748815200,6180.25,6191.25,6176,6183.25,17511
1748818800,6183.25,6183.25,6175,6180.5,11652
1748822400,6180.5,6187.75,6178.5,6181.5,12778
1748826000,6181.75,6186,6176,6178.75,8588
1748829600,6178.75,6180.5,6172.75,6176.5,9566
1748833200,6176.5,6176.5,6168,6169,9607
1748836800,6169,6174.5,6165.75,6168.5,6487
1748840400,6168.75,6172.25,6163.25,6166.75,7557
1748844000,6166.5,6170.5,6159.25,6164.25,11103
1748847600,6164.25,6174.5,6149.25,6162.5,22936
1748851200,6162.25,6176.25,6161.25,6169.25,15897
1748854800,6169.5,6170.5,6158.25,6164.25,15461
1748858400,6164.25,6172.25,6162.75,6172,10731
1748862000,6171.5,6182,6168.75,6173.75,15639
1748865600,6174,6183.25,6171.5,6180.5,22603
1748869200,6180.75,6199.5,6164,6169,136159
1748872800,6168.5,6198,6152.25,6195.75,187337
1748876400,6195.75,6203,6183.5,6200.5,104776
1748880000,6200.25,6204.5,6192,6202.5,62547
1748883600,6202.5,6208.75,6197.25,6202,62131
1748887200,6202,6222.25,6197.5,6221.25,86301
1748890800,6221.25,6230.5,6218.75,6228.75,89982
1748894400,6229,6237.25,6228.25,6231,30079
1748901600,6231,6231.5,6223.5,6223.75,6771
1748905200,6223.75,6229.5,6211.75,6217,18390
1748908800,6217,6218.5,6213.25,6215.25,7927
1748912400,6215.5,6218,6213,6215,5681
1748916000,6214.75,6216,6203.75,6209.25,11876
1748919600,6209.25,6209.25,6202.5,6207,7155
1748923200,6207.25,6207.5,6203,6204.75,4056
1748926800,6204.75,6209,6204,6208.5,4511
1748930400,6208.5,6209.75,6202.5,6208.25,6560
1748934000,6208.25,6210.5,6192.75,6200,19043
1748937600,6200,6202,6190.75,6201.5,12584
1748941200,6201.75,6206.75,6199,6203.75,8062
1748944800,6204,6212.75,6200.5,6212.25,10314
1748948400,6212,6221.75,6210,6220,15534
1748952000,6220,6225.5,6216.5,6222,22855
1748955600,6222,6234.5,6219.5,6226.25,117336
1748959200,6226.25,6246.25,6220,6245.75,143866
1748962800,6245.75,6259,6245.5,6258.5,89744
1748966400,6258.5,6269,6254.5,6267.25,68804
1748970000,6267.25,6273,6262.5,6263,66753
1748973600,6263.25,6266.75,6249.75,6265.25,115868
1748977200,6265.25,6267.25,6254.25,6263.25,112511
1748980800,6263.5,6264.5,6257.25,6261.5,24085
1748988000,6261.75,6269,6260,6265.75,6832
1748991600,6265.5,6268,6262.25,6265.25,7144
1748995200,6265.25,6269.75,6262.25,6264.25,9011
1748998800,6264.5,6266.75,6258.25,6260.5,7425
1749002400,6260.75,6261.25,6257,6257.5,6578
1749006000,6257.5,6259.25,6256.25,6258.75,4228
1749009600,6258.5,6261.75,6257,6257.75,3866
1749013200,6257.75,6261.75,6257,6261.25,3316
1749016800,6261.5,6266.25,6258.75,6262.5,8317
1749020400,6262.5,6271.25,6259.25,6270.75,9416
1749024000,6270.75,6277.75,6270,6270.25,12072
1749027600,6270.5,6276.25,6269.5,6274,7253
1749031200,6274,6278.5,6270.25,6276,9791
1749034800,6275.75,6276.75,6270.5,6274.75,8441
1749038400,6274.75,6278.5,6255.75,6263.75,44687
1749042000,6264,6280.75,6262,6277,101802
1749045600,6276.25,6279.25,6256,6276.5,186517
1749049200,6276.25,6280,6265,6269.75,106293
1749052800,6269.75,6270.5,6258.75,6268.5,86352
1749056400,6268.75,6278,6268.5,6277,57298
1749060000,6276.75,6280.75,6269.25,6271.25,67366
1749063600,6271.25,6273.75,6259.75,6260,97469
1749067200,6260,6262.25,6257,6258.75,22388
1749074400,6258.25,6262.75,6253.25,6258,10548
1749078000,6258,6259.75,6254.75,6255.75,6599
1749081600,6256,6262.75,6255.25,6258.25,6910
1749085200,6258,6260.75,6255,6260.25,6246
1749088800,6260.25,6261,6254.75,6256.75,4810
1749092400,6257,6259.25,6256,6258.5,3167
1749096000,6258.25,6260.75,6257.5,6259.5,2568
1749099600,6259.5,6259.75,6254,6256.75,4728
1749103200,6256.75,6258.25,6254,6256.25,4245
1749106800,6256.5,6276.75,6256.5,6272.5,20308
1749110400,6272.75,6278.75,6265.75,6269,10403
1749114000,6269,6270,6263.5,6265.5,8656
1749117600,6265.75,6271.25,6260.75,6265,10919
1749121200,6264.75,6266.5,6259.25,6263.75,13243
1749124800,6263.75,6297.75,6252.75,6273.75,68502
1749128400,6273.25,6279.75,6239.25,6243,200253
1749132000,6243.25,6276.25,6240,6273.25,297790
1749135600,6273.25,6290.25,6270.75,6288.25,123884
1749139200,6288,6290,6242.5,6247.5,185418
1749142800,6247.5,6269.75,6243,6258.25,121850
1749146400,6258.5,6261.25,6230.5,6252.5,171072
1749150000,6252.5,6255.5,6210.5,6229.75,290545
1749153600,6229.75,6237,6220.75,6221.25,34841
1749160800,6215.75,6229.5,6211.75,6229.25,10880
1749164400,6229.25,6233.75,6225.5,6228.5,9490
1749168000,6228.5,6239,6228.5,6235.25,11017
1749171600,6235.5,6241.25,6233.25,6237.5,7840
1749175200,6237.75,6238.5,6234.25,6237.25,4444
1749178800,6237.25,6243.5,6235.5,6241.25,5958
1749182400,6241.5,6249.5,6239.5,6248.75,6034
1749186000,6248.5,6252.75,6248,6249.75,6505
1749189600,6250,6256.5,6245.25,6253.5,9385
1749193200,6253.5,6255.75,6249.25,6251.75,8651
1749196800,6251.75,6254.25,6246.75,6252,7366
1749200400,6252.25,6256,6249.5,6254.5,5884
1749204000,6254.75,6256.25,6248.25,6249,7211
1749207600,6249.25,6254,6244.25,6251.75,13098
1749211200,6251.25,6279.25,6250.75,6275,49389
1749214800,6275,6306.75,6272,6301.5,166098
1749218400,6301.5,6303,6284.5,6291,142644
1749222000,6291,6302,6270.5,6285.25,181277
1749225600,6285.25,6292,6266.25,6273.75,110224
1749229200,6274,6288.5,6268.75,6287.25,76992
1749232800,6287.5,6302.5,6287.25,6295.25,97838
1749236400,6295.25,6299,6287,6288.75,106561
1749240000,6288.25,6294,6286,6291.75,20730
1749420000,6291.75,6297.75,6276.5,6279.25,26994
1749423600,6279.25,6287,6276.75,6284.5,12867
1749427200,6284.75,6288.25,6280.25,6281.5,11298
1749430800,6281.5,6281.75,6277.25,6279.5,6867
1749434400,6279.5,6282.5,6274.5,6278.25,9417
1749438000,6278.25,6278.25,6274,6278,4459
1749441600,6278,6281.25,6276.25,6280,5259
1749445200,6280,6280.75,6276.25,6280.25,4482
1749448800,6280.25,6287,6277.25,6286.75,7517
1749452400,6286.75,6292.5,6282.25,6292.25,10595
1749456000,6292,6297.25,6287.5,6296,11447
1749459600,6296.25,6296.5,6291.75,6292.25,5569
1749463200,6292.25,6293.75,6288,6290.5,6845
1749466800,6290.5,6301.5,6290,6297.75,19516
1749470400,6297.75,6299.5,6293.25,6295.25,16987
1749474000,6295.25,6298.25,6281.75,6286.25,110987
1749477600,6286.25,6301.5,6284.75,6292.25,134652
1749481200,6292.25,6297.25,6287.25,6295.75,73719
1749484800,6295.75,6308.25,6290.25,6304,81228
1749488400,6304,6309.5,6298,6306.5,76666
1749492000,6306.5,6309.5,6300.5,6306.75,61986
1749495600,6306.75,6308.5,6290.25,6291.75,122391
1749499200,6292,6294,6288.75,6294,23419
1749506400,6295.25,6298.75,6293.75,6294,8036
1749510000,6294.25,6296.25,6293.75,6295.25,3211
1749513600,6295.25,6302.75,6290.5,6301.25,9631
1749517200,6301.25,6322.5,6301,6320.75,22936
1749520800,6320.5,6322.5,6316.75,6319.5,9234
1749524400,6319.5,6320.75,6316,6317.25,4366
1749528000,6317.5,6317.75,6311.25,6312.75,5079
1749531600,6312.5,6315.5,6278.5,6294.5,37418
1749535200,6294.75,6297.25,6287.75,6289.75,12957
1749538800,6289.5,6293.75,6272.75,6286.75,21996
1749542400,6286.75,6292.25,6278.25,6289.75,12632
1749546000,6290.25,6295.75,6288.25,6293.75,7742
1749549600,6293.75,6299.5,6293.5,6297.25,8494
1749553200,6297.5,6301.25,6289.5,6300.75,18211
1749556800,6300.75,6304,6298.75,6300.75,16337
1749560400,6300.75,6307.25,6296,6301.75,110116
1749564000,6301.5,6312.75,6300.75,6307,103758
1749567600,6306.75,6311.25,6286.5,6309,150771
1749571200,6308.75,6319.25,6308.25,6317.75,79097
1749574800,6318,6323,6308.75,6309.5,84631
1749578400,6309.5,6325.5,6297,6320.25,139892
1749582000,6320.25,6331,6312,6326.75,133270
1749585600,6327,6327.25,6319,6322.25,24804
1749592800,6321,6329.5,6320.25,6327.5,7621
1749596400,6327.5,6334,6313.75,6323.5,19668
1749600000,6323.25,6325.75,6313.75,6314.25,12575
1749603600,6314.5,6316.75,6306,6311.25,13575
1749607200,6311.25,6312,6307.75,6308.75,5436
1749610800,6308.75,6311.5,6307,6311,4637
1749614400,6310.75,6314.25,6304.25,6305.5,7336
1749618000,6305.5,6310.75,6303.5,6307,6716
1749621600,6307,6311,6304.75,6309,6814
1749625200,6309,6316.25,6306.5,6315,11342
1749628800,6315,6323.5,6313.25,6319.5,11511
1749632400,6319.5,6320.75,6313.25,6313.75,6787
1749636000,6313.75,6319.25,6312.25,6317.5,8515
1749639600,6317.5,6321,6306.5,6318.75,15615
1749643200,6319,6356.5,6307.75,6341,98528
1749646800,6341,6343,6317.5,6332,176458
1749650400,6332,6346.5,6327.75,6343.25,130409
1749654000,6343,6346,6328,6331.5,133470
1749657600,6331.75,6334.5,6315,6329.75,146689
1749661200,6330,6340.5,6319.25,6320.75,108675
1749664800,6320.75,6323.75,6288,6303.5,274328
1749668400,6303.75,6312.25,6292.75,6310.25,187615
1749672000,6310,6316,6306.5,6309.75,24300
1749679200,6309.75,6313.75,6297.75,6300.5,15990
1749682800,6300.25,6306.5,6296.5,6300.25,13327
1749686400,6300.5,6302.5,6286.5,6290.5,23914
1749690000,6290.75,6295.25,6278.75,6286.5,21167
1749693600,6286.25,6288,6282.75,6285.5,8908
1749697200,6285.75,6294.5,6285.25,6290.75,7908
1749700800,6290.75,6295,6289.25,6295,5586
1749704400,6294.75,6297.5,6288.5,6295,9362
1749708000,6294.75,6299.25,6290.25,6298,10887
1749711600,6298,6302.25,6277.5,6281,24670
1749715200,6281,6287.25,6269.75,6286.25,30932
1749718800,6286.25,6293.25,6282.5,6285,16763
1749722400,6284.5,6287,6276,6282.5,19754
1749726000,6282.25,6283.5,6271.25,6273,21620
1749729600,6272.75,6296.75,6263.5,6295.25,40704
1749733200,6295.5,6308,6290.25,6302.75,133974
1749736800,6302.75,6326.75,6301.25,6322,154958
1749740400,6322,6331.75,6310.75,6320,178379
1749744000,6320,6330.5,6314.25,6319.5,143535
1749747600,6319.75,6331.25,6318.75,6326.5,77939
1749751200,6326.5,6329.75,6319.5,6328.75,85756
1749754800,6328.5,6332.75,6319,6332.5,109209
1749758400,6332.25,6332.75,6324,6324,27825
1749765600,6325.25,6326,6314,6318.75,13295
1749769200,6318.75,6320,6296,6296.25,20361
1749772800,6296.25,6297.5,6230,6241.25,139542
1749776400,6241.5,6248.75,6219.5,6247.75,61591
1749780000,6247.5,6247.75,6206.75,6229,44327
1749783600,6229,6244.75,6225.75,6243,23498
1749787200,6243,6243.75,6227.75,6236.25,18180
1749790800,6236.25,6243.75,6231,6243.25,15817
1749794400,6243.5,6251.75,6237,6250.25,26352
1749798000,6250.5,6259.25,6243.25,6256,24603
1749801600,6255.75,6267.5,6251.5,6256.5,23489
1749805200,6256.5,6267.25,6250.25,6261,24331
1749808800,6261,6270.75,6255.5,6269.5,17144
1749812400,6269.5,6280.5,6267.75,6277.25,23136
1749816000,6277.25,6284,6270.75,6273.5,24595
1749819600,6273.5,6296.75,6265,6273,128656
1749823200,6273,6287,6258.75,6284.25,179962
1749826800,6284.25,6310,6281.75,6305.25,110272
1749830400,6305.25,6311.5,6295.5,6303.25,67439
1749834000,6303.25,6304.75,6282.25,6290.5,90096
1749837600,6290.75,6295.5,6248.5,6264.75,160490
1749841200,6264.5,6269.75,6246.75,6262,155074
1749844800,6262,6269.75,6258.5,6259.75,26422
1750024800,6231.25,6266.75,6225,6258.75,27950
1750028400,6259,6271.75,6252,6269.25,14606
1750032000,6268.75,6272,6263.75,6270.25,9972
1750035600,6270.25,6272,6265.5,6269.25,5035
1750039200,6269.5,6276.25,6267.25,6272.5,5010
1750042800,6272.5,6273.25,6266.5,6268.5,2969
1750046400,6268.5,6271,6266.5,6268.25,2977
1750050000,6268.25,6279.25,6268.25,6275.25,5605
1750053600,6275,6286.25,6273.5,6284.75,9540
1750057200,6284.75,6297.5,6284.5,6295.25,15950
1750060800,6295,6296,6287,6294.75,9315
1750064400,6294.75,6296,6282.5,6285.75,8656
1750068000,6285.5,6294.5,6284.5,6294.5,8041
1750071600,6294.25,6301.5,6287,6300,12685
1750075200,6299.75,6306.25,6297.75,6299.25,14525
1750078800,6299.5,6327,6295.5,6323.5,86850
1750082400,6323.25,6337.5,6322.25,6332.25,81475
1750086000,6332.25,6334.25,6320.75,6324.25,64226
1750089600,6324.5,6329.75,6317.5,6320.5,48386
1750093200,6320,6330.5,6314.25,6316.25,55930
1750096800,6316,6322,6311.5,6318.25,48196
1750100400,6318.25,6321.25,6309.5,6320.75,104338
1750104000,6320.75,6325.75,6319,6319.75,20467
1750111200,6321.75,6323,6295,6301,25371
1750114800,6300.75,6308.5,6281.5,6281.5,38993
1750118400,6281.75,6300.25,6280.25,6299.5,26270
1750122000,6299.25,6302.75,6289,6297,14135
1750125600,6297,6306.25,6283,6304.75,18444
1750129200,6304.5,6305.25,6292.5,6298,10263
1750132800,6298,6301.75,6291,6294.5,6058
1750136400,6294.5,6299.75,6290.25,6296.5,6869
1750140000,6296.75,6304,6289.5,6291.5,10055
1750143600,6291.5,6297.75,6274,6282.25,21807
1750147200,6282.5,6295,6279,6290,17627
1750150800,6290.25,6296,6279,6282.75,14318
1750154400,6282.75,6288,6274,6285.25,14477
1750158000,6285,6296,6283.5,6295.5,17733
1750161600,6295.25,6299.5,6284,6288.5,25842
1750165200,6288.5,6301.75,6285,6300.75,113602
1750168800,6300.75,6308.75,6295,6297,117357
1750172400,6296.75,6310,6293,6299,107017
1750176000,6299.25,6308.5,6285.75,6290,97548
1750179600,6290,6294,6266.5,6272,131098
1750183200,6272,6273.75,6259,6273.25,84934
1750186800,6273.25,6278.25,6263.25,6267.5,91102
1750190400,6267.5,6273.5,6262.75,6266.75,23580
1750197600,6264.5,6265,6247,6248.5,19691
1750201200,6248.5,6258.5,6246.5,6253.5,16493
1750204800,6253.5,6274,6253.5,6271.75,22363
1750208400,6272,6278,6268.5,6271.25,10228
1750212000,6271,6277.25,6268.75,6271.75,5865
1750215600,6271.5,6273,6269.25,6270,5339
1750219200,6270,6274,6265.25,6272.25,5412
1750222800,6272.25,6277,6272,6275,4463
1750226400,6274.75,6286,6273.25,6278.5,12506
1750230000,6278.75,6286,6277.75,6281,10642
1750233600,6281,6285.25,6277,6283.75,8689
1750237200,6283.75,6291.25,6283.25,6284,9566
1750240800,6284,6284.5,6263.5,6264.75,17861
1750244400,6265,6283,6263.25,6277,19661
1750248000,6277,6279.5,6269.75,6271,19661
1750251600,6271.25,6286.25,6263.5,6281.25,110653
1750255200,6281.5,6302.75,6277.25,6299,143231
1750258800,6298.75,6299.5,6286.5,6287.75,80650
1750262400,6287.75,6294,6284.25,6284.75,59507
1750266000,6285,6290.5,6270.25,6287.5,70489
1750269600,6286.25,6301.5,6257.25,6263.25,171170
1750273200,6263.25,6279.75,6255.25,6264.5,173768
1750276800,6264.75,6272.25,6263.75,6265.5,19132
1750284000,6266,6267,6255.5,6260,11475
1750287600,6260,6263.75,6257.5,6262.5,8119
1750291200,6263,6263.75,6243,6252.75,18560
1750294800,6252.75,6253,6228.75,6242.75,23204
1750298400,6242.5,6249.75,6239,6245,7573
1750302000,6245.25,6255.25,6245.25,6253.75,6314
1750305600,6253.75,6257.75,6251.75,6256.75,5322
1750309200,6256.75,6257,6243.75,6245,7141
1750312800,6244.75,6249.5,6237.25,6245.25,10824
1750316400,6245.25,6248.25,6224.75,6228.25,12485
1750320000,6228.25,6239.75,6228,6237.75,8423
1750323600,6237.5,6243.5,6236.75,6238.5,5027
1750327200,6238.5,6244,6233.25,6241.25,6259
1750330800,6241,6242.25,6227.75,6233.25,10147
1750334400,6233,6237.5,6218.25,6221.75,17247
1750338000,6222,6228.5,6197,6207,43197
1750341600,6207.25,6216.75,6205,6214.75,32232
1750345200,6215,6219.25,6201.75,6203.25,32894
1750348800,6203,6216,6202.75,6207,16135
1750370400,6217.75,6254.5,6216.5,6248,36733
1750374000,6248.25,6250.5,6243.5,6246.25,16282
1750377600,6246,6257,6244.75,6247.5,17556
1750381200,6248,6250,6236,6242,15997
1750384800,6242.5,6248.75,6240.25,6246.5,5951
1750388400,6246.5,6252.75,6244,6249.75,7253
1750392000,6250,6254,6248.25,6251.25,4739
1750395600,6251.25,6254.5,6246.25,6254.5,8344
1750399200,6254.5,6259.25,6247,6250,12476
1750402800,6250,6258.5,6245.5,6256.5,9628
1750406400,6256.75,6262.5,6241,6242.25,14452
1750410000,6242.25,6254.25,6242,6252.75,8734
1750413600,6252.75,6254.5,6246.5,6251.5,7947
1750417200,6251.5,6278,6250.75,6265.75,32503
1750420800,6265.75,6285,6265.25,6282.25,36255
1750424400,6282.5,6300,6276.5,6278.75,149745
1750428000,6278.5,6281,6244.25,6248.25,208737
1750431600,6248,6268.75,6239.25,6252,129502
1750435200,6252,6262,6246.75,6257.75,93644
1750438800,6257.75,6264.25,6232.5,6244.75,110361
1750442400,6244.5,6258.25,6237.75,6240.25,80839
1750446000,6240.25,6253.75,6236.25,6246,120359
1750449600,6245.75,6261.75,6242.75,6254,32514
1750629600,6193.25,6236.75,6178,6230.25,60980
1750633200,6230.25,6231.75,6222.25,6228.5,17117
1750636800,6228,6228.5,6217.75,6222.5,17354
1750640400,6222.5,6227.75,6219,6225.25,10297
1750644000,6225.5,6232.25,6224.75,6229.25,8476
1750647600,6229,6232.5,6228,6231,5056
1750651200,6231.25,6233,6229,6230.5,5372
1750654800,6230.75,6241.25,6230.5,6237.75,11458
1750658400,6238.25,6244.75,6235,6240,10065
1750662000,6240.25,6259,6240.25,6257,21054
1750665600,6257.25,6268.5,6254.75,6262,15947
1750669200,6262,6267.25,6255.75,6258.5,10021
1750672800,6258.25,6267,6249.5,6250.75,18101
1750676400,6251,6252.5,6231.5,6242,21981
1750680000,6242,6256.5,6240,6255.75,21126
1750683600,6255.75,6270.75,6239.5,6270.75,123095
1750687200,6270.5,6287.25,6268.25,6269,146368
1750690800,6268.75,6281,6261.25,6262.75,106446
1750694400,6262.75,6265,6221,6239.75,231096
1750698000,6240,6298.5,6235.5,6290.5,169306
1750701600,6290.5,6296.5,6285,6290.25,71371
1750705200,6290,6310.5,6289,6305.75,99514
1750708800,6306,6308.25,6301.25,6306.75,23692
1750716000,6306.75,6335.25,6304.25,6330.75,37374
1750719600,6330.5,6342,6330,6337.75,21828
1750723200,6338,6340,6328.25,6336.25,18875
1750726800,6336,6347.75,6332.5,6343.75,13016
1750730400,6343.5,6344.25,6333,6336.25,12707
1750734000,6336.25,6342,6335.5,6340.75,5393
1750737600,6340.75,6341.5,6335,6340.5,5203
1750741200,6340.5,6353.5,6340,6351.5,11644
1750744800,6351.5,6368.5,6351.25,6366.25,21807
1750748400,6366.5,6372.75,6343,6354.5,35790
1750752000,6355,6360.5,6349,6354.75,16842
1750755600,6354.5,6365.25,6354,6356.75,9613
1750759200,6356.5,6359,6350,6352,13075
1750762800,6352,6357.5,6344.5,6353.5,20703
1750766400,6353.5,6356,6342,6348.25,23719
1750770000,6348.25,6359.25,6341,6346,113187
1750773600,6344.75,6358.75,6337.5,6354.5,114084
1750777200,6354.5,6367.25,6354,6363,77158
1750780800,6363.25,6377.75,6362,6372,67270
1750784400,6372.25,6379.75,6368.5,6377.5,64322
1750788000,6377.5,6381,6374.25,6379,42723
1750791600,6378.75,6384.25,6373,6373,84501
1750795200,6373.25,6375.25,6371.25,6372,23460
1750802400,6372.75,6373.5,6367.5,6369.75,10732
1750806000,6370,6376.5,6367.5,6375.25,7325
1750809600,6375.25,6378,6373,6376.75,7888
1750813200,6376.5,6376.5,6369.5,6371,6705
1750816800,6371,6372.25,6369.5,6371.5,3018
1750820400,6371.5,6375.75,6371.5,6372.5,3475
1750824000,6372.5,6377,6372.25,6376.75,2336
1750827600,6376.75,6379,6375.5,6377.25,4031
1750831200,6377.25,6378.75,6374.5,6374.5,3801
1750834800,6374.5,6378.25,6372,6375.5,7738
1750838400,6375.5,6377.25,6370.5,6377,7112
1750842000,6377.25,6381,6373.25,6374,6634
1750845600,6373.75,6378.25,6370.5,6376.5,7715
1750849200,6376.5,6385.75,6374.5,6384.75,11695
1750852800,6384.75,6387,6381.5,6386.25,14671
1750856400,6386,6389.25,6378.75,6386.25,97785
1750860000,6386.25,6388.5,6377.25,6382,115908
1750863600,6382,6382.5,6369,6373.75,100688
1750867200,6373.75,6377.5,6368.25,6371.75,58749
1750870800,6372,6376.25,6359.75,6367.75,90519
1750874400,6367.5,6370.25,6365,6369.25,45593
1750878000,6369,6378.75,6368.5,6376.25,101612
1750881600,6376.25,6377,6372.25,6375,17203
1750888800,6373.5,6379.75,6371.75,6375.5,9287
1750892400,6375.5,6376.75,6370.25,6375.75,11611
1750896000,6375.75,6378.75,6373.5,6377.75,6336
1750899600,6377.75,6378,6373.5,6375.5,5007
1750903200,6375.5,6379.5,6375.25,6378.25,4900
1750906800,6378.25,6384,6378,6381.5,5885
1750910400,6381.75,6384.75,6380,6383.75,3536
1750914000,6383.75,6385.5,6381.75,6385,3241
1750917600,6385.25,6392.5,6384.5,6389.5,7204
1750921200,6389.75,6396,6388.25,6389,7523
1750924800,6389.25,6399.75,6388.75,6395.25,9317
1750928400,6395.25,6396,6390.75,6392,6964
1750932000,6392,6399.75,6390.25,6393.25,7992
1750935600,6393.75,6399.25,6393,6398.75,8288
1750939200,6398.75,6400.5,6386.75,6395.25,21466
1750942800,6395.25,6398.75,6388.25,6395.75,95930
1750946400,6396,6411,6395.5,6408.75,110704
1750950000,6408.75,6414,6403,6410.25,85375
1750953600,6410.25,6417.25,6409.75,6413.5,54870
1750957200,6413.75,6421.5,6411.25,6418.25,50245
1750960800,6418.25,6427,6416.25,6419.75,67319
1750964400,6420,6429,6417.5,6425.25,94773
1750968000,6425.5,6426,6418.5,6424.5,25524
1750975200,6428,6434.5,6424,6430,14987
1750978800,6430,6431.5,6424.25,6425.5,8193
1750982400,6425.75,6429,6423.5,6424.5,7689
1750986000,6424.5,6429,6422.5,6427.25,7240
1750989600,6427.25,6431.25,6426.25,6430.75,5754
1750993200,6431,6433.25,6430.25,6430.75,5562
1750996800,6431,6431.5,6429,6429,3262
1751000400,6429,6434.75,6428.75,6433.25,5476
1751004000,6433.5,6443.75,6432.5,6440,10142
1751007600,6439.75,6443.75,6437.5,6439,8038
1751011200,6439.25,6442,6437,6440.75,6652
1751014800,6441,6441.5,6436.5,6439.5,5288
1751018400,6439.5,6440,6436,6438.75,4231
1751022000,6439,6447.75,6438.25,6447.25,10818
1751025600,6447.5,6449.75,6437.25,6438.5,25295
1751029200,6438.25,6450.5,6431,6447.5,97471
1751032800,6447.5,6460.25,6447.5,6451.75,134094
1751036400,6452,6465,6449.5,6462.75,68765
1751040000,6463,6468,6460.25,6463.5,57354
1751043600,6463.75,6463.75,6436,6445.5,124962
1751047200,6445.5,6447.75,6412.5,6416.25,168054
1751050800,6416.25,6455.75,6414.25,6452.5,141572
1751054400,6452.25,6452.5,6445.75,6449.5,25213
1751234400,6452.25,6472.25,6452.25,6468,23437
1751238000,6468,6474.25,6466.25,6467,16207
1751241600,6467,6471,6464.75,6469,10439
1751245200,6469,6470.25,6465.5,6467.75,7293
1751248800,6467.5,6477.75,6466.75,6475.25,10929
1751252400,6475,6478.25,6473.75,6476.75,4978
1751256000,6477,6479,6476,6476.5,4327
1751259600,6476.5,6481.25,6475.5,6480,5813
1751263200,6480,6484,6478,6479.5,8876
1751266800,6479.75,6479.75,6472.75,6475.25,10557
1751270400,6475.5,6480,6473.25,6475.75,6400
1751274000,6475.75,6482.5,6474,6476,7498
1751277600,6476,6481,6475.5,6479.25,5316
1751281200,6479.25,6482.5,6477.75,6479.25,8651
1751284800,6479,6479.75,6471,6474.25,18060
1751288400,6474,6479.5,6462,6467.75,107796
1751292000,6467.75,6471.75,6459.75,6463.75,114613
1751295600,6463.75,6473,6460.5,6468,98626
1751299200,6468.25,6475,6464.5,6470,69040
1751302800,6469.75,6471.75,6453,6461.75,92171
1751306400,6461.75,6472.5,6456.25,6472.5,108622
1751310000,6472.25,6494.5,6472,6480.5,189577
1751313600,6480.5,6483.5,6473,6474.25,31139
1751320800,6474.5,6479,6472,6473,9057
1751324400,6473,6480,6471.25,6479.25,8526
1751328000,6479.25,6485.5,6479.25,6484.5,10613
1751331600,6484.5,6486.75,6481.5,6486.5,7274
1751335200,6486,6486.25,6477.25,6477.75,6563
1751338800,6477.75,6479.75,6475.75,6476.25,5157
1751342400,6476,6477.75,6472.5,6473.5,4886
1751346000,6473.25,6475.25,6470.25,6472.5,5910
1751349600,6472.25,6473.5,6469,6472.75,6542
1751353200,6472.5,6479.25,6467,6472.75,10537
1751356800,6472.75,6476.25,6467.25,6472.75,8526
1751360400,6472.75,6473.75,6465,6470.25,7629
1751364000,6470.25,6472.25,6467.5,6470.5,5255
1751367600,6470.5,6472.5,6466.25,6469.75,8780
1751371200,6469.75,6471.25,6456.25,6463.25,27806
1751374800,6463,6478.5,6460.75,6474.5,91036
1751378400,6473,6482,6462.25,6466.5,152718
1751382000,6466.25,6476.75,6456.5,6470.75,156096
1751385600,6471.25,6483.25,6468.5,6472.5,112706
1751389200,6472.5,6490.5,6471.25,6488,82953
1751392800,6488,6489.25,6481.25,6482,60398
1751396400,6481.75,6489.75,6469,6478,171674
1751400000,6478.25,6479,6473,6477.25,19547
1751407200,6477.25,6483,6474,6483,8240
1751410800,6483,6484,6479.5,6481,5525
1751414400,6481,6484,6480.5,6482,4948
1751418000,6482,6482.75,6476.25,6476.75,5510
1751421600,6476.75,6488,6473.75,6487.75,10817
1751425200,6488,6489.75,6487,6488.5,5706
1751428800,6488.25,6496.5,6487.75,6494.25,8357
1751432400,6494.5,6494.5,6489.25,6493.5,5821
1751436000,6493.25,6499,6492.5,6498.75,7831
1751439600,6498.75,6499.25,6484.5,6486.25,11624
1751443200,6486.5,6489.5,6481.25,6484,10105
1751446800,6484,6486.5,6482.25,6486,5409
1751450400,6485.75,6486.5,6481,6484,6685
1751454000,6483.75,6487.5,6474.75,6479,14462
1751457600,6478.75,6482,6464.5,6469,43041
1751461200,6469,6478,6466,6474,104957
1751464800,6474.25,6492.75,6473.75,6488.75,143908
1751468400,6488.75,6495.75,6486.5,6493.75,73433
1751472000,6493.75,6497.25,6489.5,6497,51797
1751475600,6497,6498.25,6492,6495,45788
1751479200,6495.25,6500.75,6493,6499.25,47839
1751482800,6499.5,6505.5,6497,6504.25,81053
1751486400,6504.5,6508.25,6500,6506.5,22989
1751493600,6505.75,6507.75,6502,6505.75,7159
1751497200,6506,6507,6504.75,6506.75,2862
1751500800,6506.5,6508.75,6504.5,6506.5,4795
1751504400,6506.25,6508.75,6503.75,6505.5,4892
1751508000,6505.25,6505.5,6499.25,6504.25,6489
1751511600,6504,6512.5,6503.75,6508,9402
1751515200,6508,6511.5,6507.5,6509.25,3551
1751518800,6509.25,6510,6506,6509.75,3856
1751522400,6509.75,6513,6507.75,6510.5,4365
1751526000,6510.25,6514.5,6509,6509.75,5465
1751529600,6509.5,6511.25,6503.5,6503.5,5939
1751533200,6503.5,6509.75,6503,6504.75,6800
1751536800,6505,6507,6501.5,6506.5,5961
1751540400,6506.5,6509.75,6505.5,6509.75,9393
1751544000,6509.5,6526,6506.75,6514.25,44892
1751547600,6514.25,6543.75,6513.75,6539.25,108587
1751551200,6539,6553.75,6538.75,6552.25,88954
1751554800,6552.25,6560.25,6551,6558.25,65042
1751558400,6558.5,6562.5,6547.75,6552,90530
1751562000,6552,6556.25,6549,6552.5,19435
1751580000,6551,6552.5,6542,6546.75,9728
1751583600,6546.5,6548,6543.5,6544.5,4034
1751587200,6544.25,6544.25,6540.25,6540.75,5528
1751590800,6541,6547.5,6540.75,6543.75,5155
1751594400,6543.75,6544.25,6536.25,6540,6318
1751598000,6539.75,6540.75,6536.75,6537.25,3621
1751601600,6537.5,6538.5,6533.25,6535.5,4543
1751605200,6535.75,6538,6532.75,6537.5,3753
1751608800,6537.25,6537.75,6531,6531.5,5273
1751612400,6531.5,6534.25,6519,6519.5,11212
1751616000,6519.5,6524.5,6514.5,6515.5,9559
1751619600,6515.5,6519.5,6512.5,6518.25,7924
1751623200,6518.25,6520,6505,6510.5,8619
1751626800,6510.25,6517,6509,6514.25,7499
1751630400,6514,6516.5,6511,6514,5773
1751634000,6514,6517.75,6508.5,6516.5,14983
1751637600,6516.5,6521.5,6513.5,6519.25,10936
1751641200,6519.25,6521.25,6514,6518.25,8279
1751644800,6518.25,6519,6510.75,6512.5,6771
1751839200,6536.25,6542.5,6524,6529.75,26796
1751842800,6529.5,6535,6527.5,6530.25,11027
1751846400,6530.25,6535.25,6528.5,6530.75,9569
1751850000,6530.5,6530.75,6519.75,6526.25,15021
1751853600,6526.25,6530.75,6525.25,6527.25,8650
1751857200,6527,6531.25,6523,6531,7577
1751860800,6530.5,6535,6525.5,6526.25,6725
1751864400,6526.5,6527.5,6523.5,6526.25,5602
1751868000,6526,6526.25,6519.75,6523.5,8497
1751871600,6523.75,6526.75,6520.75,6526.25,6354
1751875200,6526.5,6527.5,6521,6523,7217
1751878800,6522.75,6535.75,6521.75,6535.5,8866
1751882400,6535.5,6540.25,6533.75,6534,9211
1751886000,6534.25,6540.25,6533.25,6539.5,7565
1751889600,6539.5,6544.25,6530,6531.75,21876
1751893200,6531.75,6538,6525.25,6534.25,105506
1751896800,6534,6535.75,6517,6518.75,139667
1751900400,6518.75,6521.5,6508.25,6514.75,101480
1751904000,6514.75,6520.25,6486,6495.25,201510
1751907600,6495,6511.75,6492.5,6497.5,114406
1751911200,6497.25,6500.75,6475.25,6498.75,133920
1751914800,6498.5,6507,6490.5,6504.5,124988
1751918400,6504.5,6505,6487,6492.25,27079
1751925600,6492.5,6495.5,6483.5,6491.25,13453
1751929200,6491.25,6498,6490.25,6497.5,8025
1751932800,6497.25,6504.75,6492.5,6502.5,10947
1751936400,6502.5,6506.75,6499.25,6501,8945
1751940000,6501,6509,6500.25,6508.5,6679
1751943600,6508.5,6509,6504,6505,5008
1751947200,6504.75,6508.75,6504.5,6505.5,3636
1751950800,6505,6511,6504.25,6510.5,5955
1751954400,6510.5,6513.5,6507,6512.25,8249
1751958000,6512,6518.25,6506.75,6516.25,9403
1751961600,6516,6516.25,6508.5,6512,6259
1751965200,6512,6514,6505.75,6506.75,5858
1751968800,6507.25,6515,6502.75,6512.25,9490
1751972400,6512.25,6515.75,6510,6511.25,7650
1751976000,6511.25,6513,6505.75,6511.25,14706
1751979600,6511.25,6513.25,6501.75,6503,96712
1751983200,6503.25,6511.75,6491.25,6501,208567
1751986800,6500.75,6508.75,6493.5,6507.25,97793
1751990400,6507,6517.75,6500.25,6504.25,132546
1751994000,6504.5,6509.75,6494.5,6508.25,91809
1751997600,6508,6509.75,6499.5,6501.75,55379
1752001200,6501.75,6505,6496.5,6499.5,81903
1752004800,6499.5,6503.25,6498.25,6501,17883
1752012000,6500.75,6505,6499.75,6502.5,5069
1752015600,6502.5,6505.5,6498,6499.25,6432
1752019200,6499.25,6499.25,6491.25,6494,9235
1752022800,6494,6498.25,6488.75,6497.5,9527
1752026400,6497.25,6499.75,6495.5,6496,5330
1752030000,6496,6497.25,6493.25,6494.25,4419
1752033600,6493.75,6498.75,6493.25,6497.25,4374
1752037200,6497.25,6498,6492.5,6494.75,4838
1752040800,6494.75,6500.75,6489.25,6500,8558
1752044400,6500,6503.25,6495.25,6501,7961
1752048000,6500.75,6503.5,6497.75,6501,7951
1752051600,6501,6513,6501,6509.5,12068
1752055200,6509.25,6511.5,6506,6509.5,6865
1752058800,6509.5,6517,6508.25,6513.5,9615
1752062400,6513.25,6519.5,6511.5,6515.75,18263
1752066000,6516,6544.25,6514,6539.25,126617
1752069600,6539,6542,6506.5,6510.5,242391
1752073200,6510.25,6521.75,6503,6515.25,143133
1752076800,6515.25,6520.25,6511.25,6516.25,64531
1752080400,6516.25,6524.75,6512,6520.75,82972
1752084000,6520.5,6532.25,6519.5,6530.5,69956
1752087600,6530.5,6538.5,6527.25,6536,83489
1752091200,6536,6539,6531.75,6535.25,23764
1752098400,6535.5,6541,6532.25,6538.75,7569
1752102000,6538.75,6539,6531.75,6532.5,7078
1752105600,6532.25,6532.5,6525,6525.75,13464
1752109200,6525.75,6527.25,6521,6521.75,10692
1752112800,6521.75,6528.75,6521.5,6527,6450
1752116400,6527,6527,6520.25,6521.75,7026
1752120000,6521.75,6522,6519.25,6521,3461
1752123600,6521,6523.25,6518.75,6522.25,5544
1752127200,6522.25,6523.5,6517.25,6519.75,6962
1752130800,6519.75,6524.5,6516.5,6523,8806
1752134400,6523.25,6530.5,6522,6529.25,9035
1752138000,6529.5,6530.5,6523.5,6527,7075
1752141600,6527,6532.5,6526.25,6531.25,6034
1752145200,6531,6540.5,6529.75,6538.25,13868
1752148800,6537.75,6538.25,6528.75,6531.5,24207
1752152400,6531.25,6539,6526,6529,102136
1752156000,6529,6546.5,6525,6544,167715
1752159600,6543.75,6553.5,6543.5,6552.75,91105
1752163200,6552.5,6553.5,6545.5,6550.75,69079
1752166800,6550.75,6563.5,6550.75,6561.75,63053
1752170400,6561.75,6564.5,6556.5,6558.25,50725
1752174000,6558.25,6562.25,6547.5,6553.5,100927
1752177600,6553.5,6554.25,6548.25,6550.5,22938
1752184800,6551.5,6557.75,6549,6557,8197
1752188400,6557.25,6559.5,6555.75,6558.75,5624
1752192000,6558.75,6558.75,6512.25,6521.5,72936
1752195600,6521.5,6531.5,6516.75,6528.25,20343
1752199200,6528,6533,6527,6532.25,7863
1752202800,6532.25,6538.5,6532,6538,7190
1752206400,6538.25,6540.5,6536.25,6538.5,5190
1752210000,6538.25,6539.5,6531,6531,6674
1752213600,6531.25,6538.25,6531,6535.25,7804
1752217200,6535,6537.75,6519,6519.75,16960
1752220800,6519.75,6523,6513.75,6519.75,15431
1752224400,6519.75,6522.5,6508,6509.25,13474
1752228000,6509.25,6515.25,6505.5,6509,15708
1752231600,6509,6524,6508.5,6519.75,17575
1752235200,6519.5,6522.25,6513.25,6518.25,20040
1752238800,6518.25,6527.75,6507.5,6524.75,123639
1752242400,6524.75,6536.5,6522.25,6531,120363
1752246000,6531,6539,6519.25,6530.5,113018
1752249600,6530.5,6537.25,6523.75,6536.25,74879
1752253200,6536.5,6539,6530.5,6538.25,55624
1752256800,6538,6542,6533.75,6537,57659
1752260400,6536.5,6540.5,6524,6528.25,120646
1752264000,6528.25,6529,6522.25,6523.25,25028
1752444000,6503.25,6509.5,6492.25,6507.5,30383
1752447600,6507.5,6508.25,6497,6504.5,17643
1752451200,6504.5,6507.25,6499.5,6499.75,11560
1752454800,6500,6502.5,6497.25,6500.75,8948
1752458400,6501,6503.75,6499.25,6499.5,5217
1752462000,6499.75,6502.75,6498,6502.25,3915
1752465600,6502.25,6503,6499.75,6499.75,2769
1752469200,6499.75,6502.75,6492.75,6493.5,6657
1752472800,6493.5,6498,6490.25,6495.5,9745
1752476400,6495.5,6506.75,6487.25,6505.75,18232
1752480000,6506,6510.5,6502,6508,10592
1752483600,6508.25,6513,6506.25,6512.5,6539
1752487200,6512.75,6513,6507.25,6508.5,5848
1752490800,6509,6514.75,6505.75,6510.5,12728
1752494400,6510.5,6514.75,6509,6511.75,11795
1752498000,6511.5,6526.25,6508.5,6518,132343
1752501600,6518.25,6528.75,6513.75,6526.5,132327
1752505200,6526.25,6535.75,6524.25,6531.25,86853
1752508800,6531,6536.75,6527.75,6534.75,51399
1752512400,6534.75,6542,6534.5,6539,50370
1752516000,6539,6544,6538,6541.75,36793
1752519600,6542,6543.5,6535.25,6539.75,77586
1752523200,6540,6541,6536,6538.5,19844
1752530400,6538,6538.5,6530.5,6530.75,10167
1752534000,6530.75,6534.25,6529.75,6533,5036
1752537600,6533,6535.5,6530.25,6531.75,6963
1752541200,6531.75,6564.75,6529.75,6556.25,32305
1752544800,6556,6559.75,6537.25,6540.75,29997
1752548400,6540.5,6548,6537.75,6546.25,11295
1752552000,6546.25,6552.75,6544.75,6552,7220
1752555600,6552,6562.5,6551.5,6559.5,12383
1752559200,6559.5,6561,6555.75,6558.5,5782
1752562800,6558.75,6560.5,6554.5,6558.5,7943
1752566400,6558.5,6561.25,6555,6558,9477
1752570000,6557.75,6564.5,6556.75,6563.75,7218
1752573600,6563.5,6570.25,6561.25,6563.75,11975
1752577200,6563.5,6569.75,6559.25,6562.5,14056
1752580800,6562.75,6578,6553.75,6564.5,42343
1752584400,6564.5,6571.25,6546.75,6547.75,156096
1752588000,6548,6555.5,6529,6530,194151
1752591600,6530,6545,6530,6539.25,122959
1752595200,6539.5,6541.25,6520.75,6523,95963
1752598800,6523,6537.75,6520.25,6537.25,77309
1752602400,6537.5,6540,6523.75,6524,77515
1752606000,6523.75,6529.75,6511,6511.5,116611
1752609600,6511.5,6513.75,6501.5,6502.5,41539
1752616800,6502.75,6506.5,6493.5,6499.5,18749
1752620400,6499.75,6502.75,6494.25,6501.5,11124
1752624000,6501.25,6502.75,6495,6501.5,10870
1752627600,6501.25,6507,6501,6506.25,10537
1752631200,6506,6506.75,6501.25,6502.75,5532
1752634800,6503,6505.5,6502,6502,4292
1752638400,6502.25,6506.75,6501.75,6503.75,4452
1752642000,6503.75,6508.5,6497.75,6501,13077
1752645600,6500.75,6501.5,6492.75,6494.25,8905
1752649200,6494.25,6501,6486.25,6500.75,19373
1752652800,6500.75,6510,6499,6508,10908
1752656400,6508,6508.75,6502.75,6508,7220
1752660000,6508.25,6511.5,6506.25,6509.5,7810
1752663600,6509.75,6512.5,6506,6512.25,11279
1752667200,6512.5,6529.5,6510,6526.25,36314
1752670800,6526.5,6531,6510,6510.75,126893
1752674400,6511,6524,6505.25,6511.75,201637
1752678000,6511.75,6524,6469.75,6510,400278
1752681600,6509.75,6521.75,6500,6521.5,104431
1752685200,6521.5,6528.5,6519.25,6521.25,58202
1752688800,6521.5,6534.25,6517.5,6534,56483
1752692400,6534.25,6537.5,6528.75,6531.75,76172
1752696000,6532,6532.5,6526.5,6528.25,21004
1752703200,6528.5,6529.75,6520.5,6521.5,10700
1752706800,6521.5,6523.5,6520,6522.25,6558
1752710400,6522.25,6526.25,6519,6525.75,9683
1752714000,6525.5,6526.75,6519,6520.75,6653
1752717600,6520.5,6520.75,6518,6519,4084
1752721200,6519.25,6521.75,6517.25,6521.5,3685
1752724800,6521.5,6522.75,6519.5,6522.25,3125
1752728400,6522.5,6533,6521.75,6530.25,9783
1752732000,6530.25,6540.5,6530,6537.5,12169
1752735600,6537.5,6538.5,6531.25,6533.25,10907
1752739200,6533,6536.75,6530.75,6535,7564
1752742800,6535,6540,6534.75,6536,5830
1752746400,6536,6537.5,6531.5,6531.75,6588
1752750000,6532,6532.75,6526.25,6528,11530
1752753600,6528,6544,6526.5,6543.25,29370
1752757200,6543.25,6551.75,6531,6547.75,115125
1752760800,6547.75,6552.5,6537.75,6547.75,131506
1752764400,6547.75,6562.75,6547.5,6562,92869
1752768000,6562.25,6565.25,6555.25,6558.5,67470
1752771600,6558.5,6564.5,6556.5,6564.25,47739
1752775200,6564.5,6571.75,6561.25,6570,56035
1752778800,6570,6574.5,6566.5,6571.25,104224
1752782400,6571.25,6574.25,6567.75,6571.25,22432
1752789600,6571.25,6572.75,6567.5,6571.25,7424
1752793200,6571.25,6579.75,6571,6578.25,11765
1752796800,6578.25,6579.5,6575.25,6576,6382
1752800400,6576,6577.5,6574.5,6575.25,3954
1752804000,6575.5,6580.75,6574,6579.25,4973
1752807600,6579.5,6581.75,6578,6579,4573
1752811200,6578.75,6580.5,6577.75,6580,2765
1752814800,6579.75,6585.25,6579.75,6584.75,6496
1752818400,6584.75,6586,6582,6583.25,4711
1752822000,6583.25,6583.75,6574,6575,10264
1752825600,6575,6579.75,6575,6577.75,5774
1752829200,6577.5,6579.25,6576.5,6577.25,3149
1752832800,6577.25,6577.75,6570,6571.75,6914
1752836400,6572,6574,6568.5,6572.25,9247
1752840000,6572.25,6577.75,6571.75,6576.75,16787
1752843600,6577,6582.5,6571.25,6573.75,115608
1752847200,6573.75,6583.75,6557.25,6559,152781
1752850800,6558.75,6569.5,6556.5,6569,83082
1752854400,6569,6569.5,6552.5,6554.5,105785
1752858000,6554.25,6563.25,6551,6558.75,68723
1752861600,6558.75,6562,6554,6560,44928
1752865200,6560,6566,6558,6564,65171
1752868800,6564,6565,6562.25,6564.5,17578
1753048800,6564.5,6568.25,6558.75,6567,15382
1753052400,6567.25,6572,6565.75,6571.75,7749
1753056000,6571.75,6572.75,6570.25,6571,4628
1753059600,6571,6574,6570.25,6570.75,6052
1753063200,6570.75,6572.25,6569,6569.5,3573
1753066800,6569.75,6570.75,6567.5,6568.75,2604
1753070400,6568.75,6572.25,6568.5,6572.25,3257
1753074000,6572,6573,6570,6570.75,3099
1753077600,6571,6578.75,6570,6575.25,6859
1753081200,6575.25,6580.5,6575,6578.25,5726
1753084800,6578,6583.25,6578,6580.75,7097
1753088400,6581,6582.5,6579.5,6580.25,2756
1753092000,6580.5,6583,6577,6579.5,8264
1753095600,6579.75,6580.25,6577,6577.75,7033
1753099200,6578,6579,6570.75,6571.5,14697
1753102800,6571.5,6594.5,6568.75,6593.5,105791
1753106400,6593.5,6601.75,6591.25,6597.75,102504
1753110000,6597.75,6603,6596,6599.25,59377
1753113600,6599.5,6600.75,6592.5,6600,67548
1753117200,6600,6602.75,6598.25,6598.75,39225
1753120800,6599,6599.75,6590,6590.5,57130
1753124400,6590.75,6591,6570,6574.25,169487
1753128000,6574.5,6577.75,6572.75,6577.5,22986
1753135200,6576.75,6578.75,6575,6576.5,6786
1753138800,6576.75,6578,6575,6577.25,3841
1753142400,6577,6580.5,6576.25,6577,6865
1753146000,6576.75,6581.25,6575.75,6580.75,5488
1753149600,6580.5,6581,6575.75,6576.25,3350
1753153200,6576.75,6577.75,6572.5,6574.25,5161
1753156800,6574,6574.5,6569.25,6570.25,6200
1753160400,6570.5,6571.5,6568,6570.5,5601
1753164000,6570.75,6571.75,6568.75,6570.5,3839
1753167600,6570.5,6576,6565.75,6568.5,10916
1753171200,6568.5,6573,6564.25,6566.5,10671
1753174800,6566.25,6568.25,6564.75,6566.5,5415
1753178400,6566.75,6569.75,6566,6569,7214
1753182000,6569,6575.75,6566.5,6575.5,15466
1753185600,6575.25,6578.25,6573,6577.25,15186
1753189200,6577.25,6578.5,6547.5,6554.75,169122
1753192800,6555,6567,6548.25,6565.75,165104
1753196400,6566,6567.5,6559.5,6562.5,78011
1753200000,6562.75,6567.5,6556.25,6565,73238
1753203600,6564.75,6578.75,6563.75,6569.75,75474
1753207200,6570,6581.75,6561.25,6580,91854
1753210800,6579.75,6582.75,6573.5,6574.5,82037
1753214400,6574.5,6576.5,6571.75,6576.5,25032
1753221600,6576,6579.25,6571.5,6573.75,8518
1753225200,6573.75,6592.75,6573.5,6591.25,29097
1753228800,6591,6592.75,6578.75,6579.75,15252
1753232400,6579.75,6590,6578,6590,10628
1753236000,6589.75,6590,6585.5,6589.25,5424
1753239600,6589.5,6592,6586.75,6588,5557
1753243200,6588,6591.75,6586.5,6591.5,3522
1753246800,6591.25,6593.5,6590.5,6591.5,6884
1753250400,6591.75,6594.75,6589.25,6594,5857
1753254000,6594,6596.5,6589.5,6590.5,9256
1753257600,6590.5,6600.75,6590.25,6600.25,11141
1753261200,6600,6602.25,6597,6601,6971
1753264800,6600.75,6603.25,6599,6599.25,9072
1753268400,6599.25,6599.75,6592.75,6598.75,14901
1753272000,6598.75,6601.5,6595.25,6598.5,14107
1753275600,6598.5,6606.75,6583.25,6585.5,116484
1753279200,6585.25,6593.25,6582.5,6592.5,102917
1753282800,6592.5,6614,6588.5,6606.5,150677
1753286400,6606.5,6612.25,6599,6604.25,108204
1753290000,6604.25,6615,6600.75,6611,80985
1753293600,6611.25,6622.5,6611.25,6618.5,69066
1753297200,6618.75,6628.25,6615.5,6628.25,87598
1753300800,6628.25,6636.5,6621.5,6634.75,37713
1753308000,6633.75,6633.75,6629.5,6630,7995
1753311600,6630,6634,6629.25,6632.75,4746
1753315200,6632.75,6633.5,6629.5,6631,5292
1753318800,6630.75,6635.75,6630.5,6634,5172
1753322400,6634,6635.5,6633.25,6634,2859
1753326000,6634,6634.25,6628.75,6629.25,3792
1753329600,6629.25,6630.75,6628,6630,2892
1753333200,6629.75,6631,6628,6628,3164
1753336800,6628.25,6632,6625,6625.25,6019
1753340400,6625.25,6626.75,6622.5,6625,7288
1753344000,6624.75,6631,6623,6630,7350
1753347600,6630,6633.25,6628.25,6632,5176
1753351200,6632.25,6633.75,6624.5,6627.5,8921
1753354800,6627.5,6635.75,6626.75,6632.75,11170
1753358400,6632.75,6633.75,6620.25,6627.25,24596
1753362000,6627.25,6639,6623.5,6636,102389
1753365600,6636,6641.75,6625.5,6640.5,118528
1753369200,6640.75,6644.5,6638,6640.75,72834
1753372800,6640.5,6641.25,6627.75,6634.5,88965
1753376400,6634.25,6645.75,6632.75,6638.25,62879
1753380000,6638,6647.25,6632.5,6637.75,72208
1753383600,6637.75,6643.5,6628.5,6630.75,94410
1753387200,6630.75,6636.75,6628.25,6635.25,24694
1753394400,6635.5,6642.25,6633.75,6639,8824
1753398000,6638.75,6641,6636.25,6640.25,5951
1753401600,6640.25,6643.75,6639.25,6642.75,7414
1753405200,6643,6647,6642,6645.75,6265
1753408800,6645.75,6647.75,6645,6645.5,4234
1753412400,6645.75,6650.25,6645.5,6647.5,6116
1753416000,6647.5,6648,6639.5,6640.5,6012
1753419600,6640.5,6642.5,6640.25,6641.5,3321
1753423200,6642,6643.5,6637.5,6638,4932
1753426800,6638,6639,6631.5,6633.75,11771
1753430400,6633.5,6637,6630.25,6635.25,7544
1753434000,6635.25,6637.5,6632.75,6636.5,5054
1753437600,6636.5,6639,6634.75,6638,5165
1753441200,6638.25,6638.25,6633,6634.5,6429
1753444800,6634.5,6639.25,6633.5,6636,12744
1753448400,6636,6639.75,6630.75,6635.5,87729
1753452000,6635.75,6645,6631.75,6641.5,101419
1753455600,6641.75,6644.5,6639.5,6642.5,52195
1753459200,6642.75,6653.5,6641.25,6652.25,65712
1753462800,6652.25,6657.75,6650.5,6655.25,43439
1753466400,6655.25,6660,6653.75,6656,45305
1753470000,6656.25,6660,6650.25,6654.75,78395
1753473600,6654.75,6658,6651,6657.5,28783
1753653600,6676,6685,6671.75,6674,20365
1753657200,6673.75,6681.5,6672.75,6676.5,9737
1753660800,6676.75,6680.25,6674.75,6680,6184
1753664400,6680,6680,6676.75,6679,4433
1753668000,6678.75,6682.75,6677.5,6681,5014
1753671600,6680.75,6681,6678.75,6680.25,3179
1753675200,6680.25,6683.5,6680,6682.75,2709
1753678800,6682.75,6685.25,6682.25,6684.5,5479
1753682400,6684.5,6686.75,6680.25,6680.5,7081
1753686000,6680.5,6681.5,6673.25,6676,12249
1753689600,6675.75,6676.25,6672.75,6673.5,7204
1753693200,6673.5,6674.75,6669,6669.75,7734
1753696800,6669.75,6671.25,6662,6664.25,12805
1753700400,6664.25,6666.5,6662.75,6665,10587
1753704000,6665,6669.5,6662.25,6668.5,16076
1753707600,6668.5,6668.5,6653.25,6657,110730
1753711200,6657,6663.25,6654.5,6657,109254
1753714800,6657,6658.25,6645.75,6656.25,93170
1753718400,6656.25,6659.25,6650,6651.5,64648
1753722000,6651.5,6654.25,6643,6643.75,64681
1753725600,6643.5,6645.5,6638,6643.5,72133
1753729200,6643.25,6653,6639.5,6651.75,79345
1753732800,6651.75,6654.5,6650.75,6653.5,22491
1753740000,6653.5,6658,6652.25,6657,7306
1753743600,6657.25,6658,6655,6657,3630
1753747200,6657.25,6657.5,6652.75,6656.25,5375
1753750800,6656.25,6659.25,6655.75,6656.75,3425
1753754400,6656.5,6659.25,6655.25,6659,3857
1753758000,6659,6660.75,6657.75,6660,3379
1753761600,6660.25,6662.5,6659.25,6660.75,3770
1753765200,6660.75,6663.25,6660.25,6661.75,2544
1753768800,6662,6663.75,6658,6658.25,4381
1753772400,6658.5,6668.5,6658.5,6667,8761
1753776000,6666.75,6668.5,6664.25,6665.75,5462
1753779600,6666,6670,6665.25,6669,9469
1753783200,6669.25,6670.5,6667.5,6669.25,6683
1753786800,6669.25,6671.5,6664.25,6667.25,9525
1753790400,6667.5,6669.25,6661.75,6663.25,13322
1753794000,6663.25,6669,6654.5,6661.75,107884
1753797600,6662,6663,6647.25,6649.5,108977
1753801200,6649.25,6652.25,6629,6641,160889
1753804800,6641,6644.5,6633,6644,76976
1753808400,6644.25,6648.25,6631.25,6638.25,86150
1753812000,6638.25,6640.75,6633.25,6635.5,52953
1753815600,6635.25,6638.25,6625.25,6635.25,96492
1753819200,6635,6637.5,6630.75,6632.5,22283
1753826400,6633.25,6637.5,6632.5,6636.75,9030
1753830000,6636.75,6638.5,6634.75,6636.75,4689
1753833600,6636.5,6642,6636,6641.25,7732
1753837200,6641,6643,6636.5,6641.25,6079
1753840800,6641,6643,6639.5,6641.75,3482
1753844400,6641.75,6644.75,6641.75,6642.5,3600
1753848000,6642.75,6645,6642.75,6644.75,1943
1753851600,6644.25,6645.75,6641.5,6644,3734
1753855200,6643.75,6645.75,6641.75,6642.25,4236
1753858800,6642.25,6643.5,6635.25,6642.75,9246
1753862400,6642.5,6645,6634,6639,7940
1753866000,6638.75,6642.25,6637.25,6641.25,5393
1753869600,6641.5,6643.25,6640.25,6643.25,5311
1753873200,6643.25,6646.5,6641.75,6644,8981
1753876800,6643.75,6644.75,6635.5,6640,24550
1753880400,6639.75,6644,6634,6638.75,79828
1753884000,6638.5,6650,6635.25,6643.75,85729
1753887600,6643.75,6645.25,6631.25,6643,89036
1753891200,6643,6648.75,6641,6646,46189
1753894800,6646,6651.25,6642.5,6648,33303
1753898400,6647.75,6658.75,6606.75,6609.25,146445
1753902000,6609.25,6628,6595.75,6626.5,213110
1753905600,6626.75,6664.25,6622.25,6655,55858
1753912800,6664,6672.75,6660,6672,19209
1753916400,6672,6675.75,6671,6671.25,9656
1753920000,6671.25,6677.25,6668.25,6676.5,12336
1753923600,6676.5,6681,6674.5,6678.75,7490
1753927200,6678.75,6684,6678.25,6683,5931
1753930800,6682.75,6685,6680.75,6684.25,5200
1753934400,6684.5,6688.5,6682.25,6686.75,7898
1753938000,6686.75,6687.5,6682.25,6686.25,6928
1753941600,6686.25,6688.25,6681,6683.5,7163
1753945200,6683.75,6697.5,6681.25,6694.25,17439
1753948800,6694.25,6696,6689.5,6690.5,11030
1753952400,6690.75,6691.75,6684.75,6685.75,8089
1753956000,6685.75,6690.25,6680.5,6680.75,10056
1753959600,6680.5,6685.25,6677.25,6680,22434
1753963200,6680,6687,6679,6685,22507
1753966800,6685,6685.25,6656.5,6674.25,164939
1753970400,6674.5,6679,6645.75,6646.75,185759
1753974000,6647,6656.5,6631,6656.25,192609
1753977600,6656.25,6664.25,6653,6658.75,82634
1753981200,6659,6659,6611.25,6615.5,223167
1753984800,6615.5,6632.25,6594.5,6622.25,202034
1753988400,6622.25,6629,6587.25,6600,246870
1753992000,6600.25,6624.75,6587.25,6598,53214
1753999200,6590.5,6602,6579.25,6587.75,29785
1754002800,6588,6592.75,6583.75,6591.75,18402
1754006400,6591.5,6592.5,6575,6585.75,17604
1754010000,6585.75,6596,6584.25,6594,11135
1754013600,6593.75,6598.5,6591.75,6597,6161
1754017200,6597.5,6601.5,6591,6591.25,7329
1754020800,6591.5,6594.75,6589.25,6593.25,5436
1754024400,6593,6594.5,6586,6586.5,6304
1754028000,6586.5,6587.25,6577.25,6580.75,11940
1754031600,6580.5,6582.5,6541,6551.75,43334
1754035200,6551.75,6555.5,6533.25,6544,32885
1754038800,6544,6549,6537.75,6543.75,15961
1754042400,6544,6544,6524.25,6529.5,21971
1754046000,6529.75,6546,6528,6545.25,23473
1754049600,6545.25,6559.75,6525.5,6535.5,64868
1754053200,6535.75,6543.5,6486.75,6490.75,245413
1754056800,6491.25,6517.25,6472.75,6496,358883
1754060400,6496,6516.5,6490,6516.25,179254
1754064000,6516,6526,6487.75,6489,172906
1754067600,6489.25,6494,6477.5,6482,163293
1754071200,6481.75,6507,6468.5,6489.5,156252
1754074800,6489.75,6509.25,6483.25,6492.75,180002
1754078400,6492.75,6497.25,6491.5,6492.25,25917
1754258400,6485.75,6499.25,6480.25,6497.5,32375
1754262000,6497.5,6501.75,6490,6500.25,19116
1754265600,6500,6511,6498.5,6509.25,17205
1754269200,6509.25,6513.25,6504.25,6510.5,16856
1754272800,6510.75,6517.5,6509.5,6516.75,10551
1754276400,6516.75,6519.5,6514.25,6518.75,7903
1754280000,6518.75,6519,6509,6514.75,10024
1754283600,6514.5,6521,6512.5,6518.25,8892
1754287200,6518.25,6522.75,6507.5,6518.25,14795
1754290800,6518.25,6532.5,6514.75,6525.25,25588
1754294400,6525.25,6535.75,6524.25,6534.75,14316
1754298000,6534.75,6539,6532.75,6533.25,12611
1754301600,6533.25,6536.25,6529.25,6530.75,14152
1754305200,6530.75,6533,6523.5,6525.25,19884
1754308800,6525.5,6534,6523.75,6528.75,20172
1754312400,6529,6568.25,6527.25,6565.5,157758
1754316000,6566,6574,6558.25,6567.75,149480
1754319600,6567.75,6576.5,6561.25,6574.5,88432
1754323200,6574.5,6580,6571.75,6577,57583
1754326800,6577,6581,6569.25,6573.5,58604
1754330400,6573.5,6579.5,6572.5,6574.25,55307
1754334000,6574,6587.5,6572.5,6586,101918
1754337600,6586,6599.25,6584,6598.5,37590
1754344800,6598.5,6601.5,6592,6594,11366
1754348400,6593.75,6598.5,6591.25,6593.5,10071
1754352000,6593,6605,6589,6597.5,18022
1754355600,6597.5,6602,6593,6594.25,12623
1754359200,6594,6596,6592.5,6594,5169
1754362800,6594.5,6597.75,6591.5,6594.5,7039
1754366400,6594.25,6598.25,6592.5,6597.75,4335
1754370000,6597.75,6600.25,6595.75,6599,4952
1754373600,6599.25,6604.5,6597.25,6603.75,7339
1754377200,6603.75,6606.5,6589.75,6590.75,16985
1754380800,6590.75,6595,6587.5,6592,16018
1754384400,6592,6597.5,6590.75,6594.75,9779
1754388000,6595,6603.75,6594.75,6601.75,14639
1754391600,6601.75,6603.5,6596,6601,16869
1754395200,6601,6605.75,6591.75,6593,35091
1754398800,6593.25,6600.75,6586.25,6594,127154
1754402400,6593.5,6593.5,6544.75,6553.25,284302
1754406000,6553.25,6561,6545.75,6555,168072
1754409600,6555,6571.25,6552.25,6563.5,128678
1754413200,6563.25,6577.75,6561,6575.75,72180
1754416800,6575.75,6576.75,6552.75,6558.5,111310
1754420400,6558.75,6565.5,6552.25,6554.5,101307
1754424000,6554.5,6561.5,6549.5,6553,34183
1754431200,6552.5,6557,6542,6552.25,19266
1754434800,6552,6555,6545.75,6545.75,11181
1754438400,6545.5,6555,6544.5,6549.75,11438
1754442000,6550,6563.5,6548,6562.75,13360
1754445600,6563,6570.5,6560.25,6567.75,12152
1754449200,6567.75,6570,6564.75,6569,6460
1754452800,6569,6571.5,6568.5,6570.25,3910
1754456400,6570.25,6579.75,6569,6576.5,9393
1754460000,6576.5,6582.25,6574.75,6578.25,10277
1754463600,6578.25,6587.25,6578,6586.5,12906
1754467200,6586.5,6587,6572.75,6574.75,14899
1754470800,6574.75,6577.5,6566.5,6569.25,13223
1754474400,6569.25,6572.25,6560.5,6568,18945
1754478000,6568.25,6572.25,6566.25,6567.75,19185
1754481600,6567.5,6569.5,6559.5,6568.25,25060
1754485200,6568.25,6574,6556,6562.25,166944
1754488800,6562.5,6584,6554.75,6582.75,217799
1754492400,6582.75,6603.25,6577.75,6600.75,152967
1754496000,6601,6604,6592.25,6596.25,82804
1754499600,6596.25,6601,6593.25,6596,59065
1754503200,6596.25,6606,6595.75,6600,59551
1754506800,6600,6608.5,6597.75,6600.75,80745
1754510400,6600.75,6601.25,6596.75,6599.75,23836
1754517600,6599.75,6616.25,6593.5,6612.25,28226
1754521200,6612.25,6616.75,6607.25,6609.5,11974
1754524800,6609.25,6617.75,6607.25,6615,13336
1754528400,6614.75,6620.5,6614.25,6617.5,9888
1754532000,6617.75,6620.25,6614.25,6615.75,7683
1754535600,6615.75,6618.75,6614.75,6616.5,5399
1754539200,6616.75,6618.5,6609.75,6611.75,6781
1754542800,6611.75,6614.5,6609.25,6614.25,7279
1754546400,6614,6618.75,6611.75,6612.75,9980
1754550000,6613,6624.5,6612.5,6623.5,15571
1754553600,6623.25,6638.75,6623,6634.75,23801
1754557200,6635,6649.5,6631.25,6647.5,18304
1754560800,6647.5,6655.75,6640.25,6641.75,24801
1754564400,6642,6646,6634.75,6635.5,22541
1754568000,6635.5,6642.25,6634.25,6636.75,28007
1754571600,6637,6643.75,6626.25,6638.25,142391
1754575200,6638.25,6642,6596.75,6600.25,254276
1754578800,6600,6604.5,6585.75,6591.25,168076
1754582400,6591,6598.75,6573,6585,150975
1754586000,6584.75,6591.5,6569.25,6580,129526
1754589600,6579.75,6583.25,6563.25,6577.5,108606
1754593200,6577.75,6597.5,6572.5,6596.75,106635
1754596800,6596.75,6604.75,6595.25,6602.5,34565
1754604000,6602.25,6611.75,6600.75,6608.75,15900
1754607600,6608.75,6610,6604.5,6605.75,7141
1754611200,6606,6616.5,6603.25,6613.75,14095
1754614800,6613.75,6615.25,6609.75,6612.25,7310
1754618400,6612.25,6616.5,6612,6615.75,4561
1754622000,6615.5,6616.25,6610.25,6610.5,5204
1754625600,6610.5,6611.5,6606.25,6607.5,6291
1754629200,6607.75,6610.5,6598,6599.25,10181
1754632800,6599.5,6609.25,6599.25,6605.5,9026
1754636400,6605.75,6610.75,6604.75,6605.5,8689
1754640000,6605.75,6611.75,6605.75,6609.5,8393
1754643600,6609.5,6614.5,6608.75,6612.25,8395
1754647200,6612.5,6615.5,6612.25,6614.75,6373
1754650800,6614.75,6618.5,6613,6617.75,12690
1754654400,6617.5,6618,6605,6608,26849
1754658000,6608.25,6630.5,6606,6629.75,111876
1754661600,6630,6642,6628,6629.5,152524
1754665200,6629.25,6636.25,6619.5,6634.75,121158
1754668800,6634.75,6645,6634,6637,89308
1754672400,6637,6644.75,6632.25,6643.25,66891
1754676000,6643.5,6648,6640.75,6644,53797
1754679600,6644,6647.75,6632,6642.75,97757
1754683200,6642.75,6654.75,6642.25,6654,27834
1754863200,6653.5,6654.25,6646.75,6649.5,16458
1754866800,6649.5,6651.75,6642.25,6643.75,10569
1754870400,6644,6652,6643.5,6650.75,10020
1754874000,6650.75,6657.5,6650,6656.5,9042
1754877600,6656.5,6658.75,6654.25,6655.5,6041
1754881200,6655.25,6658.25,6653,6654,5504
1754884800,6654,6654.75,6649.25,6650.5,4827
1754888400,6650.5,6652,6649,6651.25,5137
1754892000,6651,6657.25,6649,6657.25,6950
1754895600,6657,6657.5,6641.25,6643.5,9756
1754899200,6643.5,6645,6637.5,6642.5,13302
1754902800,6642.5,6649.75,6642,6648,7154
1754906400,6647.75,6652.25,6646.25,6650.75,7087
1754910000,6650.75,6654.5,6649.75,6653.5,9132
1754913600,6653.5,6655.75,6644.75,6646.75,15641
1754917200,6647,6648.25,6639,6647.5,91246
1754920800,6647.25,6651,6636,6638,107067
1754924400,6638.25,6649.5,6635.25,6649,78028
1754928000,6649.25,6660.25,6643.5,6643.5,95596
1754931600,6643.75,6646.5,6634,6638.25,64529
1754935200,6638.25,6639.25,6625.25,6635,82734
1754938800,6635,6636.5,6616.75,6629,101578
1754942400,6629.25,6630.75,6623.75,6625.25,20652
1754949600,6627,6629.5,6622,6628.75,13028
1754953200,6628.5,6630.25,6625.5,6628,6614
1754956800,6627.75,6635.25,6626,6630.25,12797
1754960400,6630.25,6634,6628.5,6633.5,5677
1754964000,6633.5,6635.25,6632.25,6633,3668
1754967600,6632.75,6635.75,6632.75,6633.5,2368
1754971200,6633.5,6639,6632.5,6638,3868
1754974800,6638,6638.25,6621,6630,22126
1754978400,6630,6640,6629,6634,10875
1754982000,6634.5,6639.5,6632.5,6637.5,9016
1754985600,6637.5,6638.25,6630,6631.25,6491
1754989200,6631.25,6634,6629.25,6629.5,6583
1754992800,6629.5,6630.5,6626.75,6627.75,6631
1754996400,6628,6628,6620.25,6627.25,13406
1755000000,6627.25,6671,6626.5,6661.25,67728
1755003600,6661.25,6668.75,6639,6643,199605
1755007200,6643.25,6672.75,6637.25,6668.5,170118
1755010800,6668.5,6683,6668.25,6682.25,93003
1755014400,6682.5,6690.5,6678.5,6686.75,48049
1755018000,6687,6691.5,6684.25,6690.5,38163
1755021600,6690.5,6696.25,6689.75,6690.25,41572
1755025200,6690.25,6699.25,6689.75,6696.5,75679
1755028800,6696.75,6698.75,6694.5,6698,19669
1755036000,6697.5,6697.5,6693,6693.75,8018
1755039600,6693.75,6702.25,6693.5,6700.25,12645
1755043200,6700.25,6701.25,6694.25,6695.25,11391
1755046800,6695,6696,6690.25,6691,7047
1755050400,6691,6696.25,6690,6694.75,6314
1755054000,6694.75,6697.75,6694.25,6695.5,3740
1755057600,6695.5,6700,6695.25,6698.25,4166
1755061200,6698.5,6699,6695,6695.5,3125
1755064800,6695.5,6700.75,6692,6697.5,7191
1755068400,6697.5,6706.25,6697.25,6705.25,10514
1755072000,6705.25,6713.25,6703.75,6708,10892
1755075600,6708,6713.25,6706.5,6712.25,6810
1755079200,6712.25,6713.5,6707.75,6710.25,7089
1755082800,6710,6712.75,6708.25,6710,7821
1755086400,6710.5,6717.5,6709,6715,12448
1755090000,6715.25,6731.5,6714,6725.5,99564
1755093600,6725.75,6726.5,6704.25,6707,147952
1755097200,6707,6711.75,6699.5,6703.25,111029
1755100800,6703.25,6708.25,6695.75,6699.25,69030
1755104400,6699.25,6707,6695.75,6704.5,76067
1755108000,6704.5,6712.25,6701.5,6709.25,72476
1755111600,6709.5,6720.25,6707.5,6718.25,85577
1755115200,6718.25,6722.25,6712.75,6713.25,20025
1755122400,6715,6718,6709,6717.25,8702
1755126000,6717.25,6719.5,6715,6716.25,5586
1755129600,6716.5,6718.5,6713.5,6714,8054
1755133200,6714,6714.5,6710.5,6713.5,6371
1755136800,6713.5,6715.25,6711.75,6715,3213
1755140400,6715,6715.75,6711,6712,2954
1755144000,6711.75,6714.75,6711.25,6714.25,2521
1755147600,6714.25,6714.75,6707,6709.25,5359
1755151200,6709,6710,6706,6708.75,6108
1755154800,6708.5,6714,6708.5,6713.75,7116
1755158400,6713.75,6717,6713,6714,5350
1755162000,6713.75,6718,6712.5,6716,4491
1755165600,6715.75,6717,6712.5,6714,4269
1755169200,6714,6720.25,6712.75,6720,7171
1755172800,6719.75,6720.75,6682,6694.75,71606
1755176400,6694.5,6711,6689,6708.75,135687
1755180000,6708.75,6724.25,6705.25,6716,133411
1755183600,6716,6716.5,6698,6708.5,127075
1755187200,6708.75,6711,6694.75,6710.25,90224
1755190800,6710.25,6719.25,6709.25,6715.75,68631
1755194400,6715.75,6718,6707.5,6714.75,59637
1755198000,6714.5,6725.25,6713.25,6718,77241
1755201600,6718,6719.75,6710.5,6719.25,38525
1755208800,6717.5,6722,6715.75,6721.25,7820
1755212400,6721.5,6724,6719.75,6719.75,5843
1755216000,6719.75,6725,6716.5,6721.75,8136
1755219600,6721.25,6729,6721,6727.25,7823
1755223200,6727,6730.5,6726.75,6729,6588
1755226800,6728.75,6730.75,6727,6730.25,3320
1755230400,6730,6734.75,6730,6732.5,5777
1755234000,6732.75,6735.75,6731.25,6735,4688
1755237600,6734.75,6738,6733.25,6735.25,5530
1755241200,6735.25,6737.5,6732.25,6734.25,5691
1755244800,6734.25,6736.5,6723,6724,8934
1755248400,6723.75,6726.5,6720.25,6721,7789
1755252000,6721,6730,6719,6728.5,11280
1755255600,6728.5,6731.25,6727.75,6728.5,7381
1755259200,6728.75,6729.5,6719,6727.25,23911
1755262800,6727.25,6729.75,6702.5,6706.5,125476
1755266400,6706,6712.25,6696.5,6701.5,130386
1755270000,6701.5,6709,6690.5,6699.5,121871
1755273600,6699.5,6708.5,6696.25,6706.5,70898
1755277200,6706.5,6714,6703,6713.5,53375
1755280800,6713.25,6714.5,6703.5,6708.25,63228
1755284400,6708,6708.5,6696.75,6700.5,90827
1755288000,6700.75,6702,6692.75,6696.25,25152
1755468000,6696,6709,6695.25,6708,15107
1755471600,6708.25,6711.5,6707,6709.5,7658
1755475200,6709.5,6712,6708.5,6709.25,6344
1755478800,6709.25,6713.25,6708.5,6713,5461
1755482400,6713,6713.5,6710,6711.75,3503
1755486000,6711.75,6712.75,6708.75,6709.5,3529
1755489600,6709.25,6710,6707,6707.5,4217
1755493200,6707.5,6709,6705.75,6707.25,3880
1755496800,6707.25,6708.5,6690.25,6695.5,13541
1755500400,6695.75,6697.5,6688,6694.25,13062
1755504000,6694.25,6696.75,6686,6693.5,13262
1755507600,6693.5,6694,6684.75,6688.5,8639
1755511200,6688.75,6695.5,6688.25,6694,6577
1755514800,6694.25,6695.25,6690.25,6693.75,7771
1755518400,6693.5,6696.25,6690,6695.75,11231
1755522000,6695.5,6703,6690,6692,96756
1755525600,6691.75,6704.25,6687.5,6697.25,123188
1755529200,6697.25,6699.5,6689.75,6692.25,56845
1755532800,6692.25,6698.75,6686.5,6689.75,55941
1755536400,6689.75,6703.25,6689.5,6692.75,68963
1755540000,6692.75,6700.75,6689,6699.25,49908
1755543600,6699.25,6703.75,6695.5,6697.75,68026
1755547200,6697.75,6700,6695,6696.25,17720
1755554400,6697,6706.5,6695.75,6703.5,11451
1755558000,6703.25,6704.25,6699.25,6700.5,5188
1755561600,6700.5,6700.75,6691,6694.75,10941
1755565200,6695,6698,6692.5,6692.75,6427
1755568800,6692.75,6695.5,6689.5,6689.75,6096
1755572400,6689.75,6695,6688.25,6689,7798
1755576000,6689.25,6689.25,6685.5,6688.25,5002
1755579600,6688.25,6689.5,6683,6684,6600
1755583200,6684.25,6689.75,6683.75,6688.25,4916
1755586800,6688.5,6691,6686,6689.5,6121
1755590400,6689.5,6694.5,6686.75,6694,6467
1755594000,6694.25,6698,6693.25,6694.75,6240
1755597600,6694.75,6695,6688.25,6690.5,9928
1755601200,6690.25,6696.75,6690,6696.25,9036
1755604800,6696,6697.75,6691.25,6692.25,13539
1755608400,6692.25,6698.5,6683.5,6692.75,111793
1755612000,6692.75,6705.25,6675.5,6676,188757
1755615600,6675.75,6683,6668,6671.25,126821
1755619200,6671.25,6675,6656.75,6660.5,109477
1755622800,6660.25,6664.75,6651.5,6661.75,82596
1755626400,6661.75,6662.5,6649.75,6654.75,68810
1755630000,6654.75,6663.25,6648.25,6661.75,86898
1755633600,6661.75,6665.5,6661.5,6664,25495
1755640800,6663,6666.75,6659,6661,13777
1755644400,6661,6663.25,6653.25,6656.25,12960
1755648000,6656.5,6656.75,6651.25,6653.75,10985
1755651600,6653.75,6656.5,6646.5,6647.5,14183
1755655200,6647.5,6650,6644.25,6648.5,7458
1755658800,6648.25,6649.25,6638.25,6639.5,12043
1755662400,6639.75,6644.75,6639.5,6641.75,5575
1755666000,6641.75,6645.25,6637.75,6644.75,6090
1755669600,6644.75,6648.25,6640.25,6646.75,9296
1755673200,6647,6654.5,6646.25,6648.75,9477
1755676800,6649,6651.25,6641.25,6648.5,11682
1755680400,6648.75,6654.75,6646.75,6653,8279
1755684000,6653,6656.75,6649.5,6654,8268
1755687600,6654,6658.5,6647.75,6653.5,16537
1755691200,6653.25,6658.75,6650.5,6656,19731
1755694800,6655.75,6659.75,6612,6616.5,201882
1755698400,6616.5,6625.5,6591.75,6596.5,289775
1755702000,6596.5,6631.75,6594.25,6614,192762
1755705600,6614,6637.5,6613.25,6626,122937
1755709200,6625.75,6642.25,6624.25,6634.75,94878
1755712800,6635,6636.5,6614.75,6629.5,125012
1755716400,6629.25,6653,6629.25,6642.75,123769
1755720000,6642.75,6644.25,6640.25,6643.75,18304
1755727200,6643.5,6647,6639,6640.25,12116
1755730800,6640.5,6642,6637,6640.25,6687
1755734400,6640,6640.5,6630.25,6634.25,12290
1755738000,6634,6645.75,6630,6645.25,11729
1755741600,6645,6648,6642.75,6646.5,7684
1755745200,6646.25,6648,6642.75,6642.75,4458
1755748800,6642.75,6643.5,6640.25,6641.25,4294
1755752400,6641.25,6642.75,6635.75,6642.25,7055
1755756000,6642.5,6648,6641.5,6645.25,5963
1755759600,6645.25,6646.25,6638.5,6642.25,8095
1755763200,6642,6645.75,6632,6632.25,8709
1755766800,6632.25,6637.5,6630.25,6633,7313
1755770400,6632.75,6633.75,6623.75,6631.75,12969
1755774000,6631.75,6637.25,6623.25,6626.5,17569
1755777600,6626.75,6626.75,6613.25,6616.25,29109
1755781200,6615.75,6626.75,6604.5,6613,148593
1755784800,6613,6641.5,6607.25,6633.25,187587
1755788400,6633.25,6637.5,6614.25,6617,153011
1755792000,6617.25,6621.5,6607.75,6610,106693
1755795600,6610,6623.5,6599.25,6620.5,100771
1755799200,6620.5,6624.5,6611.75,6622.5,70794
1755802800,6622.5,6626.5,6612,6617.25,80733
1755806400,6617.5,6621,6615,6620,18078
1755813600,6621.5,6626.75,6620.75,6625.75,10209
1755817200,6625.5,6627.5,6623.25,6627,4858
1755820800,6627,6628.25,6614,6620.25,15229
1755824400,6620.5,6622.25,6616.75,6619,6472
1755828000,6618.75,6623.75,6617.75,6617.75,5814
1755831600,6618,6618.5,6614.5,6615.5,4938
1755835200,6615.5,6619.5,6615,6617.75,2535
1755838800,6618,6619,6611.75,6614.25,5348
1755842400,6614.25,6614.5,6592.75,6605.75,18529
1755846000,6605.75,6620.75,6604,6619.25,11681
1755849600,6619.25,6631.5,6617.75,6631.25,13696
1755853200,6631.25,6631.75,6627.5,6631,5983
1755856800,6631.25,6634.75,6630.5,6632.75,6029
1755860400,6633,6635,6627,6628.75,10204
1755864000,6628.75,6634.75,6628.25,6629.25,15299
1755867600,6629.25,6656.75,6628.25,6643.5,124117
1755871200,6644.25,6721.75,6644.25,6716.25,304655
1755874800,6716.5,6725.25,6713,6714,95033
1755878400,6714.25,6719.25,6702.75,6707,73723
1755882000,6706.75,6724.25,6706.75,6717.75,58612
1755885600,6718,6720.75,6712.5,6714.75,44646
1755889200,6714.75,6716.75,6703,6712.25,88617
1755892800,6712.25,6715.75,6708.75,6713.5,22748
1756072800,6722,6722.5,6708,6712.5,17047
1756076400,6712,6715.5,6709.75,6712.25,9703
1756080000,6712.25,6716.25,6707,6708.5,11335
1756083600,6708.25,6709,6703.25,6703.25,6201
1756087200,6703.5,6706,6700.5,6700.75,8253
1756090800,6700.75,6707.25,6700.25,6706.75,7547
1756094400,6706.5,6709,6705.75,6708.5,3322
1756098000,6708,6711,6707,6710.75,4103
1756101600,6710.75,6711.5,6702.25,6703.25,7518
1756105200,6703.25,6705,6700.75,6703,7051
1756108800,6703,6705,6699.75,6700,5583
1756112400,6700,6700.5,6696,6699,7375
1756116000,6699,6699,6691.5,6692.75,8661
1756119600,6692.75,6698.5,6691.75,6697.25,7826
1756123200,6697.25,6697.25,6689.75,6693.25,15219
1756126800,6693.5,6702.5,6692.75,6702,88972
1756130400,6702,6705.75,6695.75,6702.75,98672
1756134000,6702.75,6709.5,6700.75,6708.25,68966
1756137600,6708.25,6711.75,6706.5,6708.5,36849
1756141200,6708.5,6708.75,6698.75,6703.75,58454
1756144800,6703.5,6704.5,6697.25,6697.75,47201
1756148400,6698,6700,6682.25,6683.5,74328
1756152000,6683.5,6690.25,6682,6688.5,22215
1756159200,6690.25,6692.75,6687.25,6691,8357
1756162800,6691,6692,6686.75,6688.75,6018
1756166400,6688.75,6692.25,6659.5,6670.5,58638
1756170000,6670.5,6678.75,6667.75,6670.5,15383
1756173600,6670.75,6681.75,6670.75,6675.25,8038
1756177200,6675.5,6677.25,6673.5,6675.75,3264
1756180800,6675.75,6677.75,6673.75,6676.75,2643
1756184400,6677,6683.75,6676.75,6681.75,4844
1756188000,6682,6683.5,6674.25,6675.75,7442
1756191600,6675.75,6677.5,6664,6671.5,16006
1756195200,6671.25,6677.75,6670.5,6675.25,7813
1756198800,6675.25,6680.25,6673.25,6678.5,5469
1756202400,6678.75,6682.5,6678,6680.75,6252
1756206000,6680.75,6681.75,6672.75,6678.25,9800
1756209600,6677.75,6681,6672,6679.75,14939
1756213200,6679.75,6686.75,6673.5,6683.25,108605
1756216800,6683.25,6690.75,6681.5,6685,109415
1756220400,6685,6687.25,6680.5,6685.5,57417
1756224000,6685.75,6694,6685.75,6691.25,52749
1756227600,6691.25,6694.25,6682.25,6686.75,59008
1756231200,6686.75,6698.5,6686,6697.25,51934
1756234800,6697.25,6714,6694.5,6709.75,130397
1756238400,6709.75,6716.5,6708.25,6716.25,24564
1756245600,6715.75,6718,6714,6715.75,5658
1756249200,6716,6717.25,6715,6715.5,3178
1756252800,6715.5,6716,6712.25,6712.75,4624
1756256400,6713,6718.25,6712.75,6717.5,5009
1756260000,6717.75,6718.25,6715,6715.5,3637
1756263600,6715.5,6717.5,6715.25,6716.5,2213
1756267200,6716.75,6717.5,6715,6716.5,1919
1756270800,6716.25,6716.5,6712,6713.25,3329
1756274400,6713,6716.5,6712,6713.5,5119
1756278000,6713.5,6716.75,6707.5,6711.5,8069
1756281600,6711.75,6713.75,6707,6711.25,6404
1756285200,6711.25,6715.5,6710.5,6713.75,4831
1756288800,6714,6715.5,6712.75,6713.75,3435
1756292400,6713.75,6717,6713,6715.25,5385
1756296000,6715,6717.75,6706.5,6709.5,17153
1756299600,6709.5,6712.75,6701.25,6710.75,108590
1756303200,6711,6721.5,6710,6719.5,99355
1756306800,6719.5,6724.5,6716.5,6723,58031
1756310400,6723,6723.75,6711,6720.5,72472
1756314000,6720.5,6726.25,6717.75,6725.25,34548
1756317600,6725.25,6731.25,6723.25,6727.75,43622
1756321200,6727.75,6731.5,6715.5,6723.25,93267
1756324800,6723.25,6736,6688,6714.25,70924
1756332000,6714,6715.25,6703.25,6706.75,12920
1756335600,6706.75,6708.75,6703.5,6705,6389
1756339200,6704.75,6709,6700,6708.25,11610
1756342800,6708.25,6716.25,6707.5,6715.25,8582
1756346400,6715.5,6718.75,6714.75,6716.75,6106
1756350000,6716.75,6722.75,6716.25,6721.25,6482
1756353600,6721.25,6721.25,6716.5,6717,4196
1756357200,6717,6719,6714,6714.5,4044
1756360800,6714.5,6728.5,6713.5,6725.75,10144
1756364400,6726,6733.5,6725.5,6733.25,9967
1756368000,6733.25,6735.75,6727.75,6728,10551
1756371600,6728,6730.75,6725.25,6726.75,6468
1756375200,6726.75,6728.25,6721,6724.25,7930
1756378800,6724.5,6726.75,6719.5,6726.5,10610
1756382400,6726.25,6732.25,6721,6727.75,27402
1756386000,6727.75,6737.5,6709.75,6716,136957
1756389600,6715.75,6728.5,6712.25,6725.5,128964
1756393200,6725.75,6733.5,6717.5,6727.25,90835
1756396800,6727.25,6741,6726,6733.5,74586
1756400400,6733.5,6742,6731,6740.75,45081
1756404000,6740.5,6747.5,6740,6746.5,42144
1756407600,6746.75,6752,6744.25,6746.25,81506
1756411200,6746.25,6748,6743,6745.5,24291
1756418400,6745.5,6747,6740.5,6742,7912
1756422000,6741.75,6744.25,6740.75,6743.25,4240
1756425600,6743,6745.75,6741.5,6743,5486
1756429200,6743.25,6744.5,6740.25,6741.25,4647
1756432800,6741.25,6741.25,6738.75,6740.25,3613
1756436400,6739.75,6743.5,6739,6740.75,4400
1756440000,6740.75,6741.5,6738.5,6738.5,2202
1756443600,6738.75,6740.5,6738,6740.5,2902
1756447200,6740.25,6741.75,6737.5,6737.75,4822
1756450800,6738,6741,6731.75,6732,8726
1756454400,6731.75,6733.75,6721.25,6722,15354
1756458000,6722,6726.75,6717.75,6724.75,10407
1756461600,6724.75,6727.5,6721.25,6724,7625
1756465200,6723.5,6727.5,6723,6724.75,9601
1756468800,6724.5,6734.75,6721.25,6730,26187
1756472400,6730,6733,6706.5,6708.75,127024
1756476000,6709,6714,6684.25,6691.5,214422
1756479600,6691.25,6701,6690,6691.25,81664
1756483200,6691,6703.75,6690.5,6700.5,53938
1756486800,6700.25,6703.5,6687.5,6699.75,72634
1756490400,6699.75,6700.75,6694.75,6698.25,37563
1756494000,6698,6705.25,6691.25,6704.5,112450
1756497600,6704.25,6708.25,6699.75,6702.75,34333
1756677600,6708.25,6716.5,6703.25,6716.25,13812
1756681200,6716.25,6718.75,6715.25,6717.25,6209
1756684800,6717.25,6720.5,6714.25,6717.75,7791
1756688400,6717.75,6718.25,6711.75,6713.25,6168
1756692000,6713.5,6713.5,6703.75,6704.5,9189
1756695600,6704.75,6708,6697.25,6699.25,10441
1756699200,6699.5,6700.5,6694,6697.75,6249
1756702800,6697.75,6699.75,6693.25,6696.5,6610
1756706400,6696.5,6704.5,6688.25,6700,13097
1756710000,6700,6707,6698.5,6705,8802
1756713600,6705.25,6714.25,6702.5,6710.75,7529
1756717200,6711,6711.5,6706.75,6708.25,3791
1756720800,6708.5,6711.25,6705.75,6706.75,5052
1756724400,6706.25,6707.75,6699.25,6701.5,6167
1756728000,6701.5,6704.5,6699.5,6703,5175
1756731600,6703.25,6708,6697.25,6707,12298
1756735200,6707,6710.25,6706.5,6709.75,8780
1756738800,6709.75,6713,6706.25,6711,10202
1756742400,6711.25,6713,6707.75,6712,6558
1756764000,6709,6712,6701.5,6701.5,8333
1756767600,6701.75,6702.75,6694.25,6698.75,10856
1756771200,6699,6703.25,6696.25,6703,8659
1756774800,6703,6705.5,6698,6698,7774
1756778400,6698,6700,6693,6695.75,8547
1756782000,6695.75,6698.5,6693.5,6697.75,4136
1756785600,6697.75,6700.5,6696.25,6698.25,4029
1756789200,6698.5,6698.75,6692,6693,6664
1756792800,6693.25,6701,6692.25,6700.25,7088
1756796400,6700.5,6701.5,6656.5,6659.25,39844
1756800000,6659.25,6675,6657.25,6670.5,21185
1756803600,6670.5,6673.75,6666.25,6666.75,8513
1756807200,6667,6670,6650.75,6655.5,18585
1756810800,6655.75,6657,6649.75,6651.5,19694
1756814400,6651.25,6651.5,6616,6625,67514
1756818000,6625,6645.5,6612.25,6642.25,190106
1756821600,6642.25,6653.5,6623.75,6628.25,189770
1756825200,6628.25,6631.25,6600.5,6603.75,130960
1756828800,6603.75,6621.5,6601.75,6621.25,89498
1756832400,6621.25,6642.75,6617,6635.5,95181
1756836000,6635.75,6641.75,6625,6632.75,78363
1756839600,6632.5,6656.75,6632.5,6655,103405
1756843200,6655,6676.5,6653.25,6676.5,55232
1756850400,6678,6678,6664.75,6666,15122
1756854000,6666,6667,6662.5,6663.75,7673
1756857600,6663.75,6664.5,6661,6663.5,7988
1756861200,6663.5,6663.75,6658.25,6662.5,6793
1756864800,6662.25,6663,6657.75,6659.5,4689
1756868400,6659.5,6662,6655.25,6659.25,6017
1756872000,6658.75,6661.25,6657.75,6660.25,3576
1756875600,6660,6660.25,6654.5,6656,5818
1756879200,6655.75,6666.75,6654.75,6663,11720
1756882800,6662.75,6673,6657,6671.5,12892
1756886400,6671.5,6683,6670,6680.75,14126
1756890000,6680.75,6686.75,6676.25,6684.25,8092
1756893600,6684.25,6687.25,6681.75,6686.25,6578
1756897200,6686,6689.25,6677.5,6678.75,17624
1756900800,6679,6685,6673.25,6674.75,20026
1756904400,6675,6683.5,6669.25,6670.5,105477
1756908000,6670.25,6692.75,6666.5,6690.75,152679
1756911600,6690.75,6693.5,6672,6674.75,110264
1756915200,6674.5,6682.25,6665,6669,92367
1756918800,6669,6679.5,6657,6660.75,96634
1756922400,6660.75,6663.75,6655.25,6659.75,85360
1756926000,6659.75,6688.25,6656.5,6687.25,103794
1756929600,6687.5,6691.75,6686.75,6689.25,29700
1756936800,6689.25,6689.5,6683.75,6684,8407
1756940400,6684,6688.5,6683.75,6684.75,4501
1756944000,6684.75,6700.5,6683.5,6696.25,16335
1756947600,6696.25,6698,6691.5,6694.25,7597
1756951200,6694.5,6701.25,6690.25,6691.75,9348
1756954800,6691.5,6693,6687.5,6689.5,6752
1756958400,6689.5,6695.75,6689.5,6695,5175
1756962000,6695,6698,6689.5,6691.5,6160
1756965600,6691.25,6695,6687.75,6688.5,7499
1756969200,6688.25,6698.75,6687.5,6695,10965
1756972800,6695,6698.25,6692.25,6695.75,6875
1756976400,6695.5,6699.25,6694.25,6699,5035
1756980000,6699,6703,6696,6698.5,9606
1756983600,6698.25,6701.25,6691.75,6694.5,10289
1756987200,6694.75,6700,6690.5,6694.75,18607
1756990800,6694,6703.75,6690.25,6699.25,110248
1756994400,6699.25,6708.25,6685,6707,187701
1756998000,6707,6716.25,6703.5,6712.5,101763
1757001600,6712.25,6716.25,6708.5,6710,62519
1757005200,6710,6725.25,6709.5,6722,71487
1757008800,6721.75,6727.25,6721.25,6726.75,46667
1757012400,6727,6741.75,6726.5,6740.25,103170
1757016000,6740,6745.75,6737.5,6741.75,34928
1757023200,6743.25,6746.75,6742,6745.5,9658
1757026800,6745.25,6747,6744,6744.75,5110
1757030400,6744.75,6749,6743.5,6748.5,6211
1757034000,6748.5,6750,6747,6748.5,4130
1757037600,6748.75,6750,6746.5,6748.5,3493
1757041200,6748.5,6749.5,6747,6749,2319
1757044800,6749.25,6751.5,6749,6749.5,2935
1757048400,6749.75,6756.25,6748.75,6754.5,6241
1757052000,6754.25,6759.75,6753.5,6755.5,8363
1757055600,6755.5,6757,6748.5,6751.25,10119
1757059200,6751.25,6756.5,6749.5,6755.25,5985
1757062800,6755.5,6755.75,6751.75,6752.5,4227
1757066400,6752.25,6754.5,6750.5,6751.75,4460
1757070000,6751.75,6755.25,6746.25,6746.5,9936
1757073600,6746.5,6765.25,6732,6764.5,64807
1757077200,6764.75,6770.75,6753.5,6759,154468
1757080800,6758.75,6759.25,6688.5,6689.5,366932
1757084400,6689.5,6717,6681,6704.25,221402
1757088000,6704.5,6715.25,6699.75,6712.5,123395
1757091600,6712.5,6713.5,6693.75,6699.5,104421
1757095200,6699.25,6711,6696.5,6711,71860
1757098800,6710.75,6722,6706.75,6719.75,136362
1757102400,6719.75,6721,6714.25,6717.75,22586
1757282400,6713,6729.5,6709,6727.5,24791
1757286000,6727.75,6735.25,6727.25,6734,13870
1757289600,6734,6736.5,6729,6729.25,11240
1757293200,6729.25,6733,6728,6730.5,7570
1757296800,6730.75,6731,6724.25,6725.75,6548
1757300400,6725.5,6730.5,6725.5,6728.25,6966
1757304000,6728.25,6728.5,6722.75,6723.75,5796
1757307600,6724,6727.75,6722.5,6723,4841
1757311200,6722.75,6730.5,6722.75,6727.75,9712
1757314800,6727.75,6736.25,6726.75,6729.25,10247
1757318400,6729.5,6734.25,6727.75,6732.25,6966
1757322000,6732.25,6735.75,6729.25,6735,4385
1757325600,6735,6737.25,6733.5,6733.75,6990
1757329200,6734,6736,6729.5,6729.75,8963
1757332800,6730,6734.5,6725.75,6733.75,17490
1757336400,6734,6738,6727.5,6730.75,117331
1757340000,6730.75,6745,6724.25,6741,130128
1757343600,6740.75,6745.5,6732,6741,94444
1757347200,6741,6741.25,6724.75,6732.75,88714
1757350800,6732.5,6734.75,6719,6723,64171
1757354400,6723,6732.75,6720.25,6729,62154
1757358000,6729,6736.75,6720,6736,106075
1757361600,6736.25,6737.5,6733.75,6735.75,20564
1757368800,6737,6742.5,6735.75,6742,9041
1757372400,6742.25,6743.25,6738,6738.75,4958
1757376000,6738.75,6741.25,6736.5,6737,5675
1757379600,6737,6738.5,6733.25,6737.25,6027
1757383200,6737.25,6744.5,6737.25,6741.25,5686
1757386800,6741.25,6744.5,6741,6744,3247
1757390400,6744,6744.25,6741.25,6742.75,2800
1757394000,6742.5,6743.25,6737.25,6741.25,5623
1757397600,6741.5,6747,6740.25,6744.75,8097
1757401200,6745,6752.5,6742.75,6743.5,11160
1757404800,6743.75,6745,6739.75,6741.75,10673
1757408400,6741.75,6744.25,6740,6740.75,4697
1757412000,6740.75,6743.5,6739,6740.5,4667
1757415600,6740.5,6743.5,6736,6742.75,10925
1757419200,6742.5,6744.25,6739.5,6740.75,11283
1757422800,6740.5,6741.75,6731,6736.5,115091
1757426400,6736.75,6744,6717.75,6729.5,208711
1757430000,6729.25,6734.5,6724,6728.75,107371
1757433600,6728.75,6738.5,6727.75,6736.5,70576
1757437200,6736.5,6746,6736.5,6744.25,74494
1757440800,6744.25,6747.5,6742,6745,49571
1757444400,6745,6755.25,6741.75,6750.25,84409
1757448000,6750.25,6765.25,6745.5,6759.5,43440
1757455200,6762,6766.25,6759.75,6762.5,8938
1757458800,6763,6763.25,6755.5,6759,11398
1757462400,6758.75,6762.75,6758,6760.25,6347
1757466000,6760.5,6766,6758.75,6764.5,6241
1757469600,6764.5,6766,6762.25,6765,3755
1757473200,6765,6766.75,6764.75,6766.25,2539
1757476800,6766.5,6768.5,6766.25,6768.5,3093
1757480400,6768.25,6769,6765.5,6766.75,4153
1757484000,6767,6770.75,6764.5,6768.75,7370
1757487600,6768.5,6772.75,6766.75,6770,8968
1757491200,6770,6770.5,6759.75,6761.75,9119
1757494800,6761.75,6765,6758.25,6764.75,8142
1757498400,6764.5,6769,6763.5,6768.75,7552
1757502000,6769,6774.5,6768.75,6772.75,11981
1757505600,6772.5,6794,6768.75,6783.75,43731
1757509200,6783.75,6788,6772.75,6781.75,143091
1757512800,6781.75,6791.25,6778.5,6779.75,139150
1757516400,6780,6782,6769,6778.5,127477
1757520000,6778.75,6779.75,6767,6775,83888
1757523600,6775,6780.25,6764.5,6769,83221
1757527200,6768.75,6769.75,6759.25,6765.25,81845
1757530800,6765.25,6772.75,6751.5,6768,140785
1757534400,6768.25,6770.25,6765,6766.25,21021
1757541600,6765.75,6776.5,6764.25,6773,9991
1757545200,6773.25,6777,6772,6774.5,7856
1757548800,6774.25,6776.5,6768.5,6774.75,7484
1757552400,6774.75,6776.75,6773.25,6775.5,3798
1757556000,6775.25,6776.5,6773,6775,3019
1757559600,6774.75,6776.25,6774,6775.25,1867
1757563200,6775,6775.75,6768.5,6768.5,4740
1757566800,6768.75,6771.75,6766,6769.25,5023
1757570400,6769.5,6778,6767.75,6776.5,7618
1757574000,6776.75,6778.5,6773.25,6777.75,7194
1757577600,6777.5,6780.25,6775.5,6776.5,6025
1757581200,6776.5,6778.25,6775,6777,4080
1757584800,6777,6782.75,6776.25,6781.75,7112
1757588400,6782,6784.25,6781,6782,9192
1757592000,6782,6791,6765,6787,67097
1757595600,6786.75,6801.5,6781,6801,176522
1757599200,6800.75,6815.5,6798.75,6811.75,175873
1757602800,6811.75,6823.25,6810.5,6817.75,123847
1757606400,6817.75,6822.75,6814,6817,73395
1757610000,6817,6821.25,6814,6821,64778
1757613600,6821,6823,6817,6821,57619
1757617200,6820.75,6829,6819.25,6821.25,100708
1757620800,6821.25,6823.25,6819.25,6820.75,22995
1757628000,6823.75,6825,6819.25,6821.25,8348
1757631600,6821.25,6823.75,6819.75,6821.75,3693
1757635200,6821.75,6822.5,6819.5,6820,5231
1757638800,6820.25,6821,6816.5,6817,5410
1757642400,6817,6819,6815.25,6817.75,5095
1757646000,6817.75,6819.75,6817,6819.75,2876
1757649600,6819.5,6822.5,6819.5,6820.25,2920
1757653200,6820.75,6823.5,6820,6822.5,3194
1757656800,6822.5,6822.5,6814.25,6818.25,7297
1757660400,6818,6820.25,6813,6813.75,8801
1757664000,6813.75,6815.5,6805,6812.25,12905
1757667600,6812,6814.5,6810.75,6812.5,5935
1757671200,6812.5,6815.5,6811.5,6815.25,5679
1757674800,6815.25,6818.75,6812,6818.5,10570
1757678400,6818.25,6820,6813.5,6819.5,23972
1757682000,6819.5,6823.5,6814,6822.25,108829
1757685600,6822.75,6827.75,6815.75,6826.75,123427
1757689200,6826.5,6827,6814.75,6819,93149
1757692800,6818.75,6824.75,6815.5,6823.25,65877
1757696400,6823.5,6827.5,6820.75,6826.25,51299
1757700000,6826.5,6834.75,6825,6831,64056
1757703600,6831,6832.5,6812,6816.5,147146
1757707200,6816.75,6819,6814.5,6817.5,19296
1757887200,6817.5,6821.75,6815,6820.5,4267
1757890800,6820.25,6821.5,6815.75,6817.25,2351
1757894400,6817.25,6818.25,6814.25,6817.5,4213
1757898000,6817.75,6820.75,6817.5,6820,2237
1757901600,6819.75,6821.25,6818.5,6821,1895
1757905200,6821,6822.75,6820.25,6821,2178
1757908800,6821.25,6823,6820.75,6823,1175
1757912400,6822.5,6825.25,6821.25,6824.75,2318
1757916000,6824.75,6828.5,6823.5,6827.5,4014
1757919600,6827.25,6830,6825.5,6827.5,4017
1757923200,6827.5,6827.75,6815.25,6823,11317
1757926800,6823,6823.75,6820,6823.5,2389
1757930400,6823.75,6828.75,6822.75,6827.5,3511
1757934000,6827.75,6831.5,6827.25,6831,4384
1757937600,6831,6838.75,6830.25,6838.75,11331
1757941200,6838.5,6849,6835.75,6848.5,30396
1757944800,6848.25,6852.25,6841.75,6851.5,30844
1757948400,6851.75,6852.75,6844,6848.25,24691
1757952000,6848,6850.75,6842.25,6843,14928
1757955600,6842.75,6848.75,6837,6847.75,24766
1757959200,6848,6848.25,6834.25,6841.5,21078
1757962800,6841.5,6852,6838.75,6850.5,32890
1757966400,6850.75,6851.75,6845,6845.75,6768
1757973600,6845.75,6846.75,6842.5,6843.75,6094
1757977200,6843.5,6849.75,6843.25,6848.75,3896
1757980800,6849,6849,6844.25,6847.75,4943
1757984400,6847.75,6850.25,6847,6849,3363
1757988000,6849,6854.75,6848.5,6852,4286
1757991600,6852.25,6856.75,6852,6856.25,2979
1757995200,6856.25,6856.5,6854.75,6855.75,1634
1757998800,6856,6859.75,6855,6858.25,3879
1758002400,6858.5,6860.25,6854.25,6854.5,4367
1758006000,6854.75,6859.25,6854,6859,8317
1758009600,6859,6868.25,6858.75,6866,10251
1758013200,6866.25,6868,6861.75,6863.5,6157
1758016800,6863.5,6864.25,6861.75,6862.75,3973
1758020400,6863,6863.25,6859,6860.5,7369
1758024000,6860.75,6861,6853.75,6855.75,18484
1758027600,6855.75,6859.5,6841.5,6844,114666
1758031200,6844,6846.25,6837.25,6839.25,114627
1758034800,6839.5,6842,6832.75,6837.5,84086
1758038400,6837.25,6841.5,6835.25,6840.25,44050
1758042000,6840.25,6845,6839.5,6842.25,46549
1758045600,6842.25,6847.75,6840.5,6846,38666
1758049200,6846,6847.5,6837,6839.5,95187
1758052800,6839.75,6845,6839,6841.25,21699
1758060000,6841,6846.25,6839.25,6844.75,6231
1758063600,6844.75,6845.5,6842.25,6843.75,2596
1758067200,6843.5,6845.5,6841.5,6843.25,4888
1758070800,6843.25,6844,6839,6839.5,4093
1758074400,6839.25,6840,6835.75,6837.75,4688
1758078000,6837.75,6838,6836.25,6836.75,1820
1758081600,6836.75,6838,6835,6836.75,2448
1758085200,6837,6837.75,6833.5,6836.25,3890
1758088800,6836.5,6840.5,6834.75,6839.75,3892
1758092400,6839.75,6844.25,6837.5,6842.5,6181
1758096000,6842.5,6842.75,6825,6836.5,25863
1758099600,6837,6841,6836,6838,7992
1758103200,6837.75,6839.25,6831.75,6833.5,8865
1758106800,6833.5,6837,6831,6834,11169
1758110400,6834.25,6839.5,6833.25,6839.25,15693
1758114000,6839,6847,6836.25,6838.75,117144
1758117600,6839,6839.75,6830,6833,107426
1758121200,6833,6836.5,6828.25,6832.5,65829
1758124800,6832.5,6833.5,6821.25,6823.25,62965
1758128400,6823,6836.75,6823,6836.75,45119
1758132000,6835.25,6858,6782.25,6817.25,349186
1758135600,6817,6847.25,6814.75,6831.5,217662
1758139200,6831.75,6840.5,6831,6837.5,23468
1758146400,6837,6854,6835.25,6852.25,13597
1758150000,6852.5,6855.75,6852,6854.5,9000
1758153600,6854.5,6854.75,6848,6849,7624
1758157200,6849,6855.25,6848.75,6854.5,7384
1758160800,6854.75,6859.25,6852.75,6858.5,6398
1758164400,6858.5,6862.75,6858.5,6861.5,6593
1758168000,6861.75,6864.75,6860,6863.75,4611
1758171600,6863.75,6865,6856,6858,6606
1758175200,6857.75,6861.25,6851,6860.75,10113
1758178800,6860.75,6872.25,6859.5,6870.75,16470
1758182400,6870.75,6890.25,6869,6889.25,19326
1758186000,6889.25,6891,6885,6886.25,12733
1758189600,6886.25,6889.25,6878.75,6881.75,10409
1758193200,6881.75,6888.5,6877.75,6881.5,19084
1758196800,6881.75,6883.75,6864.25,6864.5,30459
1758200400,6864.5,6865.25,6841.5,6860,219309
1758204000,6860,6889.5,6859.25,6867,200940
1758207600,6867,6879.75,6860.75,6865.25,138879
1758211200,6865,6881.75,6862.25,6880.25,83810
1758214800,6880.25,6882.25,6864.75,6867.5,91323
1758218400,6867.5,6875,6863,6872.25,70105
1758222000,6872.5,6874.75,6859.5,6863.5,124916
1758225600,6863.5,6871.25,6862.25,6870,25770
1758232800,6870.25,6876.25,6868.75,6875,10565
1758236400,6875,6877,6873.75,6874.25,5344
1758240000,6874.5,6877.25,6864.75,6868,10374
1758243600,6867.75,6871.75,6866.25,6870.75,5605
1758247200,6870.5,6871.75,6865.5,6867.75,5052
1758250800,6867.5,6874.25,6867,6868.75,7943
1758254400,6869,6870.5,6861.5,6869.75,8571
1758258000,6870,6870.75,6862.25,6864.25,6878
1758261600,6864,6866.25,6855,6855.25,12593
1758265200,6855.25,6860.75,6850.75,6859,11533
1758268800,6859,6866.75,6858.25,6864,7203
1758272400,6864.25,6869,6863.5,6864.5,6763
1758276000,6864.5,6868.75,6862.5,6867.5,6195
1758279600,6867.25,6871.25,6864.75,6871,8543
1758283200,6870.75,6877.5,6870,6873.75,15938
1758286800,6874,6884,6868,6877,123505
1758290400,6877,6879.75,6864.5,6870.5,117871
1758294000,6870.75,6874.5,6858.5,6871.25,98855
1758297600,6871,6883.5,6870.75,6881.25,74567
1758301200,6881.5,6885.5,6878,6883.25,44727
1758304800,6883,6888.25,6879.75,6888,45405
1758308400,6888,6902.75,6887.5,6893,122040
1758312000,6893,6896,6889.25,6891,27384
1758492000,6887.5,6892.75,6883.5,6887.75,15947
1758495600,6887.75,6888.5,6885.5,6886,5295
1758499200,6886,6891.25,6881.75,6882.75,12075
1758502800,6882.75,6887.5,6882,6885.75,7876
1758506400,6885.75,6887.75,6885,6887.25,3802
1758510000,6887,6890.5,6885,6889.25,5540
1758513600,6889.25,6889.75,6886.75,6887,2860
1758517200,6887,6889.5,6886,6886,4649
1758520800,6886.25,6887,6880.5,6881.75,7591
1758524400,6881.75,6884.25,6866.25,6873.25,18427
1758528000,6873.5,6882.75,6872.5,6875.25,10780
1758531600,6875.75,6877,6870.5,6874.25,8982
1758535200,6874.25,6879.75,6872,6872.5,8376
1758538800,6872.5,6875,6870,6875,11204
1758542400,6874.75,6875.75,6869.75,6874.5,14480
1758546000,6874.5,6890.75,6871.25,6889.25,96544
1758549600,6889,6906,6886.5,6905.5,116749
1758553200,6905.25,6908.75,6899.75,6901,74086
1758556800,6900.75,6920.5,6900.75,6919.25,93483
1758560400,6919.5,6923.75,6916.5,6918.75,52037
1758564000,6919,6923.75,6915.5,6923.25,44273
1758567600,6923.25,6928,6922.25,6922.75,99820
1758571200,6922.75,6923.25,6916,6921.25,36895
1758578400,6921.25,6922.25,6917,6919.75,7791
1758582000,6919.5,6923.25,6918.75,6922,4742
1758585600,6922,6923.75,6919.75,6921,5284
1758589200,6921,6924.5,6920.25,6921.75,4087
1758592800,6921.75,6923.75,6921.5,6921.75,2363
1758596400,6921.75,6923.75,6921.5,6922.5,2031
1758600000,6922.75,6922.75,6917.5,6918.75,3703
1758603600,6918.5,6925.25,6918,6921.75,5670
1758607200,6921.75,6925,6920.75,6924.5,4577
1758610800,6924.25,6924.5,6918.5,6921,9916
1758614400,6920.75,6926,6920.75,6921.75,7958
1758618000,6922,6924.5,6920.75,6923.5,4166
1758621600,6923.75,6924.25,6917,6920.25,7200
1758625200,6920.5,6923,6915.25,6922,9421
1758628800,6922.25,6924,6919.25,6923.25,11957
1758632400,6923,6927.75,6919.75,6923.25,85100
1758636000,6923.25,6926.75,6915.5,6917.25,120556
1758639600,6917.25,6919,6908.5,6909.5,87778
1758643200,6909.5,6912.5,6902.5,6905.5,112204
1758646800,6905.5,6906.25,6873.25,6885.5,191461
1758650400,6885.25,6887.25,6872.75,6874,111178
1758654000,6874,6889.75,6874,6887,122754
1758657600,6887.25,6890,6884.25,6887.25,25430
1758664800,6888,6893.5,6887.75,6891,7738
1758668400,6891,6891.25,6888.5,6889,3272
1758672000,6889,6890.25,6883,6888.75,9431
1758675600,6889,6889.5,6884,6886,7898
1758679200,6885.75,6889.25,6884.5,6888.75,3250
1758682800,6888.5,6890,6888,6889.75,2504
1758686400,6889.75,6892.25,6889.25,6892,2610
1758690000,6891.75,6894,6890.75,6893.75,3355
1758693600,6894,6899.25,6893.25,6896.25,6726
1758697200,6896.75,6898,6886.75,6897.75,11018
1758700800,6897.75,6899,6893.5,6895.5,7443
1758704400,6895.5,6898.75,6895,6897,5656
1758708000,6897,6898.25,6893,6897,6041
1758711600,6896.75,6899.75,6893.75,6897,8556
1758715200,6896.75,6898.75,6894.75,6897.75,10407
1758718800,6897.75,6899.75,6877.25,6883.75,130167
1758722400,6883.75,6890.5,6879.75,6882.5,143416
1758726000,6882.5,6884.75,6855,6856.75,149732
1758729600,6857,6864.25,6849.25,6858.25,144751
1758733200,6858.5,6871.25,6856.5,6858.75,96354
1758736800,6858.5,6864.75,6852.5,6864.25,82603
1758740400,6864.5,6867,6858.25,6863.5,83584
1758744000,6863.5,6871,6863.25,6868.25,24072
1758751200,6868.25,6869.5,6865.75,6868.25,6760
1758754800,6868.25,6870,6865.75,6869.75,3434
1758758400,6869.5,6874.25,6868.5,6873.75,7116
1758762000,6873.5,6876.5,6872.5,6874.5,4660
1758765600,6874.75,6876.25,6873.25,6875.75,2839
1758769200,6875.75,6876,6874.25,6875.75,2211
1758772800,6876,6876.75,6870,6871.25,3607
1758776400,6871,6871.75,6867,6869.5,4410
1758780000,6869.5,6870.75,6861.25,6862.75,7452
1758783600,6863,6867.25,6855,6864.25,12910
1758787200,6864.5,6868.5,6858.75,6861.25,7920
1758790800,6861.25,6863.75,6855.75,6859,8240
1758794400,6859.25,6861,6850.5,6854,12638
1758798000,6854,6854.25,6833.75,6835.75,30851
1758801600,6835.5,6844.25,6824.5,6830,51270
1758805200,6829.75,6834,6802.5,6808,228445
1758808800,6808,6843.75,6807,6840,214459
1758812400,6840.25,6846.25,6823.5,6841.5,154737
1758816000,6841.25,6844.25,6827.75,6830.5,100715
1758819600,6830.25,6835.5,6806.75,6807.75,126437
1758823200,6807.75,6833.75,6795.5,6831,164981
1758826800,6831,6835,6822.75,6831.75,103424
1758830400,6832,6837.75,6829,6833.25,23919
1758837600,6835,6839.75,6831.5,6833.5,11129
1758841200,6834,6835,6830,6830,8810
1758844800,6830,6834,6828.25,6833,7480
1758848400,6833.25,6833.25,6827.25,6829.25,7955
1758852000,6829.5,6835.25,6828.75,6831,5203
1758855600,6831,6831.5,6825.25,6829.25,6024
1758859200,6829,6832.5,6824.5,6825,7030
1758862800,6825,6832.75,6824.25,6832.25,5869
1758866400,6832.25,6844.75,6831.25,6840,12407
1758870000,6840,6845.75,6835.75,6841.75,12323
1758873600,6841.5,6844.25,6831.25,6831.25,9754
1758877200,6831.5,6837,6828,6835.75,11686
1758880800,6836,6838,6828.5,6830.75,8684
1758884400,6830.5,6840.25,6828.25,6837.25,12931
1758888000,6837.25,6861.75,6835.5,6852.75,43897
1758891600,6852.75,6869.5,6838.75,6868,158531
1758895200,6867.75,6874.25,6828.5,6834.25,271479
1758898800,6834,6850.75,6830,6836.5,142251
1758902400,6836.75,6865.25,6834.5,6863.5,111848
1758906000,6863.5,6868,6857.5,6863.5,64427
1758909600,6863.5,6871.75,6858.5,6869.25,65562
1758913200,6869.25,6870.25,6861,6867.5,73121
1758916800,6867.75,6874.25,6866.5,6868.75,21870
1759096800,6868.5,6877,6868,6874,13678
1759100400,6874,6879,6873.5,6876.75,7960
1759104000,6877,6884.75,6875.25,6882.25,9297
1759107600,6882.25,6884.5,6878.25,6882.5,8932
1759111200,6882.5,6886,6881,6885.75,4629
1759114800,6885.5,6888,6884.75,6887,3953
1759118400,6887.25,6890.25,6886.5,6888.5,3380
1759122000,6888.75,6891.25,6887.5,6888.25,3584
1759125600,6888.25,6896,6886.25,6893.25,8178
1759129200,6893.75,6898,6888.25,6895.25,9784
1759132800,6895,6902.75,6894.5,6902.25,8855
1759136400,6902.5,6905,6900,6900.25,8468
1759140000,6900.25,6907.5,6899,6904.25,8755
1759143600,6904.5,6905.25,6894.75,6899.5,15749
1759147200,6899.5,6905.75,6896.75,6904.5,17196
1759150800,6904.5,6907,6887,6895,136943
1759154400,6895.25,6902.25,6889.5,6894.5,145280
1759158000,6894.5,6896.5,6877.5,6882.25,145558
1759161600,6882.25,6887.25,6877.5,6879.75,82496
1759165200,6879.75,6880.25,6870.5,6878.5,83762
1759168800,6878.75,6885.25,6878.25,6883,56693
1759172400,6882.75,6887.25,6867.5,6885.5,138409
1759176000,6885.75,6887.25,6878,6879.75,23261
1759183200,6879.5,6885.25,6878.5,6884.75,8007
1759186800,6884.75,6886.25,6882.25,6882.5,4116
1759190400,6882.5,6886.75,6878.25,6885.5,8330
1759194000,6885.75,6885.75,6878.75,6881,6223
1759197600,6881,6887,6880.25,6886,4471
1759201200,6886.25,6888.5,6883.75,6884.5,4966
1759204800,6884.75,6885.25,6880,6880,4240
1759208400,6880,6884.25,6878.75,6883,4335
1759212000,6883.25,6887,6876.5,6877,6529
1759215600,6877.25,6878.5,6865.5,6874,16653
1759219200,6873.5,6876.5,6867,6874,12059
1759222800,6874,6876.75,6870.75,6872.5,8156
1759226400,6872.25,6875.75,6867,6874.5,9831
1759230000,6874.5,6876,6870,6872.75,9136
1759233600,6872.75,6881.75,6869.5,6879.5,17566
1759237200,6879.5,6881.25,6868,6879,108196
1759240800,6879,6884.25,6865,6880.75,174985
1759244400,6880.75,6885,6864,6878.5,135812
1759248000,6878.5,6889.25,6874.25,6876.25,91169
1759251600,6876.25,6879,6865.5,6873.25,97176
1759255200,6873,6894.5,6872,6892.25,97242
1759258800,6892.5,6915,6891.5,6908.5,162465
1759262400,6908.25,6910,6893.25,6895.75,41453
1759269600,6896.25,6904.5,6892,6895.25,14319
1759273200,6895.25,6898,6891.5,6894.75,7364
1759276800,6894.75,6896,6884.75,6886,12732
1759280400,6886,6888.25,6883,6885.75,8157
1759284000,6885.75,6886.5,6881.25,6882,8645
1759287600,6882.25,6882.5,6877.25,6879.5,6147
1759291200,6879.75,6882,6878.75,6879.75,4756
1759294800,6880,6881,6875.25,6875.75,5304
1759298400,6875.75,6878.25,6851.25,6854.75,21614
1759302000,6854.5,6862.25,6851.75,6858.75,18503
1759305600,6858.75,6870,6855.25,6867.5,14265
1759309200,6867.25,6877,6866.5,6873.25,12164
1759312800,6873.25,6876.75,6869,6870.5,10658
1759316400,6870.75,6886.75,6870.5,6885.75,16915
1759320000,6885.5,6886.75,6873.25,6881.75,31234
1759323600,6881.75,6900.25,6876.5,6885.25,152397
1759327200,6884.5,6907,6877.25,6904.25,145169
1759330800,6904.25,6918.25,6903.5,6916,94148
1759334400,6916.25,6918,6910.25,6915.25,62121
1759338000,6915.25,6927.75,6914.25,6926,69969
1759341600,6926,6940.25,6925.5,6938,73824
1759345200,6938,6940.5,6931.75,6931.75,90877
1759348800,6932,6932.5,6926.25,6928,32330
1759356000,6928.5,6932,6926.25,6929.5,6781
1759359600,6929.5,6932.75,6927.25,6930.75,7293
1759363200,6931,6940.25,6930,6939,10717
1759366800,6939,6943,6936.25,6942.5,9665
1759370400,6942.5,6942.75,6936.5,6938,5818
1759374000,6938,6939.5,6934.75,6938.75,5366
1759377600,6938.75,6942.25,6935.75,6940.25,5008
1759381200,6940,6942.75,6938.75,6939.75,3898
1759384800,6939.75,6941.5,6935.5,6937,6605
1759388400,6937,6941.75,6935,6939,10692
1759392000,6939.25,6946.25,6939,6945.25,11069
1759395600,6945,6945.75,6936.75,6941.75,8547
1759399200,6941.5,6946.5,6941.25,6943.5,8377
1759402800,6943.5,6949.5,6943,6948.75,11665
1759406400,6948.75,6952.25,6947.25,6950.5,13751
1759410000,6950.5,6953.5,6932.75,6939.5,145705
1759413600,6939.75,6940.75,6920.75,6921,164067
1759417200,6921.25,6929.75,6912.75,6929,146566
1759420800,6928.75,6931.5,6920.5,6929.75,78443
1759424400,6929.5,6936,6924.5,6934.25,56583
1759428000,6934,6942.75,6933.75,6939,57153
1759431600,6939,6941.75,6933.75,6937.75,82637
1759435200,6938,6940.5,6935,6936.25,19707
1759442400,6935.25,6937.5,6929.75,6936.5,7633
1759446000,6936.75,6940.75,6935,6940.75,4956
1759449600,6940.5,6946.5,6938.25,6944.5,7726
1759453200,6944.25,6949,6942.75,6949,5754
1759456800,6949,6949,6944.75,6947.75,4658
1759460400,6947.75,6952,6947.5,6951,3947
1759464000,6951.25,6952.75,6950.5,6952.75,2924
1759467600,6952.25,6955.75,6951.5,6951.5,5429
1759471200,6951.5,6956.25,6948.25,6954.25,6833
1759474800,6954.5,6957.5,6953.25,6955.25,6594
1759478400,6955.25,6956.5,6953.75,6955.75,4724
1759482000,6955.75,6958.75,6953.75,6958.5,5911
1759485600,6958.5,6958.75,6951,6951.5,7834
1759489200,6951.25,6953.5,6943.25,6945,15790
1759492800,6945.25,6948,6937.5,6941.75,21455
1759496400,6941.75,6959.75,6939.25,6952,110022
1759500000,6951.5,6967,6943.25,6965,151473
1759503600,6965.25,6970.25,6957.25,6969.25,92520
1759507200,6969.25,6971.25,6964.5,6966.75,51066
1759510800,6966.5,6966.5,6925.25,6935.75,224443
1759514400,6935.75,6951,6926.25,6942.75,142721
1759518000,6942.75,6946.75,6932,6936.25,104141
1759521600,6936.25,6938,6931.25,6934.25,23328
1759701600,6939.25,6948.75,6938,6947.75,19426
1759705200,6947.75,6954.75,6947.5,6949.5,13643
1759708800,6949.75,6950.75,6946,6949,9473
1759712400,6949,6951.25,6947,6951,6200
1759716000,6951,6953.25,6950,6953,4315
1759719600,6952.75,6956.75,6952.75,6954.5,5505
1759723200,6954.5,6958.75,6950.5,6957.25,6727
1759726800,6957,6957.5,6952.5,6953.75,4395
1759730400,6954,6957,6951.75,6955.75,7682
1759734000,6955.75,6956.25,6943,6949.5,18375
1759737600,6949.5,6956,6949.25,6953.75,10898
1759741200,6954,6960.25,6953.25,6960,7803
1759744800,6959.75,6965,6957.5,6960.75,12028
1759748400,6961,6961.25,6952.75,6959.25,16371
1759752000,6959.5,6965.5,6953.5,6953.75,22083
1759755600,6953.75,6961.5,6942.25,6943.5,132338
1759759200,6943.5,6952.25,6937.5,6951.25,145300
1759762800,6951,6963,6950,6961.75,87955
1759766400,6961.75,6962.5,6956.5,6960.75,58512
1759770000,6961,6967.25,6957,6966.25,68086
1759773600,6966.5,6968.75,6963.5,6964.75,47581
1759777200,6964.75,6965,6959.25,6959.75,87780
1759780800,6959.75,6962.5,6958.25,6961.5,22828
1759788000,6961.25,6964.25,6948.5,6949.75,12555
1759791600,6949.75,6952.75,6947.5,6949.75,12972
1759795200,6949.5,6951,6946.5,6948.5,9565
1759798800,6948.5,6951.75,6946.5,6951.25,6388
1759802400,6951.25,6952.75,6949.5,6951.75,3593
1759806000,6951.25,6953.5,6950,6952.25,3034
1759809600,6952.5,6957.5,6951.75,6956.75,5666
1759813200,6956.5,6957.25,6953.75,6954.25,3664
1759816800,6954,6955.5,6947,6952,7852
1759820400,6952.5,6953,6947.5,6951,8646
1759824000,6951.25,6955,6945.25,6954.25,10326
1759827600,6954.25,6958,6953.5,6957.75,6373
1759831200,6957.5,6960.75,6955.5,6956.75,8036
1759834800,6956.75,6962.75,6956,6962.75,8052
1759838400,6962.75,6970.75,6959.75,6970,18219
1759842000,6970,6974,6963.75,6965.5,112450
1759845600,6965.25,6966.5,6948,6951.5,162435
1759849200,6951.5,6953.5,6918.5,6924.5,303465
1759852800,6924.5,6937.5,6918.5,6925.5,152770
1759856400,6925.75,6936,6923.75,6925,88472
1759860000,6925.25,6932.75,6919.75,6932.5,80869
1759863600,6932.5,6936.25,6927,6934,90875
1759867200,6934,6939,6933.5,6936.25,25782
1759874400,6937.25,6941.5,6935.75,6940.5,9535
1759878000,6940.75,6940.75,6929.75,6930.5,11435
1759881600,6930.5,6937.5,6929.25,6936.5,8026
1759885200,6936.5,6941.25,6936,6939.5,8437
1759888800,6939.5,6943.75,6939.25,6942.5,6136
1759892400,6942.5,6943.5,6940.75,6942.75,2483
1759896000,6942.5,6943.5,6940.25,6941.5,2782
1759899600,6941.5,6941.5,6935.5,6935.75,4982
1759903200,6936,6937,6930.5,6935,7353
1759906800,6935,6944,6933.25,6942.75,10641
1759910400,6942.75,6946,6937.5,6941.5,10525
1759914000,6941.25,6944.5,6939.25,6942,6684
1759917600,6942.25,6946.25,6935.5,6945.75,9176
1759921200,6945.75,6947.5,6938.75,6945.25,13723
1759924800,6945,6945.25,6937.25,6942.75,18225
1759928400,6942.75,6947.75,6935.75,6944.5,118502
1759932000,6944.75,6964.25,6944.75,6960.25,149751
1759935600,6960,6972.5,6959,6970.5,83137
1759939200,6970.5,6974,6965,6970,56007
1759942800,6970,6973,6967,6969,43223
1759946400,6968.75,6974,6963.75,6964.75,58813
1759950000,6964.5,6974.5,6963.5,6973,85186
1759953600,6973,6979,6971.25,6974.5,26526
1759960800,6974.5,6979,6973.25,6978,7239
1759964400,6978.25,6983.5,6976.75,6980,8979
1759968000,6980,6980,6976,6977.25,5784
1759971600,6977.25,6979.25,6969,6970.5,11134
1759975200,6970.5,6971,6965.75,6966.25,6899
1759978800,6966.5,6971.75,6966.25,6968.5,7267
1759982400,6968.5,6973.25,6968.25,6972.75,3910
1759986000,6973,6978,6971.75,6976.25,5189
1759989600,6976.25,6978.5,6970.5,6972.75,6469
1759993200,6972.75,6975.5,6970.5,6972.75,8319
1759996800,6972.5,6973.75,6967,6968.75,8143
1760000400,6968.5,6975,6967,6971.5,6156
1760004000,6971.5,6973.75,6968.5,6970.75,5855
1760007600,6971,6976.75,6970.75,6971.25,9032
1760011200,6971.25,6976.5,6971.25,6976,11804
1760014800,6976.25,6980.75,6956.5,6960,145031
1760018400,6960,6963.5,6939.75,6954,187963
1760022000,6954,6959.25,6940.25,6953.5,126586
1760025600,6953.75,6956.5,6936.5,6938.25,105551
1760029200,6938.25,6944.25,6932,6942,118835
1760032800,6941.75,6943.5,6933.5,6939.25,72862
1760036400,6939.25,6953,6938.25,6952.25,97924
1760040000,6952.25,6953.75,6946.5,6951,21582
1760047200,6951,6957.75,6950.75,6956.5,8608
1760050800,6956.75,6960.75,6955.25,6960.5,5469
1760054400,6960.5,6963.25,6957,6961.25,9670
1760058000,6961.5,6964,6960.5,6963.75,5919
1760061600,6963.5,6964,6960,6960.5,3639
1760065200,6960.25,6961.5,6955.75,6957,5572
1760068800,6957.25,6958.25,6952.75,6954,4659
1760072400,6953.75,6959.75,6951.5,6959.75,4322
1760076000,6959.75,6964,6950.25,6953.5,13079
1760079600,6953.75,6959,6952.5,6957.5,9947
1760083200,6957.5,6961.25,6956.25,6959.75,7042
1760086800,6959.5,6960,6943.75,6944.75,15537
1760090400,6944.75,6954,6944.5,6953.75,10747
1760094000,6953.5,6959.75,6953.25,6959.25,10406
1760097600,6959,6961.5,6952.25,6954.75,15415
1760101200,6954.5,6977.75,6954.5,6968,135561
1760104800,6968,6971.25,6913.75,6929,221167
1760108400,6928.75,6929.75,6830.5,6854,528997
1760112000,6853.75,6863.5,6824.25,6826.5,225356
1760115600,6826.5,6844.75,6812.5,6831.5,170801
1760119200,6831.5,6836.25,6802.5,6807,128022
1760122800,6807,6817.75,6763,6766.5,266851
1760126400,6766.5,6778.25,6711.5,6722,70510
1760306400,6802.75,6846.25,6801.25,6826,70208
1760310000,6826.25,6841.75,6816.75,6839.75,26334
1760313600,6839.5,6850.5,6832.5,6848.75,23032
1760317200,6849.25,6855,6843.5,6854,22359
1760320800,6854,6856.25,6847.25,6847.75,13445
1760324400,6847.5,6855.25,6839.5,6842.25,15177
1760328000,6842,6851.25,6841,6850.25,11357
1760331600,6850.5,6854.75,6846.75,6854.25,9194
1760335200,6854.25,6858.75,6843.5,6858.25,16225
1760338800,6858.25,6877.5,6853,6868,31360
1760342400,6867.5,6869,6852,6859.75,21068
1760346000,6859.5,6861.5,6852,6853,13175
1760349600,6852.75,6859,6846.5,6852.5,18032
1760353200,6852.5,6857.5,6824.5,6838.75,57690
1760356800,6838.5,6848.25,6831,6840.75,33322
1760360400,6840.5,6866,6833,6864.75,228117
1760364000,6864.5,6868.25,6834.75,6837.75,241582
1760367600,6837.5,6867.75,6833,6865.5,133727
1760371200,6865.75,6880.25,6862.25,6878.75,113906
1760374800,6878.75,6882.75,6859.25,6868.5,89831
1760378400,6868.25,6879,6854,6857,75923
1760382000,6857,6872,6852.75,6865.75,96466
1760385600,6866,6867.5,6859.5,6861.25,18903
1760392800,6861.75,6867.75,6861,6867,10281
1760396400,6867,6867.5,6859,6862.75,10361
1760400000,6862.5,6889.75,6860.75,6882,27153
1760403600,6881.75,6883.25,6873,6882,14428
1760407200,6881.75,6884.25,6871.5,6872.25,9359
1760410800,6872.5,6873.25,6862.25,6864.5,11884
1760414400,6864.5,6865.75,6831.75,6843.75,34195
1760418000,6843.5,6845,6809,6822.25,29588
1760421600,6822.25,6830.25,6813,6817,23243
1760425200,6816.75,6823.5,6794.25,6807.5,47777
1760428800,6807.5,6819.75,6797.5,6819,28577
1760432400,6818.75,6823.5,6805.25,6806.75,17043
1760436000,6806.5,6807.75,6776.5,6789.25,43643
1760439600,6789.5,6814,6786.75,6811.25,36404
1760443200,6811.25,6812.25,6787,6802.25,43675
1760446800,6802,6810,6764.75,6801.75,250836
1760450400,6801.5,6837.5,6798.5,6831.5,220203
1760454000,6831.5,6865.25,6829,6858.75,205679
1760457600,6858.75,6892.25,6849,6879,173714
1760461200,6878.75,6894,6871.25,6886.5,107087
1760464800,6886.75,6889,6879.5,6884,73519
1760468400,6884.25,6888.75,6837,6857.25,224590
1760472000,6857.25,6865,6843.25,6856,36049
1760479200,6856,6869,6855.25,6862,18671
1760482800,6861.75,6870.25,6860,6860.25,13953
1760486400,6860.25,6867,6854.5,6866.5,17119
1760490000,6866.5,6869.75,6858.5,6865.75,10454
1760493600,6865.75,6876.75,6865.5,6868.5,11394
1760497200,6868,6872.25,6863,6868.25,8409
1760500800,6868,6877.25,6867,6876.5,5503
1760504400,6876.5,6886.75,6876.5,6881.25,13565
1760508000,6881.5,6886.75,6878,6886.5,10405
1760511600,6886,6891.25,6880.25,6886.25,14008
1760515200,6886,6893,6885.25,6888.75,14335
1760518800,6888.5,6902.5,6887.75,6899.5,18452
1760522400,6899.5,6902.5,6894.75,6900.25,9536
1760526000,6899.75,6902,6895.5,6900.5,17182
1760529600,6900.5,6912.25,6899.5,6909.75,34245
1760533200,6910,6921,6895.25,6918,183697
1760536800,6918.25,6938,6918,6925.5,167504
1760540400,6925.5,6927,6873.25,6886.5,242845
1760544000,6886.75,6899,6873.5,6875.25,198783
1760547600,6875.25,6879.5,6822.75,6877.25,335638
1760551200,6877.25,6892.75,6868.25,6891.75,126566
1760554800,6891.5,6892.75,6867,6886.5,160281
1760558400,6886.5,6896,6880.5,6884.75,36561
1760565600,6885.75,6897.75,6885.25,6893.75,13597
1760569200,6893.75,6893.75,6881.5,6886,11733
1760572800,6886,6888.5,6874,6881.5,18384
1760576400,6881.25,6887.25,6879.75,6884.25,11864
1760580000,6884.75,6887,6877,6884.75,10187
1760583600,6884.75,6887.25,6879.25,6881,6439
1760587200,6881,6886,6879.75,6884,5278
1760590800,6884,6891.25,6882,6887.25,9509
1760594400,6887.25,6901.75,6887.25,6900.25,14494
1760598000,6900.75,6907.5,6889.25,6903.5,26616
1760601600,6903.25,6908.25,6897.25,6900.75,15103
1760605200,6900.5,6908,6899.25,6907.5,12844
1760608800,6907.5,6914.75,6907,6910.25,13661
1760612400,6910.25,6916.5,6909.25,6911,13011
1760616000,6911,6917.5,6901.25,6913,26602
1760619600,6912.75,6915.5,6895.5,6900.75,171759
1760623200,6901,6921.75,6888.25,6905,272937
1760626800,6905,6914.75,6873,6878.75,280573
1760630400,6879,6885.25,6825.75,6867,350322
1760634000,6866.75,6876,6844.25,6851.5,213452
1760637600,6851.25,6852.75,6803.25,6838,261817
1760641200,6837.75,6846,6812.75,6840,216183
1760644800,6839.75,6845,6822,6830.75,33722
1760652000,6830.75,6840.5,6815.75,6816,27635
1760655600,6816,6823,6812.75,6822.5,23069
1760659200,6822.5,6829.25,6819.5,6822.75,16506
1760662800,6823,6834.25,6813.75,6819.5,19776
1760666400,6819.75,6821.75,6814,6819.5,12045
1760670000,6819.25,6821.5,6807.5,6813.25,12979
1760673600,6813,6815,6806.5,6808,10831
1760677200,6808.25,6809,6790,6799.5,24537
1760680800,6799.75,6805.25,6780,6782.25,30952
1760684400,6782.75,6784.75,6742.5,6756,75470
1760688000,6756,6769.25,6742.5,6762.25,36234
1760691600,6762.25,6779.5,6761,6763,27246
1760695200,6763.5,6787,6762.25,6786.5,36644
1760698800,6787,6827,6784,6824,73173
1760702400,6824,6843.25,6819.25,6829.5,47762
1760706000,6829.5,6855.75,6812.75,6837.5,235997
1760709600,6837.5,6868.5,6824.25,6826.5,351506
1760713200,6826.75,6853.75,6811.75,6848.25,269348
1760716800,6848.25,6868,6843.5,6851.5,182781
1760720400,6851.5,6862,6836.5,6859.75,153266
1760724000,6859.75,6882.5,6859.75,6875.25,110476
1760727600,6875.5,6889.25,6872,6875,114509
1760731200,6875.25,6884.5,6872.75,6882.25,25050
1760911200,6892,6897.75,6884,6887.25,18103
1760914800,6887.25,6887.75,6872.75,6877,19188
1760918400,6876.75,6888.25,6865,6885.75,29655
1760922000,6886,6892,6881.25,6884.5,16814
1760925600,6884.25,6887.75,6880.5,6886,10048
1760929200,6886,6895.75,6886,6894.25,7711
1760932800,6894.75,6899.75,6893,6898.5,9319
1760936400,6898.5,6903,6895,6900.25,8554
1760940000,6900,6902.5,6894.5,6899.25,10812
1760943600,6899.25,6908.75,6896.5,6902.5,14270
1760947200,6902.5,6904,6889.75,6891.5,14247
1760950800,6891.25,6897.25,6888.5,6894,12898
1760954400,6894,6898.25,6883.5,6884,16339
1760958000,6883.75,6896,6882.75,6895.25,15481
1760961600,6895,6905.5,6892,6905.25,19425
1760965200,6905.25,6926,6903,6918.5,131801
1760968800,6918.75,6946.75,6918.5,6944,140157
1760972400,6944.25,6945.25,6933.5,6937.75,112438
1760976000,6937.75,6943,6934,6942.25,65885
1760979600,6942.5,6953.5,6942,6950,61665
1760983200,6950,6954.5,6943.75,6948.5,56442
1760986800,6948.5,6954,6943.75,6944.5,85588
1760990400,6944.75,6951.75,6941,6951.5,22440
1760997600,6950.25,6952.25,6947.5,6948.75,8387
1761001200,6949,6953.75,6947.5,6949.25,8578
1761004800,6949,6953.25,6947.25,6953,8284
1761008400,6953.25,6956,6949.5,6952,8595
1761012000,6951.75,6956.5,6950.75,6951.75,7747
1761015600,6951.75,6953.5,6947,6949,4950
1761019200,6949,6949,6942.5,6945.5,6227
1761022800,6945.25,6947.25,6938.75,6942.5,8817
1761026400,6943,6943,6935.75,6939,9288
1761030000,6939,6940.5,6935.25,6938.5,12138
1761033600,6938.5,6940,6934.25,6935.75,9975
1761037200,6936,6942.25,6935.5,6939.75,9720
1761040800,6939.75,6943.25,6936.25,6942.25,10938
1761044400,6942.25,6947.75,6940.75,6947.5,17996
1761048000,6947.25,6949,6944,6945.25,16765
1761051600,6945.25,6948.75,6932.5,6936.25,138550
1761055200,6936.5,6957.75,6930.25,6957,199972
1761058800,6956.75,6958.75,6944.75,6954,120327
1761062400,6953.75,6961.25,6944.5,6946,100395
1761066000,6946.25,6954.25,6938.5,6953,122343
1761069600,6953,6956.25,6948.75,6950.5,59023
1761073200,6950.5,6955.25,6942.5,6943.5,66886
1761076800,6943.5,6947,6936,6943.5,35365
1761084000,6944.5,6949.25,6943,6946.75,10023
1761087600,6946.75,6947,6940.25,6941,8251
1761091200,6941.25,6943.75,6936.5,6937.5,12416
1761094800,6937.5,6946,6935.5,6945.25,7900
1761098400,6945.5,6948.5,6942.5,6947,5138
1761102000,6947,6951.25,6940.5,6950.5,6994
1761105600,6950.5,6959.5,6950.25,6955.75,9904
1761109200,6955.5,6957.75,6951.75,6953.25,5146
1761112800,6953.5,6960,6950.5,6956.75,9348
1761116400,6956.75,6957.25,6946.5,6953.25,11217
1761120000,6953,6953.5,6943.25,6947,10528
1761123600,6947,6950,6939.75,6949.75,11090
1761127200,6950,6954,6948,6949.5,9916
1761130800,6949.5,6950.5,6936.75,6940.5,24183
1761134400,6940.5,6952,6939.5,6950.5,19999
1761138000,6950.5,6953,6934.5,6943,113376
1761141600,6942.75,6946.5,6910.75,6930.75,237068
1761145200,6931,6934.5,6903.75,6920,218928
1761148800,6920.25,6922,6869.25,6903,282123
1761152400,6903,6906.75,6862,6876.5,213330
1761156000,6876.5,6895.25,6866.5,6894.5,185626
1761159600,6894.5,6913.5,6884.75,6908.25,127023
1761163200,6908.5,6915.25,6902.75,6908.5,22797
1761170400,6905.25,6910.75,6900.5,6908,12151
1761174000,6908,6911.75,6897.75,6898.25,11565
1761177600,6898.25,6909.25,6888.5,6908,20768
1761181200,6908,6919.5,6907.25,6918.5,13707
1761184800,6918.5,6921,6917,6918.25,6236
1761188400,6918.5,6921.5,6913.75,6916.5,8079
1761192000,6916.5,6918.25,6910.75,6913,6551
1761195600,6913,6918.5,6909.25,6917.5,7137
1761199200,6917.5,6921,6913.75,6919.5,9922
1761202800,6919.5,6923,6910.75,6917.75,12579
1761206400,6918,6921.25,6913.5,6916,9101
1761210000,6915.75,6918,6903.75,6910.5,13920
1761213600,6910.5,6913.5,6908.25,6911,9763
1761217200,6911.25,6911.5,6894.75,6897,22848
1761220800,6897,6908.25,6891,6907.25,30278
1761224400,6907.25,6937.25,6895.25,6929.5,158717
1761228000,6929.5,6933.5,6910.25,6931.75,202279
1761231600,6931.75,6936.75,6916.5,6932.25,141194
1761235200,6932,6945.25,6931,6944.25,87114
1761238800,6944,6954.75,6933.5,6953.5,111724
1761242400,6953.75,6957,6948,6955.25,54011
1761246000,6955.25,6957,6942.75,6945.75,81966
1761249600,6945.75,6949.75,6944.5,6948.75,21489
1761256800,6949.25,6953,6947.75,6951.25,7287
1761260400,6951,6953.75,6950.75,6952,4335
1761264000,6952.25,6953.25,6948.25,6952.25,6144
1761267600,6952.25,6956.75,6952,6956,8504
1761271200,6956,6958.25,6952.75,6954.5,5638
1761274800,6954.5,6959.5,6954,6959,3877
1761278400,6959,6959.75,6956.5,6959,3935
1761282000,6958.75,6963,6957.75,6962.75,5117
1761285600,6962.75,6969.5,6962,6966.25,9106
1761289200,6966.5,6966.75,6958.75,6959.5,9085
1761292800,6959.75,6965,6955.25,6960.75,10525
1761296400,6960.75,6970,6960.5,6965.75,7664
1761300000,6965.75,6969,6963.5,6964.25,7541
1761303600,6964,6971.25,6964,6969,9618
1761307200,6968.75,7003.25,6959.75,6984,48298
1761310800,6984.25,7006,6983.5,7000.75,138934
1761314400,7000.5,7007,6986.75,6994.5,157707
1761318000,6994.25,7012.25,6992.25,7007,102699
1761321600,7007.25,7013,6999.5,7007.25,70071
1761325200,7007,7012,7004,7008.25,39326
1761328800,7008,7011,7004.5,7009.25,39271
1761332400,7009.25,7012.25,6994.75,6998.75,89537
1761336000,6998.75,7000.75,6995.5,6996.5,23015
1761516000,7046.25,7068.25,7037,7043.5,33673
1761519600,7043.5,7048,7040.5,7042,10957
1761523200,7042,7048,7040.5,7044,11571
1761526800,7043.75,7044.5,7040.5,7040.75,8112
1761530400,7041,7046.5,7038.5,7046.25,7518
1761534000,7046.25,7052.5,7045.5,7049.5,7536
1761537600,7049.75,7051.75,7048,7050.75,4259
1761541200,7050.5,7055,7050.25,7054.25,5078
1761544800,7054.25,7059.5,7053.5,7056,7489
1761548400,7055.75,7060.25,7054,7054,8039
1761552000,7054,7055.5,7047.75,7052.5,10765
1761555600,7052.25,7058.5,7050,7058.25,7011
1761559200,7058.5,7059.75,7055.25,7057.75,6726
1761562800,7058,7060.25,7050,7051.5,10703
1761566400,7051.25,7056.5,7050.5,7054.25,10622
1761570000,7054.25,7059.75,7048,7058,95972
1761573600,7058,7063.5,7051,7054.25,116059
1761577200,7054.25,7063.5,7052.5,7061.5,66253
1761580800,7061.25,7066.25,7061,7064.75,44217
1761584400,7065.25,7067.5,7059,7067,47389
1761588000,7066.75,7070,7065,7068.75,37469
1761591600,7068.75,7083,7067.5,7079,91709
1761595200,7078.75,7087.75,7078.25,7085.25,29270
1761602400,7085,7085.25,7081.5,7082.75,6759
1761606000,7083,7089,7082,7082.25,9366
1761609600,7082,7083.25,7079.5,7080.25,9248
1761613200,7080.25,7081.5,7077.25,7078.5,10473
1761616800,7078.5,7080.5,7076.5,7079,4901
1761620400,7078.75,7081.25,7077.25,7079.5,3587
1761624000,7079.25,7080.5,7076,7076.25,3560
1761627600,7076.5,7078,7073.75,7076.25,4218
1761631200,7076.25,7081,7074.75,7075.25,5877
1761634800,7075,7080,7073.5,7074.75,6223
1761638400,7075,7079,7072.75,7077.75,8906
1761642000,7077.75,7079.5,7075,7078.5,4936
1761645600,7078.75,7081.75,7077.25,7079,5516
1761649200,7078.75,7085.25,7078,7083.75,9827
1761652800,7084,7089.5,7083.25,7087.25,12573
1761656400,7087.25,7098.75,7078,7082.25,137919
1761660000,7083,7090,7080.5,7085,100410
1761663600,7085,7088.5,7074.5,7082.25,76305
1761667200,7082,7101.25,7082,7095.75,107041
1761670800,7095.5,7104,7095,7103,60052
1761674400,7102.75,7111,7102.25,7108.25,54112
1761678000,7108.25,7116,7095.5,7096.75,101437
1761681600,7097,7099.5,7092.75,7098.75,28460
1761688800,7100,7102.75,7096.5,7097,8193
1761692400,7097.25,7100.25,7095.5,7099,5581
1761696000,7099.25,7101.5,7095.75,7097,7174
1761699600,7097,7106.25,7096.75,7104,12306
1761703200,7104,7111.25,7103.75,7108.75,8851
1761706800,7109,7110.5,7105.5,7109.5,5422
1761710400,7109.25,7110.5,7104.25,7110,4155
1761714000,7109.75,7112.25,7109.5,7111.75,4517
1761717600,7111.75,7115.5,7110.75,7114.25,5518
1761721200,7114.25,7117,7110.5,7116.25,6587
1761724800,7116,7120.75,7107,7108.75,11847
1761728400,7108.5,7109,7102,7107.25,10642
1761732000,7107.25,7113.75,7105.5,7110,9139
1761735600,7109.75,7120,7108.25,7114.25,13960
1761739200,7114.25,7117.25,7108.75,7113.25,13393
1761742800,7113.25,7123.25,7107.5,7122,98225
1761746400,7122.25,7123.25,7103.75,7109.25,103087
1761750000,7109.5,7114,7104,7106,73237
1761753600,7106,7113.75,7101.25,7111.25,60301
1761757200,7111.25,7113.75,7101.5,7105.5,42611
1761760800,7105.25,7116.25,7053.75,7086.25,199413
1761764400,7086,7100.5,7066,7099.25,152158
1761768000,7099.25,7118,7076.5,7089.5,58019
1761775200,7079.25,7093.25,7073.5,7084.25,17815
1761778800,7084.5,7096,7079.25,7093.5,16624
1761782400,7093.75,7111.25,7093.5,7104.25,18600
1761786000,7104.5,7110.5,7097.5,7107.25,13648
1761789600,7107.25,7120,7106.5,7115.5,13583
1761793200,7115.25,7126.25,7115.25,7119.25,13566
1761796800,7119.25,7120,7072,7085.5,77995
1761800400,7085.75,7109.5,7083.5,7101.25,19835
1761804000,7100.75,7101.75,7087.25,7090.75,13932
1761807600,7090.75,7103.75,7083,7098.25,18756
1761811200,7098.5,7100.5,7087.25,7093.25,15518
1761814800,7093,7097.25,7076.75,7079.5,14510
1761818400,7079.75,7091.25,7077.75,7089.25,16058
1761822000,7089.25,7101,7087.75,7092.75,16434
1761825600,7093,7096,7061.5,7062.25,48425
1761829200,7062.25,7082,7039,7075.5,187981
1761832800,7075.5,7085,7057.25,7069.75,213718
1761836400,7069.5,7080.75,7054.5,7059,117915
1761840000,7059.25,7077.25,7057.25,7069.5,92366
1761843600,7069.5,7071.75,7055.5,7069.25,85713
1761847200,7069.25,7069.25,7046.5,7048.75,101089
1761850800,7048.75,7049.5,7023.75,7025,147251
1761854400,7025.25,7067.5,7022,7065.75,65003
1761861600,7067.75,7071,7062,7064.5,15967
1761865200,7064.75,7070.5,7059,7069.75,13676
1761868800,7070,7074.25,7060.75,7072.5,13307
1761872400,7072.25,7075.25,7066.75,7074.75,9524
1761876000,7074.75,7076,7064.5,7068.5,9188
1761879600,7068,7071.75,7063.75,7071,7058
1761883200,7071.25,7074.25,7070.75,7072.25,4710
1761886800,7072,7072.25,7065.25,7066.5,5247
1761890400,7066.25,7073.75,7065.5,7067.25,6873
1761894000,7067.25,7077.5,7064.5,7077.25,8532
1761897600,7077.25,7077.25,7067.5,7074.75,11859
1761901200,7074.75,7077.25,7070.25,7071,7131
1761904800,7071.25,7072,7064.5,7069,9186
1761908400,7069.25,7082.75,7066,7079,16402
1761912000,7078.75,7089.75,7073,7077,34147
1761915600,7077,7077.5,7051.25,7057.5,137244
1761919200,7057.5,7070.75,7044.75,7067.75,147912
1761922800,7067.75,7070.75,7043.5,7044.75,137663
1761926400,7044.75,7047.5,7023.75,7026.5,158261
1761930000,7026.25,7037.75,7014.75,7031.5,154361
1761933600,7031.5,7050.75,7030.75,7049.25,92143
1761937200,7049,7071.25,7043,7043.5,149276
1761940800,7043.5,7046.25,7038,7043.25,32433
1762124400,7048.75,7066.25,7047.5,7063.75,21406
1762128000,7064,7070,7063.25,7069.75,8552
1762131600,7069.5,7070.5,7062.75,7063.25,10398
1762135200,7062.75,7067.25,7058.5,7059.75,12008
1762138800,7059.75,7060.25,7052.25,7057.75,10436
1762142400,7057.25,7059.25,7055,7058.25,4735
1762146000,7058.25,7060.25,7053.25,7056,6609
1762149600,7056.25,7059.25,7048.75,7051.75,9103
1762153200,7051.5,7052,7044.75,7047.25,9880
1762156800,7047.25,7061,7044.5,7058.75,12601
1762160400,7058.75,7073.5,7058.25,7066.25,14220
1762164000,7066.25,7072.25,7064.5,7067.25,10521
1762167600,7067.25,7074.25,7067,7067.5,10365
1762171200,7067.5,7071.5,7062.5,7063,13304
1762174800,7062.75,7068.5,7057,7067.75,22408
1762178400,7068,7080.75,7043.5,7047.25,147066
1762182000,7046.25,7051.75,7020.75,7045.5,205227
1762185600,7045.5,7058,7040,7056,108781
1762189200,7056,7061.75,7046,7060.5,84063
1762192800,7060.5,7064.5,7056,7058,52923
1762196400,7058,7061,7047.75,7056.25,75612
1762200000,7056.25,7058.75,7046.75,7056.5,74352
1762203600,7056.75,7063.75,7053.5,7055.25,22604
1762210800,7055.75,7055.75,7046,7047.5,6479
1762214400,7047.5,7047.5,7033.5,7040.75,17290
1762218000,7040.75,7043,7033,7037,12578
1762221600,7037,7037.5,7024.25,7024.5,13862
1762225200,7024,7033.25,7023.5,7023.75,13455
1762228800,7023.75,7026,7017.5,7020.75,12224
1762232400,7020.75,7021.75,6997.75,7001.25,24781
1762236000,7001,7002,6984.75,6991.75,40611
1762239600,6991.75,6995.75,6982.75,6993,25990
1762243200,6993,6993,6977.5,6985.5,27957
1762246800,6985.75,6990,6962.75,6964,30984
1762250400,6964.25,6986.75,6957.5,6984.75,30613
1762254000,6984.75,6989,6981.75,6983.75,19507
1762257600,6984.25,6992,6976.25,6985.75,29930
1762261200,6985.75,6987.75,6973.5,6980.5,36921
1762264800,6980,7009,6967,7007.5,197859
1762268400,7007.75,7020.75,6996.75,7002.75,160288
1762272000,7002.75,7009,6995,7002.75,127243
1762275600,7003,7003,6977.25,6980.75,142337
1762279200,6980.5,6984.5,6967.25,6981.75,122576
1762282800,6981.5,6987,6966,6972.5,124144
1762286400,6972.5,6986.5,6967,6974.75,134806
1762290000,6974.75,6979.25,6968,6977.5,31516
1762297200,6974.25,6977.75,6963.75,6964.5,16584
1762300800,6964.75,6964.75,6944,6944.5,32804
1762304400,6944.5,6944.5,6919.75,6930.75,53618
1762308000,6931.25,6948.25,6924,6946.5,33810
1762311600,6946.75,6966.75,6946.5,6966.5,27013
1762315200,6966.5,6966.75,6954,6958,14283
1762318800,6958.25,6969.75,6955.5,6960,12745
1762322400,6960.25,6972.25,6954.75,6969,13230
1762326000,6969.25,6970,6957.5,6958,11929
1762329600,6958.25,6971.75,6953.25,6966.25,20162
1762333200,6966.5,6972.25,6959,6965.25,14062
1762336800,6965,6970.25,6944.5,6945.25,20479
1762340400,6944.75,6960.25,6942.75,6958.5,21340
1762344000,6958.5,6967.75,6953.5,6966.75,17735
1762347600,6966.5,6979,6961.25,6976.5,30754
1762351200,6976.75,6995.75,6961,6993.5,154633
1762354800,6993,7002.75,6980.5,6998.5,186242
1762358400,6998.5,7018,6987.25,7014,125024
1762362000,7013.75,7028.75,7010.25,7022.25,79002
1762365600,7022.25,7028.75,7020,7026.75,51636
1762369200,7026.5,7026.5,7017.25,7022.5,55894
1762372800,7022.5,7025.75,6994.25,6995.5,117081
1762376400,6995.75,7002.25,6991,6998.75,35733
1762383600,7000.5,7007,6992,7005.75,15796
1762387200,7005.75,7006.25,6981.75,6992.25,23714
1762390800,6992,6992,6976.75,6986.5,20530
1762394400,6986.25,6994.25,6979,6993.25,13052
1762398000,6993.25,6997.25,6990.25,6994.5,10872
1762401600,6994.5,6998.75,6991.25,6997.5,5516
1762405200,6997.75,6998.5,6988,6989,6913
1762408800,6989,6992.75,6984.5,6986.5,8571
1762412400,6986.5,6992.75,6979,6979.75,12064
1762416000,6979.75,6986,6974.75,6984,18807
1762419600,6984,6998.75,6983.5,6995,12843
1762423200,6995.25,7004.75,6994.25,7000,9485
1762426800,7000.25,7005.25,6998.5,6999.75,10398
1762430400,6999.5,7009.5,6999,7007.25,16206
1762434000,7007.25,7015,7002.25,7003.25,19366
1762437600,7003,7005.25,6959.25,6960,222601
1762441200,6959.75,6972,6925.25,6927.25,338695
1762444800,6927.25,6938,6907.75,6910.25,242520
1762448400,6910,6933.75,6904.75,6929.5,194696
1762452000,6929,6940.25,6909,6933.25,151787
1762455600,6933.25,6955.5,6931,6948.25,150552
1762459200,6948,6951.75,6914,6921.5,174590
1762462800,6921.5,6938.5,6920,6935.75,37773
1762470000,6935.25,6940.5,6927,6936.25,15484
1762473600,6936.5,6943,6928.5,6937.5,24132
1762477200,6938,6938.5,6913.5,6926.25,36213
1762480800,6926.5,6927.25,6913.75,6924.75,22393
1762484400,6924.75,6926.5,6910,6915.75,18698
1762488000,6915.5,6923,6903.75,6920.75,19646
1762491600,6920.5,6936.25,6920.25,6935.5,14312
1762495200,6935.75,6937.5,6931.25,6935,10839
1762498800,6935,6940.5,6932,6938,10940
1762502400,6938.25,6942.25,6926.25,6933.75,21893
1762506000,6933.5,6937.5,6919.5,6923.25,21020
1762509600,6923.25,6927.25,6908.5,6915.5,21795
1762513200,6915.25,6915.25,6884.5,6909.5,50128
1762516800,6909.25,6910.5,6883.5,6889,44871
1762520400,6889,6901.75,6884.5,6894.5,57693
1762524000,6894.75,6896.75,6858.5,6878.25,259724
1762527600,6878.25,6887.75,6847.75,6848.25,332473
1762531200,6848,6855.25,6828,6834.75,210753
1762534800,6834.5,6858,6826.75,6854.5,200609
1762538400,6854.5,6876.25,6851,6871.25,160557
1762542000,6871.25,6915.25,6867.25,6914.5,191093
1762545600,6914.5,6926.75,6894.5,6924.75,222998
1762549200,6924.75,6937,6924.5,6936.5,34042
1762729200,6957.5,6966,6949.5,6956.25,30975
1762732800,6956.25,6958.5,6943.25,6954.75,32105
1762736400,6954.5,6969.25,6954,6968.25,25436
1762740000,6968.5,6971,6964.5,6968,11299
1762743600,6967.75,6975.5,6967.75,6970,13009
1762747200,6970,6975,6969.75,6972.25,8692
1762750800,6972.25,6977.5,6972,6974.75,10873
1762754400,6974.75,6978.5,6970.75,6971.25,8910
1762758000,6971.5,6975.75,6969.5,6973.5,10922
1762761600,6973.5,6983.75,6967.25,6983,18381
1762765200,6983.25,6994,6981.75,6990.5,19335
1762768800,6990.75,6993,6987.5,6988.25,9488
1762772400,6988.25,6991,6982.25,6990.75,12806
1762776000,6991,6992.5,6982.25,6986.25,19466
1762779600,6986.5,6992,6984.5,6990.75,18715
1762783200,6991,7006.75,6984,7000,159137
1762786800,7000,7006.75,6975.5,6976.75,177330
1762790400,6977,6982.25,6964.25,6980.25,188791
1762794000,6980.25,7012.5,6978.25,7008.75,142258
1762797600,7009,7020.25,7008,7013.5,79722
1762801200,7013.75,7031.75,7013.25,7028,69553
1762804800,7027.75,7037.25,7025.25,7028.5,124397
1762808400,7028.25,7035.25,7026.75,7028.5,28398
1762815600,7028.75,7034,7025.5,7033.25,14738
1762819200,7033.5,7038.25,7030,7031.75,13647
1762822800,7031.75,7036.5,7030.25,7032.25,10341
1762826400,7032.25,7035.5,7028.25,7031.5,10377
1762830000,7031.5,7033.75,7028.5,7032.75,6210
1762833600,7033,7033,7023.5,7024.75,7728
1762837200,7024.5,7025.75,7018.75,7018.75,11852
1762840800,7018.75,7028,7018.5,7023.25,8523
1762844400,7023.5,7025.25,7016.5,7017.5,9643
1762848000,7017.25,7022.25,7013.5,7014.25,11300
1762851600,7014.75,7018.75,7010.5,7011.25,11285
1762855200,7011.25,7016.5,7010.5,7014.25,7200
1762858800,7014.5,7018.5,7013.25,7015.75,8891
1762862400,7015.75,7018.5,7009,7011,14864
1762866000,7011,7016.75,7007,7012.5,25581
1762869600,7012.25,7023.25,7008.75,7021.75,133123
1762873200,7021.5,7021.75,7001.25,7006,192556
1762876800,7006,7022.25,7002.25,7012,136243
1762880400,7012.25,7037.5,7011.5,7036,105029
1762884000,7035.75,7048,7035.25,7047,97890
1762887600,7047,7049.25,7039.5,7046.25,72789
1762891200,7046.25,7051,7038.25,7044.25,101258
1762894800,7044,7051.5,7040.5,7045.25,23268
1762902000,7045,7047.25,7039.25,7042.5,12008
1762905600,7042.75,7051.5,7042,7048.25,10463
1762909200,7048.5,7056.75,7047.25,7055.25,12722
1762912800,7055.5,7060.5,7051.25,7053.5,11524
1762916400,7053.75,7055.25,7050.75,7054,6429
1762920000,7054,7054.5,7048.25,7052.25,6456
1762923600,7052.25,7059.5,7052,7057,5863
1762927200,7057,7062.5,7056.5,7061,5369
1762930800,7061.25,7069.25,7061.25,7063.25,7797
1762934400,7063.5,7069.25,7060.5,7064.5,9932
1762938000,7064.5,7071.75,7061,7069.5,11175
1762941600,7069.75,7071.75,7060.75,7064.75,8599
1762945200,7065,7066.75,7053.75,7056.75,11955
1762948800,7056.75,7069.75,7053.25,7067.5,18155
1762952400,7067.25,7069.75,7064.75,7066.5,12590
1762956000,7066.75,7066.75,7045,7051.25,137792
1762959600,7051,7056.5,7032,7037.5,190691
1762963200,7037.75,7044.25,7023.25,7031.25,170014
1762966800,7031.5,7052.5,7029.25,7050.25,145477
1762970400,7050.5,7055.5,7044.25,7050.25,86386
1762974000,7050.25,7051.75,7036.25,7042,95659
1762977600,7041.75,7055,7034.5,7047.5,114704
1762981200,7047.5,7052.25,7043.75,7044.5,28127
1762988400,7045.25,7046.5,7022.5,7029.25,34099
1762992000,7029.75,7040.75,7029.25,7035,20958
1762995600,7035,7060.75,7033.75,7055.5,38217
1762999200,7055.5,7057.5,7047.75,7050.25,12781
1763002800,7050.25,7057.75,7046,7054.5,11489
1763006400,7054.5,7058.75,7052,7057.5,5928
1763010000,7057.75,7061.75,7057.25,7059,5960
1763013600,7059,7063.5,7057.25,7061,5480
1763017200,7061.25,7063.5,7053.5,7054.25,9347
1763020800,7054.25,7057.5,7049.5,7055.25,14264
1763024400,7055.25,7056.25,7030.25,7036.75,23043
1763028000,7036.75,7047.25,7035.5,7041.75,14560
1763031600,7041.5,7046.25,7030,7039,19583
1763035200,7038.5,7043.5,7031,7037.25,17595
1763038800,7037,7038.25,7019.75,7022.5,44288
1763042400,7022.75,7024.5,6988,7001,245065
1763046000,7001,7021.75,6965.5,6977,306268
1763049600,6977.25,6980.5,6954.25,6964.5,229512
1763053200,6964.25,6977.5,6951.75,6953.75,208196
1763056800,6954,6960,6927.5,6939.25,193650
1763060400,6939,6948.75,6917.25,6929.25,196348
1763064000,6929.25,6942.75,6917.25,6933.25,229851
1763067600,6933.5,6949.75,6932.25,6933.25,42884
1763074800,6936,6946.25,6934.25,6938.25,21690
1763078400,6938,6945.5,6936,6938,18204
1763082000,6938,6945.25,6936.5,6939.75,13687
1763085600,6940,6946.25,6939.75,6942.25,9093
1763089200,6942.25,6943.75,6932.5,6937.75,8785
1763092800,6937.75,6939.25,6922.5,6925,17279
1763096400,6925.25,6939,6914,6935.25,22960
1763100000,6935.25,6935.75,6917,6929,19568
1763103600,6928.75,6929.25,6904.75,6917.25,35348
1763107200,6917,6919,6899.5,6915.75,37981
1763110800,6916,6926,6906.75,6909.5,25134
1763114400,6909.25,6919.75,6907,6910.25,16418
1763118000,6910,6910,6875,6885.75,45867
1763121600,6886,6886.25,6856.25,6866.5,67526
1763125200,6866.5,6871.75,6849,6863.5,66931
1763128800,6863.25,6898,6841.75,6896.5,298352
1763132400,6896.25,6938,6879,6932.25,375212
1763136000,6932,6960.25,6918.25,6957,235275
1763139600,6957,6966.75,6941.25,6950.25,185188
1763143200,6950.5,6953.75,6924.75,6942.25,239517
1763146800,6942.25,6958.75,6932.5,6956.25,158117
1763150400,6956.25,6961.25,6921.25,6929.5,197849
1763154000,6929.25,6940.75,6922,6936.25,35612
1763334000,6935.75,6941.75,6911.5,6937.75,37808
1763337600,6937.75,6950.25,6927,6947,31429
1763341200,6947.5,6951.5,6941,6941.75,19668
1763344800,6942,6953.25,6941.25,6952,15090
1763348400,6952,6956.25,6950.25,6955.25,9694
1763352000,6955.5,6959,6953.75,6957.25,6539
1763355600,6957.5,6959.75,6951.25,6952,8522
1763359200,6952,6956.75,6949.25,6950.75,9804
1763362800,6950.75,6966.5,6949.75,6963.5,12057
1763366400,6963.5,6972.75,6961.5,6970.25,15863
1763370000,6970.25,6971.75,6954.75,6958.75,16771
1763373600,6958.75,6959,6935.5,6940,20766
1763377200,6940.25,6950.25,6935.25,6942.75,19612
1763380800,6943,6943,6927,6930,27124
1763384400,6930.25,6931.25,6905.75,6919,43598
1763388000,6918.75,6946,6897.75,6936.25,188194
1763391600,6936.5,6940.5,6909.5,6915.75,269073
1763395200,6915.75,6938.75,6886.25,6938.25,228652
1763398800,6938.25,6939,6900,6900.75,144610
1763402400,6901,6907.5,6873.25,6873.75,181589
1763406000,6874,6877.25,6835,6835.75,220334
1763409600,6835.5,6866,6829.5,6865.25,257427
1763413200,6865.25,6872.25,6863.25,6868.5,34529
1763420400,6868.25,6878,6864,6872.75,17305
1763424000,6872.75,6876,6856.25,6861,23299
1763427600,6861,6880,6860.25,6875.5,25793
1763431200,6875.25,6879,6857.5,6857.75,18889
1763434800,6858,6858.5,6843.75,6846.5,26299
1763438400,6846.75,6846.75,6809.75,6833,45011
1763442000,6832.75,6839,6824,6827.5,23468
1763445600,6827.5,6835.25,6814.25,6817.75,23396
1763449200,6818,6834.25,6806.75,6826,29681
1763452800,6826,6857,6825.5,6845.5,32647
1763456400,6845.25,6855.75,6838.75,6852.25,19781
1763460000,6851.75,6853.5,6841.5,6851.25,13699
1763463600,6851.25,6853,6836.5,6846.25,21217
1763467200,6846,6846.25,6814.5,6821.75,39427
1763470800,6822,6839.25,6821.5,6832.75,42283
1763474400,6832.75,6850.25,6792.75,6793.25,294378
1763478000,6793,6810.25,6774.5,6778.75,427839
1763481600,6778.75,6830.75,6765.25,6818.5,323253
1763485200,6818.5,6851,6786,6844,248389
1763488800,6844.25,6858.5,6834,6837.5,191109
1763492400,6837.5,6856.75,6831,6851.5,171607
1763496000,6851.25,6856.75,6807.75,6809,208099
1763499600,6809,6810.25,6796,6799,41371
1763506800,6801.25,6818.75,6800.75,6813,25893
1763510400,6812.75,6815,6793.5,6807.25,28256
1763514000,6807,6819,6799,6804.75,29784
1763517600,6805,6823.25,6805,6822,20979
1763521200,6821.75,6824,6801,6801.75,18114
1763524800,6802,6805.75,6793,6798.25,19002
1763528400,6798.75,6805.25,6784,6801.5,21330
1763532000,6801.75,6808,6798,6805.5,13471
1763535600,6805.25,6819,6801.5,6815.75,19156
1763539200,6815.75,6823.75,6807.5,6810.75,21627
1763542800,6810.25,6830.5,6806.25,6829.5,18018
1763546400,6829.5,6836,6826.5,6834.75,13880
1763550000,6834.5,6840.75,6831.25,6832.25,17939
1763553600,6832.25,6838.5,6828,6833,21246
1763557200,6833.25,6836.25,6821.25,6824,34556
1763560800,6824,6865,6807,6863,220560
1763564400,6863.25,6880.25,6832,6836.25,260793
1763568000,6836,6841.75,6813.75,6831.5,230449
1763571600,6831.25,6836,6793.5,6820,237766
1763575200,6819.75,6840,6814,6832.25,180321
1763578800,6832.25,6834.75,6799.5,6819,157665
1763582400,6818.75,6854.75,6816.5,6833,196490
1763586000,6832.75,6875.5,6823.25,6867,78735
1763593200,6871,6904,6865.25,6903.25,44593
1763596800,6903,6914.75,6899.25,6907.25,24340
1763600400,6907,6914.25,6903.5,6913.5,15623
1763604000,6913.25,6917,6908.5,6916.25,12698
1763607600,6916.25,6921,6909.75,6916,14270
1763611200,6915.5,6921,6913.25,6920.75,7713
1763614800,6920.75,6925.25,6915.75,6917.75,9378
1763618400,6918,6921,6911.5,6920.25,11250
1763622000,6920.25,6928.25,6914,6915.5,20071
1763625600,6915.5,6926.25,6911.75,6914.75,17607
1763629200,6915,6917.25,6896.75,6900,20698
1763632800,6900.25,6917.75,6895.25,6915.75,16469
1763636400,6915.5,6916,6900.25,6904,21772
1763640000,6904.25,6918.5,6897.5,6917.5,23472
1763643600,6917.75,6944,6907.75,6939,63504
1763647200,6939,6957.25,6931.25,6955.75,218831
1763650800,6956,6962.5,6933.75,6934.25,244669
1763654400,6934.75,6934.75,6799,6807.5,522335
1763658000,6807.25,6829.25,6759.75,6777.75,477212
1763661600,6778,6825.25,6746,6755.25,277623
1763665200,6755.5,6787.5,6743.5,6786.5,196508
1763668800,6786.25,6786.5,6723.75,6730,221178
1763672400,6730,6733.75,6721.5,6723.5,47916
1763679600,6731.25,6742.75,6710.25,6737.25,42290
1763683200,6737,6752.75,6732.75,6748.75,26505
1763686800,6748.75,6760.5,6746.25,6754.5,25739
1763690400,6754.75,6759.5,6748,6751.75,20065
1763694000,6751.75,6765.5,6749.75,6756,17962
1763697600,6755.75,6757.25,6737.5,6751,24841
1763701200,6750.75,6756.75,6740.75,6743.25,15198
1763704800,6743.5,6753.5,6740.25,6748,10340
1763708400,6748,6751.25,6722.75,6725.5,19749
1763712000,6725.5,6756.5,6725.5,6754.25,28183
1763715600,6754.25,6755.5,6723,6724,19684
1763719200,6724,6732.75,6696,6732,46403
1763722800,6732.25,6744,6715.25,6724,27325
1763726400,6724.25,6768,6702.75,6756.75,74459
1763730000,6757,6770.25,6744.5,6762.25,47362
1763733600,6761.75,6767.5,6734,6747.5,217834
1763737200,6748,6762,6710.75,6729.75,398236
1763740800,6729.75,6809.75,6713,6809,302707
1763744400,6809,6818.25,6796.25,6804.5,221270
1763748000,6804.75,6844.25,6771.5,6825.5,269869
1763751600,6825.5,6849,6812.75,6820.75,202861
1763755200,6820.5,6825,6785,6794,244626
1763758800,6794,6803.75,6792.25,6802.75,39422
1763938800,6825.75,6837.5,6821.25,6824.5,33383
1763942400,6824.25,6824.25,6808.25,6818.75,20769
1763946000,6818.75,6825,6813.25,6818.25,18908
1763949600,6818.5,6832.5,6815,6832.25,18672
1763953200,6832.25,6833.5,6825.25,6826.75,12637
1763956800,6826.5,6828,6817,6819.75,16713
1763960400,6819.75,6830.5,6818.5,6828,10812
1763964000,6828,6828.25,6821,6823.5,8214
1763967600,6823.5,6834,6818,6831.5,12619
1763971200,6831.5,6840.75,6818.75,6839,25276
1763974800,6839,6841,6796.5,6809.25,38145
1763978400,6809.5,6813.25,6796.75,6804.25,24752
1763982000,6803.75,6817.5,6797.5,6817,21823
1763985600,6816.75,6830,6810.5,6828.75,29671
1763989200,6828.5,6838.5,6823,6824.25,29624
1763992800,6824.5,6858,6818,6842.75,254782
1763996400,6842.75,6874.75,6841.5,6868,265009
1764000000,6868,6887.75,6868,6877.25,143995
1764003600,6877.5,6896.75,6871.5,6893.75,116276
1764007200,6893.5,6900.25,6890.25,6895,75073
1764010800,6895,6900.75,6881.25,6885.75,95943
1764014400,6886,6903,6885.75,6889.75,150372
1764018000,6889.75,6898.75,6887.5,6896.25,32367
1764025200,6896.5,6899.5,6893.25,6893.5,15610
1764028800,6893.25,6895.25,6886.75,6894.25,12674
1764032400,6894.25,6895.25,6885.75,6886.5,8372
1764036000,6886.75,6893.25,6886,6891.75,7705
1764039600,6891.75,6893.5,6885,6886.25,8160
1764043200,6886.75,6894,6886,6891,5476
1764046800,6890.75,6895,6886,6888,5629
1764050400,6888.25,6891.5,6883.5,6885,6211
1764054000,6885.25,6893.25,6882,6888.75,9299
1764057600,6889,6892,6877.75,6880.5,15650
1764061200,6881,6887,6872.75,6879.25,15965
1764064800,6879,6886.5,6874,6884,10630
1764068400,6884.5,6886,6877.5,6883,11192
1764072000,6883,6903.75,6882.25,6888.75,33776
1764075600,6888.5,6901.75,6886,6889.25,38207
1764079200,6889,6901.25,6845.75,6890,249554
1764082800,6890,6912.5,6860.25,6899.5,336971
1764086400,6899.5,6921.25,6889.75,6918.75,165251
1764090000,6918.75,6945.5,6918.25,6934.75,141990
1764093600,6935,6946,6934,6940.5,91717
1764097200,6940.5,6942.75,6926.25,6940.75,113199
1764100800,6940.75,6963.75,6940.75,6951.25,131591
1764104400,6951.25,6955.25,6949.75,6952,24468
1764111600,6952,6956.75,6949.25,6954.75,11449
1764115200,6955,6962,6951.5,6961,10681
1764118800,6961,6969.25,6959.25,6969,12224
1764122400,6968.5,6970.75,6966.75,6970.5,7178
1764126000,6970.5,6973,6968.75,6971,5968
1764129600,6971.25,6972.25,6967.25,6968.5,4446
1764133200,6968.75,6975.5,6968.5,6974.25,6281
1764136800,6974,6978.75,6972,6976,6072
1764140400,6976,6982,6976,6978.5,8278
1764144000,6978.25,6980.25,6971.5,6972,12376
1764147600,6971.75,6972.25,6964.5,6966.25,14372
1764151200,6966.75,6975.75,6966.5,6974.25,10047
1764154800,6974.25,6976.25,6967.75,6969,12370
1764158400,6969,6970.75,6957.5,6968,28337
1764162000,6967.75,6976,6963.75,6975,26165
1764165600,6975.25,6995,6968.75,6973,175466
1764169200,6973,6996.5,6967,6996,217583
1764172800,6996,7017.75,6995,7014,121884
1764176400,7014.25,7017.75,7004.75,7011.75,99418
1764180000,7011.75,7016.25,6996,7004.25,147128
1764183600,7004.5,7014.5,7001.75,7009,88655
1764187200,7009.25,7016.5,6996.5,6996.75,94505
1764190800,6996.75,7004.5,6996.5,7001.25,23476
1764198000,7001.25,7005.25,6998.75,7000.5,5819
1764201600,7000.5,7003.75,6999.25,7003.5,5227
1764205200,7003.5,7005.25,6998.75,7004,5422
1764208800,7004,7004.75,6999.5,7000,3475
1764212400,7000.25,7001.25,6997.75,6999.75,3326
1764216000,6999.75,7002,6998.25,7001.5,1996
1764219600,7001.5,7004.5,7001,7001.75,2546
1764223200,7002.25,7002.5,6996.25,6996.75,4792
1764226800,6996.75,7001.75,6996,7001,4338
1764230400,7001.25,7004,6995.5,6998,8105
1764234000,6997.75,7003,6996.5,6996.5,5244
1764237600,6996.5,7000.25,6995.5,6999.75,3102
1764241200,6999.75,7001,6996.25,6998.75,3487
1764244800,6998.75,7001.5,6997.5,6998.25,3264
1764248400,6998.25,7001.75,6995.75,6999.25,5865
1764252000,6999,7003,6997,6998.75,8770
1764255600,6998.5,7000.25,6996.25,6998.25,6246
1764259200,6998.25,7000,6996,6997.75,5925
1764262800,6998,6999.5,6996.75,6999.25,2684
1764284400,7000,7008,7000,7007.25,7559
1764288000,7007.25,7010.5,7006,7007.5,3789
1764291600,7008,7012.75,7006,7007.75,4746
1764295200,7007.5,7009,7000.75,7006.75,2044
1764334800,7010.75,7015.5,7006.75,7009,5408
1764338400,7008.25,7015.5,7002.5,7009.75,30744
1764342000,7010.25,7024,7007.75,7022.25,51894
1764345600,7022.25,7027.5,7014.5,7025.75,47516
1764349200,7025.75,7035,7016.5,7031.5,52354
1764352800,7031.5,7034.75,7026,7028.75,15697
1764543600,7026.25,7035.75,7019.75,7024.25,25750
1764547200,7024.75,7025.75,6997.25,7000,31878
1764550800,7000,7002.25,6988.5,6996.75,34998
1764554400,6996.75,6998.5,6987.75,6990.75,18759
1764558000,6990.75,6991.25,6982.75,6986.25,15831
1764561600,6985.75,6987,6978.75,6979,9448
1764565200,6979,6983.75,6973.25,6983,14380
1764568800,6983,6987,6979.5,6986.25,11831
1764572400,6986.5,6988.75,6980,6987.25,11805
1764576000,6987,6999,6983.5,6994.25,16709
1764579600,6994.5,7001,6986.25,6987.25,15505
1764583200,6987.75,6996.75,6987.5,6991.75,9884
1764586800,6991.75,6992.75,6987,6990.75,12633
1764590400,6991,6992.75,6976.5,6980,26016
1764594000,6980.25,6989.75,6978.25,6988.5,27982
1764597600,6988.5,7015.5,6983,7011.75,165309
1764601200,7011.75,7016.25,6985,7013.5,210766
1764604800,7013.5,7021.25,6997.75,7016.5,135848
1764608400,7016.25,7024.75,7009.75,7017,100600
1764612000,7017,7026.75,7016.5,7025,56964
1764615600,7025,7025.5,6994.75,6998.75,142249
1764619200,6998.75,7007.5,6990.75,7000.5,141718
1764622800,7000.5,7001.25,6996,6998,24417
1764630000,7001.25,7002.75,6993.25,6996,13847
1764633600,6996.25,7000.25,6993.25,6997.75,8052
1764637200,6997.5,7004.75,6996,6998.5,9830
1764640800,6998.5,7002.25,6994.25,7000.5,9113
1764644400,7000.25,7001,6986.5,6995.25,13461
1764648000,6995.5,6997,6991,6992.25,5157
1764651600,6992.25,6994.25,6990,6992.25,4479
1764655200,6992,6995.5,6985.5,6992,8450
1764658800,6992.25,6996.25,6988.75,6990.5,6169
1764662400,6990.5,7002,6983.5,7001,14589
1764666000,7000.75,7008.25,7000.25,7005.5,13099
1764669600,7005.5,7018,7004.5,7016.5,12047
1764673200,7016.25,7020.25,7013.75,7014.75,11119
1764676800,7014.5,7017.25,7008.5,7016.75,14507
1764680400,7016.5,7019.75,7013.5,7019.75,16884
1764684000,7019.5,7025.75,7011,7019.25,153136
1764687600,7019.5,7033.25,7004.5,7031.5,240465
1764691200,7031.25,7034.75,6989,7001.5,257587
1764694800,7001.75,7024.5,6997.25,6997.5,144317
1764698400,6997.25,7012,6995.25,7007,114218
1764702000,7006.75,7022,7003.5,7019.25,81965
1764705600,7019.5,7024.75,7009.25,7010.5,92957
1764709200,7010.5,7014.25,7009.25,7014,13894
1764716400,7013.75,7019,7013,7017,9146
1764720000,7017.25,7022.5,7008.5,7019.5,14304
1764723600,7019.75,7023,7018.75,7021,6784
1764727200,7021,7027,7020,7023.25,7293
1764730800,7023.25,7028.5,7021,7027,5650
1764734400,7027,7028,7025,7025.5,2555
1764738000,7025.5,7029,7024,7025,3733
1764741600,7025,7027.5,7020.5,7024.25,6244
1764745200,7024.5,7028.25,7021.75,7023.5,5044
1764748800,7023.75,7027.25,7017,7026.5,9310
1764752400,7026.5,7027,7018.25,7023.25,10234
1764756000,7023.25,7025.75,7017.5,7021.25,6272
1764759600,7021,7025,7018.25,7021.75,8191
1764763200,7021.5,7031.5,7018,7029.25,14300
1764766800,7029.25,7033.75,7025.25,7026.75,24196
1764770400,7026.5,7027.75,6988.75,7004,277962
1764774000,7004,7024.5,7002.5,7018.25,215232
1764777600,7018.25,7030.75,7011.25,7017,160805
1764781200,7017.25,7037,7016,7034,109031
1764784800,7034.25,7040.5,7029.75,7034.25,73615
1764788400,7034.25,7043,7033.5,7041.5,42692
1764792000,7041.5,7044.5,7030.5,7033.75,81899
1764795600,7033.75,7036.5,7032.75,7036,18277
1764802800,7037,7037.25,7032,7034.5,8056
1764806400,7034.75,7038,7029,7030.5,7812
1764810000,7030.75,7036.75,7030,7032.25,7079
1764813600,7032.25,7035.75,7028.25,7034.5,6266
1764817200,7034.5,7034.5,7028,7031.75,5905
1764820800,7031.75,7035,7029.75,7034,4272
1764824400,7034,7035.75,7032,7034,3221
1764828000,7034.25,7037.5,7032.75,7036.5,3961
1764831600,7036.5,7039.75,7035.75,7036.5,4474
1764835200,7036.75,7036.75,7025.5,7030.25,12026
1764838800,7030.25,7041.25,7027,7039.5,10751
1764842400,7039.5,7040.75,7032.75,7033.75,6104
1764846000,7034,7037,7031.5,7036.75,8227
1764849600,7036.5,7042.5,7036,7039.5,9828
1764853200,7039.5,7041.75,7033.25,7035.5,19858
1764856800,7035.75,7052,7021.5,7024.5,195365
1764860400,7024.75,7040,7015.75,7027,208738
1764864000,7027,7040,7016.25,7038.5,143958
1764867600,7038.25,7040,7027.75,7037.25,95913
1764871200,7037.25,7042.25,7029,7035.5,82416
1764874800,7035.5,7036.75,7007.5,7026.75,163441
1764878400,7026.5,7040.25,7017.25,7038.75,125047
1764882000,7038.5,7039.75,7035,7037,19347
1764889200,7037,7040.75,7032.5,7035,8792
1764892800,7035,7042.5,7033.25,7042,7729
1764896400,7042.25,7047,7041.25,7046.25,7329
1764900000,7046.5,7052.25,7045.75,7047.5,8318
1764903600,7047.25,7050.5,7046,7049.25,5082
1764907200,7049.25,7052,7048.5,7051.25,4675
1764910800,7051,7053.5,7050.25,7053.25,3671
1764914400,7053.25,7055,7050.25,7052,4708
1764918000,7052,7055.25,7050.75,7053.25,5276
1764921600,7053.25,7057.75,7049.75,7049.75,9615
1764925200,7049.75,7052.5,7047.75,7050.25,5177
1764928800,7050,7052.75,7048.5,7049,4089
1764932400,7049,7053.25,7047.25,7051.25,6190
1764936000,7051.5,7053.5,7047.25,7050.75,8396
1764939600,7050.5,7052,7027.75,7035.25,46340
1764943200,7035.25,7062.5,7034.75,7061,156988
1764946800,7061,7076.25,7054.75,7058.75,211329
1764950400,7058.75,7063.5,7042.25,7052.25,217837
1764954000,7052,7056.25,7037.5,7054.75,132111
1764957600,7054.5,7061.75,7047,7053.75,98047
1764961200,7054,7056.25,7047.5,7054.75,77894
1764964800,7054.5,7055,7038,7048,112159
1764968400,7047.75,7053,7047.5,7050.75,20522
1765148400,7054,7057.5,7048.5,7052.25,13562
1765152000,7052.5,7053,7044,7052.25,12902
1765155600,7052.25,7055.5,7051,7054.75,8224
1765159200,7054.75,7058.75,7053.5,7058.5,5612
1765162800,7058.75,7061.25,7057.5,7059.75,4741
1765166400,7060,7062.75,7060,7062,3243
1765170000,7062,7063.25,7060.5,7061.5,3400
1765173600,7061.25,7063.75,7059,7059.5,4239
1765177200,7059.25,7065.25,7057.5,7062,6302
1765180800,7062,7062.25,7054.5,7055.75,8174
1765184400,7055.75,7061,7055,7055.75,5662
1765188000,7056,7059.75,7053.5,7058.5,6087
1765191600,7058.25,7058.25,7052.5,7053.75,5857
1765195200,7054,7061,7052,7058.75,9011
1765198800,7059,7064.5,7056,7059.75,16290
1765202400,7060,7063,7040.5,7045.25,97138
1765206000,7045.25,7048.75,7026.5,7027.75,121227
1765209600,7027.75,7032,7019.75,7024.5,116259
1765213200,7024.5,7034,7012.25,7032,116754
1765216800,7032,7035,7006.5,7012,121519
1765220400,7012.25,7019,7007.5,7014,81986
1765224000,7014.25,7029,7011.25,7027.75,82711
1765227600,7027.75,7035.75,7024.25,7035.5,34855
1765234800,7036.25,7040,7031.25,7039.75,14048
1765238400,7039.75,7039.75,7035.75,7038,5598
1765242000,7038,7039.25,7031,7032.75,10178
1765245600,7033,7036.25,7030.25,7033.75,6093
1765249200,7033.5,7034.75,7032,7034,3686
1765252800,7034,7034.25,7031.5,7032.5,2522
1765256400,7032.5,7033,7029,7029.5,3779
1765260000,7029.25,7034.25,7026.25,7033.5,5397
1765263600,7033.25,7036.25,7032.25,7035.5,3804
1765267200,7035.25,7039.5,7033.25,7035,7719
1765270800,7035,7035,7027.5,7028.75,7621
1765274400,7028.5,7034.5,7016,7032.25,25656
1765278000,7032,7033.75,7023.75,7032.75,11951
1765281600,7033,7033.25,7026.25,7030,10219
1765285200,7030,7031.75,7020,7021.75,18762
1765288800,7021.75,7035.75,7016,7034,125233
1765292400,7034.75,7039.75,7025.75,7035,157936
1765296000,7035,7044.25,7034.5,7039.75,118770
1765299600,7039.75,7043.75,7026.25,7033,102520
1765303200,7032.75,7035.25,7023.75,7030.75,89153
1765306800,7030.75,7031.5,7022,7026.5,68399
1765310400,7026.25,7028.75,7015.75,7020.5,98455
1765314000,7020.5,7021,7015,7017.75,21007
1765321200,7017.75,7020.25,7017.25,7017.75,6262
1765324800,7017.75,7022.25,7014.5,7014.75,6749
1765328400,7014.5,7017.25,7013.5,7014.75,6677
1765332000,7015,7020,7014.75,7018.75,4283
1765335600,7018.5,7020.5,7016,7018.25,3159
1765339200,7018.5,7025.5,7018.5,7022.75,5491
1765342800,7022.5,7022.75,7017,7019.25,3556
1765346400,7019.5,7024.5,7019.25,7023,3991
1765350000,7022.75,7027.25,7021.25,7026.75,4488
1765353600,7027,7030.5,7023,7026,12475
1765357200,7026,7028.5,7021.5,7023.75,7503
1765360800,7023.5,7029,7005.5,7012,21721
1765364400,7012,7021.25,7010.25,7016.25,13808
1765368000,7016.25,7017,7009.5,7014.25,10598
1765371600,7014.5,7027.5,7012.75,7018.25,21983
1765375200,7018.25,7022.5,7002,7020.25,157977
1765378800,7020.25,7023.75,7005.5,7011.5,161803
1765382400,7011.25,7028,7003.25,7025,131312
1765386000,7025,7031.5,7018.25,7027.5,66419
1765389600,7027.5,7029.75,7013.25,7017.5,63643
1765393200,7017.75,7069.75,7015.75,7068,340834
1765396800,7068,7079.25,7060,7063.5,146930
1765400400,7063.5,7067.25,7056.25,7064.5,30544
1765407600,7059.25,7062.5,7051.75,7054,14934
1765411200,7054,7054.25,7043,7045.5,12249
1765414800,7045.5,7046.5,7040.25,7041,9721
1765418400,7040.75,7041,7017.75,7022.75,25605
1765422000,7022.5,7022.75,6988.5,7006.25,53212
1765425600,7006.25,7012.75,7003.5,7008.5,13428
1765429200,7008.5,7009.75,7000.5,7007.25,10289
1765432800,7007,7009.25,6999.5,7008.5,10400
1765436400,7008.5,7014,7000.5,7012.5,13458
1765440000,7012.5,7014.25,6999.75,7013,25055
1765443600,7013,7029.25,7011.25,7026.25,22456
1765447200,7026.75,7028.25,7021.75,7023.75,13777
1765450800,7024,7035.25,7022.5,7034,13729
1765454400,7033.75,7048,7033,7045.5,26129
1765458000,7045.25,7046.5,7033.5,7035.5,31514
1765461600,7035.75,7046.25,7010.5,7014,247488
1765465200,7014.25,7056,7009.25,7045.25,254315
1765468800,7045.25,7058,7031.75,7043,173488
1765472400,7043,7068.5,7041.75,7061,120558
1765476000,7060.75,7074.5,7059,7067.75,83055
1765479600,7067.75,7080.5,7066.25,7076.5,62333
1765483200,7076.5,7080,7068,7079.25,88023
1765486800,7079.25,7100.25,7078.25,7095.75,41681
1765494000,7086.25,7087,7073.75,7075.25,19617
1765497600,7075.25,7079,7069.75,7072.25,16389
1765501200,7072.25,7078.25,7072,7077.75,9033
1765504800,7077.5,7083,7077,7081,9436
1765508400,7080.75,7082,7075.75,7077.75,6794
1765512000,7077.75,7078.25,7074.5,7076,5923
1765515600,7075.75,7084,7075.5,7082.25,6396
1765519200,7082.25,7084.5,7078,7079,6727
1765522800,7078.75,7079,7075.75,7076.75,6567
1765526400,7076.75,7083.75,7075,7081,12996
1765530000,7080.75,7081.75,7063.25,7068.25,25280
1765533600,7068.25,7073.5,7063.25,7069.25,16029
1765537200,7069.25,7072,7061.25,7064.25,17831
1765540800,7064.25,7072.75,7060.75,7068,25958
1765544400,7068.25,7079.25,7066.5,7079.25,33629
1765548000,7079,7080.25,7057,7060.25,205637
1765551600,7060.25,7061,6998,7002,377749
1765555200,7002,7009.75,6976.25,6990.75,332632
1765558800,6990.5,7017.25,6988,7011.5,179977
1765562400,7011.75,7028.25,7008.5,7010.5,134240
1765566000,7010.75,7011.75,6996.75,7004.75,107204
1765569600,7004.75,7010.25,6985.75,7002.25,147796
1765573200,7002.5,7008.5,7001,7004.75,28533
1765753200,7004,7009.25,6989.75,7003.75,12298
1765756800,7004,7015,7002.75,7013.5,8404
1765760400,7013.75,7019.25,7010,7018.75,7627
1765764000,7018.75,7022,7015.75,7017.25,5390
1765767600,7017.5,7019.75,7014.75,7017.25,3588
1765771200,7017.5,7022.25,7013.25,7021.25,3490
1765774800,7021,7023,7018,7021.5,2737
1765778400,7021.5,7022.75,7016.25,7021,3181
1765782000,7020.75,7022.75,7014.5,7016.5,4698
1765785600,7016.75,7028,7013.25,7025.75,8275
1765789200,7025.5,7034.25,7023.25,7033,8170
1765792800,7033,7036.25,7031.25,7035.5,5793
1765796400,7035.5,7037.5,7033.5,7036,5266
1765800000,7036,7037.75,7029.75,7035.5,8596
1765803600,7035.5,7041.25,7031.25,7039,9823
1765807200,7038.75,7043.75,7008,7009.5,68453
1765810800,7009.25,7010.75,6977.25,6996,116360
1765814400,6995.75,7015.25,6986,6993.25,73631
1765818000,6993.25,6999.25,6978.75,6989.75,45267
1765821600,6989.75,6998.75,6979.5,6994.75,42059
1765825200,6994.75,7002.5,6989,7001.5,28280
1765828800,7001.5,7002,6990.25,6992,41757
1765832400,6992,6997,6990.5,6995,7967
1765839600,6998,6999.25,6983.5,6988.25,9986
1765843200,6988.5,6990.75,6976.5,6979.75,16116
1765846800,6979.75,6983.5,6952,6960,31831
1765850400,6960.25,6966.25,6955.25,6960,15709
1765854000,6960,6965.5,6952.5,6964,12316
1765857600,6964,6967,6957,6964.5,7308
1765861200,6964.25,6965,6951,6952.5,8950
1765864800,6952.75,6956.75,6950.75,6956.25,7424
1765868400,6956.5,6959,6946.25,6955.75,12612
1765872000,6955.75,6971.25,6955.25,6970.5,16898
1765875600,6970.5,6974.75,6960.25,6963.75,13805
1765879200,6963.75,6983.5,6960.75,6978,13766
1765882800,6977.75,6987.5,6976,6986.75,10769
1765886400,6987.25,6993.25,6984.5,6988.25,18254
1765890000,6987.75,7005,6978.25,6981.25,62183
1765893600,6981.25,6993,6959,6991.25,214836
1765897200,6991,6994,6946,6972.25,294045
1765900800,6972,6975.5,6948,6964.75,164405
1765904400,6965,6971.5,6935.75,6937.25,139406
1765908000,6937,6968,6930.75,6959.75,140316
1765911600,6960,6967,6939.25,6960.5,123046
1765915200,6960.25,6986.75,6959,6969,131333
1765918800,6969,6971,6958.25,6961.75,27768
1765926000,6964.75,6968.5,6956,6959,18344
1765929600,6958.75,6962,6948.5,6956.75,20995
1765933200,6957,6969.5,6957,6968.75,16317
1765936800,6969,6970.5,6962.5,6968.5,9536
1765940400,6968.25,6970.75,6963.75,6964.75,7260
1765944000,6965.5,6969.5,6959,6960,6867
1765947600,6960.25,6967.5,6956,6966.5,7626
1765951200,6966.25,6977.5,6966,6973.25,9135
1765954800,6973.25,6981.25,6971.5,6976,12207
1765958400,6976,6982.75,6971,6978.25,15925
1765962000,6978.25,6991.25,6975.75,6989.5,15154
1765965600,6989.25,6995.75,6988.25,6994.25,10631
1765969200,6994,6996,6989.75,6994.75,10059
1765972800,6994.75,6996.25,6990.75,6992,11704
1765976400,6992,6994.25,6976.5,6987.25,57197
1765980000,6987.25,6991.25,6954.75,6971.25,194236
1765983600,6971.25,6975.75,6917.5,6923.5,276544
1765987200,6923.25,6934.75,6908,6919.5,220938
1765990800,6919.75,6928.25,6906.5,6915.25,136632
1765994400,6915.25,6926.25,6897.25,6902,107957
1765998000,6902,6909.75,6897,6908,78145
1766001600,6908,6910.25,6889,6890.25,111581
1766005200,6890.25,6908.5,6890.25,6900,39120
1766012400,6903.25,6906.75,6894,6895.75,14836
1766016000,6896,6906.25,6889.5,6905.5,21937
1766019600,6905.5,6906.75,6896.5,6898.25,11701
1766023200,6898.25,6908.5,6896.5,6899.25,13258
1766026800,6899,6899.75,6884.75,6893.5,13667
1766030400,6893.75,6902.5,6892.5,6902,6835
1766034000,6902,6902.75,6896,6899.5,5886
1766037600,6899.25,6901,6894,6899.5,5941
1766041200,6899.5,6909,6899.25,6907,10168
1766044800,6907,6914.5,6902.5,6912,15524
1766048400,6911.75,6921,6908.25,6921,12252
1766052000,6921,6921.75,6916,6918.75,8338
1766055600,6918.75,6925.25,6917.75,6924.5,9872
1766059200,6924.5,6925.75,6917,6918.5,12239
1766062800,6918.5,6951.25,6914.25,6942.75,68756
1766066400,6942.5,6963.75,6934,6958,245616
1766070000,6958,6984.25,6938.25,6978.25,254420
1766073600,6978.25,6985.75,6971,6973.25,127522
1766077200,6973.25,6973.5,6925.25,6960.75,303196
1766080800,6960.75,6974.25,6952.75,6959.25,119749
1766084400,6959,6959.75,6929.75,6934,167807
1766088000,6934,6963.5,6931.25,6942,154075
1766091600,6942,6943.25,6933.25,6936.5,26115
1766098800,6938.5,6943.5,6933,6943.5,13006
1766102400,6943.5,6944.75,6936.25,6941.75,10533
1766106000,6941.75,6946.25,6935.5,6943.75,11063
1766109600,6943.75,6947,6939,6939.5,6316
1766113200,6939.5,6950.5,6935.75,6947.75,11460
1766116800,6948.25,6950,6944.25,6947.5,4829
1766120400,6947.25,6948,6940.75,6941.25,5000
1766124000,6941.25,6944.25,6934,6940.75,8090
1766127600,6941,6955,6940.75,6953.25,11366
1766131200,6953,6964.75,6951,6961.75,14677
1766134800,6961.5,6967.75,6958,6966.25,10249
1766138400,6966.25,6966.75,6959.25,6960.5,8989
1766142000,6960,6961.5,6951.25,6955.75,13346
1766145600,6956,6959.5,6942.5,6943.75,19361
1766149200,6943.75,6954.25,6942.25,6949.25,25217
1766152800,6949.5,6995,6944.5,6994.25,180990
1766156400,6993.5,7001,6980.25,6985.75,152638
1766160000,6985.75,7002,6981.5,6993.25,105521
1766163600,6993,7006.75,6992.5,7002.75,62455
1766167200,7002.75,7007.25,6997.5,6998.5,47671
1766170800,6998.25,7006.25,6998,7002.25,35715
1766174400,7002,7004.5,6992.75,7002.25,88994
1766178000,7002,7008.75,6999.75,7006.75,25439
1766358000,7019.25,7023.25,7014.25,7019.75,14444
1766361600,7019.75,7021.25,7013.75,7014.25,8968
1766365200,7014.25,7022.75,7014.25,7020.75,8604
1766368800,7020.5,7021.75,7018.5,7021.5,4006
1766372400,7021.75,7022.75,7017.25,7018,4820
1766376000,7018.25,7019.75,7017,7018.25,3094
1766379600,7017.75,7019,7014.75,7016.75,3151
1766383200,7016.75,7021.5,7016.75,7020.25,3717
1766386800,7020.25,7025.5,7020,7023.75,5560
1766390400,7024,7026.75,7018.5,7019.25,6932
1766394000,7019,7025.75,7018.75,7024.25,4929
1766397600,7024.25,7025.75,7023,7024.5,3374
1766401200,7024.5,7027.25,7023.25,7024.25,6093
1766404800,7024.5,7029,7022.75,7028.25,8789
1766408400,7028.25,7033.25,7027.5,7032.75,13618
1766412000,7032.75,7041.25,7025.25,7035.5,149563
1766415600,7035.75,7037.25,7022,7032.25,159932
1766419200,7032.25,7046,7032,7045.5,92106
1766422800,7045.75,7050,7041,7048.25,56611
1766426400,7048.5,7048.5,7039,7040.75,54530
1766430000,7040.75,7046,7037.75,7043.5,50398
1766433600,7043.5,7047.25,7041.5,7043.25,70352
1766437200,7043.25,7046,7042.25,7044.25,16153
1766444400,7044.5,7047,7043,7044.25,6091
1766448000,7044.5,7046.25,7043,7046,3629
1766451600,7046,7047,7041.75,7044.75,4902
1766455200,7044.75,7049.25,7044.5,7046.5,5213
1766458800,7046.5,7047.75,7043.25,7044,2775
1766462400,7043.75,7044.5,7038.75,7039.75,4723
1766466000,7039.5,7041,7038,7038.75,4068
1766469600,7038.25,7039.25,7035.75,7037.75,4661
1766473200,7038,7040.5,7036.5,7039,3276
1766476800,7039,7046,7038.25,7042.75,6159
1766480400,7042.75,7050.25,7042.5,7049,5937
1766484000,7049,7050,7044.75,7046.5,5334
1766487600,7046.5,7047,7042.75,7044,4111
1766491200,7043.75,7045.5,7037.5,7041.75,8630
1766494800,7041.5,7042.5,7026.75,7029.25,28052
1766498400,7029,7057,7027.25,7048.75,133525
1766502000,7048.75,7060,7037.5,7058.5,139572
1766505600,7058.25,7065.25,7057.5,7064,62704
1766509200,7064,7067.25,7061.75,7065,39204
1766512800,7065,7072.75,7064.25,7070.25,38107
1766516400,7070.25,7074.75,7070,7073.5,30786
1766520000,7073.5,7077.25,7071.25,7073.75,60952
1766523600,7073.75,7075.5,7070.25,7071,21717
1766530800,7072,7072.75,7069.25,7070.5,4693
1766534400,7070.5,7073,7070.25,7071.25,3312
1766538000,7071.5,7073.25,7068.75,7069.75,3370
1766541600,7069.5,7070.5,7067.25,7068.25,3217
1766545200,7068.25,7069.75,7067,7068.5,2129
1766548800,7068.75,7069.75,7066.5,7067.25,1762
1766552400,7067,7069,7066,7067.75,2101
1766556000,7067.75,7068.75,7067,7068.25,1524
1766559600,7068.5,7068.75,7066,7067,1491
1766563200,7067.25,7069.75,7067,7068.25,2295
1766566800,7068.25,7072.25,7067.5,7070,3090
1766570400,7070,7071,7068,7070.25,2619
1766574000,7070.5,7071.5,7069,7070.25,1933
1766577600,7070.25,7074.25,7069.75,7073.75,3798
1766581200,7073.5,7076.25,7070.25,7075,7895
1766584800,7075.25,7080.75,7070.5,7079.5,62499
1766588400,7079.25,7088.75,7078.25,7088.25,61454
1766592000,7088.5,7099,7087.25,7097.5,60028
1766595600,7097.5,7101.5,7094.5,7096,58082
1766599200,7096,7096.75,7090.5,7093.5,7838
1766703600,7094.5,7108.5,7093.75,7098.25,8973
1766707200,7098.25,7102.5,7097.75,7101.25,3645
1766710800,7101.25,7102.5,7095,7096,4517
1766714400,7096,7097.5,7094.25,7096.5,2914
1766718000,7096.5,7097.75,7094.5,7094.5,2410
1766721600,7094.5,7095.25,7092.25,7094.75,2454
1766725200,7094.75,7095.5,7092.5,7093.5,1722
1766728800,7093.5,7094.25,7092,7092.5,1860
1766732400,7092.75,7093.25,7088.25,7090.5,4138
1766736000,7090.25,7091.75,7087.5,7091,3026
1766739600,7090.75,7093.75,7090.25,7092.75,3222
1766743200,7092.75,7095.5,7092.75,7093.5,3671
1766746800,7093.75,7094.5,7088.5,7091,3206
1766750400,7091.25,7095.25,7090,7093.75,4044
1766754000,7093.75,7099,7092.25,7096,9790
1766757600,7096,7107.5,7092.75,7098.25,91231
1766761200,7098.25,7100.25,7086.5,7098.25,111047
1766764800,7098.25,7099.5,7087.75,7090.25,63867
1766768400,7090,7092.25,7084,7088,55331
1766772000,7088.25,7093.25,7082.5,7092.5,44192
1766775600,7092.5,7094.75,7089.75,7091.5,32419
1766779200,7091.5,7095,7089.75,7093.5,49056
1766782800,7093.75,7094.5,7089.75,7090.5,13321
1766962800,7093.5,7097.25,7090.25,7093.25,8943
1766966400,7093,7098.5,7090.5,7097.75,8060
1766970000,7097.5,7098.25,7087,7088.25,8807
1766973600,7088.25,7089.75,7086.25,7088.25,4665
1766977200,7088,7091.25,7086.25,7091,3986
1766980800,7091,7093,7089.5,7090,2884
1766984400,7090,7090.25,7084.5,7085.25,5097
1766988000,7085.5,7090.5,7084,7085,4715
1766991600,7085.25,7086.75,7080.75,7082.5,6703
1766995200,7082.75,7083.5,7071,7072.25,13488
1766998800,7072.75,7079.25,7072.75,7077.75,8338
1767002400,7078,7080.25,7075.25,7076,4113
1767006000,7076.25,7080.25,7073.5,7079.75,5524
1767009600,7079.5,7079.75,7069.75,7073.25,9180
1767013200,7073.25,7076.75,7059,7065.5,23982
1767016800,7065.75,7081.25,7055.75,7064.75,143852
1767020400,7064.75,7073.25,7057,7062.5,165903
1767024000,7062.75,7065.5,7055.25,7059.75,88946
1767027600,7060,7061.5,7049.75,7059.25,61918
1767031200,7059,7068.25,7057,7061.5,47538
1767034800,7061.5,7074.25,7057.75,7072.5,48922
1767038400,7072.75,7076,7064,7068.75,59479
1767042000,7068.5,7071,7065.5,7069.75,16114
1767049200,7070.5,7071.25,7063.75,7064.25,6847
1767052800,7064.5,7068,7062.75,7063.25,3561
1767056400,7063.25,7067,7061.75,7067,3403
1767060000,7067.25,7067.5,7062,7063.75,2885
1767063600,7063.5,7069.75,7063.5,7067.75,3353
1767067200,7067.75,7071,7066.75,7070,2556
1767070800,7070.25,7071,7065.5,7069.25,2591
1767074400,7069,7069,7063.75,7065.5,2459
1767078000,7065.5,7065.5,7057,7060.25,5190
1767081600,7060.25,7069.25,7060,7068.5,5495
1767085200,7068.25,7070.75,7066.5,7068.25,4276
1767088800,7068.5,7069.5,7064.5,7065.25,4103
1767092400,7065,7067.75,7060.5,7066.5,5413
1767096000,7066.75,7069.25,7063,7065.25,6523
1767099600,7065.25,7069.25,7061.5,7065.75,10315
1767103200,7065.75,7074.25,7057.5,7069.75,94506
1767106800,7069.75,7070.5,7054,7065,120490
1767110400,7064.75,7075,7060.75,7061,76743
1767114000,7061,7065.5,7057,7064.75,50804
1767117600,7064.75,7067.75,7060.5,7066,35470
1767121200,7066.25,7068,7061.75,7063.5,32043
1767124800,7063.75,7066.75,7055.75,7058.5,59502
1767128400,7058.5,7060.5,7056.25,7058.75,17830
1767135600,7058.5,7061.75,7052.5,7056,9025
1767139200,7055.75,7056,7045.75,7047,9105
1767142800,7047,7048.75,7041.75,7046.75,10525
1767146400,7047,7051.5,7046,7051,6158
1767150000,7050.75,7052.5,7047.5,7048.75,4035
1767153600,7048.75,7051.75,7047.75,7048.5,2636
1767157200,7048.5,7049.75,7042.75,7043.75,3535
1767160800,7043.75,7044.75,7040.25,7043,5108
1767164400,7042.75,7046.25,7039.75,7043.75,5430
1767168000,7043.75,7045.5,7035.75,7037,7825
1767171600,7037,7042,7036.25,7038.5,5391
1767175200,7038.25,7042,7036.5,7040,3946
1767178800,7040.5,7045,7040.25,7044.75,4193
1767182400,7044.5,7050.5,7042.75,7049.75,8529
1767186000,7049.75,7065,7048.5,7062.5,19114
1767189600,7062.5,7064.75,7038.75,7045.5,101688
1767193200,7045.75,7046.75,7027.25,7028.75,110811
1767196800,7028.75,7040.25,7028.5,7039.5,65949
1767200400,7039.5,7040.5,7032,7033.75,50951
1767204000,7033.75,7047,7033,7044.5,44674
1767207600,7044.75,7048.75,7025.75,7027,74861
1767211200,7026.75,7027.5,7003.5,7005.25,143078
1767214800,7005.25,7011.25,7005,7007.25,25205
1767308400,7014.5,7018.5,7010.5,7016.25,11065
1767312000,7016.5,7018.5,7011.5,7018.25,6175
1767315600,7018.25,7027,7018,7026.5,9242
1767319200,7026.75,7033.5,7026.5,7032.75,7701
1767322800,7032.5,7037,7031.75,7037,5404
1767326400,7037,7038.25,7035,7035.75,4693
1767330000,7035.75,7038.25,7033.75,7037.75,4199
1767333600,7037.5,7039.25,7037,7037,3554
1767337200,7037,7038.25,7034,7035.25,5149
1767340800,7035.25,7046.25,7035.25,7044.5,11351
1767344400,7044.5,7051.5,7044,7050.75,9337
1767348000,7050.75,7052,7044.25,7049.25,7295
1767351600,7049.5,7051.5,7045.5,7046.75,6170
1767355200,7046.5,7047,7041.5,7044.75,8556
1767358800,7044.75,7045,7039.25,7042,11301
1767362400,7041.75,7052.75,7025,7046.25,146520
1767366000,7046.25,7053.25,6993.75,6997.25,309683
1767369600,6997.5,7009.25,6984.75,6993.75,248576
1767373200,6993.5,7010.75,6988.5,6994.25,125242
1767376800,6994,7000.25,6980,6987.25,82761
1767380400,6987.25,7022,6985.25,7014,116349
1767384000,7014,7019.5,7002.75,7013.75,112294
1767387600,7014,7019,7011.25,7014.25,23869
1767567600,7024.75,7028,7012.75,7020.75,22239
1767571200,7020.75,7024,7016,7021.5,13131
1767574800,7021.5,7025.75,7019.5,7022,11858
1767578400,7022.25,7026.25,7021.75,7025,6630
1767582000,7024.75,7025.75,7020.25,7021,4675
1767585600,7020.75,7026.25,7019.75,7025.25,4574
1767589200,7025.5,7026.25,7020.75,7025.75,4300
1767592800,7026,7029,7020.25,7028.75,6856
1767596400,7028.75,7029.5,7019.5,7023.5,8116
1767600000,7023.25,7034.25,7021.5,7029.75,12280
1767603600,7029.75,7033.5,7025.25,7027.5,8300
1767607200,7027.25,7035.5,7027.25,7033.75,8471
1767610800,7033.75,7037,7031.75,7035.5,8245
1767614400,7035.75,7039.25,7031.25,7034.5,11153
1767618000,7034.5,7039.25,7025.75,7036.5,22069
1767621600,7036.25,7061.25,7036,7053.25,175704
1767625200,7053.25,7070.75,7048.5,7065.75,167499
1767628800,7065.75,7077,7062.5,7071.25,95738
1767632400,7071.5,7073.75,7064.25,7068,76610
1767636000,7068,7070.25,7058.5,7067.75,70601
1767639600,7068,7069.75,7054.75,7058,67112
1767643200,7058.25,7064.5,7053.5,7059.5,88440
1767646800,7059.75,7060.5,7056,7057.25,17777
1767654000,7058.5,7061.5,7054.75,7055.5,7065
1767657600,7055.25,7058.25,7053,7054.75,5447
1767661200,7055,7062.25,7053.75,7061.25,7345
1767664800,7061.25,7065,7059.75,7064.75,5964
1767668400,7064.75,7065.5,7063.5,7064.5,3202
1767672000,7064.5,7068.25,7064.25,7067.5,4208
1767675600,7067.5,7068.5,7066,7066.5,2912
1767679200,7066.5,7072.25,7066.25,7070.75,4431
1767682800,7070.5,7070.75,7065.25,7066.75,3657
1767686400,7066.75,7066.75,7044.5,7050.5,20310
1767690000,7050.5,7058,7049.25,7052.75,13465
1767693600,7053,7055.5,7051.75,7053.75,5770
1767697200,7054,7056.25,7052.5,7053.5,5487
1767700800,7053.5,7062.75,7052.5,7061.5,10475
1767704400,7061.25,7062.75,7052.25,7057.25,18040
1767708000,7057.25,7083.5,7053.25,7082.5,144828
1767711600,7082.75,7090.75,7068,7072.5,152904
1767715200,7072.5,7076.5,7063.75,7075.25,110684
1767718800,7075.25,7092.5,7072.5,7091,72986
1767722400,7091.25,7099.25,7087,7099,57893
1767726000,7099,7103.5,7098.25,7100.25,41381
1767729600,7100.25,7105.25,7099.75,7099.75,57330
1767733200,7099.75,7102.75,7099.5,7102,18249
1767740400,7102.5,7105.25,7099.75,7100.25,6366
1767744000,7100.5,7104,7099.75,7102,5252
1767747600,7102.25,7103.25,7099.5,7101.5,3629
1767751200,7101.5,7104.5,7099.75,7100.75,3597
1767754800,7100.75,7102.75,7099.5,7099.75,2787
1767758400,7099.75,7100.25,7097.5,7098.5,3959
1767762000,7098.5,7100.5,7096.75,7097.25,3698
1767765600,7097.75,7100.75,7094.5,7095,4284
1767769200,7094.75,7097,7094,7094.25,3438
1767772800,7094.5,7098.5,7092.25,7092.75,6549
1767776400,7092.5,7093.5,7089.25,7092.25,8424
1767780000,7092.25,7094.75,7088.75,7092,6242
1767783600,7092,7096,7090.75,7095.75,7242
1767787200,7095.75,7098.5,7093.5,7097.25,10402
1767790800,7097,7103.5,7094,7103,21141
1767794400,7102.75,7111.75,7097.5,7106,113871
1767798000,7106,7108,7089.75,7105.5,209585
1767801600,7105.5,7116,7099.5,7115.5,96846
1767805200,7115.5,7120.25,7108.25,7110.5,84194
1767808800,7110.25,7111.75,7100.5,7108.5,85570
1767812400,7108.75,7109.25,7094.75,7098,84207
1767816000,7097.75,7098.5,7072.75,7076.25,151163
1767819600,7076.25,7080.75,7071.25,7080.25,25079
1767826800,7080.75,7083.25,7077,7078.25,8797
1767830400,7078,7082.25,7075.75,7081.75,6264
1767834000,7082,7082.25,7077.5,7081.5,5519
1767837600,7081.25,7082.25,7068.75,7071.25,8141
1767841200,7071,7072,7067,7068.25,5639
1767844800,7068.25,7070.5,7066.75,7068,3222
1767848400,7068.25,7069,7059.5,7059.75,6610
1767852000,7059.75,7060.25,7048.75,7055,14290
1767855600,7055.25,7071.5,7050.25,7061.25,19418
1767859200,7061.5,7070.25,7061,7065,10691
1767862800,7065.25,7069,7059.5,7063.25,7430
1767866400,7063.25,7064,7058,7063.75,7371
1767870000,7063.5,7066.75,7057,7062.25,13922
1767873600,7062.25,7065.5,7058.25,7062.75,12460
1767877200,7062.5,7073.25,7061.25,7070,20852
1767880800,7070,7072,7053.5,7061.75,199013
1767884400,7061.75,7079.5,7057.5,7078.25,233037
1767888000,7078,7080.75,7063.75,7079,152802
1767891600,7078.75,7086,7071,7080.5,93426
1767895200,7080.5,7082,7067.25,7068.75,94684
1767898800,7068.5,7073.5,7062.75,7068.75,81715
1767902400,7068.5,7080.75,7067.25,7074.25,97279
1767906000,7074.25,7091.25,7074.25,7084.75,25731
1767913200,7086,7087.5,7076.5,7077.5,8092
1767916800,7077.5,7081,7074.5,7075,6328
1767920400,7075,7076.75,7067.75,7071.25,8413
1767924000,7071.25,7078.25,7070.25,7076.25,7215
1767927600,7076.25,7077.25,7073.25,7074.25,2717
1767931200,7074.5,7075.5,7071.25,7074.75,3162
1767934800,7075.25,7077,7072,7076.25,2786
1767938400,7076.25,7078.75,7073,7076.75,3080
1767942000,7077,7077,7069.75,7074.25,4249
1767945600,7074.5,7079,7070.25,7071,8445
1767949200,7071.5,7081.5,7070.25,7081.25,6967
1767952800,7081.25,7082.75,7079.5,7080,4537
1767956400,7080,7087,7079,7081.5,7429
1767960000,7081.5,7085.5,7078.75,7085.5,8646
1767963600,7085.5,7102,7083,7100.5,37937
1767967200,7100.5,7103.25,7081.75,7092.5,181624
1767970800,7093,7113.25,7069,7097.25,271166
1767974400,7097.25,7119,7097.25,7117.5,143337
1767978000,7117.25,7123.5,7115.5,7118,74098
1767981600,7118,7127.5,7111.5,7123.5,79706
1767985200,7123.75,7130.5,7121.75,7127,49860
1767988800,7127,7131.25,7116.75,7118.25,80113
1767992400,7118,7119.5,7115.25,7117.75,20111
1768172400,7120.25,7123.5,7105.5,7111.5,16765
1768176000,7111.75,7112.75,7088.75,7093,24593
1768179600,7092.75,7093.5,7080.75,7091,27902
1768183200,7091,7091,7082,7083.5,15961
1768186800,7083.5,7085,7078,7081.25,9402
1768190400,7081.5,7082.5,7077.5,7080,5697
1768194000,7080,7082.25,7071.75,7076,9045
1768197600,7076,7080.5,7075,7078,6628
1768201200,7078,7083.75,7077.75,7081,6768
1768204800,7081.25,7084.25,7062.75,7066.5,22921
1768208400,7066.75,7072.75,7065,7071.25,12087
1768212000,7071.5,7075.5,7068.75,7072,8523
1768215600,7072.25,7078,7071,7074.25,8461
1768219200,7074.25,7084,7074.25,7082,14500
1768222800,7082.25,7083.5,7078,7080,16538
1768226400,7080,7116.25,7078,7113.25,158880
1768230000,7113.5,7118,7106.25,7116.5,134561
1768233600,7116.5,7126,7113.75,7123.25,84866
1768237200,7123,7125.75,7118,7124.25,47274
1768240800,7124.25,7131.5,7123.25,7129.75,43939
1768244400,7129.75,7138,7127,7137.25,49798
1768248000,7137.5,7138.75,7129.25,7129.5,80447
1768251600,7129.5,7132.25,7123.25,7125,26939
1768258800,7126,7127.75,7119,7119.5,11150
1768262400,7119.25,7120.75,7115.5,7116,9098
1768266000,7116,7122,7112.25,7119.25,10689
1768269600,7119.5,7123,7118.5,7120.75,5408
1768273200,7120.5,7123,7118.5,7120.5,3496
1768276800,7120.75,7123.25,7119.5,7122,2703
1768280400,7122,7124.25,7120,7123.25,3165
1768284000,7123.25,7127.5,7122.75,7124.5,4035
1768287600,7124.75,7126.5,7122.5,7124.5,2865
1768291200,7124.75,7124.75,7119.25,7122,5794
1768294800,7122.25,7126,7119.25,7122,5425
1768298400,7121.75,7122.5,7116,7118.75,5082
1768302000,7118.5,7123.75,7117.25,7123.75,7300
1768305600,7123.5,7125,7119,7120,8279
1768309200,7120.25,7150,7113.5,7133.5,55150
1768312800,7133.25,7141,7118.5,7119,169054
1768316400,7118.75,7121.75,7096.75,7113.75,243934
1768320000,7113.75,7128.75,7100,7126,132366
1768323600,7125.75,7128,7101.75,7105.75,126725
1768327200,7105.5,7113,7100.5,7104.25,101138
1768330800,7104.5,7108.75,7098.5,7105.75,92820
1768334400,7105.75,7116.5,7090.25,7114.25,121334
1768338000,7114.5,7117.75,7111.75,7112.5,20243
1768345200,7112.25,7115.25,7110.25,7111.25,7207
1768348800,7111.25,7116.25,7109.5,7113,6345
1768352400,7112.75,7114,7105.5,7106.25,6931
1768356000,7106.25,7109,7104.5,7108.25,4283
1768359600,7108.25,7113.75,7107.75,7112,3913
1768363200,7112,7112.5,7102.5,7104,4311
1768366800,7104,7105,7098.75,7100,4535
1768370400,7100,7102.75,7096.75,7102.75,6254
1768374000,7102.75,7104,7099.75,7102.5,3598
1768377600,7102.5,7105.75,7099.5,7103,7375
1768381200,7103.25,7107.5,7100.25,7103.5,5872
1768384800,7103.5,7103.75,7080.75,7085,22334
1768388400,7085,7091,7080,7085.75,14455
1768392000,7085.75,7094.5,7077,7089.5,19787
1768395600,7089.25,7095.5,7080.25,7084.25,28704
1768399200,7084.5,7093,7059,7062.25,203182
1768402800,7062.5,7084.25,7040.25,7046.75,288424
1768406400,7047,7070.5,7036.5,7041.5,189769
1768410000,7041.25,7050.25,7037.25,7041.75,130701
1768413600,7041.5,7058.25,7038,7056.5,120133
1768417200,7056.75,7062,7051.75,7056.75,88125
1768420800,7056.5,7083.5,7049,7081.5,196261
1768424400,7081.75,7084.25,7058.5,7073.75,39107
1768431600,7070.75,7074.5,7063,7073.25,15212
1768435200,7073.25,7073.75,7069,7071.75,5832
1768438800,7071.75,7078.75,7066,7077.75,11247
1768442400,7077.75,7078.25,7071.5,7073.75,4291
1768446000,7073.75,7076.75,7069.5,7070.25,4923
1768449600,7070.25,7073.75,7069,7070.5,3570
1768453200,7070.5,7082,7070.25,7077,8523
1768456800,7076.75,7091.25,7074.75,7087.25,15272
1768460400,7087.25,7088.75,7082.75,7085.25,7583
1768464000,7085,7093.25,7082,7091.75,11050
1768467600,7091.5,7106,7090.5,7101.75,15827
1768471200,7101.75,7105,7100.25,7103,8891
1768474800,7103,7107,7102.75,7104.5,8724
1768478400,7104.25,7107.25,7100.75,7106.25,13518
1768482000,7106,7115.5,7102.75,7111.5,23685
1768485600,7111.75,7124.75,7108,7112.25,160401
1768489200,7112.5,7125.5,7105.75,7120.75,214681
1768492800,7120.75,7129.75,7119.5,7126.5,111733
1768496400,7126.25,7130.75,7115,7116,91718
1768500000,7115.75,7128.75,7114.75,7123,62635
1768503600,7123,7123,7101.5,7103.25,135092
1768507200,7103.25,7106.25,7088.25,7098.25,163237
1768510800,7098.25,7100,7094.5,7097,23373
1768518000,7098.75,7104.5,7096.75,7103,10735
1768521600,7103,7106,7101,7105.5,6055
1768525200,7105.5,7109,7102,7106.75,8281
1768528800,7106.75,7111.75,7105,7111,5003
1768532400,7111,7113.5,7110.25,7111.75,4113
1768536000,7111.75,7116.75,7111.25,7116.5,4893
1768539600,7116.75,7117.5,7114.25,7115,3785
1768543200,7115,7117.5,7113.5,7117,3542
1768546800,7117.25,7119,7114,7116.5,4412
1768550400,7116.5,7120.25,7110.25,7113.5,9235
1768554000,7113.5,7117.5,7111.5,7111.5,6368
1768557600,7111.5,7117.25,7110.75,7115.25,6248
1768561200,7115.25,7117.75,7105.25,7106.75,11842
1768564800,7106.5,7111,7101,7105.25,17220
1768568400,7105.25,7108.75,7102,7104.25,23131
1768572000,7104.25,7115.5,7092.25,7092.5,167366
1768575600,7092.5,7101.25,7074,7091.75,269847
1768579200,7091.75,7108.5,7088.5,7100.5,164854
1768582800,7100.25,7103.5,7092.5,7092.75,90473
1768586400,7092.75,7106.25,7091.5,7100.25,64702
1768590000,7100.25,7111,7093.5,7100.5,111113
1768593600,7100.5,7102.5,7088.5,7090,128312
1768597200,7090,7093.75,7087,7091.5,25892
1768777200,7054.5,7054.5,7024.5,7047,47686
1768780800,7046.75,7047.25,7027.75,7036.75,24483
1768784400,7036.5,7040.75,7027.75,7029.25,13759
1768788000,7029.5,7036.25,7029.25,7036,7298
1768791600,7035.75,7036.25,7028.25,7031.25,9145
1768795200,7031.25,7032,7027.75,7028.5,5532
1768798800,7028.75,7034.5,7026.25,7030.25,6706
1768802400,7030.5,7035.5,7028.75,7029.5,5419
1768806000,7029.25,7030.5,7017.75,7022,17369
1768809600,7021.75,7038,7021.75,7034.25,21052
1768813200,7034.5,7035.5,7003.75,7008,28208
1768816800,7008,7017,7005,7007,11899
1768820400,7007,7013.75,7004.75,7012,10321
1768824000,7011.75,7023.25,7008.5,7019,13005
1768827600,7019,7021.5,7010,7015.75,16015
1768831200,7016,7020.5,7000.75,7013.5,39760
1768834800,7013.25,7018,7008.75,7015.5,38765
1768838400,7015.75,7026,7013.5,7023.75,35001
1768842000,7023.5,7030.5,7021.75,7026.75,18963
1768863600,7027,7030.25,7019.5,7020.5,15302
1768867200,7020.75,7024.25,7009.5,7017.5,17798
1768870800,7017.75,7026.5,7017.5,7024,10562
1768874400,7024.25,7027.25,7017,7025.75,9735
1768878000,7025.5,7026.75,7023.25,7023.75,4792
1768881600,7023.75,7024.5,7015,7017,5376
1768885200,7016.75,7022.75,7015.25,7018.5,7371
1768888800,7018.25,7018.75,6992,7001.25,26320
1768892400,7001.5,7003,6990.25,6996,15239
1768896000,6996,6997.25,6970.5,6978,37040
1768899600,6978,6982,6960.5,6965.75,32209
1768903200,6965.75,6981.75,6961,6976.25,19968
1768906800,6976,6988,6975.5,6983.25,19548
1768910400,6983,7000.5,6980,6994.25,28935
1768914000,6994.5,6998.75,6974,6980.75,74206
1768917600,6980.75,7004,6978.75,6992,184840
1768921200,6991.75,7018.5,6979,7008.5,211883
1768924800,7008.75,7016.5,6993.75,7007.5,174206
1768928400,7007.5,7010,6974.5,6980.75,142597
1768932000,6980.75,6985.25,6950,6957.25,114985
1768935600,6957,6962.75,6942.25,6948.25,112807
1768939200,6948.25,6951.75,6936,6947,141737
1768942800,6947,6954,6942.75,6951,31144
1768950000,6952.5,6957.5,6943,6945.5,15182
1768953600,6946,6958.75,6945.75,6957.25,10719
1768957200,6957.5,6965,6957,6962.5,11824
1768960800,6962.75,6963.25,6956.25,6958.5,9322
1768964400,6958.5,6968.25,6958.25,6962.25,12343
1768968000,6962,6965.5,6959.5,6963,5852
1768971600,6962.75,6967.5,6960,6966.5,5272
1768975200,6966.25,6969,6960.75,6961,6485
1768978800,6960.75,6971.25,6960,6966.25,8759
1768982400,6966,6970.25,6962,6966.25,10943
1768986000,6966.25,6968.75,6950,6950.25,14012
1768989600,6950.25,6962.75,6948.5,6955.75,12046
1768993200,6955.5,6956.25,6932.25,6933,22793
1768996800,6933,6942.5,6928,6939.25,31937
1769000400,6939.25,6945.5,6929.25,6938.5,41729
1769004000,6938.25,6996.75,6935.25,6994.75,233990
1769007600,6994.5,7022.25,6986.25,7018.25,208102
1769011200,7018.25,7019.25,6969,6970.5,218616
1769014800,6970.5,6979.75,6950.75,6976.25,201273
1769018400,6976,6985.25,6956,6979.75,153817
1769022000,6979.75,7058.5,6968.5,7055.75,276417
1769025600,7055.75,7058.75,7016.75,7024.25,211240
1769029200,7024.25,7033,7023.5,7028.75,23292
1769036400,7031.25,7041.75,7031.25,7037.75,14214
1769040000,7037.75,7043.25,7035.25,7040.5,9906
1769043600,7040.5,7047.75,7039,7046.5,7754
1769047200,7046.5,7048.5,7041.5,7043,6737
1769050800,7043,7047.5,7043,7046,5360
1769054400,7045.75,7046,7041,7043,4429
1769058000,7043,7044,7033.25,7034.25,5665
1769061600,7034,7037,7024.5,7035.25,12418
1769065200,7035.5,7045.5,7028.25,7043.5,11935
1769068800,7043,7065.75,7042.25,7060.5,23311
1769072400,7060.5,7069.75,7059.75,7066.5,10969
1769076000,7066.75,7067.5,7060,7064.75,11257
1769079600,7064.5,7068.5,7057.25,7058.5,17574
1769083200,7058.5,7062.5,7055.25,7061.25,15568
1769086800,7060.75,7071.75,7058.5,7071.25,30895
1769090400,7071,7077.25,7043.75,7049,191904
1769094000,7049.25,7065.25,7039,7056.5,196006
1769097600,7056.5,7075.75,7056,7067.75,104402
1769101200,7067.5,7081.75,7064.5,7080.25,89268
1769104800,7080.5,7082.25,7068.75,7070.75,67522
1769108400,7070.75,7080,7057.75,7058.25,79255
1769112000,7058,7065.75,7046,7059.25,123984
1769115600,7059.5,7062,7049.5,7053.75,20923
1769122800,7052.75,7057.75,7047,7054.75,13589
1769126400,7054.5,7063.5,7050.75,7063.25,8979
1769130000,7063.25,7070.5,7062.5,7070.25,11419
1769133600,7070,7070.5,7065,7065.5,4950
1769137200,7065.25,7072,7065,7069.75,5643
1769140800,7070,7072.5,7068.25,7071.25,3593
1769144400,7071.75,7074.25,7070.5,7074,2645
1769148000,7074.25,7077,7070.75,7071,4901
1769151600,7071,7074,7066.75,7068.5,5620
1769155200,7068.5,7068.5,7048.75,7051.5,16037
1769158800,7051.75,7056.25,7038.75,7042.75,17411
1769162400,7042.75,7045,7039.25,7043,9264
1769166000,7043.5,7057.25,7042.5,7047,24047
1769169600,7046.75,7056,7044.5,7053.75,15579
1769173200,7053.75,7054,7039.5,7041.25,25583
1769176800,7041,7056,7038.25,7055.75,130667
1769180400,7055.75,7074.75,7049.5,7072.25,159409
1769184000,7072.25,7077.5,7061.75,7065.25,115947
1769187600,7065.25,7071.5,7044.5,7047,118860
1769191200,7047,7060,7045.75,7057,95152
1769194800,7057,7069.75,7056.75,7063,79713
1769198400,7063,7063.75,7052.5,7059,101409
1769202000,7059,7059.5,7045.75,7047.5,24406
1769382000,7022.75,7030,6993.75,7027.5,45518
1769385600,7028,7038.5,7025.25,7033.25,21612
1769389200,7033,7047,7030.75,7043.5,20258
1769392800,7043.5,7046.5,7033.75,7036.75,11746
1769396400,7036.5,7045.5,7036.5,7040.5,10887
1769400000,7040.75,7045,7037.75,7040,7095
1769403600,7040.25,7047.5,7038.25,7046.75,6710
1769407200,7046.75,7052.5,7046.25,7047.25,9664
1769410800,7047.5,7056.75,7046.75,7054.25,7711
1769414400,7054.5,7062.75,7054.25,7061.5,10691
1769418000,7061.5,7063.75,7035.25,7042,19096
1769421600,7041.75,7052.25,7040.75,7047.75,11793
1769425200,7048,7051.25,7045.75,7050.25,7715
1769428800,7050,7058.25,7049.75,7054.25,13463
1769432400,7054.25,7066.25,7051,7065.25,25180
1769436000,7065.25,7093.5,7064.5,7089.75,124455
1769439600,7089.75,7101.5,7084.5,7097.25,146099
1769443200,7097,7101,7089.25,7098.25,81656
1769446800,7098.25,7104.5,7097.5,7099.5,56450
1769450400,7099.5,7108.75,7096.25,7103,61866
1769454000,7103,7107.25,7101.75,7103,44166
1769457600,7103.25,7105.5,7093,7094,77412
1769461200,7094,7096.5,7089.25,7090.5,26764
1769468400,7090.5,7097.25,7085.75,7094.75,13691
1769472000,7094.5,7097.5,7090.75,7096.75,5840
1769475600,7097,7101.75,7095.25,7100.75,6498
1769479200,7101,7110.75,7100.75,7110.5,8452
1769482800,7110.25,7112.5,7109.5,7111.75,4984
1769486400,7112,7117,7111.5,7114,6055
1769490000,7114,7116.75,7110.25,7116.25,5539
1769493600,7116.25,7120.25,7113.75,7114.25,6754
1769497200,7114.25,7117.5,7112.75,7115.5,5543
1769500800,7115.5,7116.75,7107.75,7110.75,11521
1769504400,7110.75,7113,7108.25,7108.75,9145
1769508000,7108.75,7114,7108.25,7112.5,6355
1769511600,7112.75,7117.25,7110.25,7115.5,8485
1769515200,7115.5,7115.75,7108,7110.75,11767
1769518800,7110.5,7113,7107.25,7108.75,12689
1769522400,7108.75,7121.25,7101.75,7118.75,116941
1769526000,7118.5,7128.25,7111.5,7126.75,121231
1769529600,7126.75,7132.25,7126.5,7126.5,61038
1769533200,7126.5,7128.25,7120,7120.5,72279
1769536800,7120.75,7128.75,7115.5,7126.75,60580
1769540400,7126.75,7130.5,7124,7127.25,33703
1769544000,7127.25,7130.75,7121,7122.25,64471
1769547600,7122.25,7125.5,7119,7122.75,22633
1769554800,7123,7129.25,7122.75,7126.25,8139
1769558400,7126.25,7140,7126,7138.25,13411
1769562000,7138.25,7141,7135.75,7137,7827
1769565600,7136.75,7140.75,7136.5,7139.5,4405
1769569200,7139.25,7140.75,7137.25,7137.5,4184
1769572800,7137.5,7141.25,7137.5,7140.5,3384
1769576400,7140.5,7146,7140.25,7145.25,5648
1769580000,7145.25,7156.75,7145.25,7148.25,20510
1769583600,7148.25,7151,7144.25,7150.25,8411
1769587200,7150.25,7152.5,7139.5,7141,11757
1769590800,7141,7146.5,7140,7145,7655
1769594400,7145.25,7150,7143,7148.75,7385
1769598000,7149,7149,7142.25,7146.25,9034
1769601600,7146.75,7147.25,7135.5,7136.25,22454
1769605200,7136.5,7140.5,7131,7135.75,21434
1769608800,7135.75,7144.75,7131.5,7137,102530
1769612400,7137,7139.25,7120.75,7121,140468
1769616000,7121,7129,7110.5,7112.75,100925
1769619600,7112.75,7122.5,7110.5,7114,74044
1769623200,7113.75,7120,7110.75,7117.5,40804
1769626800,7115.5,7126.25,7103,7114.5,103277
1769630400,7114.5,7128.5,7112.5,7120,76009
1769634000,7120,7136.5,7090.75,7130.25,53330
1769641200,7133.5,7135.25,7107.75,7109.75,31034
1769644800,7109.75,7112.75,7099,7112.75,21682
1769648400,7113,7113.5,7100.5,7108.25,12465
1769652000,7108.25,7119.75,7107,7116.25,11199
1769655600,7116.5,7123.25,7116.5,7122.25,6332
1769659200,7122.25,7129.75,7121.25,7128.75,5135
1769662800,7128.75,7133.5,7125.75,7131,6099
1769666400,7131.25,7137.5,7130.5,7133.25,6658
1769670000,7133.25,7143,7131.25,7140,9256
1769673600,7140,7143,7132.25,7138.25,15957
1769677200,7138.25,7142.75,7132.25,7132.75,10861
1769680800,7132.5,7137,7126.25,7127.25,10525
1769684400,7127.25,7135.75,7123.5,7132.75,15628
1769688000,7133,7137.5,7127.25,7132.25,15501
1769691600,7132.5,7140.5,7128.5,7137,19799
1769695200,7137.25,7137.5,7079,7080,187910
1769698800,7080.25,7080.75,7015.75,7024.25,307007
1769702400,7024.5,7054.25,7011.5,7051,208744
1769706000,7051,7081.25,7050,7053,151882
1769709600,7052.75,7082.25,7051,7069.75,103277
1769713200,7069.75,7086.5,7066.25,7075.25,82613
1769716800,7075.5,7112.5,7074.5,7103.25,108730
1769720400,7103.25,7116,7098.75,7103.5,35944
1769727600,7105,7108.5,7081,7100.25,30662
1769731200,7100.25,7104.5,7088,7090.25,20067
1769734800,7090.75,7091.25,7065.75,7076.5,20011
1769738400,7076.5,7077.75,7056.75,7074.5,23246
1769742000,7074.5,7085.5,7074.25,7079.5,15522
1769745600,7079.5,7087,7077.75,7079,6860
1769749200,7079.25,7083.75,7070,7070.25,7482
1769752800,7070.5,7071.5,7048.5,7051.5,15516
1769756400,7051,7063.25,7041.5,7043.75,14428
1769760000,7043.75,7059,7039.5,7054.5,22813
1769763600,7055,7058.75,7031,7040,19907
1769767200,7039.75,7057.25,7039.5,7052,15192
1769770800,7052.5,7084.5,7051.75,7082.25,23738
1769774400,7082.25,7089.25,7070.25,7075,25166
1769778000,7074.75,7083.5,7060.75,7070.5,29417
1769781600,7070.5,7099,7068.25,7078.75,139120
1769785200,7078.5,7104.25,7070.5,7083,185402
1769788800,7082.75,7089,7064,7068,148008
1769792400,7068.25,7077,7048.5,7053,149456
1769796000,7052.75,7082.5,7032.25,7075.5,146686
1769799600,7075.5,7088.75,7065.75,7067,113306
1769803200,7067,7090.25,7054.25,7081.5,135343
1769806800,7081.25,7087,7071,7074.75,23205
1769986800,7053,7066,7031.25,7060.25,54596
1769990400,7060,7079,7051.25,7072,28822
1769994000,7072.25,7076.5,7029,7030.75,44622
1769997600,7031,7038,7018.5,7020,31147
1770001200,7020,7023.5,6996.5,6999.25,32329
1770004800,6999.75,7016,6986,7010.5,29712
1770008400,7010.5,7011.25,6990.75,6994.25,20613
1770012000,6994,6998.75,6977.75,6988.75,24619
1770015600,6988.75,7010.75,6988.25,7010.25,20994
1770019200,7010,7034.5,7008.5,7031,24158
1770022800,7031,7042.25,7020.75,7038.75,20712
1770026400,7039,7043.25,7028,7030.75,13381
1770030000,7030.75,7050.75,7029.25,7045.5,15093
1770033600,7045,7058.25,7044.5,7050,18587
1770037200,7049.75,7058.5,7043.25,7055.75,24132
1770040800,7056,7100,7054.75,7087.5,151657
1770044400,7087.5,7119,7084.25,7108.75,156084
1770048000,7108.5,7120,7100.25,7118.75,93567
1770051600,7118.75,7131,7117.75,7125.5,67958
1770055200,7125.5,7129.75,7117.5,7126.5,50797
1770058800,7126.25,7130.25,7114.75,7116.5,57043
1770062400,7116.5,7126.25,7111.5,7116.5,105346
1770066000,7116.5,7120.75,7111,7116.5,27937
1770073200,7117.75,7136,7116,7129.25,20033
1770076800,7128.75,7136.75,7123,7132,14126
1770080400,7131.75,7137,7128.5,7131,9286
1770084000,7130.75,7130.75,7121.5,7126.25,11319
1770087600,7126,7132.25,7124,7131,7871
1770091200,7131,7136.5,7130,7135.75,5328
1770094800,7135.75,7137,7129.5,7134.75,5705
1770098400,7135,7138.25,7132.5,7135.25,5789
1770102000,7135,7139.5,7132.25,7137,7338
1770105600,7136.75,7140.75,7129.5,7131.25,11656
1770109200,7131,7136.75,7125.5,7127.75,9937
1770112800,7127.75,7131.75,7123.5,7124.75,8179
1770116400,7124.75,7127,7120.5,7124.5,12138
1770120000,7124.25,7136.75,7121.5,7133.5,15654
1770123600,7133.5,7135.25,7128.25,7128.75,16700
1770127200,7128.75,7130.5,7093.5,7095.5,161843
1770130800,7095.5,7097.5,7067.75,7091.5,267465
1770134400,7091.5,7092.25,7062.5,7066.25,162072
1770138000,7066.25,7067.5,7033.5,7036.75,177035
1770141600,7036.5,7045,7007.75,7008,148549
1770145200,7008,7032,6999.75,7028,194483
1770148800,7027.75,7057.5,7022.25,7054.5,143988
1770152400,7054.25,7059.5,7045.25,7052,36691
1770159600,7049.25,7058,7045,7056,15772
1770163200,7056,7057.25,7047,7047.5,11652
1770166800,7047.75,7060.25,7047.75,7057.75,12416
1770170400,7058.25,7064.75,7052.75,7056.25,11657
1770174000,7056,7063,7054,7060.25,10041
1770177600,7060.5,7062,7057.25,7059.25,3656
1770181200,7059.5,7062.25,7055.25,7062,3828
1770184800,7062.25,7072.5,7060.75,7068.75,9036
1770188400,7068.75,7074.5,7067.75,7072.25,6185
1770192000,7072.25,7073.5,7054.5,7060,19883
1770195600,7059.75,7063.75,7046,7054.25,17545
1770199200,7054,7067.75,7052.25,7063.5,12937
1770202800,7063.75,7079,7060.75,7074.75,15494
1770206400,7074.75,7078.5,7063.75,7065.75,15048
1770210000,7065.75,7072.5,7058,7059.75,29073
1770213600,7059.75,7074,7037.25,7040.75,157339
1770217200,7040.75,7067.75,7024,7045,272296
1770220800,7045,7048,7002,7024.75,209985
1770224400,7024.5,7030,6976,6995.25,219440
1770228000,6995.25,7014,6981.75,7005.25,167061
1770231600,7005.25,7043.75,6992.25,7041.75,177719
1770235200,7041.5,7046.75,7015.25,7019.75,107341
1770238800,7020.25,7054.75,7004.25,7042.25,39616
1770246000,7030.25,7042.5,7027.25,7031.75,18756
1770249600,7031.75,7043.75,7025,7038,13850
1770253200,7038.25,7048.5,7037,7044.5,12729
1770256800,7045,7046.25,7009,7010.25,32985
1770260400,7010.25,7022.75,7002.5,7004.5,23064
1770264000,7005,7020.5,7001.5,7017.5,14608
1770267600,7017.75,7022.25,7007,7014,12394
1770271200,7014,7027.25,7013.5,7026.5,10464
1770274800,7026.5,7030.75,7020.5,7021.5,10024
1770278400,7021.5,7037.25,7014.25,7014.25,20928
1770282000,7014.5,7032.25,7009,7018.75,19312
1770285600,7019,7031.75,7016.75,7021.5,12894
1770289200,7021.25,7030,7017.75,7028.5,13316
1770292800,7028.25,7034,6969.75,6984,59734
1770296400,6983.75,6993,6968,6971,44172
1770300000,6970.5,6995,6944.75,6963.5,227479
1770303600,6963.5,6971.5,6916.25,6930.5,246640
1770307200,6930.75,6972.75,6914.75,6969.75,175582
1770310800,6969.5,6983.75,6947,6961.75,120643
1770314400,6962,6970.75,6934,6940,89953
1770318000,6940.5,6972.5,6937.5,6948,95348
1770321600,6948,6966.5,6918.75,6931.5,117148
1770325200,6931.5,6942,6898.5,6902.25,54461
1770332400,6900.25,6908.25,6877.5,6885,37467
1770336000,6884.75,6897.75,6865,6896,41815
1770339600,6896,6918,6882,6917,31353
1770343200,6917,6924.5,6912,6917.75,20864
1770346800,6917.75,6922,6903.5,6914.75,17385
1770350400,6914.25,6914.5,6896,6901.25,11198
1770354000,6901.25,6927.25,6895.5,6923.75,13220
1770357600,6923.75,6929.75,6917,6918.5,9934
1770361200,6918.5,6925.5,6910.75,6923,11386
1770364800,6922.75,6934.25,6910.25,6929.75,22688
1770368400,6929.75,6962.5,6924.75,6956.75,28229
1770372000,6956.5,6963.5,6948.5,6962.75,11466
1770375600,6962.25,6983.5,6962,6979.25,19871
1770379200,6979,6981.25,6959.25,6963.5,22760
1770382800,6963.75,6978,6960.25,6970.5,29511
1770386400,6970.5,7020.75,6963.5,7003.25,158769
1770390000,7003.5,7026.25,6986.25,7013.5,218714
1770393600,7013.25,7035.75,7009.5,7030,105619
1770397200,7030.25,7051.25,7027,7045,79354
1770400800,7045.25,7052.25,7041.5,7046,53016
1770404400,7046,7053.5,7043,7049.25,45306
1770408000,7049,7079,7046.75,7062.25,94917
1770411600,7062.25,7065.75,7055.5,7059.75,29232
1770591600,7073.5,7092.5,7071.5,7086.5,26517
1770595200,7086.25,7093.25,7081.5,7083.25,18006
1770598800,7083.25,7083.5,7071.75,7075,16757
1770602400,7074.75,7081,7071.25,7075.25,12331
1770606000,7075.25,7077.75,7070,7070.5,8366
1770609600,7070.75,7076.5,7070.5,7072.25,6309
1770613200,7072.25,7077.75,7070.25,7076.75,8083
1770616800,7076.5,7077.25,7066.5,7068.5,17174
1770620400,7068.5,7070.5,7060.25,7067.25,11888
1770624000,7067,7079.5,7065.75,7069.75,15180
1770627600,7069.75,7073.5,7054.75,7057,12637
1770631200,7057.25,7058.5,7034.5,7049.25,25957
1770634800,7049.25,7053.25,7044.25,7048.25,13954
1770638400,7048.75,7059.5,7041.75,7059.5,18760
1770642000,7059,7067.75,7050.75,7051.75,24996
1770645600,7051.75,7071.25,7037.75,7058.5,141986
1770649200,7058.5,7099.5,7056.5,7097.25,144174
1770652800,7097,7111,7095.5,7109,78938
1770656400,7109,7111.5,7099.5,7100.75,57420
1770660000,7100.5,7107.25,7090.5,7101.75,81459
1770663600,7101.75,7114,7100,7109,54460
1770667200,7109.25,7112.25,7093.5,7093.75,104239
1770670800,7094,7100.25,7093.5,7097.25,18266
1770678000,7097.75,7103,7089.25,7092.25,16716
1770681600,7092.25,7095.5,7087.5,7091.5,11158
1770685200,7091.75,7096.75,7087,7094.25,12262
1770688800,7094.25,7094.5,7086.25,7089.75,7290
1770692400,7090,7092.25,7085.75,7090.25,5798
1770696000,7090.25,7097.75,7090,7097.25,5326
1770699600,7097.25,7099.75,7091.5,7098.25,6779
1770703200,7098.25,7098.75,7088,7091.25,6721
1770706800,7091.5,7098.5,7090.5,7098.25,5980
1770710400,7098.5,7101,7093,7098.5,10894
1770714000,7098.75,7111,7098.75,7102.25,11159
1770717600,7102.25,7106,7097.75,7102.75,12438
1770721200,7102.5,7106,7098.25,7105.25,6802
1770724800,7105.25,7109.75,7091,7091.25,18224
1770728400,7091.5,7098,7084,7097.5,37490
1770732000,7097.5,7117,7088.5,7111.75,152671
1770735600,7111.75,7119.75,7100.75,7108,190702
1770739200,7108.25,7110.75,7095,7102,129710
1770742800,7102,7112.25,7096,7108.75,77391
1770746400,7108.75,7109,7082.25,7090.5,123207
1770750000,7090.5,7095.5,7085.25,7092,72473
1770753600,7091.75,7094.25,7070.5,7074.75,120266
1770757200,7074.75,7084.25,7072.75,7083.75,22824
1770764400,7084.5,7089.5,7083.25,7088.25,9928
1770768000,7088.25,7092,7087.25,7091.25,5366
1770771600,7091.25,7097,7091.25,7095.25,7443
1770775200,7095,7096.75,7092.75,7095.25,4725
1770778800,7095.5,7099.5,7092.5,7098.5,5058
1770782400,7098.75,7099.25,7090.75,7093,5228
1770786000,7093,7096.75,7088.5,7089.75,5194
1770789600,7089.75,7094.25,7087,7087.5,6058
1770793200,7087.5,7091.25,7084.25,7088,6844
1770796800,7088,7089.5,7077,7086.25,11493
1770800400,7086,7091.5,7079.25,7079.25,11335
1770804000,7079.25,7079.75,7066.25,7078,20779
1770807600,7078,7087,7076.75,7077,17308
1770811200,7077,7084.75,7076.5,7081,15155
1770814800,7081,7119.75,7080,7118.25,62678
1770818400,7118,7125,7091,7094.5,189422
1770822000,7094.75,7101,7044.5,7076.75,320044
1770825600,7076.75,7087.75,7066.5,7073.75,174739
1770829200,7073.5,7093,7066.75,7080.5,130124
1770832800,7080.75,7083.25,7067,7080.25,113867
1770836400,7080.25,7092.75,7074,7082,85943
1770840000,7082,7084,7071,7072.5,96928
1770843600,7072.25,7081.5,7072,7076.5,22970
1770850800,7077,7082,7065.75,7071,15281
1770854400,7070.75,7078.25,7066.5,7077.25,11093
1770858000,7077.25,7087.75,7073.75,7084.5,11803
1770861600,7084,7086.5,7079,7085.5,6597
1770865200,7085,7091.5,7084,7090.75,6150
1770868800,7090.75,7096.75,7089.5,7093.25,8049
1770872400,7093.5,7098,7093.5,7095.5,5093
1770876000,7096,7096.5,7086,7090,7768
1770879600,7090,7096.5,7089.25,7095.25,6173
1770883200,7095.25,7098.25,7088.25,7095,10667
1770886800,7095,7098.5,7092.25,7097,8521
1770890400,7097,7100,7089.75,7093,8291
1770894000,7093,7097.75,7092,7097,7651
1770897600,7096.75,7100.25,7092.25,7093.75,11451
1770901200,7093.5,7105,7086.75,7100,30827
1770904800,7100,7106.25,7075.5,7080.25,176930
1770908400,7080.5,7089.75,7037.75,7038.5,248212
1770912000,7038.5,7040,6986.75,6998.25,329462
1770915600,6997.75,7007.5,6980.75,6981.25,191025
1770919200,6981.25,7005,6973.25,6998.75,160230
1770922800,6999,7011.5,6987.5,7003.25,128094
1770926400,7003.5,7007.25,6955.25,6964,175153
1770930000,6964.25,6978.5,6960.25,6975.25,37683
1770937200,6979.5,6980.5,6960.5,6974,29934
1770940800,6974,6982.5,6953.75,6958.5,27872
1770944400,6958.25,6975,6958.25,6968,19824
1770948000,6968.25,6976,6968.25,6971.25,10330
1770951600,6971.25,6974.75,6960,6960.5,9265
1770955200,6960.75,6971.5,6959.25,6962,7939
1770958800,6962.25,6964.5,6948.25,6951.5,14800
1770962400,6951.5,6955.25,6937.75,6951.5,16929
1770966000,6951.5,6961.25,6950.25,6956.75,13135
1770969600,6957,6963.5,6941,6959.25,24030
1770973200,6959.25,6968,6950.5,6960,15668
1770976800,6959.75,6967.5,6951,6951,11969
1770980400,6952,6953.5,6933,6950.5,29251
1770984000,6950.5,6957,6941,6948.75,30178
1770987600,6948.75,6980.5,6934.75,6968.5,81874
1770991200,6968.25,6976.5,6922.75,6947,266130
1770994800,6947,6994.5,6946,6973.75,257640
1770998400,6973.75,7003.75,6966.25,6996,157105
1771002000,6996,7011.25,6993,6999.75,94548
1771005600,6999.75,7011.25,6989,6995,105469
1771009200,6995.25,7002,6971,6972,99004
1771012800,6972.25,6981.25,6946.25,6963.75,164982
1771016400,6963.75,6970.25,6958.75,6959.25,24743
1771196400,6965.5,6975,6957.5,6974.25,21532
1771200000,6974,6978.75,6969.25,6976.75,11571
1771203600,6976.5,6984,6974.5,6982.5,8149
1771207200,6982.25,6985,6975.5,6976.25,7321
1771210800,6976.5,6977.5,6971.75,6975.25,6255
1771214400,6975.25,6979,6974,6975.25,5564
1771218000,6975.5,6976.5,6969.75,6972.5,4443
1771221600,6972.25,6977.25,6970,6976.25,5228
1771225200,6976.25,6986.5,6976,6984.25,7374
1771228800,6984.5,6993.5,6980,6991.25,12686
1771232400,6991.75,6999,6990.25,6997,8414
1771236000,6996.75,6997.25,6989.25,6991.25,10348
1771239600,6991.5,6992.5,6985,6989.5,6811
1771243200,6989.5,6994.25,6987,6989.5,7233
1771246800,6989.75,6991.75,6985.5,6987.25,8764
1771250400,6987.25,6987.5,6959.75,6972.25,57048
1771254000,6972.5,6977.25,6955.75,6957.25,55419
1771257600,6957.25,6971.5,6954.5,6966,60588
1771261200,6966,6973.25,6962.75,6968.25,17870
1771282800,6969,6983.25,6965.75,6977.75,21889
1771286400,6978,6981.5,6967.25,6969,20920
1771290000,6969,6975.75,6939.25,6942.75,35296
1771293600,6942.75,6947.5,6935.75,6943.75,27569
1771297200,6943.75,6944.25,6927,6934.25,27048
1771300800,6934.25,6937.75,6931.25,6935.75,9206
1771304400,6936,6936.5,6923.25,6926.75,16947
1771308000,6927,6939.5,6926.75,6937.75,11359
1771311600,6937.75,6944.75,6927.5,6944.25,15712
1771315200,6944.25,6961.5,6942.75,6946,30979
1771318800,6945.75,6956.75,6943.25,6954.75,17788
1771322400,6954.75,6957.25,6937.25,6939.25,13250
1771326000,6939,6948.5,6934.5,6945.5,15707
1771329600,6945.75,6952.25,6931.25,6933,26312
1771333200,6933,6958,6919.25,6939.25,69296
1771336800,6939.25,6975.25,6911.75,6913.25,254008
1771340400,6913.25,6944.75,6904.5,6933.25,320065
1771344000,6933,6980.25,6931.25,6972.25,233712
1771347600,6972,6973.25,6938.75,6957.75,170353
1771351200,6957.75,6995,6945.5,6988.75,155568
1771354800,6988.5,6997.25,6982,6983.5,98091
1771358400,6983.5,6988.75,6967,6975.75,138482
1771362000,6975.75,6983,6971.25,6975.75,32837
1771369200,6975.75,6978,6962.5,6964,19152
1771372800,6963.75,6973,6963,6966,15317
1771376400,6965.75,6971,6962.75,6970.25,10979
1771380000,6970.5,6975.25,6968.5,6972.5,9112
1771383600,6972.5,6980.75,6968,6980,9013
1771387200,6980,6988.5,6978.25,6988,9282
1771390800,6988,6990.75,6985.75,6987,5571
1771394400,6987,6992,6983.75,6987.5,7180
1771398000,6987.25,6992.25,6983.75,6990.75,7579
1771401600,6990.75,7009.25,6990.5,7007.75,25991
1771405200,7007.75,7017.25,7007.25,7009.5,18770
1771408800,7009.75,7016,7009,7011.75,11218
1771412400,7011.75,7012.75,7001.75,7003,11747
1771416000,7002.75,7013,6988.25,6999.25,35839
1771419600,6999.25,7007,6984.25,6987,36090
1771423200,6987.25,7011.25,6974.75,7009,202409
1771426800,7009,7035,7008.25,7033,185091
1771430400,7032.75,7037.25,7022.25,7022.5,90408
1771434000,7022.75,7036.75,7021,7032.75,78002
1771437600,7032.5,7039.25,7007.5,7016.75,103629
1771441200,7016.75,7021.25,6987.25,6992.75,131719
1771444800,6993,7019,6985.75,7008.75,154588
1771448400,7008.75,7010.5,7003,7005.5,20901
1771455600,7005.25,7015.75,7005,7008.5,13490
1771459200,7008.25,7009.75,7000.25,7005.25,14682
1771462800,7005,7015.25,7003.75,7010.5,15357
1771466400,7010.25,7013.25,7006.5,7011.5,7799
1771470000,7011.5,7014.75,7007.75,7011.5,8794
1771473600,7011.5,7014,7006.5,7007,6548
1771477200,7007,7017.25,7003.5,7015.5,10917
1771480800,7015.5,7020.25,7013.5,7019.5,8177
1771484400,7019.75,7025.25,7017,7019,9466
1771488000,7019,7026,7003.25,7005.25,22206
1771491600,7005.5,7008.75,6985.75,6995,26900
1771495200,6994.75,6996,6979.75,6986.5,27801
1771498800,6986.5,6993.25,6982.5,6992.25,17580
1771502400,6992,6999.75,6981.5,6993.25,26083
1771506000,6993.25,6994.75,6976,6985.25,41755
1771509600,6985.5,7004.25,6970.25,6996.25,209093
1771513200,6996,7008,6983.25,6999.5,239074
1771516800,6999.5,7004.5,6973,6981,169531
1771520400,6981.25,6994,6966.75,6970.25,150881
1771524000,6970,6984.75,6961,6983.25,122754
1771527600,6983.25,6986.5,6964.5,6971.25,98026
1771531200,6971,6992,6971,6991.5,102939
1771534800,6991.75,6997,6985,6985.5,29237
1771542000,6987,6996,6984.75,6993.5,12698
1771545600,6993.75,7001,6989.5,7000,16353
1771549200,7000,7006.25,6999.25,7001.75,14263
1771552800,7002,7007,6997.25,7001.5,13662
1771556400,7001.25,7003.5,6999.5,6999.75,6144
1771560000,6999.75,7004.5,6999.25,7002.5,6904
1771563600,7002.75,7011.75,7002.75,7010.75,9626
1771567200,7011,7013.5,7008.25,7010.25,6964
1771570800,7010.5,7012.5,7003.5,7006.5,7689
1771574400,7006.5,7010.5,7000.75,7009.25,14386
1771578000,7009.25,7018.25,7005,7006,15090
1771581600,7006,7007.75,6996.25,6996.5,12756
1771585200,6996.5,6996.5,6979.5,6982.25,31115
1771588800,6982.5,6987,6974,6983.5,36281
1771592400,6983.25,6991,6964.75,6975,65126
1771596000,6975,6997.5,6960.75,6993.25,229126
1771599600,6993.25,7038.5,6985.75,7032.5,371697
1771603200,7032.5,7037,7002.75,7030,201774
1771606800,7030,7033,6984.5,7018.75,242354
1771610400,7018.5,7044.5,7000.75,7037.5,211805
1771614000,7037.75,7042.75,7022.25,7024.75,91075
1771617600,7025,7039.75,7024.5,7038,96063
1771621200,7038.25,7042.75,7035.75,7038.25,27168
1771801200,7031.75,7036.25,7013.75,7020,40473
1771804800,7019.5,7019.5,6992,6992.5,42816
1771808400,6992.75,6998.75,6988,6989,35818
1771812000,6988.75,6992.25,6983.5,6987.75,21705
1771815600,6988,6991.5,6982,6986.25,16994
1771819200,6986.25,6988.75,6981.25,6985.25,9045
1771822800,6985,6988.5,6981,6987.5,8583
1771826400,6987.5,6993.25,6986.5,6992.75,7222
1771830000,6992.75,7001.25,6992.25,6999,11756
1771833600,6999.25,7005.5,6995.25,7004.75,15451
1771837200,7004.75,7023.5,7004.75,7021.25,24242
1771840800,7021.25,7026,7013,7019.75,22124
1771844400,7020,7024.75,7006.5,7010.75,20064
1771848000,7011,7014.25,7000.25,7003,29436
1771851600,7002.75,7017,6998.75,7013,39845
1771855200,7013.25,7044,7005.75,7008.25,238725
1771858800,7008,7015.75,6964.5,6965.25,326235
1771862400,6965.5,6974,6946.5,6962.5,247188
1771866000,6962.5,6967.75,6948.5,6963.5,137248
1771869600,6963.25,6982.75,6961.5,6963,129809
1771873200,6963,6965.75,6948.25,6953.5,113210
1771876800,6953.5,6967.75,6949.25,6967.5,154849
1771880400,6967.5,6972.5,6964.5,6971.25,28257
1771887600,6970,6977.75,6968.25,6970.75,22668
1771891200,6970.75,6976.75,6967,6975,23108
1771894800,6974.75,6977.25,6970.25,6975.5,16498
1771898400,6975.25,6985.5,6974,6983.75,15935
1771902000,6983.75,6986,6982.75,6983.75,8365
1771905600,6984,6986.75,6982.25,6985.5,6841
1771909200,6985.5,6989,6976.25,6979,11510
1771912800,6978.75,6981.25,6975.25,6980.25,8296
1771916400,6980,6986.5,6979,6979.75,11033
1771920000,6980,6980,6964,6969.25,31307
1771923600,6969,6982,6969,6981.5,19054
1771927200,6981.5,6985,6976,6979.5,12229
1771930800,6979.75,6982.75,6973.25,6978.25,13978
1771934400,6978,6985,6959.25,6963.5,42394
1771938000,6963.75,6979.75,6963,6976.75,34359
1771941600,6976.75,6997.25,6942,6974.5,276971
1771945200,6974,7008.5,6962.75,6996.5,301532
1771948800,6996.25,7011.75,6994.25,7007.5,173892
1771952400,7007.5,7021,7006.5,7016.75,102213
1771956000,7016.25,7024,7011.75,7017.25,80523
1771959600,7017.25,7019.5,7009,7014.25,85198
1771963200,7014,7026.25,7007.5,7016.5,116138
1771966800,7016.75,7018.5,7012.5,7013.5,23928
1771974000,7013.75,7019.5,7009.25,7017.75,13169
1771977600,7017.75,7023.25,7012.75,7021.75,13299
1771981200,7022,7029.75,7020.5,7028,18507
1771984800,7028,7031,7025.75,7030.25,10346
1771988400,7030,7030.5,7006,7023.5,24061
1771992000,7023.75,7023.75,7016.75,7019.75,8859
1771995600,7020,7024,7016.25,7017.75,6874
1771999200,7017.5,7023,7016.25,7019.25,6318
1772002800,7019.25,7021.75,7014.75,7017.25,6328
1772006400,7017.25,7027.75,7017,7025.75,14899
1772010000,7025.5,7029.25,7022.25,7028.25,9560
1772013600,7028.25,7030.75,7024.25,7025.75,9800
1772017200,7025.75,7037.75,7024.75,7037.25,11701
1772020800,7037.25,7042,7033.75,7039.75,20223
1772024400,7039.75,7043,7035.5,7040.75,24262
1772028000,7040.75,7062.5,7040.25,7055.5,201717
1772031600,7055.5,7058.25,7042.5,7050.5,223377
1772035200,7050.5,7066.25,7049,7062.75,158088
1772038800,7063,7068.25,7060,7068,89950
1772042400,7068,7069.5,7064.25,7067.5,43272
1772046000,7067.25,7075.5,7067.25,7073,46274
1772049600,7073,7079.25,7069.5,7073,93726
1772053200,7073.25,7101.5,7071.75,7088.75,49283
1772060400,7079.75,7082.5,7055.25,7062.25,42354
1772064000,7062,7068.25,7059.5,7063.5,22907
1772067600,7063.5,7066,7055,7065,22036
1772071200,7065,7066,7058.5,7062.75,12548
1772074800,7063,7067.25,7060.75,7062.25,8672
1772078400,7062.25,7063.75,7060.75,7061.75,5976
1772082000,7061.75,7062,7057.25,7060.75,9205
1772085600,7060.75,7067.5,7060.5,7063.25,11743
1772089200,7063.25,7069,7063,7064.75,11375
1772092800,7065,7073.75,7064,7066,18654
1772096400,7066.25,7077,7065,7072.25,13771
1772100000,7072.5,7074.25,7065,7067,9826
1772103600,7067.25,7072.25,7066,7070.5,10057
1772107200,7070.5,7079,7070.5,7075.5,17159
1772110800,7075.5,7084,7074.25,7080.25,23615
1772114400,7080,7081.75,7045.25,7047.75,271061
1772118000,7048,7051.75,6984.25,7018.25,523611
1772121600,7018.25,7032.25,7001.25,7003.5,234873
1772125200,7003.25,7012,6990.75,6995.5,147704
1772128800,6995.5,7023,6988,7015.25,151662
1772132400,7015.25,7038.25,7012.75,7031.5,112763
1772136000,7031.75,7039.75,7027.5,7035,125526
1772139600,7034.75,7036.25,7016.25,7017.5,30503
1772146800,7013.75,7014.25,6997,7006,35070
1772150400,7005.75,7012.5,6996.5,7004.5,24808
1772154000,7004.5,7010.75,7001.25,7006.25,19211
1772157600,7006.5,7013.25,7006.25,7013.25,12555
1772161200,7013,7013.75,7007.5,7011.75,9710
1772164800,7011.75,7015,7009.75,7012.5,7559
1772168400,7012.5,7020.5,7012.25,7015,9176
1772172000,7015,7017,7006,7014,11963
1772175600,7014,7021.75,7014,7020.5,9906
1772179200,7020.5,7024.25,7013.5,7020.75,16570
1772182800,7021,7029.25,7013.75,7014.75,22589
1772186400,7015,7016,7000.5,7008.25,25062
1772190000,7008.25,7010,6992,6998.5,32233
1772193600,6998.5,7007.25,6987.25,6991.25,41519
1772197200,6991.25,6996,6964.5,6979,94235
1772200800,6979.25,6981.25,6955,6967.25,276365
1772204400,6967,6999.25,6965,6991,293087
1772208000,6991,7001.75,6984.25,6987.5,202066
1772211600,6987.25,7001.75,6971.5,6982.5,192046
1772215200,6982.5,6985.75,6969.25,6978.5,116654
1772218800,6978.25,6988.75,6968.5,6972.25,113694
1772222400,6972,7007.5,6971.75,7001.75,235920
1772226000,7001.75,7002.5,6986.5,6989,57135
1772406000,6942.5,6951.75,6920.5,6930.25,65033
1772409600,6930.5,6945.25,6922.75,6943.75,40398
1772413200,6943,6970.75,6942.5,6963,49799
1772416800,6963.25,6966.5,6949,6953.5,27669
1772420400,6953.75,6956.75,6948.5,6950.5,15609
1772424000,6950.25,6958,6941,6944,21292
1772427600,6944,6946.5,6928,6929,17151
1772431200,6928.75,6934,6900.25,6912,33800
1772434800,6912,6915.25,6895.5,6897.75,43154
1772438400,6898.25,6913.75,6882,6905.75,75196
1772442000,6905.5,6932,6902.75,6926,49712
1772445600,6925.75,6940,6925.5,6932.5,39782
1772449200,6932.5,6944.75,6925.75,6933.25,28504
1772452800,6933,6938,6918.5,6924.5,31752
1772456400,6924.75,6947,6917.75,6921.25,48325
1772460000,6921.25,6971.5,6915.5,6967.25,223642
1772463600,6967,6991.5,6957,6979.75,287586
1772467200,6979.5,7008,6966.5,7000.25,212376
1772470800,7000.5,7011.25,6995,7010.25,101795
1772474400,7010.25,7012.25,6990,6990.25,82445
1772478000,6990.5,7024.5,6989.5,7020,102367
1772481600,7020.25,7021.25,6986.25,7000.75,209377
1772485200,7000.75,7001.75,6992,6997.5,31490
1772492400,6995.75,6999.75,6984,6990.25,25003
1772496000,6990.5,6993.25,6979.5,6980.75,21575
1772499600,6980.75,6989,6967,6968,30801
1772503200,6967.75,6969.25,6953.5,6963.75,39833
1772506800,6964,6969.25,6955,6962.25,23263
1772510400,6962,6965.25,6947.25,6951.25,22705
1772514000,6951.25,6955.25,6942,6944.5,28090
1772517600,6944.75,6950.25,6937.75,6941.5,23717
1772521200,6941.5,6944.5,6925.75,6927.25,28010
1772524800,6927.25,6930,6889.25,6891.25,89468
1772528400,6891.25,6907.75,6879.75,6881.25,80052
1772532000,6881.25,6887.5,6863.75,6877.75,81385
1772535600,6877.5,6893,6856.75,6887.25,79927
1772539200,6887.25,6914.75,6885.25,6907,64230
1772542800,6907.25,6909.25,6872.5,6882,62915
1772546400,6882.5,6907.5,6854.5,6859.75,256556
1772550000,6859.75,6875.5,6832.25,6855.75,346376
1772553600,6855.5,6921.5,6853.5,6912.25,319560
1772557200,6912.25,6921.5,6897.25,6910.75,186809
1772560800,6910.5,6956.25,6910.25,6949.75,167639
1772564400,6949.75,6963.25,6929.5,6949.5,192119
1772568000,6949.5,6956.75,6929,6939.5,148709
1772571600,6939.5,6940.5,6923,6927.25,32955
1772578800,6925,6937.75,6919,6924.25,32306
1772582400,6924.5,6946.75,6919.5,6934.5,54254
1772586000,6934.5,6940,6908.75,6920.25,63873
1772589600,6920.25,6926,6901.25,6913.25,37134
1772593200,6913.25,6913.5,6890.75,6907,35602
1772596800,6906.75,6915.75,6900,6905.5,24757
1772600400,6906,6912,6893.5,6902,25788
1772604000,6902,6908.5,6887,6904.25,24175
1772607600,6903.75,6926,6896,6920.5,29975
1772611200,6921,6926.5,6908.75,6917,43824
1772614800,6917,6940,6910.5,6938.5,32532
1772618400,6938.5,6962,6935.25,6956.25,58779
1772622000,6956.5,6968.5,6945.5,6946,37712
1772625600,6946.25,6956.5,6926.5,6941.5,43586
1772629200,6941.25,6970,6940.5,6961.5,46313
1772632800,6961.5,6971.5,6932,6949.75,195384
1772636400,6949.75,6999.5,6944.5,6994.75,293712
1772640000,6994.5,7002.75,6977.75,6994.25,211215
1772643600,6994.25,7001,6982,6998.25,123703
1772647200,6998.5,7005.25,6990,7002,91234
1772650800,7002,7008,7000.25,7004.5,62558
1772654400,7004.5,7006.5,6986.75,6986.75,126004
1772658000,6986.5,6996,6979.5,6992.25,39269
1772665200,6996,7002.75,6991.75,6999,18861
1772668800,6998.75,7014.25,6997,7005.75,28701
1772672400,7006,7007,6970.75,6977,54806
1772676000,6977,6987,6971,6979,29157
1772679600,6979.25,6981.5,6963.75,6970,28614
1772683200,6969.75,6983.25,6966.75,6982,15505
1772686800,6982,6982.5,6967.5,6967.75,12856
1772690400,6968,6980.75,6958,6980.25,29673
1772694000,6980.25,6981.75,6969,6976.75,20596
1772697600,6976.75,6977.75,6953.75,6971.25,43344
1772701200,6971.25,7007.25,6969.75,6985.25,64755
1772704800,6984.75,6991.5,6978.75,6983.25,21204
1772708400,6983.5,6994,6978.75,6980.5,21452
1772712000,6980.75,6994.25,6970,6976.25,33757
1772715600,6976.25,6977.75,6956.25,6958.5,44782
1772719200,6958,6986.5,6949.25,6986.25,223841
1772722800,6986,6990.75,6927.75,6956.25,396867
1772726400,6956.25,6959,6924.75,6945.5,289860
1772730000,6945.5,6959.5,6894.75,6899.5,298079
1772733600,6899,6917.5,6892.5,6900.75,211509
1772737200,6900.75,6912.75,6890.5,6905.5,169083
1772740800,6905.25,6952,6898.25,6948.5,262323
1772744400,6948.5,6949.5,6935,6937.75,29156
1772751600,6937.5,6956.75,6935.5,6954.5,22244
1772755200,6954.5,6963.75,6954.25,6956,23285
1772758800,6955.75,6959.75,6946.75,6952.25,25240
1772762400,6952.5,6961,6950,6950.25,17057
1772766000,6950.25,6961.5,6950,6961,14577
1772769600,6960.75,6967.5,6957,6960.75,11438
1772773200,6960.75,6967.25,6959,6961,11546
1772776800,6961,6964.25,6955.75,6957.25,8982
1772780400,6957.25,6964,6953.5,6961.25,11389
1772784000,6961,6961.25,6942.5,6951.5,35784
1772787600,6951.5,6954,6911.75,6919,68130
1772791200,6919.25,6936,6918.5,6928.5,38475
1772794800,6928.5,6931.25,6902.5,6907.25,54392
1772798400,6907.25,6915.5,6897.25,6903,49125
1772802000,6902.5,6919.5,6851.75,6858.5,131127
1772805600,6858.75,6872.75,6828.75,6840.75,335385
1772809200,6841,6891.5,6839.5,6881.5,389034
1772812800,6881.25,6892.5,6866.25,6882,252093
1772816400,6882.25,6890.75,6852.5,6863,188980
1772820000,6863,6893.75,6861.75,6872.75,182644
1772823600,6872.75,6888.75,6870,6882.25,127806
1772827200,6882,6892,6843,6856,232282
1772830800,6856,6859,6843.25,6853.25,39558
1773007200,6812.25,6812.25,6724.5,6754.25,75912
1773010800,6754.5,6760.25,6733.75,6741.75,51683
1773014400,6741.75,6751.25,6726.5,6732.75,65800
1773018000,6732.75,6736.75,6703.5,6704.5,67132
1773021600,6704.5,6722.25,6698,6717,62191
1773025200,6717,6728.25,6716.5,6722.75,37253
1773028800,6723,6734.5,6722.75,6725,23070
1773032400,6725,6757,6721.75,6755.75,39395
1773036000,6755.75,6765.25,6742.5,6746.25,31102
1773039600,6746.5,6762,6737.5,6756.25,40430
1773043200,6756.5,6774.25,6747,6770,82100
1773046800,6770.5,6815.25,6762.5,6796.5,81730
1773050400,6796.5,6800,6775,6780.5,53566
1773054000,6780.5,6791.25,6774.25,6781.75,36849
1773057600,6781.75,6804.25,6775.25,6784,42398
1773061200,6784,6807.5,6757.75,6771.75,214602
1773064800,6771.75,6814.5,6754.5,6807,292952
1773068400,6807,6831,6807,6826,195969
1773072000,6826.25,6854.5,6823,6844.25,178873
1773075600,6844.5,6845.25,6812,6819.25,143327
1773079200,6819.5,6844.75,6818.75,6832.5,124572
1773082800,6832.75,6931.75,6830.25,6915,301447
1773086400,6915.25,6922,6894.75,6907.75,53187
1773093600,6912.75,6912.75,6887.25,6892,43756
1773097200,6892.25,6896.75,6879.25,6885.25,24020
1773100800,6885.25,6905.25,6875.75,6896.25,39714
1773104400,6896,6909.5,6894,6905.75,26552
1773108000,6905.75,6908.25,6888.75,6892.25,18004
1773111600,6892,6900.75,6877.75,6886,22562
1773115200,6886,6893.75,6881,6890.75,10935
1773118800,6891,6904.5,6890.75,6903.5,12735
1773122400,6903.25,6908.75,6899.75,6903.75,10046
1773126000,6903.5,6933.5,6900,6932.75,35825
1773129600,6932.75,6947.25,6929,6933.75,57205
1773133200,6933.75,6946,6932.25,6933.75,36841
1773136800,6933.75,6934.75,6916.25,6927.5,50088
1773140400,6927.5,6937.5,6900.5,6903.5,66896
1773144000,6903.5,6906.25,6882.25,6899,81520
1773147600,6899.25,6919.5,6885.5,6889.5,254557
1773151200,6889.25,6943.25,6878.5,6943,333939
1773154800,6942.75,6951,6933.75,6945,222342
1773158400,6945,6949.75,6928,6945.75,181428
1773162000,6946,6965.5,6938,6951.75,195128
1773165600,6952,6953.5,6904.75,6916,321493
1773169200,6916.25,6926.5,6893,6901.5,238579
1773172800,6901.5,6915,6900.5,6911,29741
1773180000,6910.5,6911.5,6896.25,6900.5,17867
1773183600,6900.5,6913,6899.25,6910.75,16258
1773187200,6910.5,6927,6909.5,6922,34835
1773190800,6922.25,6932.75,6920.25,6930,16048
1773194400,6930,6933.5,6926.25,6929.75,9781
1773198000,6930,6936.25,6927.5,6935,7370
1773201600,6935.25,6935.5,6927.75,6928.75,5576
1773205200,6929,6929.75,6915.75,6916.5,10804
1773208800,6916.5,6921.75,6912,6919.75,9401
1773212400,6919.5,6921.25,6897.25,6908.5,26123
1773216000,6908.5,6913.5,6888.75,6895.5,52199
1773219600,6895.75,6896.5,6881.75,6883.25,37125
1773223200,6883.25,6914.25,6882.5,6913.75,35614
1773226800,6913.25,6919.5,6887,6893.25,56297
1773230400,6893,6913.5,6877.25,6885.25,62925
1773234000,6885.25,6915.5,6884.5,6909.5,237541
1773237600,6909.5,6931.25,6882,6910.75,358834
1773241200,6911,6917,6866.5,6872,271439
1773244800,6872,6893.25,6865,6892.5,181069
1773248400,6892.75,6898.25,6863.25,6879.75,172318
1773252000,6880,6888,6867,6882.5,121686
1773255600,6882.75,6896.25,6873.25,6893.5,120185
1773259200,6893.5,6895.5,6881.5,6883.25,23598
1773266400,6881.5,6883.75,6848.75,6855.25,50468
1773270000,6855.25,6856.75,6828.5,6842.5,47292
1773273600,6842.5,6845,6828.75,6841.5,30394
1773277200,6841.5,6852,6834.25,6840.25,26686
1773280800,6840.5,6842.5,6819.25,6825.75,24724
1773284400,6825.75,6831.75,6819.75,6826.5,15105
1773288000,6826.25,6833.75,6822.75,6824,10411
1773291600,6823.75,6836.75,6823.75,6834.25,19022
1773295200,6834.5,6845.25,6829.25,6844,13446
1773298800,6844,6860,6843.75,6859.75,20404
1773302400,6859.5,6870.25,6853.5,6863.25,41280
1773306000,6863.5,6872.25,6847.25,6870.75,41958
1773309600,6870.75,6874,6860,6862.25,41059
1773313200,6862,6874.25,6854.75,6856.25,48979
1773316800,6856.5,6857.75,6842.75,6851.25,65898
1773320400,6851,6854.75,6810.5,6817.25,319499
1773324000,6817.5,6841.25,6801.5,6814,382404
1773327600,6814.25,6832.5,6798,6822.5,307569
1773331200,6822.5,6842.75,6806.25,6817.75,284753
1773334800,6817.75,6832.75,6802.25,6811.25,166808
1773338400,6811.25,6822,6801.5,6802.75,128104
1773342000,6802.75,6816.25,6788.5,6789.75,172937
1773345600,6789.75,6801,6785.25,6798.75,42318
1773352800,6798.75,6807,6791,6804.5,32681
1773356400,6804.5,6809.5,6793,6793.75,26908
1773360000,6793.5,6821,6784.25,6816,47715
1773363600,6816,6825,6813.75,6816.25,22249
1773367200,6816.5,6820.75,6809.5,6811,15281
1773370800,6811,6816.25,6806.75,6815.25,14022
1773374400,6815.25,6816,6801.75,6805.25,10882
1773378000,6805.25,6810.5,6800.5,6807.25,9525
1773381600,6807,6808.75,6781,6781.75,18819
1773385200,6781.5,6783.5,6764,6769.5,39717
1773388800,6769.75,6785.75,6753.5,6782.75,70986
1773392400,6783,6797.25,6782.5,6787.75,62134
1773396000,6788.25,6808,6786.75,6807.5,53944
1773399600,6807.25,6820.75,6804,6819.75,66696
1773403200,6819.75,6838.75,6811.25,6823.75,92008
1773406800,6823.75,6851,6816,6832.75,259114
1773410400,6832.75,6840,6777,6780.5,387041
1773414000,6780.5,6796.75,6758,6761,326042
1773417600,6760.75,6780,6758.75,6760.75,228413
1773421200,6760.75,6778.5,6748,6753.25,183525
1773424800,6753.5,6775.5,6751.75,6769.25,147011
1773428400,6769.25,6769.5,6740.5,6750.5,184817
1773432000,6750.5,6751.5,6738.5,6738.75,40044
1773612000,6723.5,6772,6719.5,6769.5,41553
1773615600,6769.5,6776.5,6754.5,6762.5,37561
1773619200,6762.75,6783.5,6762,6778.25,34610
1773622800,6778.25,6785.25,6769.75,6783,25891
1773626400,6783,6783.5,6772,6775,16851
1773630000,6775.25,6788,6775,6786,8617
1773633600,6786,6789.25,6778.75,6778.75,7624
1773637200,6779.25,6792,6778.75,6791,8189
1773640800,6790.75,6793.25,6785.25,6792.5,8739
1773644400,6792.75,6796.75,6775.25,6778.5,19071
1773648000,6778.25,6793.25,6773.25,6780,28804
1773651600,6780,6781.5,6765.5,6770,26643
1773655200,6769.75,6800,6768.75,6798.5,33427
1773658800,6798.75,6804.5,6789.5,6802,31547
1773662400,6801.75,6818,6801.75,6808.25,42626
1773666000,6808.5,6836.5,6804,6835.5,103683
1773669600,6835.25,6841.5,6802.5,6825.25,131051
1773673200,6825.25,6833.75,6811.25,6811.75,78717
1773676800,6811.5,6818.75,6798,6811,79965
1773680400,6811.25,6824.75,6806.5,6814.25,58308
1773684000,6814.5,6830,6813.5,6823,44650
1773687600,6822.75,6847.75,6810.75,6816.5,94004
1773691200,6816.75,6821,6809.25,6812.75,15901
1773698400,6812.75,6814.25,6805.5,6806.5,15864
1773702000,6806.5,6815.25,6806.25,6814.75,13144
1773705600,6814.75,6815,6796.75,6798.75,21121
1773709200,6798.5,6806.25,6798,6804.25,14649
1773712800,6804.5,6804.75,6794.75,6795.5,8881
1773716400,6795.25,6800.75,6793.25,6795.25,8716
1773720000,6795.25,6807,6794.25,6804.25,8021
1773723600,6804.25,6807.25,6785.25,6785.75,10709
1773727200,6785.75,6788,6778.25,6784,19049
1773730800,6783.75,6798,6780,6788.75,19521
1773734400,6788.5,6796.75,6781.75,6790.75,42062
1773738000,6790.5,6810.75,6790.5,6810,33288
1773741600,6810,6810.25,6797.5,6808.75,23590
1773745200,6808.5,6813.75,6804,6805,32329
1773748800,6805,6836.5,6804.75,6834.25,48981
1773752400,6834.25,6871,6834,6865.75,139565
1773756000,6865.5,6866,6841.75,6857,191284
1773759600,6856.75,6859.5,6829.25,6836.25,178647
1773763200,6836.5,6843,6826.75,6836,128268
1773766800,6836,6847,6835.5,6843.75,83218
1773770400,6843.75,6850,6833.75,6837.75,77504
1773774000,6837.75,6843,6831.5,6834.5,86922
1773777600,6834.5,6838.75,6832.25,6836.75,17868
1773784800,6837.25,6837.75,6827.25,6830.5,14940
1773788400,6830.75,6834,6827.5,6829,11721
1773792000,6829,6844,6827.5,6843,17551
1773795600,6843.25,6849.25,6843.25,6848.25,15911
1773799200,6848.5,6857,6848,6854.75,15050
1773802800,6854.5,6861.5,6852.75,6859.75,9894
1773806400,6859.75,6863.75,6859,6861.5,9659
1773810000,6861.5,6867.25,6860.25,6867,7767
1773813600,6867,6876.25,6866,6870.5,15683
1773817200,6870.5,6873.25,6865.25,6866,15264
1773820800,6865.75,6873.25,6864.75,6868.75,18569
1773824400,6868.75,6872.5,6865.5,6868.5,14375
1773828000,6868.5,6874.25,6865.25,6865.75,16359
1773831600,6865.5,6869.75,6850,6855.5,60521
1773835200,6855.25,6857,6796.25,6799.5,145927
1773838800,6799.5,6822.25,6794.5,6818.25,205718
1773842400,6818,6819.75,6781.25,6796.25,226546
1773846000,6796.5,6805.5,6788.75,6795.75,194691
1773849600,6795.5,6801.25,6783,6790.5,137429
1773853200,6790.25,6794,6777.75,6792,119386
1773856800,6793.25,6800.5,6757.5,6758.25,214665
1773860400,6758.25,6772,6736.25,6739.5,202889
1773864000,6739.5,6742.75,6717,6726.5,58305
1773871200,6733.75,6735,6719.25,6726,22100
1773874800,6726,6738.25,6725.25,6732.5,28587
1773878400,6732.75,6738.25,6724.75,6732.75,28392
1773882000,6732.5,6743.5,6728.5,6736.25,20481
1773885600,6736.5,6757.5,6728.75,6750,36533
1773889200,6750,6754.5,6745,6745,13540
1773892800,6745,6745.25,6733.75,6738.5,16178
1773896400,6738.25,6741.75,6725.75,6730,20749
1773900000,6730,6741.75,6727.5,6734,17871
1773903600,6734,6738.5,6717.5,6721.5,40055
1773907200,6721.75,6730.5,6710,6720.25,69352
1773910800,6720.25,6744.5,6708.25,6739.5,98971
1773914400,6739.25,6739.5,6726.25,6730,38598
1773918000,6730.25,6735.75,6712,6722.25,41068
1773921600,6722.25,6724.25,6686.25,6691.75,100846
1773925200,6692,6712.75,6674,6709.5,224562
1773928800,6709.5,6718,6683,6701,318170
1773932400,6701.25,6720.75,6684.5,6702.25,270471
1773936000,6702.25,6714,6689.25,6694.75,177501
1773939600,6694.75,6702,6678.75,6695.75,119439
1773943200,6696,6712,6686.5,6708.25,110979
1773946800,6708.25,6754.5,6707.75,6721.5,306576
1773950400,6721.5,6737.75,6717.25,6733,31914
1773957600,6735,6742.5,6730.25,6739.25,18178
1773961200,6739.25,6744.5,6733.25,6735.5,16459
1773964800,6735.75,6742,6728.75,6731.75,19684
1773968400,6732,6748.25,6730.25,6737.25,23513
1773972000,6737.5,6742,6735,6737,10217
1773975600,6737,6738,6731.5,6733.75,8857
1773979200,6734,6736.5,6728,6728.25,6173
1773982800,6728.5,6732.5,6723,6729.75,9329
1773986400,6729.75,6732.25,6714,6716,11287
1773990000,6716,6735.25,6705.75,6732.5,25481
1773993600,6732.75,6737.75,6723.5,6724.5,34223
1773997200,6724.75,6730.5,6689.5,6695,55562
1774000800,6695,6696.5,6670.25,6686.75,58862
1774004400,6686.75,6702.5,6684.5,6697.25,40759
1774008000,6697,6709,6691.5,6706,59460
1774011600,6706.25,6710.75,6668,6669.75,218635
1774015200,6669.75,6676.5,6650,6659.5,297919
1774018800,6659.5,6680.25,6653.25,6668,210721
1774022400,6668.5,6678.75,6657.75,6666.25,137419
1774026000,6666.25,6671.25,6644,6652.5,149385
1774029600,6652.5,6655.25,6614.75,6619.25,176077
1774033200,6619.25,6625.25,6586.25,6625,237025
1774036800,6625,6655,6622,6650.75,59278
1774216800,6582.75,6624.5,6566.5,6609.25,73750
1774220400,6609.25,6620,6595.25,6602.25,31466
1774224000,6602.25,6618.25,6586.25,6588.25,47635
1774227600,6588.5,6616.75,6585,6612,37931
1774231200,6612,6617.5,6598,6602.75,26179
1774234800,6603,6607,6585.75,6587,22766
1774238400,6587,6599.25,6585.75,6597.25,14708
1774242000,6597.5,6605.25,6582.5,6592.5,21471
1774245600,6592.5,6593,6559.25,6566.25,27230
1774249200,6566.5,6580,6545.25,6559.75,44551
1774252800,6560,6587.25,6559.75,6581.25,43008
1774256400,6581.5,6589.75,6561,6568.75,33468
1774260000,6568.75,6580.5,6552.5,6569,42668
1774263600,6569.5,6810.5,6568.5,6701.25,197074
1774267200,6701.5,6759.25,6687.5,6753.5,96847
1774270800,6753.25,6760.25,6700.75,6742.75,213595
1774274400,6742.75,6764,6725.5,6751.25,234278
1774278000,6751.5,6767.5,6698,6699.75,242536
1774281600,6699.75,6716,6678.5,6695.25,225285
1774285200,6695.25,6722.5,6682.25,6720.5,147110
1774288800,6720.5,6737,6705,6729.75,123741
1774292400,6729.75,6730.25,6693.25,6694,117626
1774296000,6694,6702,6683,6695.5,27750
1774303200,6695.75,6715,6687,6713.25,21650
1774306800,6713.25,6713.5,6700.5,6707.75,18273
1774310400,6707.5,6707.75,6660.25,6675.5,51645
1774314000,6675.5,6676.25,6653.5,6661.5,35823
1774317600,6661.25,6669.75,6652.5,6659,22148
1774321200,6659.25,6665.75,6654.75,6665.75,14701
1774324800,6665.25,6671.25,6656.75,6660.5,11501
1774328400,6660.75,6672.25,6645,6660.25,23049
1774332000,6660.25,6692,6659.75,6687,19570
1774335600,6687,6716,6685.5,6707.75,35009
1774339200,6707.5,6714.5,6682,6685.25,40344
1774342800,6685.5,6697,6667,6694.25,33328
1774346400,6694.25,6697.75,6682.5,6692.5,26099
1774350000,6692.5,6696.25,6666.75,6689,36705
1774353600,6689.5,6693,6659,6662.75,42980
1774357200,6662.25,6668.75,6636,6652.25,193504
1774360800,6652.25,6698.25,6649.5,6677.5,336964
1774364400,6677.75,6708.5,6676.75,6688.5,176427
1774368000,6688.5,6700.5,6678,6689.25,147338
1774371600,6689,6691.75,6661.25,6680.75,176089
1774375200,6680.75,6704.25,6669.5,6686.5,162611
1774378800,6686.25,6694.75,6662.75,6669.5,122450
1774382400,6669.5,6741.75,6668,6709.75,130545
1774389600,6709.75,6723,6704.25,6717.75,28303
1774393200,6717.75,6721.5,6711,6713.5,18803
1774396800,6713.75,6734,6706.75,6723.25,35099
1774400400,6723.25,6727.5,6713.5,6714.75,20355
1774404000,6715,6715.75,6700.75,6701.25,19487
1774407600,6701.25,6712,6696.75,6710.5,15071
1774411200,6710.75,6721.75,6709.75,6720.25,12596
1774414800,6720.25,6721.75,6708.75,6710.5,11576
1774418400,6710.5,6715.25,6699.5,6711,13349
1774422000,6710.75,6721,6704.75,6717,20285
1774425600,6717.75,6744.25,6716.5,6719.75,45945
1774429200,6719.75,6730.5,6712,6721.75,28054
1774432800,6721.75,6730.75,6716.25,6721,22798
1774436400,6721.25,6738.25,6718.75,6733.5,36162
1774440000,6733.25,6743.25,6701.75,6723.5,76900
1774443600,6723.25,6747.25,6701.25,6702,184512
1774447200,6702,6730,6693.5,6724.5,213666
1774450800,6724.75,6728,6679,6707.25,215396
1774454400,6707.25,6720.75,6696.75,6715.25,126136
1774458000,6715.25,6732,6706.5,6716.75,121997
1774461600,6716.5,6723.25,6693.5,6702.5,69208
1774465200,6702.25,6711,6692.75,6704.5,96939
1774468800,6704.5,6709.75,6697.75,6703.25,20005
1774476000,6703.5,6703.75,6691,6692,18387
1774479600,6692.25,6695.75,6683.5,6692.5,20820
1774483200,6692.5,6709.5,6691.25,6696.25,26385
1774486800,6696.25,6702.25,6692,6697.75,15765
1774490400,6697.75,6701.75,6673.25,6682.75,27403
1774494000,6682.25,6709.5,6681.5,6701.75,26443
1774497600,6702,6703.25,6687.75,6689,12248
1774501200,6689,6693,6674.5,6675.25,19322
1774504800,6675.5,6683.5,6670,6682.5,16887
1774508400,6682.75,6684.75,6663,6677,21296
1774512000,6676.75,6685.25,6655.5,6664.5,29878
1774515600,6664.5,6666,6643.25,6653.25,30704
1774519200,6653.25,6664.5,6648.25,6657,27887
1774522800,6657.25,6661.25,6641.5,6642,25451
1774526400,6642.25,6656,6636.5,6648.75,45446
1774530000,6648.75,6682.25,6642.5,6680.5,176535
1774533600,6680.5,6684.5,6643.25,6657.25,230550
1774537200,6657.25,6664.75,6643.75,6650.5,143015
1774540800,6650.25,6652,6623.25,6631,140822
1774544400,6631,6635.5,6598.5,6601,114546
1774548000,6600.75,6611.25,6599,6609,90462
1774551600,6608.75,6609.75,6582.75,6585.5,117271
1774555200,6585.25,6660,6579.5,6598,122472
1774562400,6602.5,6613.5,6598.25,6609.25,26951
1774566000,6609.25,6616.25,6604.5,6613.75,15632
1774569600,6614,6620.5,6596.75,6599.5,27543
1774573200,6599.25,6612,6596.75,6610,15777
1774576800,6610.25,6612.75,6603,6604.25,12350
1774580400,6604.25,6614.75,6600.75,6614.25,10684
1774584000,6614,6619.25,6610.5,6618,7363
1774587600,6618.25,6631,6618,6622,15673
1774591200,6622,6629.25,6614.25,6616.75,11951
1774594800,6617,6617.5,6604,6609,12645
1774598400,6609.5,6614.25,6584.75,6586,31096
1774602000,6586,6594.5,6571.25,6577.75,29380
1774605600,6578,6585,6556.75,6560.25,28205
1774609200,6560.5,6571.75,6552,6564.25,34036
1774612800,6564.5,6566,6549.5,6553,35552
1774616400,6553.25,6559.5,6516.5,6521.25,169303
1774620000,6520.75,6539.5,6513.5,6533.25,181121
1774623600,6532.75,6552.75,6520.25,6534,163180
1774627200,6534,6535.5,6511,6518,103481
1774630800,6518,6530.5,6489.75,6492,115483
1774634400,6492,6498,6481.75,6484.25,95305
1774638000,6484,6487.25,6460.75,6469.75,134512
1774641600,6469.75,6474.5,6451.5,6460.5,50149
1774821600,6442.25,6451,6426.5,6444.75,61169
1774825200,6444.75,6449.5,6424.5,6430.25,37826
1774828800,6430.25,6457.5,6422.75,6433.25,62520
1774832400,6433.25,6448.5,6430.5,6447.25,28884
1774836000,6447.25,6464.25,6442,6459.5,27975
1774839600,6459.5,6473.5,6459,6470.5,21618
1774843200,6470.5,6481.5,6468.75,6474,17042
1774846800,6474,6483.25,6473.75,6479.75,14162
1774850400,6479.25,6498,6478,6491.75,19979
1774854000,6491.75,6500.75,6485.25,6497.5,22741
1774857600,6497,6510,6491.5,6508.25,23640
1774861200,6508.5,6509.25,6494.5,6499.75,19319
1774864800,6500,6505.25,6494.75,6504.75,15715
1774868400,6505,6544.5,6504.25,6512.25,57258
1774872000,6512.75,6529,6506.25,6526.5,30224
1774875600,6526.25,6533.5,6475.75,6480.25,157867
1774879200,6480,6506,6476.75,6505.25,196806
1774882800,6505.25,6518.5,6485.5,6503.5,156544
1774886400,6503.5,6504.75,6479.25,6482.5,96632
1774890000,6482.75,6488.25,6456.25,6465.25,123406
1774893600,6465,6467.25,6444,6447.5,86668
1774897200,6447.25,6456.75,6422,6450.25,162378
1774900800,6450.25,6451.25,6439.5,6446,25262
1774908000,6447,6455.5,6445.75,6446.5,14224
1774911600,6446.5,6446.75,6429.75,6435.5,21540
1774915200,6435.5,6491,6414.5,6474.25,75340
1774918800,6474.5,6516.5,6461.75,6503.75,62238
1774922400,6504.25,6524,6500,6512.75,28468
1774926000,6513,6521.5,6504.75,6505.5,18341
1774929600,6505.5,6511.5,6495,6496.5,13646
1774933200,6496.5,6507.25,6484.5,6500.75,18228
1774936800,6501,6503,6489.5,6495.75,19623
1774940400,6495.75,6518,6483.5,6517,25473
1774944000,6517.25,6519.25,6497.75,6502.75,24109
1774947600,6503,6512.5,6497.5,6501,18991
1774951200,6500.75,6508.25,6486.25,6497.75,23468
1774954800,6497.75,6529.25,6493.75,6516,65939
1774958400,6516,6532,6500.25,6515.75,66125
1774962000,6516,6557.5,6512.75,6557,144325
1774965600,6557,6560,6508.5,6516.5,190598
1774969200,6516.75,6553,6516.25,6527.75,166438
1774972800,6527.75,6626.25,6524.75,6597.25,262960
1774976400,6597.25,6616.5,6591.75,6594.25,156960
1774980000,6594.25,6619.5,6594.25,6616.75,83998
1774983600,6616.75,6645.5,6610.25,6631.75,157651
1774987200,6631.75,6639.75,6624.25,6630.25,41322
1774994400,6625.5,6639.75,6623.25,6635.25,18294
1774998000,6635.25,6655.25,6631.75,6652.25,20058
1775001600,6652,6655.25,6642.5,6655,18965
1775005200,6655.25,6657.25,6641.25,6644,20397
1775008800,6644,6648,6638,6641,10139
1775012400,6641,6646.25,6640.25,6643.25,5874
1775016000,6643.25,6650.5,6642,6648.25,6777
1775019600,6648.5,6662,6647.25,6655.25,11057
1775023200,6655.5,6684.5,6655,6683,30248
1775026800,6683,6686,6660.75,6663,29334
1775030400,6663,6671,6652.5,6664,35602
1775034000,6664,6670.5,6648.75,6665,26925
1775037600,6665.5,6681,6661,6678.5,25158
1775041200,6678.5,6693.25,6677,6690.25,29677
1775044800,6690,6704.5,6655.75,6658.75,74836
1775048400,6659,6691,6652.5,6674,173783
1775052000,6674,6699.5,6667.25,6696,203634
1775055600,6696.25,6712.25,6690,6709.5,116376
1775059200,6709.5,6712,6698.75,6708.75,76203
1775062800,6708.75,6717.25,6698,6698,71887
1775066400,6698.25,6699.75,6666.5,6674,156647
1775070000,6674,6697.25,6672.5,6681.75,130997
1775073600,6681.75,6686.25,6678.5,6679.75,22579
1775080800,6679.25,6684.5,6673,6675.25,12585
1775084400,6675.25,6681.75,6672.25,6677.25,11732
1775088000,6677,6695,6669.75,6693.25,29185
1775091600,6693,6694.25,6616,6622,124313
1775095200,6622.25,6628.25,6604.25,6612.5,38885
1775098800,6612.75,6614.25,6598.25,6600,18400
1775102400,6599.75,6603.75,6593.5,6595.5,16910
1775106000,6596,6602.75,6585,6585,19135
1775109600,6585.25,6596,6582.5,6595.25,19407
1775113200,6595.25,6612.25,6590.5,6611.25,22957
1775116800,6611.25,6613.5,6599.5,6604.5,18051
1775120400,6604.75,6610.25,6599.5,6603.5,14881
1775124000,6603.5,6605.75,6589,6599,22883
1775127600,6599,6600.75,6570.5,6570.75,34700
1775131200,6571,6587.75,6566,6579.25,40822
1775134800,6579.5,6625.25,6576.75,6623,179448
1775138400,6622.75,6707,6611.75,6681.25,352705
1775142000,6681.25,6686.75,6657.5,6667.5,187305
1775145600,6667.5,6677,6649,6663,139528
1775149200,6662.75,6677.5,6652.75,6659.75,98254
1775152800,6659.5,6678,6659.25,6671.5,74912
1775156400,6671.75,6688,6667.25,6685.75,101592
1775160000,6685.75,6691.25,6681.25,6687,26361
1775167200,6686.25,6688.25,6681.5,6685.75,7864
1775170800,6686,6688.25,6683,6686.25,4515
1775174400,6686.5,6694.75,6684.5,6686.5,9179
1775178000,6686.75,6687.5,6680.75,6681,4975
1775181600,6681,6683,6671,6675.75,9056
1775185200,6676,6679.5,6673.5,6675,4395
1775188800,6675.25,6677.75,6671.75,6673.5,3458
1775192400,6673.75,6678.75,6671.25,6676,4003
1775196000,6675.75,6676.25,6665,6668.75,6038
1775199600,6668.75,6673.5,6661,6669.5,7195
1775203200,6669.5,6672.5,6666.5,6668.5,2777
1775206800,6668.75,6669.5,6665.25,6666.75,2212
1775210400,6666.5,6667.5,6663,6666.75,3662
1775214000,6666.25,6673.75,6660.75,6670.25,6881
1775217600,6670,6700.5,6661.25,6663,23851
1775221200,6662.75,6669,6661,6666.25,4782
1775426400,6652.75,6653.75,6629.25,6649.75,43731
1775430000,6650,6651.75,6641.5,6649.75,17976
1775433600,6650,6673.25,6648.75,6672,32272
1775437200,6671.75,6680.5,6669.25,6672.5,19796
1775440800,6672.25,6698.5,6671.25,6678.5,37793
1775444400,6678,6679.25,6657.75,6674.75,24998
1775448000,6674.75,6685,6673.75,6683.75,12154
1775451600,6683.25,6686.75,6675.5,6679.25,10731
1775455200,6679.75,6694.75,6677.25,6686.75,21775
1775458800,6686.75,6702,6676.75,6697,19127
1775462400,6697.25,6712.5,6697.25,6707.25,20533
1775466000,6707.25,6713.75,6698,6699.5,19770
1775469600,6700,6705.25,6680.75,6693.75,25963
1775473200,6693.75,6693.75,6686.5,6689.25,19406
1775476800,6689.75,6697.75,6685,6692,23018
1775480400,6691.75,6711.75,6680.25,6711.75,172694
1775484000,6711.25,6725,6686.25,6700.75,241308
1775487600,6701,6707,6689.25,6705,111636
1775491200,6705,6711.5,6698.25,6705.5,74857
1775494800,6705.5,6707,6681,6690.75,129300
1775498400,6691,6712.75,6688.25,6709.25,96588
1775502000,6709.75,6715.75,6704.25,6715.25,71644
1775505600,6715.5,6717.5,6708.75,6713.25,23483
1775512800,6713.25,6722,6704.75,6705.5,18761
1775516400,6705.75,6712.25,6704,6704.25,8167
1775520000,6704.25,6717.25,6700,6703.25,22151
1775523600,6703.5,6706.5,6674.25,6676.25,32852
1775527200,6676.5,6685.5,6671.75,6683.5,24544
1775530800,6683.75,6687.25,6678.75,6684.75,11161
1775534400,6684.75,6691.5,6678.75,6688.25,14435
1775538000,6688.75,6691.25,6679.75,6685.25,11561
1775541600,6685.25,6690.5,6681,6689.5,12877
1775545200,6689.5,6693,6683.75,6690.5,15351
1775548800,6690.5,6721.75,6690.25,6717.25,50811
1775552400,6717.25,6729.75,6715.5,6723.25,30621
1775556000,6723.5,6726.5,6676.5,6680.75,81792
1775559600,6680.75,6694,6673.75,6682.25,45578
1775563200,6682,6703.25,6664.5,6686.5,74888
1775566800,6686.5,6701.75,6664.75,6665.5,178103
1775570400,6665.5,6679,6643.75,6650.75,271866
1775574000,6651,6668.75,6635.25,6663,206333
1775577600,6663.25,6695.5,6662.75,6686,186750
1775581200,6685.75,6709,6679.75,6692.75,125947
1775584800,6692.75,6695.75,6659.25,6665,113481
1775588400,6665,6721.5,6659.25,6718.25,271402
1775592000,6718,6736.25,6711.5,6726,63319
1775599200,6739.75,6855.75,6737.5,6854.25,113065
1775602800,6853.75,6881.25,6845.5,6867,66809
1775606400,6866.75,6872.5,6850.25,6866,43899
1775610000,6866.25,6875.75,6861.25,6871.75,22988
1775613600,6871.5,6880.5,6871.5,6879.75,14897
1775617200,6880,6881.5,6874.25,6877.75,11016
1775620800,6877.75,6887.25,6877.5,6882,14083
1775624400,6882.25,6900,6880,6898.75,20769
1775628000,6898.75,6900.5,6891,6892.25,21721
1775631600,6892.5,6895.25,6880,6881.5,28397
1775635200,6881.5,6897,6879.25,6896.75,26473
1775638800,6896.5,6903,6890.5,6894.25,24064
1775642400,6894.25,6900,6889.75,6896,14427
1775646000,6896,6909.75,6891.25,6901.75,32148
1775649600,6902,6908,6883,6894,72229
1775653200,6894,6899.25,6867.5,6874.25,212225
1775656800,6874.25,6881.5,6842.25,6856.25,225275
1775660400,6856.5,6878.75,6852.25,6876.5,140220
1775664000,6876.5,6890,6872.25,6888.5,94907
1775667600,6888.5,6892.25,6874.75,6885.75,86449
1775671200,6885.25,6894,6855.5,6856.5,121940
1775674800,6856.5,6888,6855.25,6886,127665
1775678400,6886,6889.5,6876.75,6879,27021
1775685600,6877.75,6885.75,6872.5,6878.25,20117
1775689200,6878.25,6883.25,6874.5,6875.25,12344
1775692800,6875.25,6880,6869,6874.25,20475
1775696400,6874.25,6876.5,6866.25,6873.5,18263
1775700000,6873.75,6877.5,6872,6872.75,9909
1775703600,6872.75,6874.5,6868.5,6873,8968
1775707200,6873,6874,6870.25,6871.25,5226
1775710800,6871.5,6878.75,6867.25,6874,9307
1775714400,6874.25,6879.75,6868.5,6873.75,11742
1775718000,6873.75,6875.75,6856.75,6861.25,20853
1775721600,6861.25,6864.5,6855,6857.75,18591
1775725200,6857.75,6865,6855,6864.25,12408
1775728800,6864.5,6867,6857.25,6858,17447
1775732400,6858,6870.25,6856.75,6868,25854
1775736000,6868,6875.5,6863.25,6869.25,34610
1775739600,6869.5,6884.25,6866.75,6879.25,137578
1775743200,6879.25,6884,6864,6879.25,188716
1775746800,6879.5,6915.75,6872,6915,235824
1775750400,6914.75,6934.5,6914.5,6925.5,153471
1775754000,6925.25,6938.5,6923,6932.25,104213
1775757600,6932.25,6933,6911,6918,135357
1775761200,6918,6933.75,6916,6924.5,126183
1775764800,6924.5,6926,6918.75,6923,32727
1775772000,6922.5,6925,6915.5,6916.25,18375
1775775600,6916.5,6921.25,6913.5,6918.5,10513
1775779200,6918.5,6928,6914.5,6926.5,13798
1775782800,6926.5,6931.5,6923.25,6928.75,11266
1775786400,6928.75,6929.5,6922.25,6925.5,7920
1775790000,6925.75,6931,6925,6929,6202
1775793600,6929.25,6929.5,6924,6925,4359
1775797200,6925.25,6928.5,6923.75,6924.5,5507
1775800800,6924.5,6925.25,6916.75,6919.25,9102
1775804400,6919,6926.5,6917.5,6924.25,10982
1775808000,6924.25,6924.5,6913,6914,12912
1775811600,6914,6929.5,6914,6925.25,26243
1775815200,6925.25,6929.25,6920.25,6926.75,12325
1775818800,6927,6933.5,6924.75,6927,16009
1775822400,6926.75,6952.5,6925,6934,33751
1775826000,6933.75,6944,6926.25,6932.75,128626
1775829600,6932.25,6944.5,6925,6938.5,196356
1775833200,6938.5,6945.5,6916,6919,175301
1775836800,6919.25,6925.75,6909.25,6919.25,139970
1775840400,6919.5,6920,6908.75,6919.25,95485
1775844000,6919.5,6922,6913.25,6918,80811
1775847600,6918.25,6924.75,6911.25,6918,114257
1775851200,6918.25,6927,6913.75,6926.25,31518
1776031200,6856,6857.25,6829.75,6841,68211
1776034800,6840.75,6847.5,6834.75,6846.75,20733
1776038400,6847,6863,6839.75,6862.75,33466
1776042000,6863,6870.25,6862.25,6867.25,26743
1776045600,6867.5,6868.75,6863.25,6867.75,9472
1776049200,6868.25,6869.5,6863.5,6864.25,9217
1776052800,6864,6873.25,6862,6870,10113
1776056400,6870,6872.25,6866,6871,9305
1776060000,6871,6879.5,6871,6877,11375
1776063600,6877,6880.25,6872.75,6875,13005
1776067200,6874.75,6882.25,6872.5,6876,17413
1776070800,6875.75,6882.5,6874.75,6876,12818
1776074400,6876.25,6884,6873.5,6883.75,10799
1776078000,6884,6893.75,6866.5,6867.25,34188
1776081600,6867.5,6887.25,6865,6885,37016
1776085200,6885.25,6921.25,6884.25,6921,196045
1776088800,6920.75,6930.75,6907.5,6929.25,169341
1776092400,6929.25,6929.5,6916,6918.5,108958
1776096000,6918.5,6952.5,6913.75,6947.25,209766
1776099600,6947.25,6952.5,6942.75,6945.75,64467
1776103200,6945.75,6959.25,6945.75,6957.25,63025
1776106800,6957,6987.25,6954.5,6984,124309
1776110400,6983.75,6991.75,6981.75,6990,36623
1776117600,6987.75,6993,6986,6989.75,10330
1776121200,6990,6994,6987.5,6988.25,11971
1776124800,6988,6990.5,6983,6988.25,13483
1776128400,6988.25,6988.5,6984.75,6986.5,6510
1776132000,6986.25,6990,6985.5,6988.25,4664
1776135600,6988,6988.25,6984.5,6986.5,4996
1776139200,6986.5,6988.25,6986,6987.75,3308
1776142800,6988,6988.5,6983.75,6984.5,3791
1776146400,6984.5,6990,6982.75,6988.5,7240
1776150000,6988.5,7000.75,6987,6995.75,21315
1776153600,6995.75,7003,6994,7002.5,12395
1776157200,7002.5,7004.75,6995,6995.75,12178
1776160800,6996,6999.75,6990.5,6991.75,16769
1776164400,6991.75,7007.75,6990.5,7001.5,24400
1776168000,7001.75,7012.25,6999,7002.5,32998
1776171600,7002.25,7023.75,6999.5,7019,129786
1776175200,7019,7041.5,7018.5,7039.75,153820
1776178800,7039.5,7057.75,7033.25,7053,121304
1776182400,7053,7062,7052.25,7053.75,77793
1776186000,7054,7065.75,7053.75,7061.75,67674
1776189600,7062,7064,7045.75,7052,100057
1776193200,7052,7070.75,7051.25,7068.75,124863
1776196800,7068.5,7069.75,7063,7066.5,29076
1776204000,7066.25,7071.75,7064.25,7067.75,12596
1776207600,7067.75,7076.25,7067.5,7071.25,15032
1776211200,7071,7072.25,7067.5,7071.25,12109
1776214800,7071,7075.25,7070,7073.75,10001
1776218400,7073.75,7074,7066.5,7067.25,9858
1776222000,7067.5,7073.75,7067.25,7072.25,6985
1776225600,7072.5,7073.25,7069.75,7070.25,4708
1776229200,7070.5,7079.75,7063.25,7066.5,17777
1776232800,7066.5,7070.5,7065.25,7067.75,7469
1776236400,7067.75,7069.5,7061.75,7068,12258
1776240000,7068.25,7073,7065.25,7071.25,11098
1776243600,7071.25,7072.75,7061.75,7062.75,17832
1776247200,7063,7067.75,7054.5,7064.25,32759
1776250800,7064.5,7081.25,7064,7071.75,30916
1776254400,7071.75,7074.75,7065,7071,23804
1776258000,7071.25,7087.25,7066.25,7080.5,152547
1776261600,7080.5,7095.5,7072,7091.75,166346
1776265200,7091.75,7100.25,7088.5,7094.25,107730
1776268800,7094.5,7102.75,7081.75,7089.75,117298
1776272400,7090,7104.75,7088.75,7099.75,79003
1776276000,7099.5,7123,7096.25,7120.75,107741
1776279600,7121,7127,7116.75,7122.5,112081
1776283200,7122.75,7125,7116.75,7120.75,28977
1776290400,7120.25,7128.25,7118,7128,10926
1776294000,7128,7132.25,7126.25,7131.5,8698
1776297600,7131.5,7138.25,7128.5,7136.5,17107
1776301200,7136.25,7140,7133.5,7135.25,12675
1776304800,7135,7138.25,7133.75,7134.75,7866
1776308400,7134.5,7138.25,7133.75,7134,5317
1776312000,7133.75,7135.25,7132.5,7134,5602
1776315600,7134,7137.25,7130.75,7135.5,7485
1776319200,7135.75,7141,7135.75,7139.5,10231
1776322800,7139.5,7139.75,7131.75,7133.5,11237
1776326400,7133.25,7134.5,7124.5,7130,16119
1776330000,7130,7132.75,7127.5,7131,8533
1776333600,7131,7133.5,7121.5,7127.25,15465
1776337200,7127.25,7132.5,7125,7131,15955
1776340800,7131.25,7135.75,7127.75,7132,20963
1776344400,7132.25,7136.25,7108.75,7118.75,163505
1776348000,7118.5,7125.75,7110,7123,193300
1776351600,7122.75,7147.75,7122.5,7146.25,185415
1776355200,7146.5,7151.5,7125.75,7131.75,140262
1776358800,7132,7139.25,7121.75,7130.25,123789
1776362400,7130,7136.25,7118.75,7131,106287
1776366000,7131.25,7143.5,7130,7139.25,90214
1776369600,7139,7142.5,7137,7141,20200
1776376800,7140.25,7145.75,7138,7144.5,8587
1776380400,7144.75,7148,7143.75,7146,7827
1776384000,7146,7146.75,7140.25,7145,11625
1776387600,7145.25,7147.25,7143.75,7145.75,6561
1776391200,7145.75,7146.5,7139.75,7141,6740
1776394800,7141.25,7142,7138.75,7140.5,4622
1776398400,7140.75,7145.25,7140,7141.75,4089
1776402000,7142,7144.5,7137.75,7143.75,5094
1776405600,7144,7146.25,7139.75,7142.25,6207
1776409200,7142.5,7150,7142.5,7149,9581
1776412800,7149,7153.5,7146.75,7153,9931
1776416400,7153,7156.5,7150.25,7155.75,9610
1776420000,7155.5,7157.75,7150.5,7154.25,11229
1776423600,7154,7164.75,7153.75,7163.5,18441
1776427200,7163.75,7199.5,7162,7198.25,102247
1776430800,7198.5,7210,7179.5,7206,270941
1776434400,7206,7237.25,7204,7228.25,199839
1776438000,7228.25,7237.5,7222,7231.5,147903
1776441600,7231.5,7248.25,7229.5,7243.5,88125
1776445200,7243.75,7246.25,7214.25,7227,152883
1776448800,7227.25,7229.25,7215.25,7220.5,114214
1776452400,7220.25,7228,7213.75,7223.75,101864
1776456000,7223.75,7229,7221.75,7226.5,28319
1776636000,7165.75,7178.5,7147.75,7173,53048
1776639600,7173,7176.75,7165,7169.25,19729
1776643200,7169.25,7176.5,7164,7175.25,22365
1776646800,7175.25,7189,7174.5,7187,21427
1776650400,7187,7187.25,7182.25,7184.5,10561
1776654000,7184.5,7186.25,7181.25,7181.5,7152
1776657600,7181.75,7184,7178.25,7183,9375
1776661200,7183,7183.5,7172,7176.25,14686
1776664800,7176.5,7191.25,7176,7186.75,15804
1776668400,7187,7193.75,7177,7181.5,21798
1776672000,7181.25,7193.75,7172.75,7191.75,17711
1776675600,7191.75,7196.5,7188,7190.75,11115
1776679200,7190.75,7198.75,7188,7188.75,12145
1776682800,7188.75,7193.25,7183.5,7191.75,16384
1776686400,7192,7203.5,7189,7198.75,26118
1776690000,7199,7222,7197.25,7219.5,140345
1776693600,7219.5,7220,7187.5,7194.25,219366
1776697200,7194.5,7207.75,7184,7198.75,184991
1776700800,7198.75,7203.75,7192.75,7199.25,77925
1776704400,7199.25,7207,7195.25,7200.25,73444
1776708000,7200.25,7209.25,7197.5,7205.5,77131
1776711600,7205.75,7211.75,7199,7210.75,77962
1776715200,7210.75,7223,7207.5,7214.75,36708
1776722400,7214.5,7223.25,7212,7220.75,10500
1776726000,7220.75,7221,7216.5,7217.5,5643
1776729600,7217.5,7222.75,7212.5,7220.75,18652
1776733200,7221,7225,7218,7221.25,10378
1776736800,7221.25,7223,7220,7220.25,5712
1776740400,7220.75,7221.25,7216,7219.5,6027
1776744000,7219.5,7223.75,7219.25,7223,4210
1776747600,7223.25,7227.75,7222.5,7223,8488
1776751200,7223,7228.25,7221.5,7225.25,6856
1776754800,7225.25,7225.75,7218.75,7220.75,9467
1776758400,7220.5,7229.5,7217,7226.5,9888
1776762000,7226.5,7232,7221,7231.25,9363
1776765600,7231.25,7240,7230.5,7238.25,12824
1776769200,7238.25,7245.5,7231.75,7238,27912
1776772800,7238.5,7239.75,7223.25,7226.5,44059
1776776400,7226.5,7231,7209.5,7230.25,133517
1776780000,7230,7235,7196.5,7198,202899
1776783600,7197.75,7203.75,7181.5,7189,240134
1776787200,7189.25,7200.75,7176.25,7177.25,134308
1776790800,7177.25,7195.75,7159.25,7179.5,232703
1776794400,7179.25,7190.5,7168.25,7184.75,134179
1776798000,7184.75,7201,7147.5,7163,256130
1776801600,7163.25,7202.5,7154.25,7185,75472
1776808800,7188.75,7192.75,7185,7187,10701
1776812400,7187,7193.75,7185.25,7193.75,9686
1776816000,7193.75,7202,7193.75,7196.75,17642
1776819600,7197,7204.5,7196.5,7202.25,11893
1776823200,7202.25,7205.75,7201.5,7202,7297
1776826800,7202.25,7204,7197.5,7198.5,7164
1776830400,7198.5,7200.5,7192,7192.5,7863
1776834000,7192.75,7210,7191,7203.5,24965
1776837600,7203.5,7206.25,7196.25,7204.5,9812
1776841200,7204.25,7209.5,7202,7204.75,10097
1776844800,7204.75,7206.75,7192.5,7201,13255
1776848400,7201,7209,7196.5,7200.75,15970
1776852000,7201,7206,7195.5,7201.5,12219
1776855600,7201.5,7205.5,7198,7204.5,12255
1776859200,7204.5,7219.5,7200.5,7201.5,43662
1776862800,7201.75,7216.25,7199.75,7215.25,138910
1776866400,7215.25,7228.75,7208.75,7221.5,191071
1776870000,7221.75,7226.5,7212.5,7217.5,123137
1776873600,7217.5,7222.5,7209,7210.25,97437
1776877200,7210.25,7225.5,7210,7220.75,88107
1776880800,7220.75,7223,7213,7217,60402
1776884400,7217,7235.5,7212.5,7232.75,105692
1776888000,7232.75,7235.5,7218.5,7227,34574
1776895200,7226,7226.5,7220.75,7223.5,7446
1776898800,7223.5,7226,7222,7225,4778
1776902400,7224.75,7225.5,7168,7217.25,97807
1776906000,7217.25,7217.75,7202,7203.75,18774
1776909600,7204,7205,7194.5,7196,19738
1776913200,7195.75,7199,7181.5,7189.75,18967
1776916800,7189.75,7198,7186,7197.5,9649
1776920400,7197.75,7202.5,7193.25,7200.75,11278
1776924000,7201,7207.25,7200.5,7205.5,10262
1776927600,7205.75,7211.5,7202.75,7207.75,10950
1776931200,7207.75,7209.25,7193.25,7195.75,16194
1776934800,7195.25,7202.75,7188.25,7197.5,18775
1776938400,7197.5,7205.25,7191.75,7204.25,19203
1776942000,7204.25,7223.25,7196.75,7220.75,42131
1776945600,7220.5,7232,7198.25,7214.5,64523
1776949200,7214.5,7233.5,7204.75,7222.25,137315
1776952800,7222,7241,7211.5,7237.5,186223
1776956400,7237.5,7244,7227,7231,135783
1776960000,7231,7232.75,7222.75,7228.75,98057
1776963600,7228.75,7230.75,7142.25,7186,511237
1776967200,7185.75,7214.75,7181.75,7190.75,195339
1776970800,7190.75,7209.25,7184,7204.5,144347
1776974400,7204.25,7207.25,7191.25,7195,32146
1776981600,7202.5,7210.5,7202.25,7209.25,14511
1776985200,7209,7216,7206.5,7216,8739
1776988800,7216,7224,7213,7218.5,18242
1776992400,7219,7220.5,7213.25,7219,12294
1776996000,7219,7219.5,7202.75,7204.75,14632
1776999600,7205,7207.25,7198.75,7201.75,11589
1777003200,7201.75,7207.75,7199.5,7207,7706
1777006800,7207,7213.75,7202.5,7213.25,8278
1777010400,7213.5,7215.25,7207.5,7209.5,7114
1777014000,7209.5,7218.25,7208.75,7216.25,9146
1777017600,7215.75,7221.75,7204,7206,17517
1777021200,7206,7209.25,7197.75,7206.25,13635
1777024800,7206.25,7215,7204,7213.5,12154
1777028400,7213.5,7252,7213.25,7233.5,82324
1777032000,7233.75,7240,7217,7225,57526
1777035600,7224.75,7233,7207.5,7216.75,144288
1777039200,7216.75,7234.25,7209,7232.25,191821
1777042800,7232.5,7260,7230,7256.25,188492
1777046400,7256,7258.25,7246.75,7254,92410
1777050000,7254,7263,7245.25,7254.5,89890
1777053600,7254.75,7256.25,7247.5,7253.5,62986
1777057200,7253.5,7262.75,7252.25,7257.25,103596
1777060800,7257.25,7259.75,7252.5,7258.5,29731
1777240800,7247.5,7253.25,7233.75,7244.75,26891
1777244400,7244.5,7245.25,7237.5,7241,14343
1777248000,7241.25,7255.75,7239.75,7253,22957
1777251600,7253.25,7270.5,7252.25,7270.25,36083
1777255200,7270,7271,7264.5,7265.75,12249
1777258800,7265.75,7269.25,7264.25,7265.5,9380
1777262400,7265.25,7267.75,7262.25,7263.25,9108
1777266000,7263,7263.25,7250.5,7252.25,14382
1777269600,7252.25,7254.25,7248,7250.75,11435
1777273200,7250.5,7252.75,7247.5,7249.75,8309
1777276800,7249.5,7252.5,7243.75,7251.5,11512
1777280400,7251.5,7253.75,7249.75,7251.5,6060
1777284000,7251.5,7257.75,7249.25,7256.25,9416
1777287600,7256.25,7261,7256,7259,11618
1777291200,7259.25,7260,7247.5,7250.75,28397
1777294800,7251,7261,7241.25,7258,149415
1777298400,7258,7262.5,7247.75,7253.5,143807
1777302000,7253.25,7255.25,7239.5,7251.25,109498
1777305600,7251.25,7260.25,7248.75,7258.5,62987
1777309200,7258.75,7269.5,7256.25,7266.25,73850
1777312800,7266,7269.75,7264.25,7265.5,39991
1777316400,7265.5,7274,7264,7269.5,75494
1777320000,7269.5,7270.25,7264.5,7267.75,21316
1777327200,7268.25,7283.5,7267.5,7278.75,18265
1777330800,7278.75,7282.5,7277.5,7279.75,7144
1777334400,7279.75,7285.5,7274.75,7276.25,22367
1777338000,7276.25,7281.75,7270.5,7271.25,16938
1777341600,7271.25,7274.5,7267.25,7268.25,11817
1777345200,7268.25,7274.5,7267.25,7270.5,7415
1777348800,7270.75,7275.25,7269.5,7271.75,4805
1777352400,7272,7272.75,7258.75,7260.75,15339
1777356000,7260.75,7263.5,7253.5,7256.25,13277
1777359600,7256.25,7260.5,7253.25,7259.25,12271
1777363200,7259.5,7264.5,7251,7263,15721
1777366800,7262.75,7263.5,7250.25,7254.25,18049
1777370400,7254.25,7257,7248.5,7251.75,15837
1777374000,7251.5,7254.25,7217.75,7221,58983
1777377600,7221.25,7232.5,7210,7231.75,84275
1777381200,7232,7245.5,7223,7232.25,169463
1777384800,7232,7240,7208.75,7221.75,230647
1777388400,7221.5,7227.25,7210,7216.25,131688
1777392000,7216.25,7222.25,7209.75,7218,84929
1777395600,7218,7228,7210.5,7227,68201
1777399200,7227,7233,7224,7231.5,74901
1777402800,7231.75,7238.75,7228.75,7234,108615
1777406400,7234.25,7238.75,7230,7235,24737
1777413600,7235,7240.25,7235,7238.5,7331
1777417200,7238.5,7242,7236.75,7241.75,4435
1777420800,7242,7250.5,7242,7246,14807
1777424400,7245.75,7246.25,7231.75,7241,27048
1777428000,7241,7248,7241,7244.25,9875
1777431600,7244.5,7248,7243.75,7245,5510
1777435200,7245.25,7249.5,7245,7247,5258
1777438800,7247,7249.75,7244.5,7247.75,4695
1777442400,7247.5,7250.75,7241.75,7242.25,7402
1777446000,7242,7245.75,7231.75,7237,12358
1777449600,7237.25,7242.75,7229,7235.25,19125
1777453200,7235.25,7240.5,7229.75,7232,11446
1777456800,7231.75,7243.5,7229,7239,13100
1777460400,7238.75,7242.5,7232.25,7236.25,17479
1777464000,7235.75,7237.25,7223.5,7231.5,29065
1777467600,7231.5,7235.75,7212,7223.25,127128
1777471200,7223.5,7237.75,7218.25,7230.5,119598
1777474800,7230.5,7231.25,7207.5,7216,152401
1777478400,7216,7223.5,7204.5,7212.75,98948
1777482000,7212.5,7223.25,7207.5,7222.5,74772
1777485600,7222.25,7223,7199.25,7221.5,124837
1777489200,7221.5,7233.25,7215.5,7233,113578
1777492800,7232.75,7253.5,7193.75,7204,93108
1777500000,7209.75,7259,7209.5,7246.75,40986
1777503600,7247,7256,7242.25,7255,16908
1777507200,7255.75,7263.25,7253.25,7261.5,19251
1777510800,7261.5,7263,7256.25,7261.75,11847
1777514400,7261.5,7262.25,7228,7239.75,35786
1777518000,7239.5,7244,7234,7234.25,13367
1777521600,7234.5,7234.5,7207,7207.5,30993
1777525200,7207.75,7221.25,7205.5,7206.25,18445
1777528800,7205.75,7220.5,7196.25,7215.75,27664
1777532400,7215.5,7228.5,7212.25,7223,19713
1777536000,7223.25,7234,7221.75,7227.5,17373
1777539600,7227.25,7247,7221,7233.25,26492
1777543200,7233.75,7249.25,7233.5,7243,29045
1777546800,7243.25,7262.5,7242.25,7257,33298
1777550400,7256.75,7274,7255.5,7266.5,41104
1777554000,7266.5,7272.25,7222.5,7227.75,188178
1777557600,7227.75,7257.25,7219.75,7254.5,233244
1777561200,7254.5,7266.75,7250.25,7262,148931
1777564800,7261.75,7270,7255,7259.75,88243
1777568400,7259.75,7288,7259.25,7287,94488
1777572000,7287.25,7304.5,7286.75,7299.75,86357
1777575600,7299.75,7314.25,7298.75,7300.75,135504
1777579200,7300.75,7315.75,7300.25,7309.25,44701
1777586400,7317.25,7326,7308.75,7312.25,21541
1777590000,7312.25,7319.75,7311.5,7315,15867
1777593600,7315.5,7323.5,7313,7320.25,15284
1777597200,7320.5,7326.5,7318,7325.25,10048
1777600800,7325.25,7325.75,7320.75,7323.5,6607
1777604400,7323.5,7328.5,7321.75,7322.75,9283
1777608000,7322.75,7323.5,7319.25,7320.5,5001
1777611600,7320.5,7323,7318.75,7319.75,4799
1777615200,7319.75,7321,7313.5,7314.75,5653
1777618800,7314.75,7319.75,7311,7312.5,10961
1777622400,7312.25,7315.5,7310.25,7312.75,7095
1777626000,7313,7317,7309,7315.5,7058
1777629600,7315.75,7317,7311.25,7316.5,8142
1777633200,7316.75,7319.25,7311.5,7318.75,10835
1777636800,7318.75,7334.25,7317,7320.75,38412
1777640400,7320.75,7355.5,7320.5,7355.5,167883
1777644000,7355.5,7363.25,7337,7341,182893
1777647600,7341,7358.25,7334.25,7348,143731
1777651200,7348,7350.25,7328.5,7332.75,131752
1777654800,7332.5,7346.25,7332.25,7341.75,62926
1777658400,7341.75,7343.25,7321.5,7325,94199
1777662000,7325.25,7339.75,7318.25,7320.25,99359
1777665600,7320.25,7321,7303.25,7310.25,36612
1777845600,7337.75,7342,7324.5,7328.25,27325
1777849200,7328.25,7330.25,7321.75,7324.5,12505
1777852800,7324.25,7329.75,7316.75,7329,24463
1777856400,7329,7330.25,7322,7329.75,15292
1777860000,7329.75,7331.25,7322.25,7328.25,15354
1777863600,7328.5,7331.5,7326,7329.5,7061
1777867200,7329.75,7333,7328.25,7330.25,5860
1777870800,7330.25,7337,7329.75,7332.5,8665
1777874400,7332.5,7334,7321.75,7325.25,11984
1777878000,7325.5,7336,7322,7327.5,12972
1777881600,7327.5,7328,7317.75,7324.5,14744
1777885200,7325,7330.5,7323,7326.5,7703
1777888800,7326.5,7328,7276.25,7309.75,94744
1777892400,7309.75,7316.75,7299.25,7307.75,34369
1777896000,7308,7318.25,7307.75,7311.75,30980
1777899600,7311.75,7320.25,7300.75,7320,127135
1777903200,7320,7333.5,7310.75,7321.25,159262
1777906800,7321.5,7326.75,7281.5,7287.75,279405
1777910400,7287.75,7290.5,7261.75,7277.5,226601
1777914000,7277.5,7298.75,7276.75,7295.25,94974
1777917600,7295.25,7302,7279.75,7286.5,81739
1777921200,7286.25,7294.25,7283,7293.75,92848
1777924800,7293.5,7294,7285.25,7288,17886
1777932000,7290.5,7297,7288.25,7290,9764
1777935600,7290,7292.25,7287,7289.5,6205
1777939200,7289.5,7298.25,7286,7294,14963
1777942800,7294,7301.25,7289.75,7298,11690
1777946400,7298.25,7303.5,7296.25,7298.75,11167
1777950000,7298.75,7304.25,7298.25,7303.25,4976
1777953600,7303,7306.25,7301.25,7302.25,5568
1777957200,7302.25,7306.75,7300.5,7306.25,6478
1777960800,7306.25,7311,7298.5,7310,15260
1777964400,7310.25,7319.25,7308.25,7310,15946
1777968000,7310,7320.25,7309.5,7317,12737
1777971600,7317,7320.25,7312.25,7318.25,9734
1777975200,7317.75,7324.25,7315.25,7317.75,13024
1777978800,7318,7321.75,7311,7321,17405
1777982400,7320.75,7331.75,7318.5,7324.25,25989
1777986000,7324.25,7339.75,7324,7337.25,102861
1777989600,7337.5,7349,7329,7343,179216
1777993200,7343,7348.25,7341,7342.25,70354
1777996800,7342.25,7351.25,7341.5,7346.5,52606
1778000400,7346.75,7354,7342.75,7351.75,42490
1778004000,7352,7358.75,7351.5,7355,44127
1778007600,7355,7362.5,7345,7349.25,86224
1778011200,7349.25,7366.75,7347.75,7358.25,34219
1778018400,7365.5,7384.75,7356,7379.25,31795
1778022000,7379.25,7381.75,7374.75,7376.75,18866
1778025600,7376.75,7378.5,7361.75,7366,25375
1778029200,7366,7372.75,7365,7370.5,13514
1778032800,7370.25,7370.75,7364.75,7366.5,8576
1778036400,7366.75,7373.75,7365.5,7370.5,8008
1778040000,7370.25,7373,7369,7371.25,5549
1778043600,7371,7375.25,7369.25,7374,6407
1778047200,7374,7377.25,7366.25,7372.25,12763
1778050800,7372.25,7374.25,7369,7373.25,8792
1778054400,7373.5,7405.75,7367.75,7397.75,43769
1778058000,7397.75,7405.5,7385.5,7404.25,33405
1778061600,7404.5,7426.25,7402.75,7420.5,44753
1778065200,7420.5,7428.25,7407,7410.5,50304
1778068800,7410.75,7411.25,7389.75,7401,53096
1778072400,7401,7410,7389.75,7408.5,154467
1778076000,7408.5,7434.5,7398.75,7433.75,188435
1778079600,7433.75,7437.25,7421.25,7428,116490
1778083200,7428,7432.25,7417,7421.5,66467
1778086800,7421.75,7433.5,7418.5,7433.5,50212
1778090400,7433.25,7447,7432.25,7441.5,71450
1778094000,7441.75,7458.25,7441.5,7449.25,107126
1778097600,7449.25,7458.25,7447,7449.25,37700
1778104800,7444,7446.25,7439.5,7441.25,11089
1778108400,7441.5,7445,7440,7442.25,9214
1778112000,7442.25,7448,7440.75,7447.75,14881
1778115600,7447.25,7455.75,7443.5,7452.75,13729
1778119200,7452.75,7454,7445.75,7451,10859
1778122800,7451,7454.75,7449.25,7453,5902
1778126400,7453,7457,7452,7455.75,5873
1778130000,7456,7458.25,7454.5,7456.5,5998
1778133600,7456.25,7465.5,7452.75,7461.5,13123
1778137200,7461.75,7473.25,7458,7464.5,24453
1778140800,7464.5,7471,7456,7457.75,19749
1778144400,7458,7462,7454.25,7456.75,12582
1778148000,7456.25,7461.25,7452.25,7457.75,12501
1778151600,7458,7461.75,7455.25,7459.25,16834
1778155200,7459,7465.5,7457.75,7464.25,20305
1778158800,7464.25,7464.75,7446.25,7450.25,129154
1778162400,7450,7472,7449.75,7472,165483
1778166000,7472,7472.5,7448.5,7450.5,148772
1778169600,7450.5,7451.25,7426.5,7431,198669
1778173200,7431,7437.25,7408,7427.75,236529
1778176800,7428,7433,7408,7422.25,158615
1778180400,7422.25,7430,7410.75,7426.75,148899
1778184000,7427,7441.25,7413.75,7415.5,66543
1778191200,7402.75,7421.5,7399.5,7412,29570
1778194800,7412,7425.5,7410.75,7425.5,11277
1778198400,7425.5,7435.5,7425.5,7435.25,18598
1778202000,7435,7442.5,7435,7438.75,14042
1778205600,7439,7442,7429.5,7437,14514
1778209200,7437.25,7442.25,7436,7440.75,6279
1778212800,7440.5,7444.75,7437.75,7441.75,6493
1778216400,7442,7447.75,7441.25,7445.25,7320
1778220000,7445.25,7451.25,7441.5,7450.75,9775
1778223600,7450.5,7451.25,7442.75,7450,13219
1778227200,7449.75,7457,7448.5,7456.5,12279
1778230800,7456.5,7464.5,7453,7457.25,15722
1778234400,7457,7462.25,7453.25,7458.75,12527
1778238000,7459,7464.25,7459,7462.25,13097
1778241600,7462.25,7475,7457,7460.75,40856
1778245200,7460.75,7479.75,7451,7476.5,137306
1778248800,7476,7485.25,7470.75,7480.25,153157
1778252400,7480.5,7483.25,7469.75,7478.25,130596
1778256000,7478.25,7487,7477.5,7478.5,76910
1778259600,7478.25,7488.75,7477.25,7481,66260
1778263200,7481,7490.75,7470,7473,85795
1778266800,7473,7484.5,7472.75,7483.75,100694
1778270400,7483.5,7487,7479.75,7483.5,31584
1778450400,7466.25,7472.25,7453,7466.75,28876
1778454000,7466.75,7471.75,7463.5,7465.25,17233
1778457600,7465.25,7475.25,7459.5,7465,30086
1778461200,7464.75,7474,7460.25,7473.5,19174
1778464800,7473.5,7477,7471.75,7473.5,10447
1778468400,7473.5,7477.75,7470,7473.75,10536
1778472000,7474,7475.75,7469.25,7475.25,5652
1778475600,7475.5,7477.5,7472.5,7473.25,5978
1778479200,7473,7478.75,7471.5,7475.5,8172
1778482800,7475.5,7477.5,7472.5,7476.75,7534
1778486400,7476.75,7480.25,7472.25,7476.5,11188
1778490000,7476.25,7483,7475.25,7477.5,10000
1778493600,7477.25,7479.25,7473.5,7474.75,7298
1778497200,7474.75,7482.75,7473,7476.5,14865
1778500800,7476.5,7478.25,7465,7471.5,28466
1778504400,7471.25,7499.75,7469,7495.25,135715
1778508000,7495,7508.25,7484,7505.5,175656
1778511600,7505.25,7512.25,7498.25,7510.75,94346
1778515200,7511,7513,7496.5,7502,82705
1778518800,7502,7516.5,7497,7510.75,72281
1778522400,7510.75,7515.25,7493.75,7494,72158
1778526000,7494,7501.5,7489.75,7501.25,118184
1778529600,7501.25,7502.75,7488.5,7497.75,33345
1778536800,7497.75,7506.25,7497.25,7503.5,7644
1778540400,7503.75,7504.25,7499,7501,6543
1778544000,7501,7501.25,7491.25,7492.5,14490
1778547600,7492.5,7494.5,7473.5,7481.5,31129
1778551200,7481.75,7493.25,7480,7491.75,16764
1778554800,7491.75,7493,7486.75,7488,6558
1778558400,7487.75,7490.25,7483.25,7483.25,5823
1778562000,7483.25,7486.75,7481,7484,7096
1778565600,7484.25,7485,7470.5,7471.25,10624
1778569200,7471.5,7479.75,7464.75,7478.25,16085
1778572800,7479,7479,7468,7472.25,13964
1778576400,7472,7479,7465.75,7473.75,14975
1778580000,7474,7478.75,7469.5,7474.5,10806
1778583600,7474.25,7476.25,7464.5,7470.25,25770
1778587200,7470.5,7483.25,7458.5,7482,44298
1778590800,7481.75,7483.25,7456.25,7458.25,192782
1778594400,7458.75,7471.25,7442.5,7445.25,256939
1778598000,7445.25,7448.25,7425.75,7432.5,196700
1778601600,7432.5,7442.5,7426,7429,118277
1778605200,7429,7459.75,7427.75,7458.5,131409
1778608800,7458.5,7473,7454.5,7467.5,113948
1778612400,7467.5,7496.5,7467.25,7490.5,135489
1778616000,7490.5,7491,7478,7483,29130
1778623200,7483,7490,7482.5,7484.25,9432
1778626800,7484.25,7485.75,7474,7474.25,13416
1778630400,7474.25,7485.75,7472.5,7482.75,18816
1778634000,7482.75,7499,7482.25,7491.5,19153
1778637600,7491.25,7494.5,7487.75,7492,10408
1778641200,7491.5,7498.5,7488,7496.5,10235
1778644800,7496.5,7501,7495.75,7499.75,6898
1778648400,7499.75,7504,7498.25,7502,8585
1778652000,7501.75,7506.25,7496.75,7500,8114
1778655600,7500.25,7509,7496.75,7507.5,10536
1778659200,7507.75,7516.5,7506.5,7510,16963
1778662800,7509.75,7510.25,7501.75,7509.5,12145
1778666400,7509.5,7511.5,7501.75,7505,10839
1778670000,7505,7507.5,7500.75,7503.75,12696
1778673600,7503.75,7508.75,7479,7483.5,52961
1778677200,7483.75,7497.5,7461.5,7475.75,186637
1778680800,7475.75,7497,7474.5,7495.25,171032
1778684400,7495.5,7509.5,7493.75,7504.5,107863
1778688000,7504.5,7530.25,7502.25,7527.75,114071
1778691600,7528,7536.5,7528,7528.75,65148
1778695200,7528.75,7546.25,7528.25,7533.75,86278
1778698800,7534,7544.75,7530.25,7531,104615
1778702400,7531.25,7540.5,7529.25,7538.75,27684
1778709600,7539.75,7544.25,7535.25,7541.25,11047
1778713200,7541.5,7546.25,7539.5,7543,11558
1778716800,7542.75,7551.5,7537.75,7550.25,18156
1778720400,7550,7550.25,7540,7541.25,14593
1778724000,7541.25,7546.5,7538.75,7541,9403
1778727600,7541,7545.25,7534.25,7536,11280
1778731200,7536,7544.25,7533.5,7540,7695
1778734800,7540,7549,7535.5,7545.5,12002
1778738400,7545.75,7552,7545.5,7547.5,11366
1778742000,7547.25,7551.5,7540.5,7541.75,10133
1778745600,7542,7554.25,7540.5,7550.25,15370
1778749200,7550.5,7552.75,7537.5,7547.75,16144
1778752800,7547.5,7558.75,7545.5,7551,22704
1778756400,7550.75,7557.5,7547.75,7553.5,14020
1778760000,7553.5,7561.75,7548.75,7552.25,25584
1778763600,7552,7566,7542.25,7550.75,165051
1778767200,7550.75,7582.75,7549.25,7578.75,172206
1778770800,7579,7600,7578,7599.5,106753
1778774400,7599.75,7602.5,7578.25,7585.25,133387
1778778000,7585,7590,7569.5,7584,128692
1778781600,7584,7590.5,7573.25,7590,98140
1778785200,7590,7593.75,7585,7588.5,104546
1778788800,7588.5,7592.5,7580.75,7585.5,28238
1778796000,7585,7589.5,7583,7586.5,7757
1778799600,7586.5,7590.75,7581.75,7583.5,9115
1778803200,7583.25,7589.25,7575.5,7581.5,18758
1778806800,7581.25,7582.5,7556.75,7557.75,35487
1778810400,7557.75,7574.25,7556.25,7570.5,28429
1778814000,7570.5,7572,7563.5,7567.75,15012
1778817600,7568,7568,7554.5,7556,16761
1778821200,7556.25,7556.5,7528.25,7528.75,32446
1778824800,7528.75,7547,7525.5,7543,37123
1778828400,7543,7550,7534.75,7537.25,20454
1778832000,7537.25,7538.5,7498.25,7512.5,49183
1778835600,7512.5,7517.25,7498.75,7507.75,31252
1778839200,7508,7533.75,7504,7526.75,49051
1778842800,7527,7531,7508.75,7509.25,29996
1778846400,7509,7509.5,7491.25,7500.25,53996
1778850000,7500.25,7523.25,7482.5,7494.75,239187
1778853600,7495,7530.25,7492.75,7513.25,264760
1778857200,7513,7523,7494,7505.75,176667
1778860800,7506.25,7520.5,7499.75,7512.75,109431
1778864400,7512.75,7533.5,7509.75,7533,85302
1778868000,7533.25,7538.25,7507.5,7519.75,118488
1778871600,7519.75,7521,7489.5,7495,136611
1778875200,7494.75,7495.5,7472,7480.5,46979
1779055200,7472.75,7497.75,7471,7492,35213
1779058800,7492,7493,7460.25,7473.75,49996
1779062400,7473.5,7477.75,7444,7460,74417
1779066000,7459.75,7462.25,7437.5,7450,46516
1779069600,7450,7455.5,7441,7444.25,24155
1779073200,7444.5,7451,7440.25,7448,19329
1779076800,7448,7456,7441.5,7447.25,18558
1779080400,7447.25,7455,7442,7447.75,18711
1779084000,7447.25,7457.75,7438.75,7457.5,24431
1779087600,7457.5,7470.25,7447.25,7459,37354
1779091200,7459,7479.5,7459,7479,25213
1779094800,7478.75,7480.25,7468,7472.75,15404
1779098400,7473.5,7474.25,7456.5,7461.5,19980
1779102000,7461.5,7495.5,7448.75,7476.75,64145
1779105600,7476.75,7515.75,7475.75,7512.5,61386
1779109200,7512.5,7516.75,7477.75,7508.5,225240
1779112800,7508.25,7510.75,7466.75,7485.5,294761
1779116400,7485.5,7493,7454,7465.5,215796
1779120000,7465.5,7481.5,7444.25,7467.5,174374
1779123600,7467.25,7476.75,7461.5,7472.75,95286
1779127200,7472.75,7473.75,7435.25,7439,142157
1779130800,7439,7490.5,7438.25,7489,201172
1779134400,7488.75,7491,7479.5,7483,20990
1779141600,7485.5,7500.75,7483.75,7496.75,17833
1779145200,7497,7501.5,7489,7491.75,13759
1779148800,7491.75,7503.25,7485.5,7486.5,28497
1779152400,7486.5,7489.25,7473.75,7479.25,22498
1779156000,7479,7479.25,7465.25,7473.25,20823
1779159600,7473.25,7485,7468.5,7475.25,11907
1779163200,7475.25,7475.25,7459.5,7467.25,17151
1779166800,7467.5,7469.75,7454,7464.5,15472
1779170400,7464.5,7479.25,7459,7476.25,17595
1779174000,7476.25,7495.5,7473.25,7492.25,18610
1779177600,7492,7493.75,7469.25,7475.25,18673
1779181200,7475.5,7475.5,7446.5,7460.5,23996
1779184800,7460.5,7464,7446.75,7462.25,31567
1779188400,7462.25,7467.75,7451.25,7451.25,24817
1779192000,7451.5,7467.25,7448.25,7463.75,30287
1779195600,7463.5,7465.75,7432.25,7455,273861
1779199200,7455,7455.5,7416.25,7433.25,315717
1779202800,7433,7441.25,7418,7431.5,177244
1779206400,7431.5,7464.5,7424.25,7462.75,138988
1779210000,7462.75,7477.75,7460.75,7469.25,120961
1779213600,7469.25,7474.25,7443,7445.5,116996
1779217200,7445.25,7463,7427.5,7440,158248
1779220800,7440.25,7440.75,7432,7435,22503
1779228000,7440.25,7442.75,7430.25,7437.5,15270
1779231600,7437.5,7456.5,7436.25,7444.5,18984
1779235200,7444,7444,7418.5,7438,49211
1779238800,7438,7448.5,7422,7444.25,38473
1779242400,7444.25,7449.5,7423.5,7427.25,25267
1779246000,7427.25,7431.25,7418.5,7428.25,19137
1779249600,7428.25,7437.25,7424.75,7426.5,11758
1779253200,7426.5,7443.5,7426.5,7439.25,15918
1779256800,7439,7452,7438,7452,18602
1779260400,7451.75,7455.25,7447,7447.75,14246
1779264000,7447.75,7466.25,7447.25,7460.25,21931
1779267600,7460,7468.25,7454.75,7464.5,13170
1779271200,7464.5,7474.75,7461.75,7463.25,17199
1779274800,7462.75,7470.5,7458,7461.5,20960
1779278400,7461.25,7478.75,7460,7465.25,31163
1779282000,7465,7473.25,7443.25,7462,176738
1779285600,7462.25,7496,7439.25,7493.25,310740
1779289200,7493.25,7520.5,7486.75,7503.75,209175
1779292800,7504,7506.75,7486,7494.75,137971
1779296400,7495.5,7508.75,7488.75,7500.25,86903
1779300000,7500,7509.75,7493.75,7502.75,65106
1779303600,7502.75,7517,7501.25,7514,94210
1779307200,7514,7516.25,7491.75,7495.75,48352
1779314400,7495.75,7495.75,7470,7481.75,34896
1779318000,7481.75,7488.25,7478,7483.25,16653
1779321600,7483,7487.25,7475,7485,22214
1779325200,7485.25,7500,7485.25,7497.5,19855
1779328800,7497.75,7507.25,7497.5,7501,13169
1779332400,7501.25,7510.5,7500.5,7506.25,9488
1779336000,7506.25,7516.5,7505.75,7515.75,8652
1779339600,7515.75,7520,7496.25,7508.5,18307
1779343200,7508.25,7513.75,7495.25,7500.5,21026
1779346800,7500.5,7504.25,7488.75,7502.75,18311
1779350400,7503,7532.5,7502,7515,33550
1779354000,7514.75,7526.25,7514,7517.25,16821
1779357600,7517.25,7521.5,7477.5,7486,59702
1779361200,7486,7500.25,7481.25,7492.75,28713
1779364800,7492.5,7499,7480,7482,42281
1779368400,7481.75,7501.25,7472.5,7498,203655
1779372000,7497.75,7506.25,7474.25,7489.25,248575
1779375600,7489.25,7498,7470.25,7492.75,186160
1779379200,7492.5,7499.75,7480.5,7488.75,105594
1779382800,7488.75,7549.25,7488.75,7537,233589
1779386400,7537,7541.25,7500.5,7510.25,149359
1779390000,7510.25,7532.25,7509.75,7527.75,116869
1779393600,7527.75,7535,7525.75,7529.75,17702
1779400800,7530,7541.5,7529,7540.5,13403
1779404400,7540.5,7546,7538.75,7542,9436
1779408000,7542.5,7551.25,7539,7547,19861
1779411600,7546.75,7548,7536.75,7543,19992
1779415200,7543,7547.5,7541,7546,9876
1779418800,7546,7551.25,7542.5,7551.25,7614
1779422400,7551.25,7556.25,7551.25,7555.75,8694
1779426000,7555.75,7557.25,7546.75,7547.75,10929
1779429600,7547.75,7557.25,7545.75,7551.5,15082
1779433200,7551.5,7552.25,7544,7551,15755
1779436800,7551.25,7563,7546,7548,26540
1779440400,7547.75,7548.25,7535.5,7546,19169
1779444000,7546,7546.25,7532,7537.5,15475
1779447600,7537.25,7548.75,7535,7543.5,19584
1779451200,7543.25,7566,7540.75,7565.5,61598
1779454800,7565.5,7578.75,7553.5,7572.25,178192
1779458400,7572.75,7572.75,7541.25,7562.25,186437
1779462000,7562,7578,7561.25,7573,99060
1779465600,7573.5,7574.75,7565.25,7569.75,80312
1779469200,7569.75,7586.5,7563,7570.5,140349
1779472800,7570.75,7573.75,7563.25,7567.75,65392
1779476400,7568,7569.25,7546.25,7553.25,105139
1779480000,7553.5,7557.5,7544.75,7546.75,22951
1779660000,7581,7600.25,7579.25,7595.5,27426
1779663600,7595.5,7606.75,7595.5,7599.75,17212
1779667200,7600,7610.5,7597.5,7605,17642
1779670800,7605,7612,7602.75,7608.75,10490
1779674400,7609,7615,7607.75,7614.5,8838
1779678000,7614.5,7622,7614.5,7618,13258
1779681600,7618.25,7624,7618.25,7621.5,4942
1779685200,7621.75,7627.5,7621.5,7623.5,7798
1779688800,7623.25,7625.25,7619.5,7622.25,7435
1779692400,7622.25,7628.75,7610.75,7623.75,18710
1779696000,7623.5,7624,7615.5,7622.5,6995
1779699600,7622.5,7624.5,7620.25,7622,4019
1779703200,7622,7626,7620.75,7624,3531
1779706800,7624,7629.25,7621.75,7626.5,6798
1779710400,7626.5,7631.5,7621,7621.5,12780
1779714000,7621.5,7628.25,7620,7627.75,16842
1779717600,7627.5,7628,7616.5,7618,22950
1779721200,7618,7632.5,7616.75,7621,40944
1779724800,7621.25,7627.25,7617.75,7627,15756
1779746400,7625.75,7628.5,7610.25,7611.75,21304
1779750000,7611.75,7614.25,7605,7610,17263
1779753600,7610.25,7610.5,7596.75,7602.25,25501
1779757200,7602.25,7603.75,7594,7601.25,17624
1779760800,7601.5,7603.5,7597.5,7600.75,9332
1779764400,7600.75,7604,7598.75,7603,6806
1779768000,7603,7605.5,7599.75,7601,6270
1779771600,7601,7603.75,7598,7599.75,5812
1779775200,7600,7606.75,7598.5,7602.25,11686
1779778800,7602.25,7603.5,7587.75,7593.75,18944
1779782400,7594.25,7596,7590.75,7595.5,7515
1779786000,7595.5,7601.5,7592.25,7600,9101
1779789600,7600.25,7613.75,7599,7605,15349
1779793200,7605,7606.75,7594.75,7602.75,17509
1779796800,7602.5,7610.75,7598.25,7606.5,19969
1779800400,7606.25,7607.5,7587.25,7604,146373
1779804000,7604,7617.75,7601.25,7610.25,132142
1779807600,7610.5,7611.25,7579.5,7585.5,160763
1779811200,7585.5,7596.5,7582.25,7586.25,91667
1779814800,7586,7590.75,7580.75,7586.5,56205
1779818400,7586.25,7596.25,7584,7587,62607
1779822000,7587,7604.75,7584.5,7601.5,90271
1779825600,7601.75,7603.25,7593.75,7595.25,24062
1779832800,7596.5,7600.5,7592,7595.75,11383
1779836400,7596,7607.25,7595.75,7606,12346
1779840000,7605.75,7609.5,7600.25,7608,16045
1779843600,7608.5,7611.25,7604.25,7605,10208
1779847200,7605.25,7609.5,7604.75,7606.75,6216
1779850800,7606.75,7609.25,7600.75,7601.25,6190
1779854400,7601.5,7605.75,7598,7603.75,8039
1779858000,7603.75,7607.25,7600,7606.5,6442
1779861600,7606.5,7608,7599.25,7602.5,6928
1779865200,7602.5,7611.25,7602.5,7610.25,7790
1779868800,7610.5,7622,7609.5,7620.25,13197
1779872400,7620,7623.75,7618,7622.5,7967
1779876000,7622.75,7627.5,7621.75,7624.25,9204
1779879600,7624.5,7629,7613,7613.5,18260
1779883200,7613.75,7633,7607.75,7615.5,73016
1779886800,7615,7616.25,7588.25,7600.25,183903
1779890400,7600.75,7609.75,7588.25,7592.5,236450
1779894000,7592.5,7597.75,7579,7586.75,155962
1779897600,7586.75,7602,7581.5,7593.5,89153
1779901200,7593.75,7596.5,7577.25,7593,90395
1779904800,7593,7606.75,7589,7604.5,66508
1779908400,7604.25,7607.75,7597.75,7602.25,82088
1779912000,7602.5,7618.25,7601,7616.75,23107
1779919200,7617.25,7620.5,7603.5,7608.5,15373
1779922800,7608.25,7611.75,7594.5,7597,16271
1779926400,7597,7614.25,7595,7611.5,19701
1779930000,7611.5,7613,7605.5,7611.75,12100
1779933600,7612,7613.25,7595,7596.5,14799
1779937200,7596.75,7599,7573.75,7575,33953
1779940800,7575,7577.75,7568.25,7572.75,22015
1779944400,7572.75,7591.75,7569.25,7590.25,19538
1779948000,7590.5,7594,7586,7591,12106
1779951600,7590.75,7596.75,7587.75,7594.25,12058
1779955200,7594.25,7597.25,7589.5,7595.75,10069
1779958800,7595.5,7598.25,7590,7594.5,7236
1779962400,7594.75,7595,7577.5,7581.5,17481
1779966000,7581.5,7587.25,7579.25,7584.5,16595
1779969600,7584.75,7602.25,7583.25,7600.5,26370
1779973200,7600.75,7606.5,7588,7598.25,134842
1779976800,7598.25,7636.5,7596,7625.25,257320
1779980400,7625.25,7639.5,7624,7637.5,99012
1779984000,7637.25,7645.25,7633.25,7643.5,63486
1779987600,7643.75,7646.25,7637.5,7643.5,54942
1779991200,7643.5,7645.5,7638.5,7639,51547
1779994800,7639,7649,7637.75,7644.5,83278
1779998400,7644.5,7653.25,7642.75,7650.5,25349
1780005600,7650.5,7655.25,7647.25,7647.75,10343
1780009200,7648,7652.5,7646.5,7647.75,7378
1780012800,7647.75,7648.5,7638.5,7640.25,13939
1780016400,7640,7642,7635.25,7639.75,13933
1780020000,7640,7644,7636.75,7638.25,8916
1780023600,7638.5,7645.25,7638.25,7643,6804
1780027200,7643,7649.75,7643,7647.75,6416
1780030800,7647.5,7650.5,7646.25,7648.75,5454
1780034400,7648.75,7655.5,7648.5,7654.75,9999
1780038000,7654.75,7655.25,7642.75,7649,12885
1780041600,7649,7652,7644.5,7648.25,10173
1780045200,7648.25,7657.75,7647.5,7652.75,11886
1780048800,7653,7653.75,7647.5,7652.75,8794
1780052400,7652.75,7658.25,7646.5,7656,20746
1780056000,7656,7656.5,7648.25,7653.75,19691
1780059600,7654,7672.5,7649.25,7671.5,118790
1780063200,7671.25,7674.25,7640,7653.25,278958
1780066800,7653.25,7667.25,7651.75,7657,160581
1780070400,7657.25,7671.25,7656,7660.25,101178
1780074000,7660.5,7663,7645,7645.75,89101
1780077600,7645.75,7660.75,7644.25,7648,102097
1780081200,7647.75,7669.5,7646.25,7657.5,142429
1780084800,7657.75,7661.5,7651.75,7653,28461
1780264800,7657.25,7665.75,7648,7664,18853
1780268400,7664,7669,7662.75,7667.75,10477
1780272000,7667.75,7676.25,7667,7674,21847
1780275600,7674,7677,7670.75,7676.5,14056
1780279200,7676.5,7680.5,7676,7678,10710
1780282800,7678,7682.25,7673.25,7675,13998
1780286400,7675,7680.5,7674.75,7680,7652
1780290000,7680,7681.5,7676.5,7680.25,5960
1780293600,7680.5,7681.25,7676.5,7680,6182
1780297200,7680.25,7683,7670,7673.75,14062
1780300800,7673.75,7676.75,7668.25,7676.75,12011
1780304400,7676.75,7679,7671.25,7672.5,9147
1780308000,7672.5,7680.25,7672.5,7678.75,9015
1780311600,7679,7685,7676.25,7676.5,16773
1780315200,7676.75,7678.25,7668.75,7671.25,31311
1780318800,7671.25,7672.5,7638.5,7647.75,251132
1780322400,7647.75,7658.75,7643.5,7647.5,169159
1780326000,7647.5,7665.5,7645.25,7658,137108
1780329600,7658,7671.75,7649.5,7670.25,118062
1780333200,7670.25,7695.25,7661.25,7686.5,139529
1780336800,7687,7690.75,7684.5,7687,43359
1780340400,7686.75,7689.25,7673,7676.25,81525
1780344000,7676.5,7680.75,7669,7670.75,25222
1780351200,7673.25,7674.5,7653.25,7657.75,19459
1780354800,7658,7661,7654.5,7658.5,10464
1780358400,7658.5,7658.5,7642.5,7644.5,21675
1780362000,7644,7648.5,7640,7640,18799
1780365600,7640,7645.75,7639.5,7644,9943
1780369200,7643.75,7645.25,7638.75,7644.5,10234
1780372800,7644.25,7653.25,7643.75,7653,9543
1780376400,7653,7659.25,7650.75,7656.5,8592
1780380000,7656.75,7664.75,7656.25,7664,11694
1780383600,7664,7669,7663.75,7668.75,10655
1780387200,7668.75,7673,7665.75,7668.25,13497
1780390800,7668,7668.25,7661.25,7664,12327
1780394400,7663.75,7666,7661.25,7661.25,7843
1780398000,7661.5,7665,7657.75,7658.75,15093
1780401600,7658.75,7665.25,7657.5,7659.5,18332
1780405200,7659.5,7668,7650,7666.5,127801
1780408800,7666.5,7687.75,7661.75,7687.75,159384
1780412400,7687.75,7694.5,7684,7687.25,92574
1780416000,7687.25,7690.5,7681.25,7689,73540
1780419600,7689,7690,7678,7679,63539
1780423200,7679.25,7684.25,7676.75,7681.25,46883
1780426800,7681.25,7688,7681.25,7686,65667
1780430400,7686,7692.5,7685.75,7690.75,22059
1780437600,7690.75,7691,7683,7684,13546
1780441200,7684,7688.5,7665,7687,42136
1780444800,7687.25,7689.5,7682,7688,14351
1780448400,7687.75,7688.5,7681.5,7684.25,10850
1780452000,7684.5,7685.75,7682.5,7683.75,5287
1780455600,7683.75,7687,7683.25,7686.25,4783
1780459200,7686,7688.25,7684.5,7684.75,4300
1780462800,7685,7687,7680,7681.75,7145
1780466400,7681.5,7684.5,7678.25,7681.5,10888
1780470000,7681.5,7686,7678.25,7682.5,9099
1780473600,7682.75,7684.5,7678,7681.25,11698
1780477200,7681.25,7684.25,7673.75,7674.5,9735
1780480800,7674.25,7684.75,7673,7677.5,21445
1780484400,7677,7683,7677,7678.75,10806
1780488000,7679,7681.5,7666.25,7669.5,30452
1780491600,7669.25,7677.25,7636.5,7648.75,194349
1780495200,7648.5,7660.25,7646.25,7651.5,162287
1780498800,7651.75,7654.75,7637.25,7641.75,111732
1780502400,7641.75,7644.5,7625,7640.75,127949
1780506000,7640.75,7647.5,7629.5,7645.5,85634
1780509600,7645.75,7650.5,7639.5,7645.75,63199
1780513200,7645.75,7646,7631,7634.75,133723
1780516800,7635,7636,7604.25,7609.75,50822
1780524000,7604,7608.75,7593,7606.25,37030
1780527600,7606,7607,7591.5,7597,24478
1780531200,7596.75,7611.25,7594.25,7609,26080
1780534800,7609,7613.75,7599.5,7603.5,19449
1780538400,7603.75,7604,7590,7597.75,19369
1780542000,7597.75,7607.25,7596.75,7606,10959
1780545600,7606,7610.5,7603.5,7608.75,7472
1780549200,7608.75,7609.25,7601,7606.25,8538
1780552800,7606.25,7615.5,7604.5,7615,10964
1780556400,7615.25,7620.5,7613.25,7616.25,12759
1780560000,7616,7616.25,7599.75,7603,27804
1780563600,7603.25,7612.25,7595,7610.25,23817
1780567200,7610.25,7610.5,7590.75,7596,21044
1780570800,7596,7608,7587,7606.5,43098
1780574400,7606.25,7615,7599.25,7612.25,39577
1780578000,7612.75,7627,7604.25,7622.25,171674
1780581600,7621.75,7633,7612.25,7632.25,164987
1780585200,7632.25,7650,7632,7643.5,110598
1780588800,7643.75,7660,7642,7658.75,72465
1780592400,7658.75,7668,7656.5,7667.25,52103
1780596000,7667.25,7670.25,7665.5,7666.75,44556
1780599600,7667,7674,7660.75,7662.25,89501
1780603200,7662,7664.5,7649.75,7650,31404
1780610400,7652,7654,7640.75,7648.5,14209
1780614000,7648.5,7649.25,7635.75,7636,16585
1780617600,7636,7636,7619,7621.5,30794
1780621200,7621.75,7623.5,7609.25,7623.25,28438
1780624800,7623,7629,7620.75,7623.75,17051
1780628400,7624,7626.5,7616,7619,12308
1780632000,7619.25,7627.75,7617.75,7626.25,8792
1780635600,7626.25,7627,7619.25,7620.5,7908
1780639200,7620.5,7627.5,7613.5,7616.75,12125
1780642800,7616.5,7622.5,7609.5,7620,14480
1780646400,7619.75,7631,7616.75,7622.75,14860
1780650000,7622.75,7641.5,7622.25,7630.25,24157
1780653600,7630.25,7636.75,7629.5,7631,9138
1780657200,7630.5,7633.5,7621.75,7625.75,20603
1780660800,7625.75,7630.5,7608.25,7612.25,48536
1780664400,7612.25,7615.25,7573.25,7574,223930
1780668000,7574,7596,7568.25,7585.25,290450
1780671600,7585.5,7588.75,7548.75,7552.5,187801
1780675200,7552.75,7553,7511.25,7532.25,207675
1780678800,7532.5,7540.25,7514.75,7534,150469
1780682400,7534,7535,7471.5,7479,247377
1780686000,7478.75,7485.5,7442.25,7462.75,342132
1780689600,7462.75,7464,7421.5,7430.5,83314
1780869600,7430.75,7458.75,7418,7430.25,65924
1780873200,7430.25,7467,7430.25,7462.75,35717
1780876800,7462.5,7485.5,7458.25,7478.25,41403
1780880400,7478.25,7481.5,7446.5,7468.5,57980
1780884000,7469,7481.75,7463,7477,27591
1780887600,7477,7482,7473,7479,11002
1780891200,7479.25,7481.25,7463,7463.75,13982
1780894800,7463.75,7471.5,7448.75,7454.25,19163
1780898400,7454.25,7472.5,7452,7465,21474
1780902000,7465,7491.25,7463,7485.75,27452
1780905600,7485.5,7486.25,7471.75,7476.25,18493
1780909200,7476.25,7493.75,7469.75,7489.75,15948
1780912800,7490,7498.5,7478,7490.75,20713
1780916400,7490.75,7520.25,7485,7509.25,40580
1780920000,7509.25,7530.25,7508.5,7522,38647
1780923600,7521.75,7534,7493.5,7494,205489
1780927200,7494,7536,7491.5,7535.75,244460
1780930800,7535.75,7539.25,7503.25,7512.25,187168
1780934400,7512.5,7524.75,7499.75,7504,131242
1780938000,7504,7509,7485.5,7496.25,163185
1780941600,7496.25,7509.75,7492.75,7494.25,99993
1780945200,7494.5,7496.75,7466.25,7478,184361
1780948800,7478.5,7481.5,7469.75,7474.5,25645
1780956000,7474.75,7479.5,7453.25,7474.25,24321
1780959600,7474.5,7481.75,7465.75,7473,21455
1780963200,7472.75,7474.5,7452.5,7457.75,31852
1780966800,7458,7490.5,7456,7482.5,28707
1780970400,7482.5,7487.75,7478,7485.75,14605
1780974000,7485.75,7495.5,7483.75,7493,12780
1780977600,7493,7499.75,7490.25,7496.5,9685
1780981200,7496.75,7503.5,7494.5,7499.25,9658
1780984800,7499.25,7504.5,7492.75,7495.75,9575
1780988400,7495.75,7509.25,7493,7495.25,17514
1780992000,7495.25,7511.5,7490.5,7504.75,19681
1780995600,7504.5,7513.75,7503.75,7511,8892
1780999200,7511.25,7518.5,7496.75,7513.75,22526
1781002800,7514,7517,7505.5,7505.75,14010
1781006400,7506,7519.25,7504,7518.75,26405
1781010000,7518.75,7553.5,7511.5,7528,190223
1781013600,7528,7535,7430.25,7461.5,452520
1781017200,7461.75,7468,7373.5,7375,366432
1781020800,7375,7389.75,7309.5,7349.75,408844
1781024400,7350,7423.5,7347.75,7409.75,220600
1781028000,7410.25,7456,7405,7452,147623
1781031600,7452,7461.25,7410,7454.25,193714
1781035200,7454.25,7461.5,7444.75,7452.5,37159
1781042400,7444.5,7449.25,7426,7433,27891
1781046000,7432.75,7442.25,7427.5,7441.5,22080
1781049600,7441.5,7455.75,7426.5,7444,36779
1781053200,7444.5,7452.5,7438.5,7442.5,22361
1781056800,7442,7444,7432,7433.5,15082
1781060400,7433.5,7444.25,7432.25,7435,8718
1781064000,7435.25,7436.25,7418.25,7420.5,11739
1781067600,7420.5,7433.25,7416.25,7431,13150
1781071200,7431,7438.25,7429.25,7431,11615
1781074800,7431,7436,7424.5,7430.25,15350
1781078400,7430,7430.25,7395,7398.75,34828
1781082000,7399,7405.25,7381.5,7400,36262
1781085600,7400.25,7409,7387,7406.5,29012
1781089200,7406.5,7409,7367.75,7385,60678
1781092800,7384.75,7429.5,7382.25,7413,101057
1781096400,7413,7452.75,7397.75,7440.5,224375
1781100000,7440.5,7467.25,7405.5,7411.25,328507
1781103600,7411.75,7427.5,7367.75,7402.5,325958
1781107200,7402.75,7408.5,7377,7386.5,146091
1781110800,7386.5,7397,7361.25,7389.75,135912
1781114400,7389.5,7401,7353,7357.5,123112
1781118000,7357.75,7364.5,7337.5,7338.5,157163
1781121600,7338.5,7341.75,7318.75,7329.5,43188
1781128800,7325.5,7329.25,7305.25,7306.5,41103
1781132400,7306.75,7325.75,7295,7312,59735
1781136000,7312.25,7345.25,7308.25,7339.5,55379
1781139600,7339.75,7368.5,7339.5,7350,39350
1781143200,7350.25,7359.75,7335.75,7351.75,28817
1781146800,7352,7368.5,7343.5,7367,22853
1781150400,7367.5,7380.25,7363,7375.25,20591
1781154000,7375.75,7376.25,7365.25,7371,18768
1781157600,7370.75,7378.5,7357.25,7378,33279
1781161200,7378.25,7393.75,7375,7389.75,31812
1781164800,7389.5,7400,7389,7399,24812
1781168400,7399,7401.25,7394,7396,16009
1781172000,7396,7400,7391,7391.5,17717
1781175600,7391.5,7396.5,7380,7394.75,43033
1781179200,7394.5,7396.5,7350.75,7378.75,107311
1781182800,7378.5,7397.75,7345.5,7379.5,272662
1781186400,7379.5,7398.25,7332.75,7338,359222
1781190000,7337.75,7376.75,7325.5,7362.5,239118
1781193600,7363,7385,7346.75,7347.25,154335
1781197200,7347.5,7449,7334.5,7431.5,259586
1781200800,7431.5,7445.75,7407.75,7440,132436
1781204400,7440,7482.25,7434.75,7457,160424
1781208000,7457.25,7472.25,7452.75,7460.25,26693
1781215200,7460.75,7479,7460.25,7474,18775
1781218800,7474.25,7479.5,7465,7477.5,18559
1781222400,7477.25,7484,7469,7475,25967
1781226000,7475,7475.5,7459,7472.75,26410
1781229600,7472.75,7477.5,7467.25,7474.25,20246
1781233200,7474.25,7474.5,7462.25,7469.5,18420
1781236800,7469.75,7474,7462.75,7473.25,13734
1781240400,7473.25,7475.25,7449.75,7455.75,31014
1781244000,7455.5,7466.5,7446.75,7450.5,27140
1781247600,7450.75,7471,7437.25,7463.5,36984
1781251200,7463.75,7490.75,7461.5,7477.5,38238
1781254800,7477.75,7513.75,7477.5,7502,28337
1781258400,7501.75,7507,7482,7487.25,28946
1781262000,7487.5,7510.25,7484.75,7505.5,26223
1781265600,7505.5,7507,7464.5,7467,40166
1781269200,7466.75,7487.25,7429,7445.5,223268
1781272800,7445.75,7506,7444.25,7503.25,281221
1781276400,7503.25,7524,7463.75,7468.25,213545
1781280000,7468.25,7502.5,7461,7494.75,134048
1781283600,7495,7509.5,7488.5,7493,72048
1781287200,7493,7503.75,7484.25,7490.25,67044
1781290800,7490.25,7502.25,7481,7496,81558
1781294400,7495.75,7507.25,7495.5,7498.5,19132
1781474400,7542,7568,7540,7557.75,31519
1781478000,7558,7561.75,7546.75,7559.75,17419
1781481600,7559.75,7574.75,7557.25,7571,21823
1781485200,7571.25,7579.25,7569.25,7576,12801
1781488800,7575.75,7584.25,7575.75,7583.25,8362
1781492400,7583.25,7587.5,7580.75,7583.5,7679
1781496000,7583.5,7591,7580.5,7590.5,8767
1781499600,7590.25,7595.25,7589.5,7594.75,9068
1781503200,7595,7597,7586.75,7589.75,13697
1781506800,7589.75,7595.75,7585.25,7586.75,16672
1781510400,7586.5,7597,7586.25,7592.25,14531
1781514000,7592,7596,7582.75,7587.25,12994
1781517600,7587.5,7592.75,7586.75,7592,8753
1781521200,7592.25,7602,7591.25,7595.75,20696
1781524800,7595.75,7598.75,7587.5,7594.5,23015
1781528400,7594.75,7622.5,7591.75,7614.5,120256
1781532000,7614,7625,7605.75,7623.25,136634
1781535600,7623.25,7644.5,7623,7643,78004
1781539200,7643.25,7648.75,7636.75,7640.5,59680
1781542800,7640.5,7645.5,7632.25,7633.75,54775
1781546400,7633.75,7636.25,7625.5,7631.5,53165
1781550000,7631.75,7634.5,7616.5,7630.25,86664
1781553600,7630,7631.5,7624.25,7624.5,18736
1781560800,7626.5,7630,7612,7617.75,12952
1781564400,7617.25,7622,7614.5,7620.25,7489
1781568000,7620.25,7625.25,7612.75,7615.25,13724
1781571600,7615.5,7619,7613.25,7616.5,9471
1781575200,7616.25,7621,7614,7617.5,7057
1781578800,7617.75,7627.5,7616.75,7623,8989
1781582400,7623.25,7623.5,7615.25,7618.5,6277
1781586000,7618.75,7625.25,7616,7618.25,6149
1781589600,7618,7624,7617,7622.5,6654
1781593200,7622.25,7627.75,7620.25,7624.5,11255
1781596800,7624.75,7630.25,7620.75,7626.5,14916
1781600400,7626.25,7628.75,7618.75,7620.25,9694
1781604000,7620.5,7631,7620.5,7630.75,9164
1781607600,7630.5,7634.25,7628.5,7631.25,13243
1781611200,7631.25,7634.75,7621.75,7625.25,28720
1781614800,7625.25,7636.5,7620.75,7622.75,137228
1781618400,7622.75,7634.25,7604,7611.25,244967
1781622000,7611,7619.25,7598.75,7610,169275
1781625600,7609.75,7622.5,7606,7610.5,119119
1781629200,7610.5,7611.5,7598.75,7606,80867
1781632800,7605.75,7607.75,7600.5,7602,52732
1781636400,7601.75,7603,7582.75,7588,149622
1781640000,7588,7588.75,7577.75,7583.5,28892
1781647200,7583.5,7597.5,7583,7596.25,11783
1781650800,7596.5,7597,7589,7591.75,7987
1781654400,7592,7600.5,7592,7597,13966
1781658000,7597,7605.5,7595.5,7605.5,10406
1781661600,7605.25,7605.5,7601,7602.5,5666
1781665200,7602.75,7606.25,7598.75,7606,6678
1781668800,7606,7606.5,7601,7606,4463
1781672400,7606.25,7608,7603,7604,5593
1781676000,7604.25,7609.25,7601.25,7609,6730
1781679600,7608.75,7612.5,7603.25,7606,10083
1781683200,7605.75,7608.25,7591.5,7600,15978
1781686800,7600,7602.75,7590.25,7592.25,11707
1781690400,7592.25,7598.5,7585.5,7591.25,16393
1781694000,7591.25,7597.75,7582.75,7586.5,17491
1781697600,7586.75,7596.5,7586.25,7595.5,24012
1781701200,7595,7600.25,7581,7581.25,141196
1781704800,7581.25,7604.25,7560.5,7572.25,263211
1781708400,7572.5,7591.25,7568,7588.75,127155
1781712000,7589,7593.25,7581.5,7582.75,47237
1781715600,7582.5,7590,7568.5,7590,69906
1781719200,7589.75,7590,7513.75,7540.5,337023
1781722800,7540.5,7552,7472.25,7492,281509
1781726400,7492.25,7514.75,7489.75,7511,34722
1781733600,7515,7527.75,7504.25,7525.75,21458
1781737200,7525.5,7541.5,7524.5,7541.5,15296
1781740800,7541.5,7560.5,7539.75,7550.75,34346
1781744400,7551,7561.5,7550,7552.75,19169
1781748000,7553,7559.75,7552.25,7556.75,8143
1781751600,7556.75,7558.75,7550.5,7555.25,8310
1781755200,7555.75,7556.75,7539.25,7545,12974
1781758800,7544.75,7550.75,7542.75,7546.25,8982
1781762400,7546.5,7557.25,7540.75,7556.75,12980
1781766000,7556.75,7559.5,7550.25,7559.5,11970
1781769600,7559.5,7568,7547,7547.75,17829
1781773200,7548,7564,7545.75,7563.25,12672
1781776800,7563.25,7564.5,7551.25,7553,13061
1781780400,7553.5,7554.75,7531.25,7543.25,27519
1781784000,7543.25,7565,7540.75,7560.5,29002
1781787600,7560.5,7581.75,7535.5,7544,218345
1781791200,7544.25,7570.75,7539,7566.25,200340
1781794800,7566.5,7569,7541,7560.5,140881
1781798400,7560.5,7570.5,7555,7564,68611
1781802000,7564.25,7578.75,7561.5,7567,57616
1781805600,7567.25,7568,7559,7561.25,58232
1781809200,7561.5,7580.75,7549.25,7564.5,123053
1781812800,7564.5,7583,7562.25,7574.75,27836
1781820000,7575.5,7580,7559.75,7561,12354
1781823600,7561.25,7568.25,7560.25,7565.75,8001
1781827200,7565.5,7565.75,7556,7558.25,13267
1781830800,7558.25,7560.75,7547.25,7547.5,11109
1781834400,7547.5,7549.25,7541.75,7546.25,8607
1781838000,7546.25,7548.5,7536,7538.5,9402
1781841600,7538.75,7539.5,7521.5,7525.5,12779
1781845200,7525.5,7531.75,7520.5,7531.5,11631
1781848800,7531.25,7542.75,7530,7541.5,9305
1781852400,7541.25,7555,7541,7554.25,11118
1781856000,7554.25,7560.5,7550.5,7558.5,8213
1781859600,7558.75,7562.25,7553.5,7555.25,8498
1781863200,7555.25,7555.75,7537.75,7543.5,11793
1781866800,7543.5,7546.25,7537,7544.25,10212
1781870400,7544.25,7562.25,7533.5,7558.75,27756
1781874000,7559,7563.75,7554.5,7559.5,39777
1781877600,7559.25,7566,7554,7565.25,31044
1781881200,7565,7568.5,7558.25,7563.75,26880
1781884800,7563.75,7567.75,7554.75,7557,15166
1782079200,7543.75,7549.75,7526,7538,32059
1782082800,7537.75,7538.25,7513,7516,31134
1782086400,7515.75,7550,7514.5,7549,37645
1782090000,7549,7558,7549,7549.75,19799
1782093600,7550,7550.75,7537.25,7538.5,14215
1782097200,7538.5,7542.25,7533.5,7534.5,12207
1782100800,7534.5,7536.75,7528.5,7534.75,12123
1782104400,7534.75,7547.75,7533.75,7546.25,11362
1782108000,7546.5,7563,7546,7561.75,12811
1782111600,7561.75,7567.5,7560.5,7562.75,9849
1782115200,7562.75,7563.75,7552.5,7559.25,11079
1782118800,7559.5,7564.5,7554.5,7555,8764
1782122400,7554.75,7564.75,7554.75,7558.75,8434
1782126000,7558.5,7578,7558.5,7563.5,24926
1782129600,7563.75,7576.5,7563.75,7568,17936
1782133200,7568,7596.75,7568,7596.5,159718
1782136800,7596,7599.25,7527.25,7543,264266
1782140400,7543,7559.25,7534.5,7542.5,176416
1782144000,7542.75,7550.5,7532,7546,97513
1782147600,7546.25,7549.5,7535.25,7542.75,62294
1782151200,7543,7553.75,7531.5,7533,69086
1782154800,7533,7545.75,7528,7540.25,97389
1782158400,7540.25,7547,7539,7540.75,20477
1782165600,7543.25,7547.5,7529.25,7532,13841
1782169200,7532.25,7533.25,7525.5,7532,10810
1782172800,7531.75,7545.25,7522,7540,26090
1782176400,7540.25,7542.5,7512,7522.5,28862
1782180000,7522.5,7525,7510.5,7512.5,17734
1782183600,7512.75,7513.75,7496.5,7509,22050
1782187200,7509.25,7512,7481.75,7483.25,18988
1782190800,7483.5,7488.25,7465.5,7468.5,28910
1782194400,7468.75,7472.25,7444.5,7447,32290
1782198000,7447,7455.5,7428.5,7434,32692
1782201600,7433.75,7438.5,7421.5,7430.5,41608
1782205200,7430.5,7446,7429.5,7444.25,23985
1782208800,7444.25,7449.5,7426.25,7436.75,27605
1782212400,7436.75,7453.75,7432.5,7450.75,32194
1782216000,7450.75,7454.5,7427.5,7432.5,40747
1782219600,7432.5,7466.25,7415,7465.25,225675
1782223200,7465.5,7491.25,7459.75,7464.75,264560
1782226800,7464.75,7468.75,7435.75,7453.75,179443
1782230400,7454,7475.25,7452.75,7469.5,99188
1782234000,7469.75,7476.5,7452.75,7453,88979
1782237600,7453.25,7461.25,7428.75,7436.25,107489
1782241200,7436,7453,7432.75,7434.75,177544
1782244800,7435,7447,7431.75,7445.5,25977
1782252000,7449,7452.25,7429,7434.75,23659
1782255600,7435,7451,7420.25,7447,32503
1782259200,7446.75,7460,7443.25,7453.5,36455
1782262800,7453.75,7454.5,7442.5,7451.25,23482
1782266400,7451.25,7453.25,7429.75,7430,19005
1782270000,7430,7452,7427,7447.75,23325
1782273600,7448,7451.5,7434.75,7449.5,14551
1782277200,7449.5,7459.5,7447.25,7450.5,12936
1782280800,7450.25,7454,7445,7449,10858
1782284400,7449,7452.75,7439.5,7443,16026
1782288000,7443,7453.25,7442.25,7447.5,12854
1782291600,7447.5,7452.25,7439.25,7447.75,12252
1782295200,7447.75,7458.25,7442.25,7448.75,15442
1782298800,7449,7465,7443.75,7463.75,23392
1782302400,7463.75,7467,7448,7450.5,30114
1782306000,7450.5,7472.5,7437,7454.5,226699
1782309600,7454.75,7494.25,7436.5,7493.5,252476
1782313200,7493.5,7496.5,7474.5,7480.25,175569
1782316800,7480.25,7485.5,7450.5,7452.75,137339
1782320400,7453.25,7461,7407.75,7414,207776
1782324000,7414.25,7443.25,7408.25,7415.5,150601
1782327600,7415.5,7431.5,7404,7428.25,149522
1782331200,7428,7482.25,7421.25,7477.25,54927
1782338400,7477.25,7486.75,7465.75,7466.5,19057
1782342000,7466.5,7478.75,7464,7471.75,14821
1782345600,7471.75,7473.25,7453,7455,23863
1782349200,7455,7466.5,7452,7460,19122
1782352800,7460,7464.75,7452.75,7463.5,13327
1782356400,7463.75,7469.75,7460.25,7469.25,10315
1782360000,7469.5,7469.75,7459.75,7464.25,8070
1782363600,7464.25,7476.5,7464,7472,9122
1782367200,7472,7482,7471,7477.75,11642
1782370800,7478,7488.75,7478,7488,13783
1782374400,7488.25,7491.25,7475.75,7476.75,16480
1782378000,7477,7484.5,7476,7480.5,12223
1782381600,7480.5,7487.5,7480,7483.5,10331
1782385200,7483.75,7487.25,7472.25,7475.75,20309
1782388800,7475.75,7496.25,7472.25,7486.75,43055
1782392400,7487,7490.5,7390,7393,307601
1782396000,7393.25,7475.5,7392.25,7449.25,411550
1782399600,7449.25,7462.25,7414.25,7437.5,230054
1782403200,7438,7459,7409.75,7420.5,156330
1782406800,7420.5,7438,7410.5,7429.5,115064
1782410400,7429.5,7456.75,7408.25,7434.25,152604
1782414000,7434.5,7434.75,7408.75,7428.75,137726
1782417600,7428.5,7454,7427.75,7434,38002
1782424800,7431,7435.75,7416,7425.25,20457
1782428400,7425.25,7454,7417,7424,36602
1782432000,7423.75,7435.5,7418.5,7421.5,29543
1782435600,7421.75,7428,7395,7399.75,32159
1782439200,7399.75,7401.5,7366.75,7371.25,41000
1782442800,7371,7383.5,7357.25,7383,33182
1782446400,7383.25,7385.5,7365.5,7367.75,22700
1782450000,7367.75,7383,7364.5,7372,19254
1782453600,7372.25,7409.5,7369,7404,22221
1782457200,7403.75,7413.75,7394.75,7411.25,19327
1782460800,7411,7415.75,7381.25,7388.75,24476
1782464400,7388.75,7396.25,7380,7385.5,22055
1782468000,7385.5,7389.25,7376.75,7386.5,15856
1782471600,7386.5,7394.5,7377.5,7384.75,20049
1782475200,7384.75,7404,7380,7383.75,31728
1782478800,7384.25,7405.5,7360,7403.5,224828
1782482400,7401.5,7436.25,7397.75,7418,247767
1782486000,7418,7459.25,7409.5,7447.75,192989
1782489600,7447.75,7449.25,7420.75,7438.25,124090
1782493200,7438.25,7452.5,7427.5,7429.75,91832
1782496800,7430.25,7439.5,7405,7409,78838
1782500400,7409,7432.25,7369.75,7379.25,122005
1782504000,7379.5,7420.5,7370.5,7397.75,54186
1782684000,7398,7438.75,7398,7434.25,33550
1782687600,7434.25,7455.75,7432.75,7447.25,25618
1782691200,7447.5,7447.5,7422.25,7438.5,52034
1782694800,7438.75,7442.75,7426.75,7438.5,28341
1782698400,7438.75,7443.75,7420.5,7440.5,22674
1782702000,7441,7452.75,7434.25,7450.25,20904
1782705600,7450.5,7450.5,7439.5,7442.25,13421
1782709200,7442,7458.5,7439,7457.25,15251
1782712800,7457,7457.75,7444.25,7446.25,13591
1782716400,7446.5,7453.5,7436.75,7451,18262
1782720000,7451.25,7463.75,7450.25,7451.5,18358
1782723600,7451.25,7459.25,7447.25,7454.5,14656
1782727200,7455,7466.75,7452.75,7466,17175
1782730800,7466,7473.75,7456.75,7463.5,22674
1782734400,7463.5,7468.5,7455,7464.25,20050
1782738000,7464,7489.75,7444.5,7458.75,210913
1782741600,7458.5,7472.5,7409,7468,344051
1782745200,7468,7476.25,7453,7475,123819
1782748800,7475.25,7481.75,7470,7477.5,68574
1782752400,7477.5,7498.75,7477.25,7494.25,74100
1782756000,7494.25,7502.25,7491.25,7497,51953
1782759600,7496.75,7505,7491.5,7497,100384
1782763200,7497,7499.75,7491,7493,25346
1782770400,7494.75,7497.25,7490.5,7494.25,10735
1782774000,7494.5,7499,7491.5,7495.5,8481
1782777600,7495.5,7501.25,7481.75,7492.75,22860
1782781200,7492.75,7501.25,7484,7498.25,17247
1782784800,7498.5,7498.75,7488.25,7491.25,9084
1782788400,7491.25,7506.75,7490,7501.75,9144
1782792000,7501.5,7513.5,7501.25,7511,9677
1782795600,7511.25,7514.5,7503.5,7510.25,11316
1782799200,7510.25,7511.25,7501.5,7508.75,12493
1782802800,7508.75,7512.75,7500.5,7502.25,13753
1782806400,7502,7510.25,7494,7502,18643
1782810000,7502,7508.25,7498.25,7506,11054
1782813600,7506.25,7515,7503.75,7513,11982
1782817200,7513,7517.5,7509,7510.5,17908
1782820800,7510.75,7511.25,7491.5,7496.75,33319
1782824400,7497,7527,7492.25,7526.75,137699
1782828000,7526.75,7541.75,7515.5,7520.5,167715
1782831600,7520.5,7547.75,7519.75,7545.75,96090
1782835200,7545.75,7558.25,7545.25,7555.5,55255
1782838800,7555.75,7559.5,7548.5,7552,47095
1782842400,7552.25,7562.25,7550.5,7558.5,52696
1782846000,7559,7567.75,7544.5,7544.75,127117
1782849600,7545,7553.25,7538.5,7541.75,34171
1782856800,7543.5,7550.75,7541,7543.5,13974
1782860400,7543.5,7547.25,7541.75,7545,8905
1782864000,7545,7549.25,7542,7544.75,12685
1782867600,7545,7546,7531.75,7532.75,19673
1782871200,7532.75,7533.25,7517.5,7529,20129
1782874800,7529,7534,7526.25,7532.75,10379
1782878400,7532.5,7535,7527,7530.5,8011
1782882000,7530.75,7532.5,7525.75,7527.5,7577
1782885600,7527.5,7530,7521.75,7524.25,10385
1782889200,7524.5,7525.25,7510.5,7523,18359
1782892800,7523,7529.25,7519.25,7529,18521
1782896400,7528.5,7531.25,7521.75,7531,13414
1782900000,7531,7537.75,7526,7536,10982
1782903600,7536,7539.75,7530,7531,12645
1782907200,7531,7538.75,7524.75,7528.5,37213
1782910800,7528.25,7539.5,7506,7536,179305
1782914400,7537,7555.5,7533,7553.5,160019
1782918000,7553.25,7578.5,7552.25,7572.5,113649
1782921600,7572.5,7579,7557.5,7559.75,67893
1782925200,7559.75,7568.5,7554.5,7556.75,66196
1782928800,7556.75,7561.5,7549.25,7553.25,54559
1782932400,7553.5,7561.75,7536.5,7541.75,95568
1782936000,7542,7543,7525.5,7533,34759
1782943200,7535.5,7541.25,7531.75,7539.75,11629
1782946800,7540.25,7540.5,7528.75,7534.75,9815
1782950400,7534.75,7542,7522.75,7541,22842
1782954000,7541.25,7556.5,7539.75,7552.75,18004
1782957600,7553,7558.25,7551.25,7557,9799
1782961200,7557.25,7558,7549.75,7554.5,10129
1782964800,7555,7556.25,7541.25,7548.25,9758
1782968400,7548.75,7554.75,7541.25,7542.5,10795
1782972000,7542.75,7544.75,7526.5,7530.5,15843
1782975600,7530.5,7536.75,7520,7531,18348
1782979200,7531,7545,7522.25,7542.5,19343
1782982800,7542,7542.5,7534.5,7537.25,11380
1782986400,7537.25,7544,7531.75,7542.75,10970
1782990000,7543,7549.5,7538.25,7543.5,15348
1782993600,7543.25,7576.75,7541,7561.75,50684
1782997200,7561.75,7594,7551.75,7588.75,186901
1783000800,7589,7593.75,7540.25,7557.25,298934
1783004400,7557.25,7559.25,7520.5,7526.75,224650
1783008000,7527,7529.5,7497.75,7501.5,144229
1783011600,7501.75,7503,7479.75,7482,120801
1783015200,7482.25,7514.75,7480,7509,110320
1783018800,7509.25,7534,7491.75,7526.5,135401
1783022400,7526.25,7527.25,7517.75,7522.75,29168
1783029600,7523.5,7535.75,7523.5,7535.5,8524
1783033200,7535.25,7537.75,7529.5,7536.25,11642
1783036800,7536,7540.25,7527.25,7530,19011
1783040400,7530.25,7551,7529.5,7549.25,18035
1783044000,7549.5,7553.5,7548.25,7552.75,8606
1783047600,7552.5,7555.5,7547.75,7554,7014
1783051200,7554.25,7557.25,7553.25,7554.75,5118
1783054800,7554.75,7555.75,7550.5,7554.75,7774
1783058400,7554.5,7565.25,7554,7558.5,9257
1783062000,7558.25,7560.75,7551.75,7552,6938
1783065600,7552,7553.5,7546.5,7547.25,6759
1783069200,7547.5,7553.25,7545.75,7548.5,6178
1783072800,7548.5,7554,7547,7552,4131
1783076400,7551.75,7552.75,7546.5,7552.5,5908
1783080000,7552.75,7556.5,7549,7552.75,8446
1783083600,7552.75,7559.25,7549.25,7554.25,23220
1783087200,7554.25,7561.75,7550.25,7560.25,20800
1783090800,7560.25,7560.5,7554.25,7558.75,15255
1783094400,7558.75,7559.25,7553.5,7557.25,10352
1783288800,7562.75,7569,7551.25,7562.75,22141
1783292400,7562.75,7570.75,7560.75,7569.75,15194
1783296000,7570,7574,7557.25,7566,27947
1783299600,7566,7566.5,7549.75,7553.5,19570
1783303200,7553.75,7555.75,7540.25,7544.25,16552
1783306800,7544.25,7547.75,7538,7542,13757
1783310400,7542.5,7553,7539.75,7552,9410
1783314000,7552.5,7554.75,7544.75,7549.75,8967
1783317600,7550,7555.75,7546.25,7554.5,6825
1783321200,7554.25,7563.5,7552.5,7563,7929
1783324800,7563,7566.75,7556.5,7562.75,8811
1783328400,7562.75,7565.5,7557,7565,6152
1783332000,7565,7566.5,7559.25,7563,6382
1783335600,7563.25,7565.25,7556,7556.5,9488
1783339200,7556.5,7564.75,7555.25,7562.5,17566
1783342800,7562.75,7574,7552,7564.5,132882
1783346400,7564.25,7582.5,7556.25,7582,133149
1783350000,7582.25,7589,7575.25,7587.75,84315
1783353600,7587.5,7591,7581.5,7583.75,52967
1783357200,7583.75,7594.75,7575,7580.25,79874
1783360800,7580,7599,7580,7598.25,59935
1783364400,7598.25,7602.25,7587.75,7593.5,93033
1783368000,7593.5,7598.25,7591.25,7596.5,19672
1783375200,7597.5,7601,7592.75,7593.75,9707
1783378800,7593.75,7598,7584.25,7585.75,12978
1783382400,7585.5,7595.5,7583.5,7585,19319
1783386000,7585.25,7588.75,7579,7583.5,15488
1783389600,7583.5,7587.5,7578.5,7578.75,9021
1783393200,7579.25,7583.25,7570.5,7574,13058
1783396800,7574.25,7575,7566.5,7568.75,8123
1783400400,7568.75,7575,7563,7573.5,11878
1783404000,7573.25,7574.75,7567,7573.5,8157
1783407600,7573.75,7580,7571.25,7572,10280
1783411200,7572.25,7583,7570.5,7579,10977
1783414800,7578.75,7583.25,7576,7582,6874
1783418400,7581.75,7585,7573.25,7576.75,12077
1783422000,7577.75,7580.25,7572,7578.75,15164
1783425600,7578.75,7587,7578.25,7581,21651
1783429200,7580.75,7587.75,7560.25,7566.5,144583
1783432800,7566.25,7570.25,7529.5,7542.25,226065
1783436400,7542,7551.25,7531.25,7550.75,99872
1783440000,7551,7568.75,7549.75,7567.25,94379
1783443600,7567.25,7571,7561.75,7569.25,55840
1783447200,7569.25,7570.75,7551.5,7552.5,67577
1783450800,7552.5,7557,7536.75,7553.25,119463
1783454400,7553.25,7554.5,7546.75,7551.75,19988
1783461600,7546,7549,7537.25,7547.5,11632
1783465200,7547.25,7553,7538,7539,13561
1783468800,7538.75,7562,7533.25,7561.75,28955
1783472400,7561.75,7563,7550.5,7553,17703
1783476000,7553,7555,7546.25,7553,13943
1783479600,7553.25,7561.5,7553.25,7554.5,8816
1783483200,7554.5,7556,7547,7551.5,8732
1783486800,7551.5,7555,7538.75,7543.5,10831
1783490400,7543.5,7545,7532.5,7539.25,11851
1783494000,7539.25,7548,7531.75,7541.5,13171
1783497600,7541.75,7547,7477.25,7480.5,61282
1783501200,7480.75,7484,7468.25,7474.5,30728
1783504800,7474.75,7490.25,7469,7485.5,23928
1783508400,7485.5,7506.5,7478.75,7498.75,42661
1783512000,7498.5,7519,7492.5,7505.25,38155
1783515600,7505.5,7524.75,7501.75,7515.75,152306
1783519200,7515.75,7522.75,7484.25,7493.25,212495
1783522800,7493.5,7495.5,7469.25,7481,141386
1783526400,7481,7522.75,7480.75,7522,124055
1783530000,7521.75,7536.5,7514.5,7519.5,86972
1783533600,7519.25,7530.25,7515.25,7528.25,66329
1783537200,7528.5,7536.5,7518.25,7526.75,82926
1783540800,7526.75,7529.5,7508.25,7515.25,28488
1783548000,7516.5,7523.5,7516.25,7519,9647
1783551600,7519.25,7528.75,7516.25,7527.25,12821
1783555200,7527,7536.75,7525.5,7532.5,19866
1783558800,7532.5,7538,7527.75,7530.25,14356
1783562400,7530.25,7543.5,7526.75,7528.5,18157
1783566000,7528.75,7540,7524.75,7539,12641
1783569600,7539,7547,7534.5,7546,9530
1783573200,7546,7554,7535.75,7552.5,16059
1783576800,7552.25,7553.5,7547,7549.75,9499
1783580400,7549.5,7557.75,7548,7553.5,11883
1783584000,7553.5,7558,7541.25,7545.5,12293
1783587600,7545.5,7546.75,7533.75,7542,10267
1783591200,7541.75,7544,7526.5,7534.5,14656
1783594800,7534.5,7547.25,7531.25,7543.25,19516
1783598400,7543.25,7554.5,7542.25,7544.5,20532
1783602000,7544.25,7566.5,7530.25,7561.25,123258
1783605600,7561,7564.5,7529.5,7562,192456
1783609200,7562,7578,7560.5,7573.75,82947
1783612800,7574,7584.5,7573.75,7579.75,47690
1783616400,7579.75,7595,7579.5,7591.25,55410
1783620000,7591.5,7594,7583,7585,43755
1783623600,7585.25,7590.75,7581,7590.5,59188
1783627200,7590.5,7592,7584.5,7586.25,19311
1783634400,7588,7589,7583.75,7586.75,7343
1783638000,7587,7591.75,7584.75,7588.5,9070
1783641600,7588.5,7589.5,7574.75,7580.5,20357
1783645200,7580.75,7583.75,7575.75,7580.25,11250
1783648800,7580.25,7586.5,7577,7586.25,9718
1783652400,7586.25,7588.5,7581.5,7583.5,6865
1783656000,7583.5,7584.25,7577.25,7577.5,5999
1783659600,7577.75,7579.5,7575.5,7576.5,6298
1783663200,7576.5,7579.25,7570.5,7574,11322
1783666800,7574,7579.5,7569.75,7572.25,9655
1783670400,7572.25,7579.25,7569.5,7574.5,9763
1783674000,7574.25,7582.5,7568.5,7581,10357
1783677600,7581,7590.75,7581,7590.25,10529
1783681200,7590.25,7592.25,7580.75,7583.5,13694
1783684800,7583.5,7595.75,7577.25,7588.25,29558
1783688400,7588.25,7605.75,7586.5,7601.5,106112
1783692000,7601.5,7605.75,7552.25,7584,203118
1783695600,7584.25,7606.75,7578.5,7600.5,124761
1783699200,7600.25,7614,7600.25,7612.5,59620
1783702800,7612.75,7617,7607.25,7612.5,37997
1783706400,7612.75,7620.25,7612,7618.75,37140
1783710000,7618.75,7627.25,7617.75,7621,58814
1783713600,7621,7628.75,7618.25,7626,19413
1783893600,7607.25,7612,7591.5,7600.75,30240
1783897200,7600.75,7601.5,7592.75,7599.25,13613
1783900800,7599.25,7615.5,7592.75,7597.25,39014
1783904400,7597,7599.25,7588.5,7592.25,24227
1783908000,7592.25,7594.25,7585.75,7586,16030
1783911600,7586.25,7586.75,7582.5,7583.25,11989
1783915200,7583.25,7583.5,7575.5,7577.25,11782
1783918800,7577.5,7584.25,7566.25,7578.25,21290
1783922400,7578.25,7584.75,7574,7584,12053
1783926000,7584.25,7591.25,7581.5,7587.75,12886
1783929600,7588,7599.5,7586.75,7598.5,13945
1783933200,7598.5,7604,7594.75,7601.5,8237
1783936800,7601.75,7602.25,7596.75,7598,7844
1783940400,7598,7604.75,7592,7594,15404
1783944000,7594.25,7598.25,7585.75,7597,21859
1783947600,7597,7609.75,7590.25,7607.25,110191
1783951200,7607.25,7610.5,7573,7598.5,182552
1783954800,7598.5,7601.5,7581.75,7583.25,74056
1783958400,7583.25,7589.25,7560,7570,116413
1783962000,7570.25,7578,7563,7563.75,63787
1783965600,7563.75,7573.5,7561,7567.25,61082
1783969200,7567.25,7571.25,7551.5,7563,96442
1783972800,7563,7563.5,7547,7553.75,26180
1783980000,7558.25,7563.5,7550.75,7551.75,11840
1783983600,7552,7553.75,7541.5,7553.25,16934
1783987200,7553.5,7560.5,7539.5,7558.5,41496
1783990800,7558.75,7560.5,7546,7548.25,18392
1783994400,7548.25,7554.75,7538.5,7540.75,16955
1783998000,7540.75,7544.75,7531.75,7544,17070
1784001600,7544.25,7561.5,7538.5,7560.25,12216
1784005200,7560.5,7573.75,7558,7568.25,11574
1784008800,7568,7575,7558.75,7559,9081
1784012400,7559.25,7566,7552.25,7558.75,11481
1784016000,7559,7564.5,7552.5,7554.5,9516
1784019600,7554.5,7563.75,7551.5,7557.5,9276
1784023200,7557.75,7565.75,7553.5,7557,11687
1784026800,7557,7564.25,7543.5,7555.5,26604
1784030400,7555.5,7613.75,7544.5,7579.5,61314
1784034000,7579.75,7588.25,7564.25,7583.5,125230
1784037600,7583.75,7604.25,7556.5,7587.5,177086
1784041200,7587.75,7601.75,7576.25,7580,118568
1784044800,7580.25,7589.25,7570,7589.25,75088
1784048400,7589.25,7596.75,7584.75,7593.25,48463
1784052000,7593.5,7598.25,7586.75,7592,45903
1784055600,7592,7596,7587,7590.25,67022
1784059200,7590,7592.5,7585.5,7590.5,15356
1784066400,7590.5,7592,7582.75,7589,8242
1784070000,7589,7604.25,7587.5,7602.75,12747
1784073600,7602.75,7604.5,7592.5,7601.75,17026
1784077200,7602,7604.5,7595.75,7604.25,11409
1784080800,7604.25,7607,7602.5,7603,7613
1784084400,7603.25,7608.5,7601.25,7607,5707
1784088000,7607,7608.25,7605.5,7608.25,3528
1784091600,7608.5,7613.5,7602.5,7609.25,11592
1784095200,7609.25,7611.25,7606.25,7607.75,5909
1784098800,7607.75,7609,7593.25,7604.25,11989
1784102400,7604.5,7607.5,7595.75,7606.75,9610
1784106000,7606.75,7610.75,7603.75,7604.5,6899
1784109600,7604.75,7606.75,7597,7601.25,8065
1784113200,7601,7603.75,7597.75,7600.25,7324
1784116800,7600,7614.75,7592.25,7611.5,27750
1784120400,7611.25,7626.25,7601.25,7614.5,140483
1784124000,7614.5,7626,7597,7605,191836
1784127600,7604.75,7611.5,7591.75,7596,116671
1784131200,7596.25,7598,7571.75,7586.5,127415
1784134800,7587,7616,7585.75,7612.5,82240
1784138400,7612.25,7619.75,7601,7602,73224
1784142000,7601.75,7617.75,7600.5,7617.25,87876
1784145600,7617,7619.5,7608.75,7615.75,19087
1784152800,7615.75,7622.25,7613.25,7618.5,11671
1784156400,7618.25,7622,7615.5,7616.25,7665
1784160000,7616.25,7627.75,7614.5,7616.25,18183
1784163600,7616.75,7618.75,7610.25,7614.5,14031
1784167200,7614.75,7623.75,7611,7622.75,10155
1784170800,7622.75,7625.25,7620.75,7624.5,6295
1784174400,7624.5,7626.25,7620.25,7621.75,4594
1784178000,7622,7632,7615.25,7617,13489
1784181600,7617.25,7625,7611,7618.25,14177
1784185200,7618.25,7619,7600,7601.75,13136
1784188800,7601.75,7610.25,7593.5,7609.75,14845
1784192400,7609.75,7615.5,7604.75,7605.25,11132
1784196000,7605,7607.75,7601,7602.75,9219
1784199600,7602.75,7603.5,7580.5,7597.25,26282
1784203200,7597,7599,7580.5,7586.5,30272
1784206800,7586.75,7604,7575.25,7588,136639
1784210400,7587.75,7614.75,7585.25,7611,150238
1784214000,7611,7613.75,7598.5,7605,108963
1784217600,7605,7605.5,7583,7598,107616
1784221200,7598.25,7598.5,7579.5,7582.25,73086
1784224800,7582.5,7586.5,7568.25,7571.5,92083
1784228400,7571.25,7579.5,7548.25,7577,127963
1784232000,7577,7577.75,7566.25,7569,22171
1784239200,7571,7574.75,7563.75,7566,12506
1784242800,7566.25,7567,7556.75,7560.5,12436
1784246400,7560.5,7563.75,7546,7552,22455
1784250000,7552.25,7556.25,7535.25,7538.25,24643
1784253600,7538.25,7539.5,7525.5,7530,19523
1784257200,7530.25,7541.25,7524.25,7524.25,20560
1784260800,7524.25,7524.75,7509,7514,23620
1784264400,7514,7515.75,7503.25,7511.25,18314
1784268000,7511.25,7523.5,7508.75,7512,18778
1784271600,7512.25,7519,7510,7511.75,16354
1784275200,7511.75,7517,7491.25,7499.5,29322
1784278800,7499.5,7510.75,7496.75,7510,15202
1784282400,7510.25,7522,7507,7517.75,18668
1784286000,7518.25,7521.75,7509.5,7519,16696
1784289600,7518.75,7519.5,7502.5,7504.25,21772
1784293200,7504.25,7514,7473,7514,175516
1784296800,7514,7539,7512.25,7516,203023
1784300400,7516.25,7536.5,7504.75,7534,143015
1784304000,7534.5,7539,7513.75,7529.25,118176
1784307600,7529.25,7537.75,7508.75,7511,74379
1784311200,7511,7516.5,7495,7508.5,95293
1784314800,7508.75,7510,7486.25,7496.5,118877
1784318400,7496.75,7498,7484.5,7495,30538
1784498400,7484.5,7502.5,7482,7495.75,32501
1784502000,7496,7505.25,7490.75,7504.25,20870
1784505600,7504.25,7517.5,7496.5,7503.75,27885
1784509200,7503.5,7511.75,7490,7494.75,22376
1784512800,7494.75,7511,7493.5,7505.5,18108
1784516400,7505.5,7510.25,7501,7505.75,9617
1784520000,7505.75,7515,7499,7509.25,10243
1784523600,7509.25,7510.25,7494,7496.25,10546
1784527200,7496.25,7499.75,7490.75,7497.25,9893
1784530800,7497.25,7519.5,7496.5,7516,18209
1784534400,7516,7522,7512,7514.25,11860
1784538000,7514.25,7529,7510.5,7521.5,12183
1784541600,7521.5,7524.25,7516,7522,9493
1784545200,7522,7545.5,7520.75,7535.75,36372
1784548800,7535.5,7536.25,7521,7527.25,31224
1784552400,7527,7552.25,7519,7520.25,127789
1784556000,7520.75,7527.5,7501,7504.75,176363
1784559600,7505,7528.25,7501.75,7523.5,118779
1784563200,7523.75,7534,7508,7513.75,102320
1784566800,7513.75,7516,7499,7509.25,77382
1784570400,7509.25,7517.75,7487.75,7490.5,100605
1784574000,7490.75,7497.5,7478,7485.75,139609
1784577600,7485.75,7493.25,7476.75,7483.5,25241
1784584800,7483.75,7486.25,7473.25,7475.25,10423
1784588400,7475.5,7491,7474.5,7485.25,15402
1784592000,7485,7495.75,7473.75,7492.25,25954
1784595600,7492.25,7499.5,7489.25,7492.75,15987
1784599200,7493,7502,7488.5,7501.75,12491
1784602800,7501.75,7513,7501.75,7513,10972
1784606400,7513,7516.75,7512.5,7514.25,7684
1784610000,7514.5,7523.25,7510,7520.75,8781
1784613600,7520.75,7528,7518,7524,9127
1784617200,7524,7528,7513.75,7517.75,12419
1784620800,7517.75,7525.75,7515.75,7523.5,9787
1784624400,7523.25,7528,7521.25,7522.5,8038
1784628000,7522.5,7529.75,7519.5,7521.75,19926
1784631600,7522.25,7523.75,7512.5,7515,18484
1784635200,7515,7521.75,7505.25,7515.5,29556
1784638800,7515.5,7530.25,7504.5,7516.5,144138
1784642400,7516.75,7536.5,7510.5,7531.25,193336
1784646000,7531.25,7544,7521.5,7538.75,105817
1784649600,7538.5,7554.25,7538.25,7550.25,60755
1784653200,7550.5,7552.5,7545.25,7549,50848
1784656800,7549.25,7550.75,7542.25,7547,56229
1784660400,7547,7549.5,7543.5,7545.75,69496
1784664000,7545.75,7547,7540.75,7542.75,20223
1784671200,7545,7545.5,7538.25,7540.5,8979
1784674800,7540.5,7544,7539.25,7543.5,7722
1784678400,7543,7547,7536.5,7541.75,16835
1784682000,7542,7544.5,7534.25,7540.75,12459
1784685600,7541,7543.25,7536,7541.25,8997
1784689200,7541.25,7545,7534.25,7535.5,8680
1784692800,7535.25,7539.25,7534,7538.5,4803
1784696400,7538.5,7538.75,7532,7536.5,6731
1784700000,7536.25,7536.5,7521,7522.75,12942
1784703600,7522.75,7526.75,7512,7516,17705
1784707200,7516.5,7526.5,7514.75,7525.25,12638
1784710800,7525.5,7531.75,7520.25,7526.25,12380
1784714400,7526.5,7533.25,7524.25,7530,11240
1784718000,7530,7530.25,7511.5,7517.25,22265
1784721600,7517.5,7523.25,7503.25,7514.75,32446
1784725200,7514.75,7550,7514.75,7550,111677
1784728800,7549.75,7556.25,7528.75,7542,166801
1784732400,7542,7560.75,7541.25,7560,102948
1784736000,7560.25,7563,7557.25,7561.25,49359
1784739600,7561.25,7562.5,7546,7547.75,55178
1784743200,7547.5,7549.75,7542.25,7546.75,59883
1784746800,7546.75,7547.25,7535.5,7536.75,82125
1784750400,7537,7553.75,7531.75,7541,38074
1784757600,7535,7536,7515.75,7522.5,20404
1784761200,7522.25,7530.5,7516.75,7530.25,13716
1784764800,7530.5,7549.5,7527.75,7546.75,24715
1784768400,7546.5,7550,7538.25,7538.75,19569
1784772000,7538.5,7541.75,7526.75,7530.75,17579
1784775600,7531,7531.5,7520.5,7527,12941
1784779200,7527,7533.75,7521.25,7527.25,10620
1784782800,7527.5,7535.75,7521.25,7522.75,10415
1784786400,7522.5,7526.5,7519.25,7519.75,9753
1784790000,7520,7520.5,7495.25,7504.5,30518
1784793600,7504.25,7519.5,7498.5,7518.75,18729
1784797200,7518.75,7525.75,7509.25,7511.25,14959
1784800800,7511.5,7524,7508.5,7520.5,15737
1784804400,7520.5,7521.75,7490,7499.75,36709
1784808000,7500,7501.5,7461.5,7466,54639
1784811600,7465.75,7486.5,7444.75,7455.75,213310
1784815200,7455.75,7469.75,7440,7443.5,228925
1784818800,7443.5,7445.25,7411.75,7438.25,187497
1784822400,7438.5,7457.5,7435.25,7446.75,113801
1784826000,7446.75,7452.25,7431.5,7432.25,89166
1784829600,7432,7437.75,7426.75,7431.5,64026
1784833200,7431.25,7447.75,7418.5,7444,103845
1784836800,7443.75,7458.25,7443.25,7455.5,27503
1784844000,7453,7454.25,7443,7453.5,11619
1784847600,7453.25,7453.75,7444.5,7449,12403
1784851200,7449.25,7457,7443.5,7454.25,22652
1784854800,7454.5,7459.25,7450.25,7451.25,14268
1784858400,7451,7453.5,7439.25,7439.25,12868
1784862000,7439.5,7444,7436.75,7437.5,10848
1784865600,7437.5,7444.75,7435.25,7443.25,10247
1784869200,7443.25,7450.25,7441,7442,9826
1784872800,7442.25,7447.5,7433.5,7442.5,14047
1784876400,7442.75,7463.5,7442,7456.5,17053
1784880000,7456.75,7462,7449.25,7457.25,16383
1784883600,7457.5,7467.5,7456.25,7465.75,11463
1784887200,7465.75,7467,7458,7458.5,9520
1784890800,7458.5,7469,7453.25,7465,18707
1784894400,7464.75,7467.75,7449,7450.25,28402
1784898000,7450.25,7457.5,7431.25,7433,167233
1784901600,7433.5,7466,7431.5,7465,202078
1784905200,7465,7492,7454.75,7489.75,181229
1784908800,7489.75,7496.5,7466.25,7473.5,103598
1784912400,7473.75,7480.75,7461.25,7468.75,82586
1784916000,7469,7472,7435.25,7443.25,89382
1784919600,7443.25,7450.5,7432,7448,100576
1784923200,7448,7450,7439.25,7444,24107
1785103200,7489,7509.75,7486.5,7492,26443
1785106800,7492,7512.25,7491.25,7510.75,16620
1785110400,7511,7512.25,7492.5,7492.75,27855
1785114000,7492.5,7499.5,7487,7498,19115
1785117600,7498.25,7502.5,7495.75,7499.25,11211
1785121200,7499.5,7503.5,7497.75,7499.5,7170
1785124800,7499.75,7507,7498.75,7504.5,6566
1785128400,7504.75,7515.5,7504,7514.5,10165
1785132000,7514.25,7520.25,7510.5,7511.75,12184
1785135600,7511.75,7517.5,7505.5,7505.75,13008
1785139200,7505.75,7520.75,7505.5,7519.25,13139
1785142800,7519.25,7524.5,7516.25,7522.25,8521
1785146400,7522.25,7524.5,7518.25,7522,6522
1785150000,7521.75,7522,7508,7511.75,16932
1785153600,7511.75,7515.25,7504.5,7513.25,21193
1785157200,7513.5,7515.25,7473.75,7473.75,156145
1785160800,7474,7479.25,7422.75,7455.5,293642
1785164400,7455.75,7462,7421.25,7432.75,175818
1785168000,7433,7455.25,7424,7428.25,138526
1785171600,7428.25,7436.5,7416.25,7436.25,80439
1785175200,7436.25,7450.75,7424,7448.5,89117
1785178800,7448.75,7456.75,7442.5,7449.25,76103
1785182400,7449,7456.5,7444.75,7453.25,20263
1785189600,7453.25,7456.5,7444,7444.5,9635
1785193200,7444.75,7450.25,7440,7447.75,12600
1785196800,7448.25,7452,7434.25,7437.5,22191
1785200400,7437.5,7443.75,7425,7434.5,22812
1785204000,7434.5,7435.75,7426.75,7430.5,12357
1785207600,7430.75,7442,7424,7440,16488
1785211200,7440.25,7440.25,7426.25,7427.25,10256
1785214800,7427.5,7431.5,7419,7420.75,11745
1785218400,7421,7431,7419.25,7429.75,14038
1785222000,7430,7438.75,7429,7433.25,13409
1785225600,7433.5,7449.25,7425.5,7441.75,21225
1785229200,7441.75,7445.75,7438,7439.75,8367
1785232800,7439.5,7444.25,7433.75,7442,16833
1785236400,7442.25,7452.5,7432.5,7451,36779
1785240000,7451,7464,7448.5,7456.5,32822
1785243600,7456.75,7462.5,7417,7421.75,187129
1785247200,7421.75,7455.75,7420,7444.25,235611
1785250800,7444,7482.25,7437.5,7479.5,171564
1785254400,7479.75,7485.75,7466.75,7484,88786
1785258000,7484,7485.75,7462.5,7469.5,93634
1785261600,7469.75,7474,7462,7472.25,62167
1785265200,7472.25,7477.75,7462.5,7466.25,81430
1785268800,7466,7474,7458.5,7467.75,25212
1785276000,7465.25,7474.25,7450.25,7451.75,22459
1785279600,7452,7495,7449.25,7494.75,35947
1785283200,7494.75,7501,7485.25,7486.5,28649
1785286800,7486.75,7489,7455,7455.25,34867
1785290400,7455.25,7469,7453,7463.25,23310
1785294000,7463.25,7468,7445,7447.5,20456
1785297600,7447.75,7450.75,7438.25,7450.75,19193
1785301200,7450.75,7462.75,7448.5,7457.5,16596
1785304800,7457.5,7479.75,7451.25,7478.5,18639
1785308400,7478.75,7485,7474.75,7481.5,15777
1785312000,7481.25,7486,7469,7480.75,18005
1785315600,7480.75,7492,7477.5,7485.75,14687
1785319200,7485.75,7488.5,7476,7477.5,13624
1785322800,7477.5,7484.75,7476,7481,15915
1785326400,7480.75,7481.5,7455.25,7463.25,39119
1785330000,7463.25,7464.75,7422,7430,174262
1785333600,7430,7439.5,7393.25,7403.75,249142
1785337200,7404,7412.5,7385.75,7393,129980
1785340800,7393.25,7404.5,7373,7404,122759
1785344400,7404.25,7428.5,7402.75,7420.25,105381
1785348000,7420.25,7482.5,7398,7475.5,207514
1785351600,7475.25,7482,7346,7350.25,270449
1785355200,7350,7356,7323.25,7335.25,51072
1785362400,7335.5,7376.25,7330.75,7370,34128
1785366000,7370,7382.5,7369.5,7378.25,23567
1785369600,7378.5,7388,7367.75,7376,32784
1785373200,7376,7392.5,7374.25,7388.75,23481
1785376800,7388.5,7393,7377.75,7378,15100
1785380400,7378.5,7383.75,7369.5,7375.25,15638
1785384000,7375,7379.25,7366,7367.75,12754
1785387600,7367.75,7377.5,7362.25,7368.75,14684
1785391200,7368.5,7369.25,7358.25,7364,15601
1785394800,7364,7382.25,7354,7359.5,31847
1785398400,7359.75,7379,7351.75,7372.75,19969
1785402000,7372.75,7388,7371,7374.25,15141
1785405600,7374.5,7392.25,7371.25,7385.25,17864
1785409200,7385.25,7402,7384.75,7399.75,20180
1785412800,7399.5,7408.5,7392.75,7398.5,36069
1785416400,7398.5,7440,7397.75,7439.75,182358
1785420000,7439.5,7446.5,7408.75,7415.25,212162
1785423600,7415.25,7429.75,7398.75,7424.5,191056
1785427200,7424.5,7445.75,7421.75,7443.5,102017
1785430800,7443.75,7457.75,7443.75,7451.5,76310
1785434400,7451.75,7462.5,7450.75,7461.75,46851
1785438000,7461.5,7478.5,7461.25,7472.75,123856
1785441600,7473,7498,7468.25,7474.5,40311
1785448800,7478.5,7485.5,7467.75,7484.5,16774
1785452400,7484.5,7491.75,7480.25,7487.75,14256
1785456000,7487.75,7498,7484.5,7495.25,17744
1785459600,7495.25,7504.5,7494.25,7498,17806
1785463200,7497.75,7500.75,7488.5,7493,13204
1785466800,7493,7498.75,7488.5,7497,9715
1785470400,7497,7509.75,7492.25,7508.75,11357
1785474000,7508.75,7511,7505.5,7508.5,7898
1785477600,7508.25,7511.5,7492,7496.5,11757
1785481200,7496.25,7509.25,7493,7506.75,13025
1785484800,7506.5,7514,7502.75,7513,11225
1785488400,7513.25,7517.75,7504,7504,11525
1785492000,7504.25,7512,7502.25,7506.75,10606
1785495600,7506.75,7511.5,7494.25,7499.5,15722
1785499200,7499.5,7499.75,7479.5,7483,27168
1785502800,7483,7515.25,7466.5,7470.75,179661
1785506400,7470.5,7481.25,7427.5,7476.75,283439
1785510000,7476.75,7485,7449.25,7482.5,186786
1785513600,7482.5,7501.75,7475.75,7497.5,102525
1785517200,7497.75,7516.75,7496.5,7505.75,83224
1785520800,7506,7516.75,7504.25,7512.75,58521
1785524400,7512.75,7541,7509.25,7520,140712
1785528000,7520.25,7527.5,7498.25,7502.5,37930
1785708000,7549.75,7558.25,7544.25,7545.75,24523
1785711600,7545.5,7555.25,7543.5,7551.5,15794
1785715200,7551.5,7556.75,7545.25,7554,20248
1785718800,7554.25,7558.75,7549.75,7558,13230
1785722400,7558.25,7561.75,7556.5,7560.25,9819
1785726000,7560.5,7564.75,7558.25,7561.75,7917
1785729600,7561.75,7567,7560.75,7563.25,5997
1785733200,7563.5,7565.25,7560.5,7563,5568
1785736800,7563.25,7566.25,7555.75,7556.75,9736
1785740400,7557,7562,7552.75,7559.75,13572
1785744000,7559.75,7559.75,7547.25,7559.5,14764
1785747600,7559.25,7560.25,7553.5,7557.5,8856
1785751200,7557.25,7563.25,7555.5,7562.75,7849
1785754800,7562.75,7567.75,7555.75,7557.25,17197
1785758400,7557.25,7566.25,7553.25,7563.25,23112
1785762000,7563.5,7588.25,7542.75,7587.5,166566
1785765600,7588.25,7606,7582.5,7606,128854
1785769200,7605.75,7614,7599.75,7611.25,97411
1785772800,7611.5,7618,7609.25,7613.75,57306
1785776400,7613.75,7629.75,7611.25,7628.25,61684
1785780000,7628.25,7635.25,7625,7631.25,75133
1785783600,7631,7638.5,7626.25,7628.5,90353
1785787200,7628.5,7638.25,7625.25,7631.25,24670
1785794400,7630.75,7636.75,7628.75,7635.25,8818
1785798000,7635.5,7636.5,7632.5,7635.75,6629
1785801600,7635.5,7637.5,7629.5,7633,13123
1785805200,7632.75,7647.5,7629.25,7646.25,19001
1785808800,7646.5,7647.5,7639,7642.5,12332
1785812400,7642.25,7645.5,7638,7644.5,8828
1785816000,7644.75,7646.5,7641.75,7645.5,4064
1785819600,7645.25,7649,7642.5,7647.5,6615
1785823200,7647.5,7650,7642.75,7644.75,7799
1785826800,7644.5,7648.5,7641.25,7643.5,12132
1785830400,7643.5,7646,7635,7637.25,12258
1785834000,7637,7639,7631.75,7637.5,10949
1785837600,7637.75,7647.75,7635.75,7643,18018
1785841200,7643.25,7658,7641.5,7654.5,23258
1785844800,7654.5,7656,7651,7651.5,14887
1785848400,7651,7686.75,7649.25,7685.25,143136
1785852000,7685.25,7716.5,7682.5,7715.5,169723
1785855600,7715.25,7741.25,7713.75,7736.5,119467
1785859200,7736.5,7755.75,7733.25,7755,77655
1785862800,7755.25,7783.75,7754.25,7768,101642
1785866400,7768,7777,7763.25,7773,89338
1785870000,7773,7786,7761.25,7764.25,122838
1785873600,7764.25,7781,7761.5,7774.5,42140
1785880800,7772.75,7783.25,7771,7780.5,11806
1785884400,7780.75,7783,7776,7777.25,9353
1785888000,7777.75,7785.5,7776,7784.25,12190
1785891600,7784.5,7786,7777.75,7784.25,11116
1785895200,7784.25,7788.75,7783,7786.75,9937
1785898800,7786.75,7792.25,7786.25,7792,9457
1785902400,7792,7793.5,7788,7791.25,7064
1785906000,7791.25,7799.75,7790.5,7798.75,6985
1785909600,7798.5,7799.5,7791.5,7798,6871
1785913200,7798.25,7799.5,7788,7793,10966
1785916800,7793,7796.75,7780,7784.25,13738
1785920400,7784.25,7792.25,7782.5,7788.25,8877
1785924000,7788.5,7798,7787.5,7797.5,9888
1785927600,7797.75,7799.75,7792.75,7798.25,11911
1785931200,7798,7806,7795.5,7799.75,22812
1785934800,7799.5,7820.25,7794.75,7819,160231
1785938400,7818.75,7818.75,7778.25,7786.25,204822
1785942000,7786.25,7791.5,7754.5,7757.75,160650
1785945600,7757.75,7773.75,7750.5,7769.75,120447
1785949200,7769.75,7773,7761.25,7767,62743
1785952800,7767,7774.75,7763.5,7765.25,53532
1785956400,7765.5,7771.5,7745.75,7748,81259
1785960000,7748,7761.75,7747,7758.5,27998
1785967200,7758,7771,7756.75,7764.25,14733
1785970800,7764.25,7768,7759.75,7761.75,10349
1785974400,7762,7763.25,7756,7757,13167
1785978000,7757,7757.75,7748,7755,16645
1785981600,7755,7768,7754.75,7765,13422
1785985200,7765,7767.25,7759,7763.25,7093
1785988800,7763.75,7765.75,7759.5,7763.25,4776
1785992400,7763,7765.5,7760.5,7765,4446
1785996000,7765.25,7765.25,7753.75,7759.75,7699
1785999600,7759.75,7764.5,7754.75,7758.25,7549
1786003200,7758.25,7765.5,7750,7765,11517
1786006800,7765,7767.5,7755,7767,7856
1786010400,7767,7767.25,7758.75,7761.75,7206
1786014000,7761.5,7765.75,7750.5,7759.75,20528
1786017600,7759.75,7761.75,7751.75,7754.25,17646
1786021200,7754.25,7765.75,7740.25,7759.25,143767
1786024800,7759.25,7768.5,7745.5,7760,175712
1786028400,7760,7762.5,7729,7731,173379
1786032000,7731.25,7740.5,7724.25,7739.25,106952
1786035600,7739.5,7741.75,7726.75,7736,64968
1786039200,7736.25,7747.25,7734.5,7739.5,77183
1786042800,7739.75,7747.75,7727,7735.5,111527
1786046400,7735.25,7741.25,7728,7731.75,26528
1786053600,7734.75,7741,7729.75,7738,8851
1786057200,7737.5,7741,7736.25,7740,6109
1786060800,7740,7742.5,7729,7736,16304
1786064400,7735.75,7739.25,7727.25,7732.75,14257
1786068000,7732.75,7735,7726.75,7732,7295
1786071600,7732,7734.25,7728.5,7729.25,4494
1786075200,7729.5,7733.5,7725.25,7731.5,5988
1786078800,7731.5,7736.75,7731.25,7731.75,4085
1786082400,7732,7739.75,7731.5,7738,5714
1786086000,7737.75,7742.75,7735.75,7740.5,6516
1786089600,7740.5,7747.25,7740.25,7745.5,8457
1786093200,7745.5,7748.75,7744.5,7745.75,5760
1786096800,7746,7749.5,7744,7746.5,5561
1786100400,7746.25,7756.75,7746.25,7748.75,11897
1786104000,7748.75,7779,7747.25,7774.75,45314
1786107600,7775,7776,7751.5,7757.75,148636
1786111200,7758,7781.25,7743.25,7776.5,206471
1786114800,7776.5,7786.75,7771.5,7778,100093
1786118400,7778,7781.25,7757.75,7767.25,107766
1786122000,7767,7772.25,7764.5,7768.75,52901
1786125600,7768.75,7770.25,7756,7764.5,59590
1786129200,7764.25,7785.5,7763.75,7778.5,120728
1786132800,7778.5,7781,7773,7777.25,20876
1786312800,7777,7779.75,7763.5,7768.75,17120
1786316400,7769,7773.25,7766.75,7767,10594
1786320000,7766.75,7778,7765.25,7770.75,16679
1786323600,7770.75,7781.5,7769.75,7780.5,12189
1786327200,7780.5,7783,7777.5,7782.25,6331
1786330800,7782,7786.25,7780.75,7783.5,6018
1786334400,7783.75,7788.75,7782,7787.25,6721
1786338000,7787.25,7791.25,7787,7790.75,5156
1786341600,7790.75,7792.75,7784,7787.25,8601
1786345200,7787,7796.5,7783.75,7792.25,10309
1786348800,7792.25,7794,7789,7791.75,5110
1786352400,7791.75,7793.5,7788.5,7789.25,4078
1786356000,7789.25,7791,7783.75,7785.25,7612
1786359600,7785.5,7787.5,7778.5,7782.25,14083
1786363200,7782.25,7785.75,7771.5,7773.5,18035
1786366800,7773.75,7783.25,7769.25,7781,107595
1786370400,7780.75,7797,7780.25,7781.5,138637
1786374000,7781.5,7790.75,7778,7789.75,103593
1786377600,7789.75,7791.25,7763.75,7776.25,95548
1786381200,7776.25,7779.5,7771.25,7774,52133
1786384800,7773.75,7779.75,7769.5,7778.5,49292
1786388400,7778.75,7781.25,7770.25,7778,77459
1786392000,7778,7778.5,7773,7777,14841
1786399200,7778.5,7781.25,7771.25,7773.25,7101
1786402800,7773.5,7774,7766.75,7770.75,9048
1786406400,7770.75,7781.25,7767.75,7779.75,12592
1786410000,7779.75,7786.5,7778,7783.25,12031
1786413600,7783.25,7786.5,7782.5,7784.5,5146
1786417200,7784.5,7789.25,7784.25,7786.75,4840
1786420800,7786.75,7789.5,7786.5,7787,3629
1786424400,7787,7789,7780.5,7781,5678
1786428000,7780.75,7784.5,7770.5,7774.75,10359
1786431600,7775,7777.5,7770.5,7776,7596
1786435200,7776.25,7780.5,7770,7775,9047
1786438800,7775,7780.5,7771.25,7778,6554
1786442400,7778,7787.75,7775.25,7785,10767
1786446000,7785,7796,7784.75,7789.25,19550
1786449600,7789.25,7795,7785.25,7787.5,18576
1786453200,7787.75,7793.75,7771.75,7782.25,117940
1786456800,7782.5,7787,7777.25,7782,129218
1786460400,7782,7784,7762.5,7765.5,132257
1786464000,7765.5,7770,7755.5,7756.75,90962
1786467600,7756.75,7759,7747.75,7757.5,71005
1786471200,7757.5,7757.75,7739.25,7746.25,82214
1786474800,7746,7756.75,7743.5,7750,96926
1786478400,7749.75,7757.75,7746.75,7753.25,21316
1786485600,7755.75,7756.75,7750.5,7753,6308
1786489200,7753,7756,7751.75,7755.5,3980
1786492800,7755.25,7755.25,7749,7752.5,8702
1786496400,7752.5,7754,7748.5,7749.5,6749
1786500000,7749.75,7755.5,7749.5,7755.5,4191
1786503600,7755.5,7756.5,7753.75,7755.25,3711
1786507200,7755.5,7758,7754.25,7757.5,2688
1786510800,7757.5,7757.75,7752.75,7756.75,3281
1786514400,7756.75,7759.75,7754,7759.75,4132
1786518000,7759.5,7761.5,7757.25,7759.25,5816
1786521600,7759.5,7763.5,7758.25,7762.5,5915
1786525200,7762.75,7773.5,7762,7766.5,12115
1786528800,7766.25,7770,7759,7766.5,10364
1786532400,7766.25,7771.5,7764.5,7770.75,7629
1786536000,7770.5,7787,7760.25,7785,35325
1786539600,7784.75,7794,7765.5,7770.5,154946
1786543200,7770.5,7777.75,7756.25,7766.75,184262
1786546800,7766.75,7769.5,7760.25,7764.75,84639
1786550400,7764.75,7776.25,7764.25,7773.5,65906
1786554000,7773.5,7777.5,7770.5,7772.5,46483
1786557600,7772.5,7781,7772.25,7775,47772
1786561200,7775,7778.75,7764.5,7769.75,71990
1786564800,7769.75,7778,7766.25,7766.5,20039
1786572000,7769.5,7771.25,7766.75,7768.75,5725
1786575600,7768.75,7771.5,7767.25,7768.5,5621
1786579200,7768.25,7773.5,7767.25,7770.5,9076
1786582800,7770.25,7771,7764.25,7770.25,8175
1786586400,7770.5,7774,7768,7772.75,7020
1786590000,7772.75,7775.5,7772,7775,3257
1786593600,7775,7777.5,7772,7775.75,4480
1786597200,7775.5,7780.5,7775.25,7776.25,4649
1786600800,7776.5,7779.75,7773.75,7778,4969
1786604400,7778,7780.25,7774,7777.75,5319
1786608000,7778,7783,7775,7781.25,7132
1786611600,7781.5,7784.75,7777.75,7784.25,4963
1786615200,7784.25,7786,7782.75,7784.75,4005
1786618800,7785,7789,7782.5,7783.75,6180
1786622400,7784,7790.25,7778,7788.25,22649
1786626000,7788.5,7821.5,7785.25,7820.75,133351
1786629600,7820.75,7838.5,7817.75,7822.25,157272
1786633200,7822,7826.75,7797.75,7799,156736
1786636800,7799,7812.25,7798.5,7811.25,76489
1786640400,7811.25,7819.25,7810.25,7811.75,59575
1786644000,7812,7823.75,7811,7822,55595
1786647600,7822,7828.75,7818,7823.25,94777
1786651200,7823.25,7825.5,7818.5,7825.25,23493
1786658400,7823.75,7827.5,7822.75,7824,5478
1786662000,7823.75,7827.5,7823.5,7825.75,4117
1786665600,7825.75,7828.75,7822.75,7824,6903
1786669200,7824,7824.75,7820.25,7823.5,7520
1786672800,7823.5,7827,7823.5,7825,5144
1786676400,7825,7827.75,7824.25,7824.25,3199
1786680000,7824.25,7825.5,7822.5,7823,3116
1786683600,7823.25,7826,7821.5,7824.5,3675
1786687200,7824.5,7824.75,7820.5,7821.75,3637
1786690800,7821.75,7824.75,7820,7823.5,4396
1786694400,7823.5,7828.5,7822.25,7826.25,6659
1786698000,7826.25,7827.75,7824,7827.5,4287
1786701600,7827.5,7829.5,7825.5,7828.75,5604
1786705200,7828.75,7830.75,7826.25,7829.5,7168
1786708800,7829.5,7832,7821,7830.25,16977
1786712400,7830.25,7830.5,7819.25,7826,98861
1786716000,7825.75,7830.75,7809.5,7809.5,131644
1786719600,7809.75,7813.75,7800,7804.5,99118
1786723200,7804.5,7810.25,7798.5,7799.25,66013
1786726800,7799.25,7803.75,7796.5,7800.5,59380
1786730400,7800.75,7807.5,7799.5,7804.25,55514
1786734000,7804.5,7806.5,7800.5,7805.5,76333
1786737600,7805.25,7806,7800,7802,18662