time,open,high,low,close,volume
2026-07-28T04:00:00Z,4049.39990234375,4049.800048828125,4043.300048828125,4044.10009765625,1097
2026-07-28T04:15:00Z,4043.89990234375,4048.199951171875,4043.5,4045.699951171875,993
2026-07-28T04:30:00Z,4045.699951171875,4048.10009765625,4044,4047.60009765625,779
2026-07-28T04:45:00Z,4047.800048828125,4048.10009765625,4041.10009765625,4042,1165
2026-07-28T05:00:00Z,4042.10009765625,4043.89990234375,4039.300048828125,4042.300048828125,1524
2026-07-28T05:15:00Z,4042.39990234375,4043.699951171875,4040.5,4043.10009765625,1026
2026-07-28T05:30:00Z,4042.800048828125,4045.699951171875,4035,4041.699951171875,3375
2026-07-28T05:45:00Z,4041.60009765625,4046.800048828125,4039.39990234375,4045.5,1661
2026-07-28T06:00:00Z,4045.300048828125,4048,4043.10009765625,4044.300048828125,1507
2026-07-28T06:15:00Z,4044.60009765625,4049.5,4043.89990234375,4048,1962
2026-07-28T06:30:00Z,4048.10009765625,4053,4047.199951171875,4050.10009765625,1651
2026-07-28T06:45:00Z,4049.89990234375,4051.800048828125,4048.10009765625,4048.699951171875,1149
2026-07-28T07:00:00Z,4048.39990234375,4051.60009765625,4047.699951171875,4049,1183
2026-07-28T07:15:00Z,4049.10009765625,4052.89990234375,4048.89990234375,4050.5,1283
2026-07-28T07:30:00Z,4050.60009765625,4051.199951171875,4048.39990234375,4049.699951171875,1218
2026-07-28T07:45:00Z,4050,4050,4046.10009765625,4047.39990234375,1305
2026-07-28T08:00:00Z,4047.5,4055.699951171875,4043.199951171875,4044.199951171875,3096
2026-07-28T08:15:00Z,4044.39990234375,4051.60009765625,4044.39990234375,4050,1555
2026-07-28T08:30:00Z,4050.10009765625,4050.10009765625,4041.699951171875,4043.300048828125,2067
2026-07-28T08:45:00Z,4043.39990234375,4046.60009765625,4041.699951171875,4045.800048828125,1257
2026-07-28T09:00:00Z,4045.5,4046.300048828125,4040.60009765625,4041,1278
2026-07-28T09:15:00Z,4041.10009765625,4044.10009765625,4039.199951171875,4040.10009765625,1341
2026-07-28T09:30:00Z,4040.10009765625,4040.39990234375,4029.199951171875,4033.10009765625,3941
2026-07-28T09:45:00Z,4033.10009765625,4034.300048828125,4017.199951171875,4023.39990234375,4659
2026-07-28T10:00:00Z,4023.10009765625,4027.10009765625,4020.300048828125,4024.10009765625,2842
2026-07-28T10:15:00Z,4024,4025.699951171875,4016.5,4017.199951171875,2547
2026-07-28T10:30:00Z,4017,4023.199951171875,4016.60009765625,4021.800048828125,1885
2026-07-28T10:45:00Z,4022.199951171875,4028.199951171875,4021.60009765625,4025.89990234375,1961
2026-07-28T11:00:00Z,4026,4028.5,4022.5,4023.300048828125,1723
2026-07-28T11:15:00Z,4023.39990234375,4031.89990234375,4023.39990234375,4027.10009765625,1929
2026-07-28T11:30:00Z,4027,4031.10009765625,4025.89990234375,4026.60009765625,1733
2026-07-28T11:45:00Z,4026.699951171875,4028,4023.199951171875,4027.60009765625,1748
2026-07-28T12:00:00Z,4027.300048828125,4028.199951171875,4022,4027.5,2046
2026-07-28T12:15:00Z,4027.60009765625,4034.5,4025.60009765625,4034,2330
2026-07-28T12:30:00Z,4034.199951171875,4034.60009765625,4024.39990234375,4033.199951171875,3317
2026-07-28T12:45:00Z,4033.60009765625,4037.800048828125,4027.89990234375,4029.300048828125,2307
2026-07-28T13:00:00Z,4029.10009765625,4035.800048828125,4029.10009765625,4032.699951171875,2567
2026-07-28T13:15:00Z,4032.89990234375,4036.39990234375,4028.300048828125,4028.800048828125,2322
2026-07-28T13:30:00Z,4028.699951171875,4032.699951171875,4019.39990234375,4024.800048828125,5544
2026-07-28T13:45:00Z,4024.800048828125,4028.699951171875,4021.10009765625,4021.39990234375,4187
2026-07-28T14:00:00Z,4022.10009765625,4034,4020.699951171875,4025.699951171875,5819
2026-07-28T14:15:00Z,4026.10009765625,4027,4011.10009765625,4022.199951171875,7931
2026-07-28T14:30:00Z,4022,4025.300048828125,4018.39990234375,4022.5,3798
2026-07-28T14:45:00Z,4022.39990234375,4029.300048828125,4020.800048828125,4024.10009765625,3570
2026-07-28T15:00:00Z,4024.39990234375,4037.10009765625,4022,4033.699951171875,5926
2026-07-28T15:15:00Z,4033.89990234375,4041.60009765625,4031.89990234375,4035.60009765625,5344
2026-07-28T15:30:00Z,4035.60009765625,4042.39990234375,4032.300048828125,4041.800048828125,4144
2026-07-28T15:45:00Z,4041.800048828125,4047.39990234375,4041.300048828125,4046.60009765625,3571
2026-07-28T16:00:00Z,4046.60009765625,4046.800048828125,4042.300048828125,4044.89990234375,1887
2026-07-28T16:15:00Z,4045.10009765625,4046.199951171875,4042.10009765625,4042.300048828125,1318
2026-07-28T16:30:00Z,4042.5,4044.10009765625,4040.300048828125,4040.89990234375,1694
2026-07-28T16:45:00Z,4040.89990234375,4041.39990234375,4036.800048828125,4037.800048828125,2125
2026-07-28T17:00:00Z,4037.800048828125,4041.39990234375,4035.800048828125,4037.199951171875,2126
2026-07-28T17:15:00Z,4037,4042,4035.39990234375,4037.800048828125,3262
2026-07-28T17:30:00Z,4037.89990234375,4038.5,4027.699951171875,4028.300048828125,2497
2026-07-28T17:45:00Z,4028.199951171875,4029.800048828125,4025.699951171875,4028.10009765625,1860
2026-07-28T18:00:00Z,4028.199951171875,4030.800048828125,4027.39990234375,4028.39990234375,1478
2026-07-28T18:15:00Z,4028.199951171875,4030.10009765625,4025.89990234375,4027.39990234375,1035
2026-07-28T18:30:00Z,4027.39990234375,4027.60009765625,4023,4023.89990234375,1467
2026-07-28T18:45:00Z,4023.89990234375,4025.89990234375,4021.5,4023,1305
2026-07-28T19:00:00Z,4022.800048828125,4025.699951171875,4022.300048828125,4023.699951171875,1811
2026-07-28T19:15:00Z,4023.699951171875,4025,4021.300048828125,4022.89990234375,1556
2026-07-28T19:30:00Z,4023.10009765625,4027.800048828125,4022.199951171875,4025.39990234375,1434
2026-07-28T19:45:00Z,4038.699951171875,4038.699951171875,4025.39990234375,4025.800048828125,1573
2026-07-28T20:00:00Z,4025.89990234375,4026.199951171875,4022,4023.39990234375,886
2026-07-28T20:15:00Z,4023.39990234375,4027.5,4023.39990234375,4027,779
2026-07-28T20:30:00Z,4027,4029.89990234375,4026.800048828125,4029.800048828125,783
2026-07-28T20:45:00Z,4029.800048828125,4030.699951171875,4026.5,4028.60009765625,927
2026-07-28T22:00:00Z,4031.5,4033.800048828125,4021.39990234375,4024.199951171875,271
2026-07-28T22:15:00Z,4024.5,4024.5,4016.199951171875,4020.60009765625,1307
2026-07-28T22:30:00Z,4020.300048828125,4020.699951171875,4012.60009765625,4017.39990234375,941
2026-07-28T22:45:00Z,4017.39990234375,4019.199951171875,4014.300048828125,4017.5,453
2026-07-28T23:00:00Z,4017.699951171875,4022.60009765625,4015.199951171875,4021.199951171875,842
2026-07-28T23:15:00Z,4021.39990234375,4021.39990234375,4014.199951171875,4017.800048828125,672
2026-07-28T23:30:00Z,4018.39990234375,4023.5,4016.5,4022.5,318
2026-07-28T23:45:00Z,4022.39990234375,4026,4018.800048828125,4024.300048828125,710
2026-07-29T00:00:00Z,4025.10009765625,4025.699951171875,4017.10009765625,4020.39990234375,1081
2026-07-29T00:15:00Z,4021.800048828125,4030.300048828125,4021.5,4022.39990234375,1149
2026-07-29T00:30:00Z,4021.89990234375,4027.60009765625,4020.5,4025.699951171875,576
2026-07-29T00:45:00Z,4025.60009765625,4026,4019.800048828125,4021.10009765625,573
2026-07-29T01:00:00Z,4021.5,4021.5,4009.199951171875,4012.5,1930
2026-07-29T01:15:00Z,4011.89990234375,4019.699951171875,4010.89990234375,4017.89990234375,694
2026-07-29T01:30:00Z,4016.89990234375,4029.699951171875,4013.89990234375,4026.699951171875,1377
2026-07-29T01:45:00Z,4026.699951171875,4027.300048828125,4020.699951171875,4024.89990234375,534
2026-07-29T02:00:00Z,4025.300048828125,4028.89990234375,4021.89990234375,4027.300048828125,776
2026-07-29T02:15:00Z,4026.89990234375,4036.39990234375,4024.89990234375,4032.39990234375,1179
2026-07-29T02:30:00Z,4032.39990234375,4036.89990234375,4029.89990234375,4034.10009765625,727
2026-07-29T02:45:00Z,4033.60009765625,4034.300048828125,4027.5,4028.5,679
2026-07-29T03:00:00Z,4028.10009765625,4032,4026,4026.699951171875,636
2026-07-29T03:15:00Z,4026.39990234375,4027.800048828125,4023.89990234375,4025.199951171875,465
2026-07-29T03:30:00Z,4025.199951171875,4028.10009765625,4022.800048828125,4024.300048828125,382
2026-07-29T03:45:00Z,4024.300048828125,4025.60009765625,4021.39990234375,4021.699951171875,306
2026-07-29T04:00:00Z,4021.89990234375,4023.199951171875,4019.300048828125,4020.300048828125,447
2026-07-29T04:15:00Z,4020,4024,4018.60009765625,4021.800048828125,373
2026-07-29T04:30:00Z,4022.199951171875,4026.199951171875,4021.800048828125,4025.699951171875,403
2026-07-29T04:45:00Z,4026,4026.199951171875,4021.89990234375,4025.5,430
2026-07-29T05:00:00Z,4025.699951171875,4030.300048828125,4024.89990234375,4028.699951171875,536
2026-07-29T05:15:00Z,4028.199951171875,4029.39990234375,4025.10009765625,4028.300048828125,342
2026-07-29T05:30:00Z,4029,4037.800048828125,4027.800048828125,4037.10009765625,790
2026-07-29T05:45:00Z,4037.39990234375,4038.60009765625,4029.800048828125,4031.199951171875,573
2026-07-29T06:00:00Z,4031.300048828125,4036.5,4031.300048828125,4035.800048828125,418
2026-07-29T06:15:00Z,4035.800048828125,4041.39990234375,4034.199951171875,4039.39990234375,452
2026-07-29T06:30:00Z,4039.800048828125,4043.89990234375,4039.699951171875,4041.300048828125,752
2026-07-29T06:45:00Z,4041.39990234375,4041.39990234375,4038.199951171875,4039.800048828125,350
2026-07-29T07:00:00Z,4039.699951171875,4045.300048828125,4039.699951171875,4043.89990234375,526
2026-07-29T07:15:00Z,4043.800048828125,4047,4042.5,4045,552
2026-07-29T07:30:00Z,4045.10009765625,4106.60009765625,4044.199951171875,4105.10009765625,27126
2026-07-29T07:45:00Z,4105.10009765625,4106.10009765625,4101.2998046875,4102.60009765625,4251
2026-07-29T08:00:00Z,4102.89990234375,4103.39990234375,4097.89990234375,4098.39990234375,1106
2026-07-29T08:15:00Z,4100,4100.10009765625,4094.699951171875,4096.2998046875,1148
2026-07-29T08:30:00Z,4096.10009765625,4098.2001953125,4094.5,4097.2001953125,928
2026-07-29T08:45:00Z,4097.2001953125,4099.2001953125,4095.89990234375,4096.5,850
2026-07-29T09:00:00Z,4096.7998046875,4098,4094.60009765625,4095.60009765625,658
2026-07-29T09:15:00Z,4095.5,4096.89990234375,4092.39990234375,4092.89990234375,936
2026-07-29T09:30:00Z,4092.89990234375,4094.199951171875,4090.39990234375,4093.60009765625,1516
2026-07-29T09:45:00Z,4093.699951171875,4095.89990234375,4091,4091.800048828125,757
2026-07-29T10:00:00Z,4091.699951171875,4093.199951171875,4089.89990234375,4090.800048828125,1145
2026-07-29T10:15:00Z,4090.800048828125,4092.60009765625,4089.199951171875,4092.300048828125,623
2026-07-29T10:30:00Z,4092.10009765625,4093.800048828125,4085.699951171875,4086.89990234375,1177
2026-07-29T10:45:00Z,4086.60009765625,4088.10009765625,4085.10009765625,4086.699951171875,633
2026-07-29T11:00:00Z,4086.699951171875,4089.10009765625,4084.10009765625,4089.10009765625,1091
2026-07-29T11:15:00Z,4089,4093.10009765625,4087.60009765625,4092.10009765625,1047
2026-07-29T11:30:00Z,4092,4092,4089.5,4090.300048828125,584
2026-07-29T11:45:00Z,4090.199951171875,4095.39990234375,4089.699951171875,4091.699951171875,1175
2026-07-29T12:00:00Z,4091.800048828125,4092.5,4084.800048828125,4086.199951171875,1310
2026-07-29T12:15:00Z,4086.10009765625,4086.39990234375,4070.89990234375,4071.39990234375,5668
2026-07-29T12:30:00Z,4071.39990234375,4080.800048828125,4067.199951171875,4079.10009765625,4396
2026-07-29T12:45:00Z,4079.199951171875,4082.39990234375,4077.300048828125,4081.10009765625,2575
2026-07-29T13:00:00Z,4081.199951171875,4085,4073.300048828125,4074.10009765625,3511
2026-07-29T13:15:00Z,4073.89990234375,4081.89990234375,4071.60009765625,4072.60009765625,4157
2026-07-29T13:30:00Z,4072.699951171875,4075.699951171875,4067.800048828125,4070.89990234375,7265
2026-07-29T13:45:00Z,4071.10009765625,4073.89990234375,4060,4064.89990234375,5826
2026-07-29T14:00:00Z,4065.199951171875,4066.800048828125,4053.800048828125,4057.199951171875,5518
2026-07-29T14:15:00Z,4057.199951171875,4068.5,4056.800048828125,4063.60009765625,6155
2026-07-29T14:30:00Z,4063.89990234375,4067.89990234375,4057.199951171875,4059.5,3312
2026-07-29T14:45:00Z,4059.5,4064.300048828125,4056.300048828125,4063.5,3251
2026-07-29T15:00:00Z,4063.60009765625,4068.60009765625,4061.699951171875,4065.199951171875,2321
2026-07-29T15:15:00Z,4065.699951171875,4070.199951171875,4062.300048828125,4069.199951171875,3196
2026-07-29T15:30:00Z,4069.199951171875,4072,4065.39990234375,4068.5,2738
2026-07-29T15:45:00Z,4068.699951171875,4072.60009765625,4066.5,4068.199951171875,1786
2026-07-29T16:00:00Z,4068.300048828125,4074.5,4066.10009765625,4068.10009765625,2593
2026-07-29T16:15:00Z,4068.10009765625,4076.199951171875,4066.39990234375,4075.60009765625,2301
2026-07-29T16:30:00Z,4075,4077.60009765625,4073.5,4075.5,1538
2026-07-29T16:45:00Z,4075.10009765625,4091.699951171875,4073.60009765625,4086.10009765625,4077
2026-07-29T17:00:00Z,4086.199951171875,4109.7998046875,4086,4100.7001953125,7658
2026-07-29T17:15:00Z,4100.7001953125,4109.10009765625,4095.300048828125,4097.2998046875,7947
2026-07-29T17:30:00Z,4097.5,4105.5,4094,4103.7001953125,3537
2026-07-29T17:45:00Z,4103.7998046875,4106.39990234375,4099.60009765625,4102.60009765625,2678
2026-07-29T18:00:00Z,4103.2001953125,4158,4098.7998046875,4140.60009765625,16745
2026-07-29T18:15:00Z,4140.7001953125,4143.60009765625,4122.60009765625,4126.7998046875,5232
2026-07-29T18:30:00Z,4126.7001953125,4147.2998046875,4111,4142.60009765625,11166
2026-07-29T18:45:00Z,4142.89990234375,4170.2001953125,4141.39990234375,4166.60009765625,12901
2026-07-29T19:00:00Z,4167.10009765625,4176.60009765625,4149.60009765625,4159.39990234375,10348
2026-07-29T19:15:00Z,4159.2998046875,4164.60009765625,4140.10009765625,4143.2998046875,6599
2026-07-29T19:30:00Z,4143.5,4147.89990234375,4124,4128.10009765625,7267
2026-07-29T19:45:00Z,4128.39990234375,4131.2001953125,4103.7998046875,4105,6195
2026-07-29T20:00:00Z,4104.7001953125,4114.89990234375,4102.2998046875,4110.7998046875,3568
2026-07-29T20:15:00Z,4110.7998046875,4116.10009765625,4102.39990234375,4114,2050
2026-07-29T20:30:00Z,4114.2001953125,4127.7998046875,4112.60009765625,4125.7001953125,2063
2026-07-29T20:45:00Z,4125.60009765625,4128.7998046875,4122,4126.5,1513
2026-07-29T22:00:00Z,4126.5,4135.5,4120.89990234375,4134.39990234375,1891
2026-07-29T22:15:00Z,4134.2001953125,4135.7001953125,4130.10009765625,4132.60009765625,1868
2026-07-29T22:30:00Z,4132.7001953125,4139.60009765625,4130.5,4139.2998046875,1863
2026-07-29T22:45:00Z,4139.10009765625,4148.39990234375,4137.39990234375,4146.2998046875,2227
2026-07-29T23:00:00Z,4146.2998046875,4158.2001953125,4146.2001953125,4149,3032
2026-07-29T23:15:00Z,4149.39990234375,4152.89990234375,4148,4151,1654
2026-07-29T23:30:00Z,4151.39990234375,4153.2998046875,4147.10009765625,4148,1407
2026-07-29T23:45:00Z,4148.2998046875,4151.2001953125,4142,4142.2001953125,2141
2026-07-30T00:00:00Z,4142.5,4144.2998046875,4136.39990234375,4139,2750
2026-07-30T00:15:00Z,4139.10009765625,4141.10009765625,4130.2001953125,4132.89990234375,2873
2026-07-30T00:30:00Z,4133,4134.7998046875,4122.2001953125,4123.7001953125,2823
2026-07-30T00:45:00Z,4123.7001953125,4130.7998046875,4122.2001953125,4129.7998046875,2807
2026-07-30T01:00:00Z,4130,4151,4127.7998046875,4133.5,6985
2026-07-30T01:15:00Z,4133.5,4142.5,4131.2001953125,4139,3660
2026-07-30T01:30:00Z,4139,4147.5,4138.5,4144.2998046875,2391
2026-07-30T01:45:00Z,4144.5,4148.89990234375,4141.2998046875,4142.2998046875,2022
2026-07-30T02:00:00Z,4142.2001953125,4148.2001953125,4140,4140.10009765625,2044
2026-07-30T02:15:00Z,4140.10009765625,4141.2998046875,4137.5,4140.39990234375,1683
2026-07-30T02:30:00Z,4140.39990234375,4140.39990234375,4130.89990234375,4134.7001953125,2500
2026-07-30T02:45:00Z,4134.7001953125,4134.7001953125,4119,4121.2998046875,2676
2026-07-30T03:00:00Z,4121.2998046875,4127.5,4117.7998046875,4120.2001953125,2528
2026-07-30T03:15:00Z,4120.2001953125,4121.5,4109.2998046875,4111,2795
2026-07-30T03:30:00Z,4111.2001953125,4113.2001953125,4107.60009765625,4109.10009765625,2244
2026-07-30T03:45:00Z,4109.2998046875,4117,4109.2001953125,4114.10009765625,1855
2026-07-30T04:00:00Z,4115.7998046875,4117,4109.10009765625,4110.10009765625,1651
2026-07-30T04:15:00Z,4110,4111.89990234375,4107.39990234375,4110.7001953125,1058
2026-07-30T04:30:00Z,4110.60009765625,4110.60009765625,4104,4105.39990234375,1706
2026-07-30T04:45:00Z,4105.2998046875,4108.5,4100.60009765625,4102.5,2136
2026-07-30T05:00:00Z,4102.5,4102.5,4098,4102.39990234375,1797
2026-07-30T05:15:00Z,4102.2998046875,4103.89990234375,4093.300048828125,4103.5,2306
2026-07-30T05:30:00Z,4103.2001953125,4108,4084.60009765625,4090.39990234375,4684
2026-07-30T05:45:00Z,4090.199951171875,4095.5,4087.10009765625,4090.199951171875,2086
2026-07-30T06:00:00Z,4090.89990234375,4096.7001953125,4088,4089.300048828125,2147
2026-07-30T06:15:00Z,4089,4096.2998046875,4086.39990234375,4090.60009765625,2105
2026-07-30T06:30:00Z,4090.199951171875,4095.5,4088.300048828125,4093.199951171875,1607
2026-07-30T06:45:00Z,4092.60009765625,4098,4091.5,4093.800048828125,1803
2026-07-30T07:00:00Z,4093.89990234375,4105.39990234375,4092.800048828125,4103.89990234375,3512
2026-07-30T07:15:00Z,4103.7001953125,4108.60009765625,4100.39990234375,4103,2986
2026-07-30T07:30:00Z,4103,4104.89990234375,4093,4103.10009765625,2609
2026-07-30T07:45:00Z,4103.10009765625,4103.89990234375,4095.300048828125,4096.10009765625,1722
2026-07-30T08:00:00Z,4095.89990234375,4113.7001953125,4093.800048828125,4110.7998046875,3829
2026-07-30T08:15:00Z,4110.89990234375,4126.2998046875,4109.7998046875,4122.39990234375,3588
2026-07-30T08:30:00Z,4122.10009765625,4131.2998046875,4120.7001953125,4123.7998046875,4420
2026-07-30T08:45:00Z,4124,4128.7998046875,4117.2998046875,4119.2998046875,1998
2026-07-30T09:00:00Z,4119.39990234375,4127.10009765625,4117.89990234375,4123.89990234375,1989
2026-07-30T09:15:00Z,4123.89990234375,4130.39990234375,4122.39990234375,4125.7001953125,2168
2026-07-30T09:30:00Z,4125.60009765625,4127.7998046875,4118.7998046875,4123.7998046875,2538
2026-07-30T09:45:00Z,4123.89990234375,4131.7001953125,4120.60009765625,4121.39990234375,2041
2026-07-30T10:00:00Z,4121.60009765625,4133.2998046875,4121,4127.2001953125,3129
2026-07-30T10:15:00Z,4127,4136.5,4125.7998046875,4135.10009765625,2381
2026-07-30T10:30:00Z,4134.7998046875,4141.2998046875,4133.7001953125,4139.39990234375,2428
2026-07-30T10:45:00Z,4139.39990234375,4142,4135.5,4136.2998046875,1520
2026-07-30T11:00:00Z,4136.5,4141.7001953125,4136,4138,1539
2026-07-30T11:15:00Z,4137.89990234375,4140.2998046875,4134.89990234375,4136.5,1450
2026-07-30T11:30:00Z,4136.39990234375,4138.10009765625,4134.5,4135.7998046875,1399
2026-07-30T11:45:00Z,4135.7001953125,4139.10009765625,4133.60009765625,4135.7001953125,1646
2026-07-30T12:00:00Z,4135.7001953125,4141,4132.7001953125,4137.39990234375,2933
2026-07-30T12:15:00Z,4137.10009765625,4139.7998046875,4129.7001953125,4136,3751
2026-07-30T12:30:00Z,4136.89990234375,4145.39990234375,4129.60009765625,4135.7998046875,5953
2026-07-30T12:45:00Z,4136.2001953125,4138,4125.39990234375,4127.10009765625,3512
2026-07-30T13:00:00Z,4127.2001953125,4135.39990234375,4123.39990234375,4135.39990234375,4926
2026-07-30T13:15:00Z,4135,4142.39990234375,4130.39990234375,4138.5,4215
2026-07-30T13:30:00Z,4138.2001953125,4157.7001953125,4133.10009765625,4147.7998046875,12418
2026-07-30T13:45:00Z,4147.89990234375,4172.60009765625,4144.2998046875,4171.89990234375,11587
2026-07-30T14:00:00Z,4171.7998046875,4180.2001953125,4153.2998046875,4157.7998046875,15795
2026-07-30T14:15:00Z,4157.5,4159.7001953125,4145.89990234375,4155.10009765625,8226
2026-07-30T14:30:00Z,4155.2998046875,4170.7001953125,4153.7001953125,4170.2001953125,6290
2026-07-30T14:45:00Z,4170.2001953125,4172.7001953125,4155.60009765625,4159.10009765625,4918
2026-07-30T15:00:00Z,4159.2998046875,4159.5,4142,4144.2998046875,5507
2026-07-30T15:15:00Z,4144,4156.5,4143.60009765625,4155,3664
2026-07-30T15:30:00Z,4155,4166,4151.39990234375,4164.10009765625,3575
2026-07-30T15:45:00Z,4164.2998046875,4169.2001953125,4162.5,4167.2998046875,3219
2026-07-30T16:00:00Z,4166.7998046875,4175,4166.60009765625,4173.2001953125,4442
2026-07-30T16:15:00Z,4173.10009765625,4178.60009765625,4172.60009765625,4174.89990234375,3009
2026-07-30T16:30:00Z,4175.2001953125,4175.5,4167.2001953125,4167.7001953125,2929
2026-07-30T16:45:00Z,4167.7001953125,4169.89990234375,4165.39990234375,4169.7998046875,2134
2026-07-30T17:00:00Z,4169.7998046875,4170.60009765625,4163.89990234375,4164.10009765625,2280
2026-07-30T17:15:00Z,4163.89990234375,4167.2001953125,4157,4160.60009765625,3026
2026-07-30T17:30:00Z,4160.7001953125,4167.2001953125,4159,4164.60009765625,3024
2026-07-30T17:45:00Z,4165,4167.39990234375,4160,4161.5,1767
2026-07-30T18:00:00Z,4161.5,4165.7001953125,4161.2998046875,4165.39990234375,1490
2026-07-30T18:15:00Z,4165.39990234375,4165.60009765625,4159.5,4162.2998046875,1517
2026-07-30T18:30:00Z,4162.2998046875,4166.7998046875,4161.7998046875,4163.7998046875,1113
2026-07-30T18:45:00Z,4163.60009765625,4164,4157.7001953125,4158.7998046875,1414
2026-07-30T19:00:00Z,4158.7001953125,4164.7001953125,4157.7998046875,4163.7998046875,1640
2026-07-30T19:15:00Z,4163.89990234375,4174.2998046875,4162.10009765625,4171.89990234375,2690
2026-07-30T19:30:00Z,4171.5,4174.7001953125,4170.39990234375,4171.2001953125,1343
2026-07-30T19:45:00Z,4171.2998046875,4172.2001953125,4168.2998046875,4171,1759
2026-07-30T20:00:00Z,4171.2998046875,4176.60009765625,4169.10009765625,4173.2998046875,1716
2026-07-30T20:15:00Z,4173.2001953125,4174.2001953125,4170.89990234375,4171.10009765625,759
2026-07-30T20:30:00Z,4171.2998046875,4171.89990234375,4161.39990234375,4162.10009765625,1459
2026-07-30T20:45:00Z,4162.10009765625,4163.2001953125,4158.39990234375,4162.2998046875,1272
2026-07-30T22:00:00Z,4162.60009765625,4166.2001953125,4160,4165.39990234375,766
2026-07-30T22:15:00Z,4165.10009765625,4166.89990234375,4164.89990234375,4165.7998046875,1002
2026-07-30T22:30:00Z,4166,4169,4165.39990234375,4168.7001953125,924
2026-07-30T22:45:00Z,4168.7001953125,4169.89990234375,4167.2998046875,4167.5,761
2026-07-30T23:00:00Z,4167.60009765625,4170.2998046875,4164.89990234375,4165.89990234375,1059
2026-07-30T23:15:00Z,4165.7998046875,4165.89990234375,4161.60009765625,4162.89990234375,1280
2026-07-30T23:30:00Z,4162.60009765625,4166.39990234375,4160.7998046875,4164.5,1352
2026-07-30T23:45:00Z,4164.7001953125,4168.7998046875,4163.89990234375,4164.2998046875,1097
2026-07-31T00:00:00Z,4164.7001953125,4165.60009765625,4159.10009765625,4160.10009765625,1736
2026-07-31T00:15:00Z,4159.89990234375,4162.39990234375,4154.5,4154.7998046875,2100
2026-07-31T00:30:00Z,4154.7998046875,4156.2001953125,4148.7998046875,4151.7998046875,2096
2026-07-31T00:45:00Z,4151.89990234375,4155.10009765625,4149.10009765625,4153.5,1608
2026-07-31T01:00:00Z,4153.39990234375,4159.89990234375,4146.7998046875,4147.10009765625,3906
2026-07-31T01:15:00Z,4147,4153.60009765625,4145,4150,2369
2026-07-31T01:30:00Z,4150.2001953125,4150.2998046875,4142,4143.89990234375,2385
2026-07-31T01:45:00Z,4143.89990234375,4147.7001953125,4140,4142.5,2116
2026-07-31T02:00:00Z,4142.7998046875,4149,4139.7998046875,4143.7998046875,1954
2026-07-31T02:15:00Z,4143.89990234375,4143.89990234375,4138.5,4140.5,2427
2026-07-31T02:30:00Z,4140.10009765625,4142.7001953125,4133.39990234375,4133.5,3511
2026-07-31T02:45:00Z,4133.5,4136.7001953125,4131.7001953125,4134.2001953125,1887
2026-07-31T03:00:00Z,4134,4134.2998046875,4129.7001953125,4131.5,1892
2026-07-31T03:15:00Z,4131.2001953125,4134,4130,4133.2001953125,1351
2026-07-31T03:30:00Z,4133.2998046875,4137.39990234375,4132.7998046875,4134.39990234375,1813
2026-07-31T03:45:00Z,4134.39990234375,4135.39990234375,4132.10009765625,4133,796
2026-07-31T04:00:00Z,4132.7001953125,4135.39990234375,4131.2001953125,4135.39990234375,1182
2026-07-31T04:15:00Z,4134.60009765625,4138.2998046875,4132.5,4137.7998046875,1773
2026-07-31T04:30:00Z,4138,4139.5,4137.10009765625,4137.2001953125,1092
2026-07-31T04:45:00Z,4137.10009765625,4138,4132.60009765625,4137.60009765625,1536
2026-07-31T05:00:00Z,4137.89990234375,4141.10009765625,4137.60009765625,4137.89990234375,1247
2026-07-31T05:15:00Z,4137.7998046875,4140.7998046875,4137.39990234375,4139,809
2026-07-31T05:30:00Z,4139,4139.7998046875,4133.60009765625,4134.5,1597
2026-07-31T05:45:00Z,4134.2998046875,4134.2998046875,4131,4132.10009765625,1569
2026-07-31T06:00:00Z,4132.2001953125,4140.60009765625,4130.39990234375,4140.39990234375,1689
2026-07-31T06:15:00Z,4140.10009765625,4145.2001953125,4138.7998046875,4143.10009765625,2161
2026-07-31T06:30:00Z,4142.7998046875,4143.10009765625,4134.89990234375,4135.7998046875,1815
2026-07-31T06:45:00Z,4135.7001953125,4139.39990234375,4133.89990234375,4135.2998046875,1533
2026-07-31T07:00:00Z,4135.10009765625,4136.7998046875,4133,4135,1225
2026-07-31T07:15:00Z,4135.10009765625,4136.89990234375,4127.7998046875,4130.10009765625,1697
2026-07-31T07:30:00Z,4130.39990234375,4131.39990234375,4125.5,4129.7001953125,2000
2026-07-31T07:45:00Z,4129.7998046875,4131.89990234375,4124.89990234375,4125.10009765625,1647
2026-07-31T08:00:00Z,4125.2998046875,4125.39990234375,4118.5,4119.5,2947
2026-07-31T08:15:00Z,4119.60009765625,4124.60009765625,4114.7998046875,4115.7001953125,3038
2026-07-31T08:30:00Z,4115.60009765625,4118.5,4110.89990234375,4116,2829
2026-07-31T08:45:00Z,4116.10009765625,4121.2998046875,4114.60009765625,4117.7998046875,2210
2026-07-31T09:00:00Z,4117.5,4120.60009765625,4111.7001953125,4113.5,2134
2026-07-31T09:15:00Z,4113.60009765625,4114.2001953125,4107.7998046875,4108.7001953125,2019
2026-07-31T09:30:00Z,4108.39990234375,4111,4106.5,4109.60009765625,1909
2026-07-31T09:45:00Z,4109.5,4113.5,4108.5,4111.5,1304
2026-07-31T10:00:00Z,4111.2001953125,4114.5,4109.60009765625,4112.2998046875,1227
2026-07-31T10:15:00Z,4112.2001953125,4112.5,4107.89990234375,4109.39990234375,987
2026-07-31T10:30:00Z,4109.2001953125,4112.7998046875,4109.10009765625,4111.10009765625,1115
2026-07-31T10:45:00Z,4110.89990234375,4113.5,4110,4110.89990234375,1013
2026-07-31T11:00:00Z,4110.7998046875,4116,4108.2998046875,4113.60009765625,1825
2026-07-31T11:15:00Z,4113.5,4117.39990234375,4110.39990234375,4115,1533
2026-07-31T11:30:00Z,4114.89990234375,4115,4105.7998046875,4108.5,2205
2026-07-31T11:45:00Z,4108.2001953125,4111.7998046875,4107.2001953125,4110,1132
2026-07-31T12:00:00Z,4110.10009765625,4115.89990234375,4108.7998046875,4115.2998046875,2078
2026-07-31T12:15:00Z,4115.39990234375,4115.60009765625,4103.10009765625,4103.7001953125,2676
2026-07-31T12:30:00Z,4103.39990234375,4107.89990234375,4098.39990234375,4100.7001953125,4638
2026-07-31T12:45:00Z,4100.60009765625,4102.5,4096.39990234375,4096.7998046875,3682
2026-07-31T13:00:00Z,4096.7001953125,4098.89990234375,4090.199951171875,4092.199951171875,5553
2026-07-31T13:15:00Z,4092.10009765625,4103.2001953125,4091.39990234375,4098.89990234375,5007
2026-07-31T13:30:00Z,4098.7001953125,4100.5,4077.699951171875,4081,9691
2026-07-31T13:45:00Z,4081,4088.199951171875,4077.800048828125,4081.199951171875,5587
2026-07-31T14:00:00Z,4080.89990234375,4088.89990234375,4076.5,4088.300048828125,5719
2026-07-31T14:15:00Z,4088.300048828125,4096.5,4086,4094.89990234375,4709
2026-07-31T14:30:00Z,4095,4099.2998046875,4092.800048828125,4097.60009765625,3479
2026-07-31T14:45:00Z,4097.60009765625,4106.7998046875,4097.2001953125,4105.60009765625,4274
2026-07-31T15:00:00Z,4105.60009765625,4107.2001953125,4098.89990234375,4103.5,4525
2026-07-31T15:15:00Z,4103.39990234375,4109.5,4096.39990234375,4097.2998046875,3810
2026-07-31T15:30:00Z,4097.60009765625,4099.89990234375,4092.89990234375,4098.39990234375,2790
2026-07-31T15:45:00Z,4098.5,4103,4095.89990234375,4101.7998046875,2321
2026-07-31T16:00:00Z,4101.5,4103,4097.2001953125,4102.5,1614
2026-07-31T16:15:00Z,4102.2998046875,4104.7001953125,4099.10009765625,4103.60009765625,1455
2026-07-31T16:30:00Z,4103.7998046875,4106.2998046875,4097.10009765625,4098.60009765625,2008
2026-07-31T16:45:00Z,4098.60009765625,4101.2998046875,4098,4099.2998046875,1151
2026-07-31T17:00:00Z,4099.2001953125,4102.5,4097.2998046875,4101.39990234375,1486
2026-07-31T17:15:00Z,4101.60009765625,4110,4100.7998046875,4106.7001953125,2869
2026-07-31T17:30:00Z,4106.7998046875,4109.5,4103.89990234375,4107.89990234375,2048
2026-07-31T17:45:00Z,4108,4111.10009765625,4106.2998046875,4109.7998046875,2281
2026-07-31T18:00:00Z,4109.89990234375,4111.2001953125,4102.89990234375,4104.10009765625,1790
2026-07-31T18:15:00Z,4103.89990234375,4107.7998046875,4103.60009765625,4107,1001
2026-07-31T18:30:00Z,4107.2001953125,4107.7001953125,4103.89990234375,4105.39990234375,1015
2026-07-31T18:45:00Z,4105.2998046875,4107.89990234375,4104.10009765625,4106.7998046875,846
2026-07-31T19:00:00Z,4107,4108.89990234375,4102.39990234375,4104,1433
2026-07-31T19:15:00Z,4104.10009765625,4106.60009765625,4103,4106.39990234375,769
2026-07-31T19:30:00Z,4106.2998046875,4110.7001953125,4104.89990234375,4110,1116
2026-07-31T19:45:00Z,4110.2001953125,4111.7998046875,4106.5,4107.60009765625,1962
2026-07-31T20:00:00Z,4107.7001953125,4108.60009765625,4101.7001953125,4104.5,1174
2026-07-31T20:15:00Z,4104.10009765625,4105.2998046875,4102.7998046875,4104.5,544
2026-07-31T20:30:00Z,4104.39990234375,4109.2001953125,4103.7001953125,4107.39990234375,1049
2026-07-31T20:45:00Z,4107.60009765625,4108.5,4097.39990234375,4107,1793
2026-08-02T22:00:00Z,4131.7001953125,4136.10009765625,4130.60009765625,4133.2998046875,500
2026-08-02T22:15:00Z,4133.10009765625,4134.10009765625,4120.2001953125,4122.7001953125,3321
2026-08-02T22:30:00Z,4122.7001953125,4125,4120.2998046875,4123.10009765625,1857
2026-08-02T22:45:00Z,4123.10009765625,4123.7998046875,4119,4120,1999
2026-08-02T23:00:00Z,4119.7998046875,4123.39990234375,4119.10009765625,4122.60009765625,1076
2026-08-02T23:15:00Z,4122.39990234375,4128.5,4122.2001953125,4127.89990234375,1555
2026-08-02T23:30:00Z,4127.89990234375,4128.2001953125,4123.60009765625,4125.2001953125,752
2026-08-02T23:45:00Z,4125.5,4130.60009765625,4123.89990234375,4130.60009765625,1764
2026-08-03T00:00:00Z,4130.60009765625,4134.7001953125,4125.7001953125,4127.7998046875,2395
2026-08-03T00:15:00Z,4127.7001953125,4128.7998046875,4116.7001953125,4119.89990234375,2989
2026-08-03T00:30:00Z,4119.60009765625,4125.7001953125,4112.2998046875,4113.89990234375,3528
2026-08-03T00:45:00Z,4113.39990234375,4116.39990234375,4111.10009765625,4112.7001953125,2180
2026-08-03T01:00:00Z,4112.89990234375,4119,4106.2001953125,4107.60009765625,4172
2026-08-03T01:15:00Z,4108.39990234375,4110.5,4102.7001953125,4108.2001953125,2506
2026-08-03T01:30:00Z,4108.2998046875,4112.60009765625,4102.89990234375,4106.7998046875,2309
2026-08-03T01:45:00Z,4106.89990234375,4113.5,4105.5,4112.2998046875,1798
2026-08-03T02:00:00Z,4112.89990234375,4116.89990234375,4109,4111.39990234375,1911
2026-08-03T02:15:00Z,4111.10009765625,4116.60009765625,4107.60009765625,4113.7001953125,1810
2026-08-03T02:30:00Z,4113.89990234375,4116.10009765625,4108,4115,1928
2026-08-03T02:45:00Z,4114.89990234375,4122.7001953125,4113.7001953125,4117.60009765625,2057
2026-08-03T03:00:00Z,4117.60009765625,4120.7998046875,4116.2001953125,4119.7998046875,898
2026-08-03T03:15:00Z,4119.5,4123.7001953125,4116.7998046875,4118.89990234375,2071
2026-08-03T03:30:00Z,4119.2001953125,4120.2998046875,4115.5,4115.7998046875,1091
2026-08-03T03:45:00Z,4116,4122.10009765625,4114.39990234375,4119.89990234375,1273
2026-08-03T04:00:00Z,4120.39990234375,4123.39990234375,4119.39990234375,4121.39990234375,866
2026-08-03T04:15:00Z,4121.60009765625,4126.2001953125,4121.2001953125,4123.2998046875,1310
2026-08-03T04:30:00Z,4123.39990234375,4126.5,4123.39990234375,4126,832
2026-08-03T04:45:00Z,4125.7998046875,4127.10009765625,4119.10009765625,4119.10009765625,1047
2026-08-03T05:00:00Z,4119.10009765625,4120.5,4111.5,4112.60009765625,1950
2026-08-03T05:15:00Z,4112.39990234375,4118,4109.10009765625,4115.60009765625,1282
2026-08-03T05:30:00Z,4115.10009765625,4119.7998046875,4110.2998046875,4118.60009765625,1654
2026-08-03T05:45:00Z,4118.60009765625,4125.10009765625,4114,4124.2998046875,1483
2026-08-03T06:00:00Z,4124.2998046875,4126.5,4121.2001953125,4121.39990234375,1597
2026-08-03T06:15:00Z,4121.2998046875,4127.2998046875,4120.60009765625,4123.7001953125,1333
2026-08-03T06:30:00Z,4123.7998046875,4124.10009765625,4115.7001953125,4120.60009765625,1575
2026-08-03T06:45:00Z,4120.60009765625,4122.60009765625,4118,4119.10009765625,1243
2026-08-03T07:00:00Z,4119,4120.39990234375,4114.7001953125,4116.60009765625,1195
2026-08-03T07:15:00Z,4116.60009765625,4117.2001953125,4107.2998046875,4113.5,2602
2026-08-03T07:30:00Z,4113.60009765625,4117.2998046875,4111.89990234375,4115,1160
2026-08-03T07:45:00Z,4115.10009765625,4119.10009765625,4113.89990234375,4117,1168
2026-08-03T08:00:00Z,4117,4117.89990234375,4113.7998046875,4117.39990234375,1022
2026-08-03T08:15:00Z,4117.39990234375,4118.2001953125,4109.89990234375,4111.5,1212
2026-08-03T08:30:00Z,4111.39990234375,4116.2998046875,4110,4113.89990234375,1012
2026-08-03T08:45:00Z,4113.7998046875,4117,4113.2001953125,4115.5,560
2026-08-03T09:00:00Z,4115.10009765625,4118,4112.7998046875,4117.2998046875,686
2026-08-03T09:15:00Z,4117.2001953125,4117.2001953125,4107.7998046875,4108.60009765625,1545
2026-08-03T09:30:00Z,4108.5,4111.10009765625,4102.5,4109.7998046875,3203
2026-08-03T09:45:00Z,4109.7001953125,4114.39990234375,4109.7001953125,4111.5,1340
2026-08-03T10:00:00Z,4111.7001953125,4113.5,4109.2998046875,4112.7998046875,827
2026-08-03T10:15:00Z,4112.5,4113.60009765625,4108.2998046875,4110,832
2026-08-03T10:30:00Z,4110,4110,4104.89990234375,4105.39990234375,1079
2026-08-03T10:45:00Z,4105.2998046875,4107.10009765625,4101,4105.7998046875,1306
2026-08-03T11:00:00Z,4105.60009765625,4109.2998046875,4103.7001953125,4106,1232
2026-08-03T11:15:00Z,4106.10009765625,4106.10009765625,4101.5,4104.5,903
2026-08-03T11:30:00Z,4104.2998046875,4111.60009765625,4103.89990234375,4110,1271
2026-08-03T11:45:00Z,4110,4120,4108.89990234375,4118.7998046875,2507
2026-08-03T12:00:00Z,4118.89990234375,4121,4110.60009765625,4112.10009765625,2248
2026-08-03T12:15:00Z,4112,4112.5,4104.60009765625,4107,2541
2026-08-03T12:30:00Z,4107.2001953125,4109.2001953125,4098.10009765625,4101.10009765625,3222
2026-08-03T12:45:00Z,4101,4105.10009765625,4099,4103.2998046875,2101
2026-08-03T13:00:00Z,4103.5,4109.7998046875,4092.699951171875,4094.10009765625,5224
2026-08-03T13:15:00Z,4094.300048828125,4095.89990234375,4086.60009765625,4089.39990234375,4942
2026-08-03T13:30:00Z,4089.300048828125,4091,4074,4087.10009765625,8551
2026-08-03T13:45:00Z,4087.10009765625,4090.60009765625,4083.10009765625,4086.800048828125,3750
2026-08-03T14:00:00Z,4086.60009765625,4092,4080.10009765625,4088.39990234375,4671
2026-08-03T14:15:00Z,4088.10009765625,4091.300048828125,4085.10009765625,4087.800048828125,2653
2026-08-03T14:30:00Z,4087.60009765625,4093.60009765625,4087.10009765625,4091.800048828125,2501
2026-08-03T14:45:00Z,4092,4095,4089.10009765625,4091.5,3133
2026-08-03T15:00:00Z,4091.800048828125,4092.39990234375,4085.39990234375,4088.39990234375,2931
2026-08-03T15:15:00Z,4088.300048828125,4093.800048828125,4085.89990234375,4088,2579
2026-08-03T15:30:00Z,4088.10009765625,4094.39990234375,4086.199951171875,4092.199951171875,1918
2026-08-03T15:45:00Z,4092.10009765625,4096.60009765625,4090.800048828125,4091.800048828125,1562
2026-08-03T16:00:00Z,4091.5,4093,4089.89990234375,4091.5,807
2026-08-03T16:15:00Z,4091.800048828125,4094,4090.199951171875,4092.60009765625,1221
2026-08-03T16:30:00Z,4092.5,4094.89990234375,4091.10009765625,4094.199951171875,917
2026-08-03T16:45:00Z,4094.39990234375,4094.5,4091.300048828125,4092.699951171875,696
2026-08-03T17:00:00Z,4092.699951171875,4093.199951171875,4088.699951171875,4089.800048828125,967
2026-08-03T17:15:00Z,4089.699951171875,4093.60009765625,4089.5,4090,1624
2026-08-03T17:30:00Z,4090.199951171875,4092.699951171875,4089.5,4091.89990234375,980
2026-08-03T17:45:00Z,4092,4092.300048828125,4086,4086.199951171875,1504
2026-08-03T18:00:00Z,4086.39990234375,4094.5,4085.39990234375,4090.800048828125,1652
2026-08-03T18:15:00Z,4091,4095.199951171875,4090.89990234375,4093.89990234375,996
2026-08-03T18:30:00Z,4093.699951171875,4097.7001953125,4092.5,4097.5,769
2026-08-03T18:45:00Z,4097.2998046875,4101.10009765625,4096.2998046875,4099.2998046875,1710
2026-08-03T19:00:00Z,4099.7001953125,4105.5,4099.60009765625,4101.89990234375,2690
2026-08-03T19:15:00Z,4102.10009765625,4110.39990234375,4101.89990234375,4108.7001953125,1762
2026-08-03T19:30:00Z,4108.7998046875,4111.60009765625,4107.7001953125,4110,1172
2026-08-03T19:45:00Z,4110.10009765625,4111.89990234375,4107.7001953125,4108.2998046875,1805
2026-08-03T20:00:00Z,4108.2001953125,4109,4106.10009765625,4108.7998046875,893
2026-08-03T20:15:00Z,4108.39990234375,4111.89990234375,4107.2998046875,4110.2998046875,513
2026-08-03T20:30:00Z,4110.5,4114.39990234375,4109.89990234375,4112.2998046875,799
2026-08-03T20:45:00Z,4112.60009765625,4113.5,4110.5,4111,784
2026-08-03T22:00:00Z,4109.60009765625,4110.89990234375,4104.7001953125,4107,570
2026-08-03T22:15:00Z,4107,4108.2998046875,4106.2001953125,4107.7998046875,424
2026-08-03T22:30:00Z,4107.60009765625,4109.2001953125,4107.10009765625,4108.2001953125,479
2026-08-03T22:45:00Z,4108.2998046875,4109.5,4106.89990234375,4108.7001953125,561
2026-08-03T23:00:00Z,4108.39990234375,4111,4105.5,4107.2001953125,1264
2026-08-03T23:15:00Z,4106.89990234375,4110.5,4106.2001953125,4107.39990234375,1068
2026-08-03T23:30:00Z,4107.39990234375,4108.5,4106.7998046875,4108.10009765625,321
2026-08-03T23:45:00Z,4108.10009765625,4109.7001953125,4106.89990234375,4109.39990234375,1008
2026-08-04T00:00:00Z,4109.2998046875,4125,4108.60009765625,4119.2998046875,3822
2026-08-04T00:15:00Z,4119.2998046875,4120.39990234375,4113.7001953125,4114.7001953125,1696
2026-08-04T00:30:00Z,4115,4116.60009765625,4111.10009765625,4112,1201
2026-08-04T00:45:00Z,4112.2001953125,4113.89990234375,4104.2998046875,4105,2533
2026-08-04T01:00:00Z,4104.7998046875,4106.2998046875,4097.89990234375,4102.5,4543
2026-08-04T01:15:00Z,4102.7001953125,4108.10009765625,4102.5,4104.7001953125,1840
2026-08-04T01:30:00Z,4104.7998046875,4116.2998046875,4103.7001953125,4114.89990234375,2859
2026-08-04T01:45:00Z,4114.60009765625,4117.89990234375,4112.2001953125,4114.7001953125,1943
2026-08-04T02:00:00Z,4114.7998046875,4116.89990234375,4111.2998046875,4113.89990234375,1453
2026-08-04T02:15:00Z,4113.89990234375,4115.5,4111.10009765625,4112,984
2026-08-04T02:30:00Z,4112,4120.7998046875,4111.10009765625,4117.60009765625,1722
2026-08-04T02:45:00Z,4117.7998046875,4118.2998046875,4113.60009765625,4114.60009765625,996
2026-08-04T03:00:00Z,4114.5,4116.39990234375,4112,4113.7998046875,972
2026-08-04T03:15:00Z,4113.7001953125,4117.60009765625,4113.10009765625,4113.60009765625,896
2026-08-04T03:30:00Z,4113.39990234375,4114.10009765625,4107.60009765625,4107.89990234375,1428
2026-08-04T03:45:00Z,4108.10009765625,4110.89990234375,4107.60009765625,4108.39990234375,763
2026-08-04T04:00:00Z,4107.7998046875,4112.10009765625,4106.2001953125,4111.7998046875,1187
2026-08-04T04:15:00Z,4112,4117.2001953125,4111.2001953125,4116.60009765625,1446
2026-08-04T04:30:00Z,4116.89990234375,4119.7001953125,4115.89990234375,4118,1176
2026-08-04T04:45:00Z,4118,4122,4117.7001953125,4119.2001953125,1164
2026-08-04T05:00:00Z,4119.5,4120.2998046875,4112.7998046875,4113.60009765625,1407
2026-08-04T05:15:00Z,4113.5,4119.89990234375,4112.7998046875,4119.2998046875,939
2026-08-04T05:30:00Z,4119.2998046875,4123.7998046875,4115,4118.60009765625,1884
2026-08-04T05:45:00Z,4118.7998046875,4120.39990234375,4114.39990234375,4117.2998046875,1333
2026-08-04T06:00:00Z,4117.7001953125,4122.10009765625,4117.7001953125,4120.10009765625,1221
2026-08-04T06:15:00Z,4120.10009765625,4120.7998046875,4115.2998046875,4115.60009765625,1003
2026-08-04T06:30:00Z,4115.7998046875,4115.89990234375,4111.2998046875,4115.89990234375,1335
2026-08-04T06:45:00Z,4115.89990234375,4119.7001953125,4114.60009765625,4119.2998046875,1066
2026-08-04T07:00:00Z,4119.39990234375,4121.89990234375,4116.7001953125,4117.10009765625,1459
2026-08-04T07:15:00Z,4117.10009765625,4121.7998046875,4116.7998046875,4119.2998046875,1259
2026-08-04T07:30:00Z,4118.89990234375,4122.89990234375,4117.5,4118.7998046875,1391
2026-08-04T07:45:00Z,4119.10009765625,4122.5,4118.2998046875,4121.7998046875,578
2026-08-04T08:00:00Z,4121.89990234375,4129.5,4120.7001953125,4124.39990234375,2990
2026-08-04T08:15:00Z,4124.39990234375,4124.89990234375,4116.2998046875,4119.7001953125,1630
2026-08-04T08:30:00Z,4119.10009765625,4120.7001953125,4114.2998046875,4115.2998046875,1646
2026-08-04T08:45:00Z,4115.2001953125,4115.5,4110.10009765625,4110.7001953125,1219
2026-08-04T09:00:00Z,4110.60009765625,4111.10009765625,4103.60009765625,4106.5,2158
2026-08-04T09:15:00Z,4106.2998046875,4107.7998046875,4104.39990234375,4105.89990234375,1359
2026-08-04T09:30:00Z,4106.2001953125,4107.89990234375,4101.89990234375,4106.2001953125,1827
2026-08-04T09:45:00Z,4106.2001953125,4106.7998046875,4103.10009765625,4105.7998046875,882
2026-08-04T10:00:00Z,4105.5,4105.7998046875,4102.5,4104.7998046875,705
2026-08-04T10:15:00Z,4104.7001953125,4105.5,4101.2001953125,4104.7001953125,794
2026-08-04T10:30:00Z,4104.7001953125,4109.89990234375,4101.89990234375,4108.2001953125,1570
2026-08-04T10:45:00Z,4108.39990234375,4116.5,4108.10009765625,4109.60009765625,3127
2026-08-04T11:00:00Z,4109.39990234375,4114.7998046875,4108.2001953125,4112.7001953125,1300
2026-08-04T11:15:00Z,4112.39990234375,4117.10009765625,4111.2998046875,4117,1298
2026-08-04T11:30:00Z,4117.2001953125,4127.2998046875,4116,4126.60009765625,3443
2026-08-04T11:45:00Z,4126.7001953125,4141.60009765625,4123.89990234375,4132,8064
2026-08-04T12:00:00Z,4132.2998046875,4133.39990234375,4117.60009765625,4118.60009765625,4688
2026-08-04T12:15:00Z,4118.7998046875,4127.10009765625,4117.7001953125,4125,3122
2026-08-04T12:30:00Z,4124.89990234375,4141.39990234375,4124.89990234375,4135,6129
2026-08-04T12:45:00Z,4135.10009765625,4136.10009765625,4126.2001953125,4127.7001953125,3454
2026-08-04T13:00:00Z,4128,4128.89990234375,4117.60009765625,4120.60009765625,4968
2026-08-04T13:15:00Z,4120.5,4148,4119.2001953125,4135.39990234375,8994
2026-08-04T13:30:00Z,4135.39990234375,4148.7001953125,4132.5,4140.39990234375,8172
2026-08-04T13:45:00Z,4140.39990234375,4151.60009765625,4138.39990234375,4141.5,6149
2026-08-04T14:00:00Z,4140.7998046875,4149.39990234375,4140.10009765625,4147.2001953125,4184
2026-08-04T14:15:00Z,4147.2998046875,4149.2001953125,4137.2001953125,4140.5,4397
2026-08-04T14:30:00Z,4140.39990234375,4143.60009765625,4131.39990234375,4136.89990234375,6326
2026-08-04T14:45:00Z,4136.60009765625,4141.7001953125,4134.7001953125,4140.2998046875,2852
2026-08-04T15:00:00Z,4140.2998046875,4142.7001953125,4136.5,4140.7998046875,2410
2026-08-04T15:15:00Z,4141,4141.2998046875,4130.2001953125,4135,3456
2026-08-04T15:30:00Z,4134.7001953125,4144.2998046875,4132.89990234375,4140.7998046875,3688
2026-08-04T15:45:00Z,4140.60009765625,4145.7998046875,4139.5,4144,2484
2026-08-04T16:00:00Z,4144.39990234375,4145.7001953125,4141.10009765625,4141.7001953125,1875
2026-08-04T16:15:00Z,4142,4147,4139.7998046875,4144.7001953125,1722
2026-08-04T16:30:00Z,4144.5,4146.5,4141.60009765625,4146.10009765625,1612
2026-08-04T16:45:00Z,4145.7998046875,4150.7998046875,4145.5,4150.2998046875,2068
2026-08-04T17:00:00Z,4150,4163.7998046875,4149.39990234375,4157.2001953125,4981
2026-08-04T17:15:00Z,4157.2998046875,4158.39990234375,4151.2001953125,4152,2381
2026-08-04T17:30:00Z,4151.5,4153.39990234375,4148.60009765625,4152.5,1625
2026-08-04T17:45:00Z,4152.60009765625,4153.7998046875,4142.89990234375,4143.2001953125,2959
2026-08-04T18:00:00Z,4142.7998046875,4145.7998046875,4141.7001953125,4145.5,1812
2026-08-04T18:15:00Z,4145.2001953125,4146.39990234375,4141,4141.39990234375,1538
2026-08-04T18:30:00Z,4141.5,4142.7001953125,4133.2001953125,4133.39990234375,2829
2026-08-04T18:45:00Z,4133.39990234375,4138.10009765625,4132.10009765625,4136.7001953125,1448
2026-08-04T19:00:00Z,4136.7001953125,4141.2001953125,4135.5,4138.7998046875,1617
2026-08-04T19:15:00Z,4139,4141.89990234375,4136,4137.2998046875,1315
2026-08-04T19:30:00Z,4137.2998046875,4139.5,4136.10009765625,4138.2001953125,823
2026-08-04T19:45:00Z,4138.39990234375,4139.2001953125,4133.2001953125,4135.60009765625,1875
2026-08-04T20:00:00Z,4135.2998046875,4137.2001953125,4135.10009765625,4136,672
2026-08-04T20:15:00Z,4135.7998046875,4135.7998046875,4131.2001953125,4132.39990234375,742
2026-08-04T20:30:00Z,4132.10009765625,4135.5,4132,4134.5,763
2026-08-04T20:45:00Z,4134.39990234375,4135.10009765625,4132.7998046875,4134.89990234375,1081
2026-08-04T22:00:00Z,4134.7998046875,4136.60009765625,4132.7001953125,4133.39990234375,352
2026-08-04T22:15:00Z,4133.2998046875,4136.10009765625,4132,4136.10009765625,809
2026-08-04T22:30:00Z,4135.7998046875,4142.2998046875,4135.39990234375,4140.39990234375,1560
2026-08-04T22:45:00Z,4140.2001953125,4141.10009765625,4132.2998046875,4132.5,1290
2026-08-04T23:00:00Z,4132.89990234375,4134.2001953125,4125.5,4130.2001953125,3031
2026-08-04T23:15:00Z,4130,4131.60009765625,4121.7001953125,4123.60009765625,1993
2026-08-04T23:30:00Z,4123.2998046875,4126.39990234375,4121.7998046875,4125.39990234375,1081
2026-08-04T23:45:00Z,4125.39990234375,4129.89990234375,4125.2998046875,4128.5,1008
2026-08-05T00:00:00Z,4128.5,4130.39990234375,4126.39990234375,4127.89990234375,1352
2026-08-05T00:15:00Z,4127.7998046875,4135.39990234375,4127.39990234375,4134.89990234375,1872
2026-08-05T00:30:00Z,4134.7001953125,4139,4133.7998046875,4134.10009765625,1951
2026-08-05T00:45:00Z,4134.10009765625,4139.39990234375,4133.2001953125,4138.2001953125,1358
2026-08-05T01:00:00Z,4138.5,4143,4133.2998046875,4141.89990234375,3901
2026-08-05T01:15:00Z,4141.89990234375,4144.5,4138.2001953125,4140.10009765625,2110
2026-08-05T01:30:00Z,4140.10009765625,4148.7998046875,4135.7001953125,4148.60009765625,2751
2026-08-05T01:45:00Z,4148.5,4158.60009765625,4148.2001953125,4157.10009765625,3286
2026-08-05T02:00:00Z,4157.2001953125,4159,4152.39990234375,4156.10009765625,2544
2026-08-05T02:15:00Z,4156.10009765625,4165.5,4151.7998046875,4160.2998046875,3871
2026-08-05T02:30:00Z,4160.39990234375,4186.10009765625,4158.10009765625,4185.60009765625,8465
2026-08-05T02:45:00Z,4185.89990234375,4192.39990234375,4181.5,4186.39990234375,5925
2026-08-05T03:00:00Z,4186.5,4193.7998046875,4183.89990234375,4193,3770
2026-08-05T03:15:00Z,4193.2001953125,4194.2001953125,4187.2001953125,4187.7998046875,2078
2026-08-05T03:30:00Z,4187.89990234375,4188.39990234375,4184.7998046875,4186,1569
2026-08-05T03:45:00Z,4185.89990234375,4187.7998046875,4184.89990234375,4186.60009765625,942
2026-08-05T04:00:00Z,4185.89990234375,4199.39990234375,4185.7998046875,4196.2998046875,3825
2026-08-05T04:15:00Z,4196.5,4198.7998046875,4195.39990234375,4196.39990234375,1417
2026-08-05T04:30:00Z,4196.5,4196.7001953125,4190.89990234375,4192.2998046875,1618
2026-08-05T04:45:00Z,4192.2001953125,4194,4189.7001953125,4193.60009765625,1488
2026-08-05T05:00:00Z,4193.60009765625,4196.2998046875,4192.5,4195.5,1461
2026-08-05T05:15:00Z,4195.2001953125,4200.39990234375,4193.60009765625,4197.89990234375,2133
2026-08-05T05:30:00Z,4197.7998046875,4219.7998046875,4197.7998046875,4218,7807
2026-08-05T05:45:00Z,4217.7001953125,4233,4217.5,4222.2998046875,8996
2026-08-05T06:00:00Z,4222.2998046875,4234.39990234375,4220.2998046875,4232.89990234375,4501
2026-08-05T06:15:00Z,4232.7998046875,4233.39990234375,4221.2001953125,4228.5,3664
2026-08-05T06:30:00Z,4228.39990234375,4237.89990234375,4226.5,4235,3629
2026-08-05T06:45:00Z,4235.10009765625,4237.7001953125,4231.5,4237,2616
2026-08-05T07:00:00Z,4236.7001953125,4238.89990234375,4224.7998046875,4225.10009765625,3741
2026-08-05T07:15:00Z,4225.39990234375,4228.60009765625,4222.10009765625,4223.39990234375,2284
2026-08-05T07:30:00Z,4223.5,4225.7998046875,4221.10009765625,4225.60009765625,2127
2026-08-05T07:45:00Z,4225.7001953125,4231.10009765625,4222.89990234375,4229.89990234375,2027
2026-08-05T08:00:00Z,4229.7998046875,4231.5,4223.2998046875,4224.39990234375,1776
2026-08-05T08:15:00Z,4224.60009765625,4227,4220.7998046875,4223.7001953125,1824
2026-08-05T08:30:00Z,4224,4226.89990234375,4220.7998046875,4225.89990234375,1894
2026-08-05T08:45:00Z,4225.7998046875,4225.89990234375,4217.7001953125,4219.7998046875,2101
2026-08-05T09:00:00Z,4220,4226.89990234375,4219.7001953125,4222.39990234375,1869
2026-08-05T09:15:00Z,4222.39990234375,4222.39990234375,4214.39990234375,4216.7001953125,2701
2026-08-05T09:30:00Z,4216.7001953125,4218.60009765625,4213,4217.39990234375,2327
2026-08-05T09:45:00Z,4217.10009765625,4218.2998046875,4211.89990234375,4216.89990234375,1565
2026-08-05T10:00:00Z,4217,4217,4209.10009765625,4210,1534
2026-08-05T10:15:00Z,4210.2001953125,4217.39990234375,4209.2001953125,4215.7998046875,1692
2026-08-05T10:30:00Z,4215.89990234375,4216.7001953125,4212.7001953125,4214,1222
2026-08-05T10:45:00Z,4214.10009765625,4221,4213.10009765625,4220.5,1823
2026-08-05T11:00:00Z,4220.5,4230.39990234375,4219.89990234375,4230,3220
2026-08-05T11:15:00Z,4230.10009765625,4240.7998046875,4228.60009765625,4235.39990234375,4127
2026-08-05T11:30:00Z,4235.39990234375,4248.7998046875,4233.39990234375,4244.60009765625,6673
2026-08-05T11:45:00Z,4244.7998046875,4252.39990234375,4242.7998046875,4248.39990234375,3515
2026-08-05T12:00:00Z,4248.60009765625,4259.89990234375,4248.5,4257.89990234375,5555
2026-08-05T12:15:00Z,4258.2001953125,4273.39990234375,4258.2001953125,4265,8302
2026-08-05T12:30:00Z,4265.2001953125,4269.2001953125,4252.89990234375,4254.7998046875,7014
2026-08-05T12:45:00Z,4254.89990234375,4255.7001953125,4243.2998046875,4244.10009765625,5243
2026-08-05T13:00:00Z,4244,4257.60009765625,4243.7998046875,4247.7998046875,7482
2026-08-05T13:15:00Z,4247.89990234375,4258.39990234375,4245.39990234375,4257.2001953125,5069
2026-08-05T13:30:00Z,4257.2001953125,4264.89990234375,4252.60009765625,4257.5,9127
2026-08-05T13:45:00Z,4257.39990234375,4266.89990234375,4249,4265.39990234375,6394
2026-08-05T14:00:00Z,4265.2998046875,4295,4261.5,4289.5,13717
2026-08-05T14:15:00Z,4289.39990234375,4300.7001953125,4286.7001953125,4297,9311
2026-08-05T14:30:00Z,4296.7001953125,4303.60009765625,4288.60009765625,4303.2001953125,8365
2026-08-05T14:45:00Z,4303,4307.7001953125,4293,4304.39990234375,8184
2026-08-05T15:00:00Z,4304.2001953125,4321.5,4302.2001953125,4318.10009765625,9833
2026-08-05T15:15:00Z,4318.2001953125,4325.7001953125,4310.10009765625,4317.7001953125,6890
2026-08-05T15:30:00Z,4317.5,4319.89990234375,4312.5,4316,3675
2026-08-05T15:45:00Z,4315.89990234375,4315.89990234375,4292.7998046875,4293.60009765625,8468
2026-08-05T16:00:00Z,4293.5,4296.7001953125,4285.10009765625,4294.89990234375,7741
2026-08-05T16:15:00Z,4294.7001953125,4302.39990234375,4292.89990234375,4301.7001953125,4078
2026-08-05T16:30:00Z,4301.89990234375,4307.39990234375,4299.39990234375,4305,3208
2026-08-05T16:45:00Z,4305.10009765625,4308,4298.2001953125,4302.7001953125,3296
2026-08-05T17:00:00Z,4302.7001953125,4304.7998046875,4299.7998046875,4302.60009765625,2842
2026-08-05T17:15:00Z,4301.89990234375,4306.89990234375,4296.7001953125,4305,3514
2026-08-05T17:30:00Z,4304.89990234375,4311.2001953125,4301,4308.60009765625,2683
2026-08-05T17:45:00Z,4308.7998046875,4313.10009765625,4307.89990234375,4310.89990234375,2077
2026-08-05T18:00:00Z,4310.7001953125,4318.2998046875,4309.60009765625,4314,3222
2026-08-05T18:15:00Z,4313.89990234375,4328.2998046875,4313.60009765625,4323.10009765625,4269
2026-08-05T18:30:00Z,4323.39990234375,4324.39990234375,4314.60009765625,4319.60009765625,3080
2026-08-05T18:45:00Z,4319.7998046875,4324.2001953125,4318.10009765625,4321.39990234375,1844
2026-08-05T19:00:00Z,4321,4322.7998046875,4316.7001953125,4319.10009765625,1733
2026-08-05T19:15:00Z,4318.89990234375,4318.89990234375,4311.2001953125,4313.5,2463
2026-08-05T19:30:00Z,4313.89990234375,4315,4308.39990234375,4313.7001953125,2306
2026-08-05T19:45:00Z,4313.5,4313.7998046875,4307.10009765625,4307.89990234375,2432
2026-08-05T20:00:00Z,4307.7998046875,4310.7001953125,4307.5,4309.89990234375,984
2026-08-05T20:15:00Z,4309.89990234375,4310.5,4306.10009765625,4307,684
2026-08-05T20:30:00Z,4306.89990234375,4310.2998046875,4305.7001953125,4306.2998046875,873
2026-08-05T20:45:00Z,4306.2001953125,4308.2998046875,4303.89990234375,4308.2001953125,1302
2026-08-05T22:00:00Z,4307.5,4314,4303,4307.39990234375,758
2026-08-05T22:15:00Z,4307.60009765625,4308.7998046875,4306.7998046875,4308.2001953125,577
2026-08-05T22:30:00Z,4307.89990234375,4310,4307.10009765625,4307.39990234375,740
2026-08-05T22:45:00Z,4307.5,4309.5,4307,4309.2001953125,724
2026-08-05T23:00:00Z,4309.39990234375,4317.7001953125,4308.2998046875,4315.2998046875,1975
2026-08-05T23:15:00Z,4315.2001953125,4323.2001953125,4315,4322.60009765625,2371
2026-08-05T23:30:00Z,4322.60009765625,4341,4319.89990234375,4339.7998046875,5728
2026-08-05T23:45:00Z,4339.39990234375,4340,4331,4337.7998046875,2943
2026-08-06T00:00:00Z,4337.39990234375,4337.39990234375,4323.2998046875,4330,4561
2026-08-06T00:15:00Z,4330.2001953125,4344.2998046875,4330.2001953125,4333.89990234375,5885
2026-08-06T00:30:00Z,4333.89990234375,4350.7998046875,4333.7001953125,4345.7001953125,4782
2026-08-06T00:45:00Z,4345.89990234375,4359.7998046875,4345.10009765625,4354.7998046875,5583
2026-08-06T01:00:00Z,4354.60009765625,4362.60009765625,4339.5,4343.39990234375,8871
2026-08-06T01:15:00Z,4344.10009765625,4347.7001953125,4332.2001953125,4335.7001953125,6359
2026-08-06T01:30:00Z,4335.7998046875,4357,4335.2001953125,4348.7001953125,5726
2026-08-06T01:45:00Z,4348.10009765625,4357.89990234375,4343.2998046875,4347,4619
2026-08-06T02:00:00Z,4346.7998046875,4363.7998046875,4343.89990234375,4354.5,5091
2026-08-06T02:15:00Z,4354.60009765625,4359.7001953125,4350.7998046875,4351,2106
2026-08-06T02:30:00Z,4350.7998046875,4351.5,4340,4344.5,3903
2026-08-06T02:45:00Z,4344.7998046875,4346.39990234375,4334,4337.7998046875,2913
2026-08-06T03:00:00Z,4337.5,4339.89990234375,4332.5,4332.60009765625,2502
2026-08-06T03:15:00Z,4332.7001953125,4333.2998046875,4320.2001953125,4325.39990234375,4507
2026-08-06T03:30:00Z,4325.2001953125,4326.60009765625,4320.60009765625,4322.2998046875,1713
2026-08-06T03:45:00Z,4322.2998046875,4325,4319.10009765625,4324.7001953125,1572
2026-08-06T04:00:00Z,4324.89990234375,4326.60009765625,4320.89990234375,4322.39990234375,2482
2026-08-06T04:15:00Z,4322.5,4323,4312.2001953125,4314.89990234375,2871
2026-08-06T04:30:00Z,4315,4320.7998046875,4315,4318,1903
2026-08-06T04:45:00Z,4318.60009765625,4322.2998046875,4317.5,4321.60009765625,1511
2026-08-06T05:00:00Z,4321.2998046875,4324.60009765625,4315.7001953125,4318.89990234375,1914
2026-08-06T05:15:00Z,4318.89990234375,4318.89990234375,4311.7001953125,4312.7998046875,1718
2026-08-06T05:30:00Z,4312.7998046875,4325,4306,4323.10009765625,4741
2026-08-06T05:45:00Z,4323,4328.2998046875,4321,4326.10009765625,2485
2026-08-06T06:00:00Z,4326,4327.39990234375,4315.60009765625,4319.5,2595
2026-08-06T06:15:00Z,4319.39990234375,4320.10009765625,4313.2998046875,4316.2001953125,2091
2026-08-06T06:30:00Z,4316.5,4316.7998046875,4308.10009765625,4315.2998046875,2070
2026-08-06T06:45:00Z,4315.2998046875,4317,4309.7001953125,4314.7001953125,1998
2026-08-06T07:00:00Z,4314.60009765625,4322.5,4311.89990234375,4321.89990234375,2269
2026-08-06T07:15:00Z,4322,4324,4316.89990234375,4320.7001953125,1629
2026-08-06T07:45:00Z,4315.2998046875,4322.2998046875,4311.60009765625,4321.7998046875,3385
2026-08-06T08:00:00Z,4322.10009765625,4329.2998046875,4319.10009765625,4328,2322
2026-08-06T08:15:00Z,4328.2001953125,4330.2998046875,4322.7998046875,4326.7998046875,2301
2026-08-06T08:30:00Z,4327.10009765625,4334.2998046875,4325.7001953125,4331.89990234375,2333
2026-08-06T08:45:00Z,4332,4337.7001953125,4329.10009765625,4337.10009765625,2022
2026-08-06T09:00:00Z,4337.2001953125,4342.5,4334.7998046875,4335.89990234375,2506
2026-08-06T09:30:00Z,4342.89990234375,4343.2998046875,4331.2001953125,4331.39990234375,4572
2026-08-06T09:45:00Z,4331.2998046875,4335.39990234375,4330.39990234375,4332.2998046875,1147
2026-08-06T10:00:00Z,4332.5,4333.2001953125,4327.89990234375,4329,1390
2026-08-06T10:15:00Z,4329,4330.39990234375,4326.5,4328.60009765625,1474
2026-08-06T10:30:00Z,4328.7998046875,4329.2998046875,4322,4324.5,1464
2026-08-06T10:45:00Z,4324.7998046875,4330.89990234375,4324,4329.89990234375,1419
2026-08-06T11:00:00Z,4330.10009765625,4332.89990234375,4325.2998046875,4328.5,1944
2026-08-06T11:15:00Z,4328.5,4331,4318.89990234375,4323.60009765625,2390
2026-08-06T11:30:00Z,4323.60009765625,4326,4318.2001953125,4319.2001953125,1871
2026-08-06T11:45:00Z,4319.5,4322.7998046875,4312.5,4322.2998046875,3585
2026-08-06T12:00:00Z,4322.10009765625,4324.7001953125,4314,4314.89990234375,2726
2026-08-06T12:15:00Z,4314.89990234375,4321.7001953125,4311.7001953125,4320.89990234375,2647
2026-08-06T12:30:00Z,4321.5,4330.2001953125,4315.10009765625,4326.10009765625,4309
2026-08-06T12:45:00Z,4326.2001953125,4326.7001953125,4307.2998046875,4308.60009765625,5770
2026-08-06T13:00:00Z,4308.7998046875,4314.39990234375,4288.2001953125,4296.7998046875,10323
2026-08-06T13:15:00Z,4296.39990234375,4306.60009765625,4293.7998046875,4306,5622
2026-08-06T13:30:00Z,4305.7998046875,4333,4304,4328.89990234375,10338
2026-08-06T13:45:00Z,4328.7998046875,4329.10009765625,4320.5,4326.10009765625,6120
2026-08-06T14:00:00Z,4325.7998046875,4336.10009765625,4322.89990234375,4327.39990234375,7204
2026-08-06T14:15:00Z,4327.60009765625,4328.2001953125,4318.7998046875,4324.7998046875,5101
2026-08-06T14:30:00Z,4324.7001953125,4334.10009765625,4324.7001953125,4332.7001953125,4210
2026-08-06T14:45:00Z,4332.89990234375,4335.39990234375,4321.60009765625,4332,4120
2026-08-06T15:00:00Z,4332.2998046875,4333.7001953125,4320.39990234375,4322.60009765625,3481
2026-08-06T15:15:00Z,4322.60009765625,4322.7998046875,4309,4313.60009765625,5901
2026-08-06T15:30:00Z,4313.60009765625,4314.2998046875,4303.7998046875,4310,4598
2026-08-06T15:45:00Z,4310.10009765625,4310.10009765625,4286.2001953125,4291.7998046875,7224
2026-08-06T16:00:00Z,4292.10009765625,4300.5,4288.2998046875,4290.60009765625,5049
2026-08-06T16:15:00Z,4290.5,4290.7998046875,4280.7998046875,4288.2998046875,5765
2026-08-06T16:30:00Z,4288.10009765625,4294.10009765625,4288,4291.5,2639
2026-08-06T16:45:00Z,4291.60009765625,4300.89990234375,4289.39990234375,4299.5,2721
2026-08-06T17:00:00Z,4299.60009765625,4303.10009765625,4297.5,4299.2998046875,2297
2026-08-06T17:15:00Z,4299.39990234375,4301.2998046875,4296.7998046875,4300.10009765625,1990
2026-08-06T17:30:00Z,4300.39990234375,4302.2998046875,4297.10009765625,4300.60009765625,1623
2026-08-06T17:45:00Z,4300.60009765625,4307.39990234375,4299,4305.7998046875,2313
2026-08-06T18:00:00Z,4305.89990234375,4307.7998046875,4302.5,4305.10009765625,1258
2026-08-06T18:15:00Z,4305.39990234375,4308.10009765625,4304.5,4305.2001953125,1099
2026-08-06T18:30:00Z,4305,4306.2001953125,4299.2998046875,4300.5,1556
2026-08-06T18:45:00Z,4300.5,4304.2998046875,4299,4302.2001953125,1203
2026-08-06T19:00:00Z,4302.2001953125,4310,4301.5,4305.89990234375,2112
2026-08-06T19:15:00Z,4305.89990234375,4307.2001953125,4294,4296.89990234375,2759
2026-08-06T19:30:00Z,4296.39990234375,4298.89990234375,4292,4293.60009765625,1528
2026-08-06T19:45:00Z,4293.89990234375,4309.60009765625,4293.7998046875,4307.89990234375,3057
2026-08-06T20:00:00Z,4307.7001953125,4309.2001953125,4301.7001953125,4303.5,1067
2026-08-06T20:15:00Z,4303.7998046875,4304.60009765625,4298.60009765625,4300.7998046875,872
2026-08-06T20:30:00Z,4300.7998046875,4301.2001953125,4293.7998046875,4293.7998046875,793
2026-08-06T20:45:00Z,4294.10009765625,4300.7998046875,4293.2001953125,4298.7001953125,935
2026-08-06T22:00:00Z,4298.60009765625,4301.39990234375,4293.7998046875,4297.39990234375,419
2026-08-06T22:15:00Z,4297.2998046875,4301.7001953125,4297.2001953125,4300.7998046875,915
2026-08-06T22:30:00Z,4300.7998046875,4301.5,4297.10009765625,4297.5,698
2026-08-06T22:45:00Z,4297.39990234375,4301.2998046875,4296.89990234375,4298.5,553
2026-08-06T23:00:00Z,4298.60009765625,4304,4298.10009765625,4304,1097
2026-08-06T23:15:00Z,4303.7998046875,4305.10009765625,4301.60009765625,4303.7001953125,852
2026-08-06T23:30:00Z,4303.39990234375,4307.5,4303.2001953125,4305.39990234375,1261
2026-08-06T23:45:00Z,4305.39990234375,4312,4304.5,4310.89990234375,1881
2026-08-07T00:00:00Z,4310.7001953125,4311.2998046875,4301.60009765625,4303.10009765625,2341
2026-08-07T00:15:00Z,4303.2998046875,4304.7998046875,4297.39990234375,4301.89990234375,2765
2026-08-07T00:30:00Z,4302.10009765625,4302.2998046875,4288.39990234375,4293.10009765625,3217
2026-08-07T00:45:00Z,4293.10009765625,4295.39990234375,4287.2001953125,4290.89990234375,2475
2026-08-07T01:00:00Z,4291.10009765625,4305.2001953125,4289.7998046875,4302.39990234375,4477
2026-08-07T01:15:00Z,4302.5,4308.39990234375,4298.2998046875,4301.7998046875,2859
2026-08-07T01:30:00Z,4302.7001953125,4316.7998046875,4297.2001953125,4315,3953
2026-08-07T01:45:00Z,4314.5,4317.60009765625,4310,4314.7998046875,2984
2026-08-07T02:00:00Z,4315,4320.39990234375,4314,4316.89990234375,2809
2026-08-07T02:15:00Z,4317,4319.89990234375,4315.7001953125,4319.5,1509
2026-08-07T02:30:00Z,4319.7001953125,4320.7001953125,4308.10009765625,4308.2001953125,2982
2026-08-07T02:45:00Z,4308.10009765625,4314.7001953125,4305.39990234375,4308.7998046875,3037
2026-08-07T03:00:00Z,4309.10009765625,4318.2001953125,4308.39990234375,4313.39990234375,2023
2026-08-07T03:15:00Z,4313.60009765625,4317.5,4310.39990234375,4316.89990234375,1839
2026-08-07T03:30:00Z,4317.2998046875,4320.89990234375,4316.39990234375,4319.5,1448
2026-08-07T03:45:00Z,4319.89990234375,4324.7998046875,4318,4322.7001953125,1735
2026-08-07T04:00:00Z,4325.10009765625,4328.39990234375,4321.39990234375,4325.39990234375,2971
2026-08-07T04:15:00Z,4325.2998046875,4328,4321,4324,1898
2026-08-07T04:30:00Z,4324.2001953125,4327.89990234375,4320.2001953125,4323.2001953125,1466
2026-08-07T04:45:00Z,4323.10009765625,4326.2001953125,4321.2998046875,4324,733
2026-08-07T05:00:00Z,4324,4330.7001953125,4320.5,4329,2315
2026-08-07T05:15:00Z,4328.7001953125,4330,4323.7998046875,4325.7001953125,1355
2026-08-07T05:30:00Z,4325.89990234375,4336.7001953125,4325.10009765625,4330.60009765625,3892
2026-08-07T05:45:00Z,4330.7001953125,4339.60009765625,4330.60009765625,4337.2001953125,3397
2026-08-07T06:00:00Z,4337.60009765625,4350,4337.10009765625,4345.2998046875,3911
2026-08-07T06:15:00Z,4345.2998046875,4350.2998046875,4341.2001953125,4342,3809
2026-08-07T06:30:00Z,4342.10009765625,4354.2998046875,4338.7998046875,4351.10009765625,4227
2026-08-07T06:45:00Z,4351.2001953125,4358,4347.7001953125,4356.39990234375,3917
2026-08-07T07:00:00Z,4356.2001953125,4357.39990234375,4348.7998046875,4350.2001953125,2865
2026-08-07T07:15:00Z,4350.2998046875,4351.5,4343.60009765625,4344.89990234375,2419
2026-08-07T07:30:00Z,4344.5,4348,4342.89990234375,4344.2001953125,2049
2026-08-07T07:45:00Z,4344.60009765625,4350.10009765625,4341.7998046875,4348.7998046875,1923
2026-08-07T08:00:00Z,4349,4359.7001953125,4347.7998046875,4358.7998046875,3544
2026-08-07T08:15:00Z,4359,4360,4352.39990234375,4354.10009765625,2414
2026-08-07T08:30:00Z,4354.10009765625,4375.7001953125,4353.2998046875,4367.7998046875,6757
2026-08-07T08:45:00Z,4368.2001953125,4371.5,4362.7001953125,4365.5,2699
2026-08-07T09:00:00Z,4365.60009765625,4367.10009765625,4363.7001953125,4365.5,1691
2026-08-07T09:15:00Z,4365.39990234375,4370.5,4364.2001953125,4366,2155
2026-08-07T09:30:00Z,4366.2998046875,4377.60009765625,4361.7001953125,4376.5,3401
2026-08-07T09:45:00Z,4376.7001953125,4380.5,4373.7001953125,4375.7001953125,3855
2026-08-07T10:00:00Z,4375.7001953125,4379.5,4367.2998046875,4367.7001953125,2983
2026-08-07T10:15:00Z,4367.60009765625,4373.7001953125,4367.2998046875,4373,2035
2026-08-07T10:30:00Z,4373.10009765625,4377.7998046875,4372.2998046875,4376.2998046875,1825
2026-08-07T10:45:00Z,4376.39990234375,4380.2001953125,4375.60009765625,4376.39990234375,2143
2026-08-07T11:00:00Z,4376.39990234375,4386.10009765625,4376.2001953125,4379.5,3810
2026-08-07T11:15:00Z,4379.7001953125,4386.89990234375,4376,4384.5,3441
2026-08-07T11:30:00Z,4384.7001953125,4387.2001953125,4380,4382.39990234375,2422
2026-08-07T11:45:00Z,4382.10009765625,4386.60009765625,4380,4380.60009765625,2709
2026-08-07T12:00:00Z,4380.7998046875,4385,4373.7998046875,4374.2998046875,4599
2026-08-07T12:15:00Z,4374.2998046875,4376.89990234375,4348.7001953125,4370.2998046875,6161
2026-08-07T12:30:00Z,4370.2998046875,4431.2001953125,4350,4427.39990234375,23700
2026-08-07T12:45:00Z,4427.60009765625,4432.39990234375,4416.10009765625,4421.89990234375,10953
2026-08-07T13:00:00Z,4421.7998046875,4424.89990234375,4405.89990234375,4407.7998046875,9194
2026-08-07T13:15:00Z,4407.89990234375,4418.39990234375,4398.7998046875,4416.7001953125,8352
2026-08-07T13:30:00Z,4416.7998046875,4428.7001953125,4409.60009765625,4418.39990234375,10165
2026-08-07T13:45:00Z,4418.60009765625,4420.5,4402.39990234375,4408.2998046875,7551
2026-08-07T14:00:00Z,4408.5,4409.39990234375,4386.5,4394.2001953125,11738
2026-08-07T14:15:00Z,4393.89990234375,4413.10009765625,4390,4408.7998046875,7619
2026-08-07T14:30:00Z,4409,4411.10009765625,4402.2001953125,4404.7001953125,5085
2026-08-07T14:45:00Z,4404.60009765625,4409.2001953125,4400,4401.2998046875,3844
2026-08-07T15:00:00Z,4401.39990234375,4416.10009765625,4399.60009765625,4415.2998046875,5640
2026-08-07T15:15:00Z,4415.39990234375,4418.7001953125,4410.39990234375,4410.60009765625,4333
2026-08-07T15:30:00Z,4410.7998046875,4413.60009765625,4406,4408.60009765625,3092
2026-08-07T15:45:00Z,4408.60009765625,4410.89990234375,4398.7998046875,4400.10009765625,3704
2026-08-07T16:00:00Z,4400.2998046875,4409.2998046875,4397.60009765625,4407.10009765625,3183
2026-08-07T16:15:00Z,4407.2001953125,4409.39990234375,4393.89990234375,4396.89990234375,3427
2026-08-07T16:30:00Z,4396.7998046875,4401.7001953125,4391.7998046875,4398.10009765625,2722
2026-08-07T16:45:00Z,4398.2998046875,4402,4388.7001953125,4388.7001953125,3082
2026-08-07T17:00:00Z,4388.89990234375,4398,4387.2998046875,4395.10009765625,2433
2026-08-07T17:15:00Z,4395,4401.7001953125,4393.10009765625,4399,2826
2026-08-07T17:30:00Z,4399,4399.5,4389,4395.60009765625,3154
2026-08-07T17:45:00Z,4395.2998046875,4402.7001953125,4394.2001953125,4399.89990234375,2082
2026-08-07T18:00:00Z,4399.89990234375,4403,4394.60009765625,4394.7998046875,1958
2026-08-07T18:15:00Z,4395,4398.10009765625,4391.7001953125,4394.2001953125,1800
2026-08-07T18:30:00Z,4394.2001953125,4399.2001953125,4393.2998046875,4394.2998046875,1191
2026-08-07T18:45:00Z,4394.2998046875,4397.60009765625,4393,4395.60009765625,1289
2026-08-07T19:00:00Z,4395.5,4406,4395.2998046875,4403.7998046875,3180
2026-08-07T19:15:00Z,4403.89990234375,4410.7998046875,4403.2001953125,4408.7001953125,1956
2026-08-07T19:30:00Z,4408.7998046875,4409,4404.39990234375,4407.60009765625,1481
2026-08-07T19:45:00Z,4407.7001953125,4409.2998046875,4399.5,4403.39990234375,2549
2026-08-07T20:00:00Z,4403.10009765625,4404.60009765625,4397.2998046875,4401.60009765625,1450
2026-08-07T20:15:00Z,4401.7001953125,4402.39990234375,4396.5,4397.2001953125,860
2026-08-07T20:30:00Z,4397.2998046875,4401.60009765625,4394.89990234375,4400.60009765625,1221
2026-08-07T20:45:00Z,4400.5,4402.60009765625,4398.2998046875,4399.7001953125,1409
2026-08-09T22:00:00Z,4398.60009765625,4405.60009765625,4397.5,4402.5,973
2026-08-09T22:15:00Z,4402.7998046875,4404.10009765625,4396.7998046875,4402.7001953125,1570
2026-08-09T22:30:00Z,4402.39990234375,4404,4398.7998046875,4399,988
2026-08-09T22:45:00Z,4398.7998046875,4403.10009765625,4398.7001953125,4400.2001953125,685
2026-08-09T23:00:00Z,4400.2001953125,4406.7998046875,4399.7001953125,4405.60009765625,1687
2026-08-09T23:15:00Z,4405.39990234375,4408.2001953125,4402.60009765625,4405.39990234375,1484
2026-08-09T23:30:00Z,4405.7001953125,4406.5,4398.89990234375,4401.2998046875,1675
2026-08-09T23:45:00Z,4401.2001953125,4402.2998046875,4390,4391.7998046875,2112
2026-08-10T00:00:00Z,4391.60009765625,4406.2998046875,4391.39990234375,4403.7001953125,3269
2026-08-10T00:15:00Z,4403.7001953125,4404.7998046875,4395.7998046875,4396.5,2348
2026-08-10T00:30:00Z,4396.60009765625,4398.2998046875,4392.2998046875,4393.2001953125,1929
2026-08-10T00:45:00Z,4393.2998046875,4396.39990234375,4389.39990234375,4391.5,2062
2026-08-10T01:00:00Z,4391.39990234375,4400,4381.5,4383.2998046875,7691
2026-08-10T01:15:00Z,4383,4388.7001953125,4376.39990234375,4376.60009765625,4217
2026-08-10T01:30:00Z,4376.5,4381.39990234375,4373.7001953125,4378,3646
2026-08-10T01:45:00Z,4378,4384.5,4376.2998046875,4383,3054
2026-08-10T02:00:00Z,4383,4386.5,4379.39990234375,4385,2330
2026-08-10T02:15:00Z,4385,4392.39990234375,4383.89990234375,4390.89990234375,2001
2026-08-10T02:30:00Z,4391.10009765625,4393,4383.10009765625,4386.7001953125,2878
2026-08-10T02:45:00Z,4386.60009765625,4387.5,4378.89990234375,4379.60009765625,2043
2026-08-10T03:00:00Z,4379.7998046875,4381.2001953125,4377.39990234375,4379.89990234375,1425
2026-08-10T03:15:00Z,4379.89990234375,4388.2998046875,4379.5,4387.5,2528
2026-08-10T03:30:00Z,4387.2998046875,4390.60009765625,4385.5,4386.10009765625,1429
2026-08-10T03:45:00Z,4385.89990234375,4388.7001953125,4384.5,4387.7001953125,928
2026-08-10T04:00:00Z,4387.2998046875,4393,4383.60009765625,4393,2361
2026-08-10T04:15:00Z,4392.7001953125,4397.7998046875,4391,4394.89990234375,2209
2026-08-10T04:30:00Z,4394.7998046875,4396.5,4389.7001953125,4392.2001953125,1773
2026-08-10T04:45:00Z,4392.2001953125,4399.5,4391.5,4399.2998046875,1898
2026-08-10T05:00:00Z,4399.10009765625,4399.89990234375,4393.39990234375,4394.60009765625,1661
2026-08-10T05:15:00Z,4394.89990234375,4396.10009765625,4392.5,4393.60009765625,985
2026-08-10T05:30:00Z,4393.5,4404.60009765625,4391.5,4403.5,3921
2026-08-10T05:45:00Z,4403.60009765625,4413,4400.7001953125,4406.89990234375,3512
2026-08-10T06:00:00Z,4407.10009765625,4410,4401.39990234375,4406.89990234375,2630
2026-08-10T06:15:00Z,4407.10009765625,4409.5,4402.2001953125,4408.10009765625,1899
2026-08-10T06:30:00Z,4407.7001953125,4415.5,4405.39990234375,4414.7998046875,2035
2026-08-10T06:45:00Z,4414.7998046875,4419.7001953125,4414.60009765625,4417.7001953125,1939
2026-08-10T07:00:00Z,4417.60009765625,4418.39990234375,4409.10009765625,4410.2998046875,2394
2026-08-10T07:15:00Z,4410.2998046875,4418.5,4409.7001953125,4414.5,2119
2026-08-10T07:30:00Z,4414.39990234375,4419.5,4412,4418.5,1594
2026-08-10T07:45:00Z,4418.7998046875,4421.60009765625,4414.10009765625,4414.7001953125,1819
2026-08-10T08:00:00Z,4414.7001953125,4415.5,4410.7998046875,4413.7001953125,1261
2026-08-10T08:15:00Z,4413.60009765625,4415.7001953125,4411.5,4415.10009765625,1188
2026-08-10T08:30:00Z,4414.7001953125,4416.10009765625,4404.89990234375,4405.2998046875,2037
2026-08-10T08:45:00Z,4405.2998046875,4408.2998046875,4402.7998046875,4405.7998046875,2093
2026-08-10T09:00:00Z,4405.60009765625,4409.2001953125,4404.60009765625,4408.7998046875,1644
2026-08-10T09:15:00Z,4408.7001953125,4408.7001953125,4403.89990234375,4406.2001953125,1301
2026-08-10T09:30:00Z,4406,4406,4398.2998046875,4403.7001953125,2885
2026-08-10T09:45:00Z,4403.60009765625,4404.7001953125,4399.7998046875,4400.2001953125,1015
2026-08-10T10:00:00Z,4400.2998046875,4400.7998046875,4398.2001953125,4400,1343
2026-08-10T10:15:00Z,4399.7001953125,4403.2001953125,4398.39990234375,4402.60009765625,1228
2026-08-10T10:30:00Z,4402.60009765625,4403.2998046875,4396.39990234375,4397,1523
2026-08-10T10:45:00Z,4396.7998046875,4400,4394,4395.10009765625,1844
2026-08-10T11:00:00Z,4395.10009765625,4396.2001953125,4386.89990234375,4390.5,2747
2026-08-10T11:15:00Z,4390.10009765625,4395.7001953125,4387.89990234375,4393.5,2056
2026-08-10T11:30:00Z,4393.60009765625,4398.7998046875,4393.5,4396.5,1751
2026-08-10T11:45:00Z,4396.5,4397.10009765625,4391.10009765625,4393.5,1415
2026-08-10T12:00:00Z,4393.7001953125,4396.2998046875,4389.7998046875,4390.39990234375,2069
2026-08-10T12:15:00Z,4390.7001953125,4391.2998046875,4382.5,4386.5,2996
2026-08-10T12:30:00Z,4386.5,4391.5,4385,4387.7998046875,2851
2026-08-10T12:45:00Z,4387.60009765625,4394.7001953125,4387.2998046875,4391.5,2168
2026-08-10T13:00:00Z,4391.2001953125,4396.7001953125,4384.60009765625,4396.2998046875,3979
2026-08-10T13:15:00Z,4396.2998046875,4396.89990234375,4387.7001953125,4394.10009765625,3158
2026-08-10T13:30:00Z,4393.89990234375,4398.39990234375,4387.5,4388.89990234375,5058
2026-08-10T13:45:00Z,4389.2001953125,4390.2001953125,4375,4376.39990234375,7143
2026-08-10T14:00:00Z,4376.39990234375,4390,4376,4388.89990234375,5063
2026-08-10T14:15:00Z,4389.10009765625,4407.2998046875,4387.2998046875,4404.5,7630
2026-08-10T14:30:00Z,4404.5,4411.2001953125,4404,4409.2001953125,4850
2026-08-10T14:45:00Z,4409,4410.7001953125,4402.2001953125,4405.10009765625,3892
2026-08-10T15:00:00Z,4405.2001953125,4412,4401.7998046875,4406.5,4584
2026-08-10T15:15:00Z,4406.60009765625,4412,4405.60009765625,4408.7001953125,2954
2026-08-10T15:30:00Z,4408.7001953125,4411.60009765625,4407.2998046875,4409.89990234375,2112
2026-08-10T15:45:00Z,4410,4419.10009765625,4408.2001953125,4418,3903
2026-08-10T16:00:00Z,4418.2998046875,4424.39990234375,4416.10009765625,4420.7998046875,5479
2026-08-10T16:15:00Z,4420.7001953125,4424.2998046875,4420.2001953125,4422.2001953125,1800
2026-08-10T16:30:00Z,4422.2001953125,4422.5,4405,4411.10009765625,5706
2026-08-10T16:45:00Z,4411.2001953125,4416.5,4411.10009765625,4416.39990234375,1940
2026-08-10T17:00:00Z,4416.5,4417.5,4410.7001953125,4416.2998046875,2390
2026-08-10T17:15:00Z,4416.2001953125,4420.5,4415.2998046875,4420.5,1970
2026-08-10T17:30:00Z,4420.5,4425.10009765625,4418.7001953125,4419.60009765625,2471
2026-08-10T17:45:00Z,4419.5,4420.5,4416.39990234375,4419.2001953125,1984
2026-08-10T18:00:00Z,4419.2001953125,4424.7998046875,4418.7998046875,4422.2001953125,1907
2026-08-10T18:15:00Z,4422.10009765625,4426.60009765625,4420.60009765625,4425,1951
2026-08-10T18:30:00Z,4425.2001953125,4442.60009765625,4424.5,4438.7998046875,6506
2026-08-10T18:45:00Z,4439,4439.10009765625,4432.5,4437.7998046875,2954
2026-08-10T19:00:00Z,4437.7998046875,4442.10009765625,4437.7001953125,4441.2001953125,2334
2026-08-10T19:15:00Z,4441.2998046875,4450.7998046875,4440.39990234375,4449.60009765625,4007
2026-08-10T19:30:00Z,4449.7998046875,4453.2001953125,4443.39990234375,4446.60009765625,3917
2026-08-10T19:45:00Z,4446.89990234375,4453.89990234375,4445.89990234375,4446.7998046875,3586
2026-08-10T20:00:00Z,4447,4449.7998046875,4444.5,4448.39990234375,1584
2026-08-10T20:15:00Z,4448.39990234375,4451.10009765625,4445.2001953125,4449.89990234375,1182
2026-08-10T20:30:00Z,4450.2998046875,4451.10009765625,4448.7001953125,4449.10009765625,974
2026-08-10T20:45:00Z,4449,4449.89990234375,4447.60009765625,4448.7001953125,945
2026-08-10T22:00:00Z,4450.5,4452.2001953125,4443.7001953125,4450.2001953125,838
2026-08-10T22:15:00Z,4450.7001953125,4452.7001953125,4450.5,4451.2001953125,726
2026-08-10T22:30:00Z,4451.39990234375,4455.7001953125,4451.10009765625,4454.7001953125,1331
2026-08-10T22:45:00Z,4454.7001953125,4460.89990234375,4454.60009765625,4459.10009765625,2297
2026-08-10T23:00:00Z,4459.10009765625,4461.7001953125,4455,4457,2470
2026-08-10T23:15:00Z,4456.7998046875,4457.10009765625,4453,4454.7998046875,1247
2026-08-10T23:30:00Z,4454.7001953125,4458.7001953125,4454.39990234375,4457.89990234375,1302
2026-08-10T23:45:00Z,4458.39990234375,4463,4455.89990234375,4462.2001953125,1925
2026-08-11T00:00:00Z,4462.10009765625,4468.60009765625,4456,4464.7001953125,4540
2026-08-11T00:15:00Z,4465,4475.89990234375,4463.7998046875,4473.5,3444
2026-08-11T00:30:00Z,4473.5,4473.60009765625,4466.5,4473.60009765625,3280
2026-08-11T00:45:00Z,4473.5,4478.7001953125,4467.10009765625,4468.7998046875,3483
2026-08-11T01:00:00Z,4468.60009765625,4474.89990234375,4453,4474.39990234375,8453
2026-08-11T01:15:00Z,4474,4480,4472.39990234375,4479.10009765625,4748
2026-08-11T01:30:00Z,4479.39990234375,4483,4475.2001953125,4475.2998046875,4053
2026-08-11T01:45:00Z,4475.39990234375,4493.5,4474.39990234375,4489.5,5956
2026-08-11T02:00:00Z,4489.2998046875,4494.5,4481,4493.7001953125,5055
2026-08-11T02:15:00Z,4494,4495.10009765625,4485.89990234375,4488.39990234375,3517
2026-08-11T02:30:00Z,4488.10009765625,4489.2001953125,4473.5,4478.5,4821
2026-08-11T02:45:00Z,4478.5,4479.2998046875,4467.89990234375,4470.7998046875,3919
2026-08-11T03:00:00Z,4471,4475.39990234375,4469.2001953125,4473.2001953125,2243
2026-08-11T03:15:00Z,4473.39990234375,4480.7998046875,4472.5,4480.10009765625,2321
2026-08-11T03:30:00Z,4480.10009765625,4481.5,4474.89990234375,4475.39990234375,1439
2026-08-11T03:45:00Z,4475.89990234375,4478.60009765625,4473.5,4477.2998046875,1461
2026-08-11T04:00:00Z,4476.60009765625,4479.2001953125,4472,4473.60009765625,1848
2026-08-11T04:15:00Z,4474,4475.7001953125,4469.89990234375,4474.89990234375,1556
2026-08-11T04:30:00Z,4474.7001953125,4480.2998046875,4468.2001953125,4469.7998046875,2976
2026-08-11T04:45:00Z,4469.7998046875,4471.2001953125,4463.39990234375,4468.89990234375,3008
2026-08-11T05:00:00Z,4468.60009765625,4469,4459,4461.7001953125,2393
2026-08-11T05:15:00Z,4461.7998046875,4461.89990234375,4450.10009765625,4451.7998046875,3648
2026-08-11T05:30:00Z,4451.7998046875,4451.7998046875,4432.10009765625,4437.2001953125,10429
2026-08-11T05:45:00Z,4437.2001953125,4438.39990234375,4427.2001953125,4435.10009765625,5552
2026-08-11T06:00:00Z,4435,4442.10009765625,4431.2001953125,4432.2001953125,4272
2026-08-11T06:15:00Z,4432.2001953125,4435.60009765625,4421.2001953125,4422.7998046875,5193
2026-08-11T06:30:00Z,4422.7001953125,4428.60009765625,4418.60009765625,4422.5,4222
2026-08-11T06:45:00Z,4423,4426.89990234375,4418.7998046875,4425.2001953125,2295
2026-08-11T07:00:00Z,4425.2001953125,4426.89990234375,4420.10009765625,4422.5,2169
2026-08-11T07:15:00Z,4422.39990234375,4425.2001953125,4416.7001953125,4422.2998046875,2326
2026-08-11T07:30:00Z,4422.39990234375,4424.2001953125,4415.7998046875,4417.60009765625,2252
2026-08-11T07:45:00Z,4417.7998046875,4420.7998046875,4415.89990234375,4416.7001953125,1601
2026-08-11T08:00:00Z,4417.10009765625,4426.39990234375,4416.10009765625,4424.2998046875,2769
2026-08-11T08:15:00Z,4424.10009765625,4428.7001953125,4417.89990234375,4428,2745
2026-08-11T08:30:00Z,4427.7998046875,4434.60009765625,4427.39990234375,4433.5,2927
2026-08-11T08:45:00Z,4433.5,4435.5,4427.5,4427.89990234375,2303
2026-08-11T09:00:00Z,4427.60009765625,4431.7998046875,4426.2001953125,4431,1590
2026-08-11T09:15:00Z,4431.2998046875,4434.2998046875,4429.7001953125,4430.39990234375,2100
2026-08-11T09:30:00Z,4430.60009765625,4433.7998046875,4428.89990234375,4429.2001953125,1745
2026-08-11T09:45:00Z,4429.2998046875,4433.7001953125,4429.10009765625,4431.39990234375,1119
2026-08-11T10:00:00Z,4431.39990234375,4435,4429.89990234375,4431.7998046875,1133
2026-08-11T10:15:00Z,4431.7998046875,4441,4431.10009765625,4437.2998046875,2379
2026-08-11T10:30:00Z,4437.2001953125,4440.10009765625,4435.60009765625,4436.2998046875,1368
2026-08-11T10:45:00Z,4436.39990234375,4441.5,4436.2998046875,4441.10009765625,1507
2026-08-11T11:00:00Z,4441.10009765625,4451.7001953125,4439.2001953125,4449.7001953125,5096
2026-08-11T11:15:00Z,4449.7998046875,4450.60009765625,4443.5,4445.7001953125,2061
2026-08-11T11:30:00Z,4445.89990234375,4446.5,4441.2998046875,4444.7001953125,1700
2026-08-11T11:45:00Z,4444.60009765625,4448.2001953125,4443.2998046875,4446,1934
2026-08-11T12:00:00Z,4446,4456,4442.2998046875,4455.2998046875,3689
2026-08-11T12:15:00Z,4455.39990234375,4458.60009765625,4446.10009765625,4449.2001953125,6421
2026-08-11T12:30:00Z,4449.60009765625,4457.2001953125,4446.89990234375,4457.2001953125,3924
2026-08-11T12:45:00Z,4457,4458.89990234375,4450.10009765625,4450.7001953125,3423
2026-08-11T13:00:00Z,4450.89990234375,4459.89990234375,4449.7001953125,4452.7001953125,4466
2026-08-11T13:15:00Z,4452.7001953125,4460,4448.10009765625,4457.10009765625,4714
2026-08-11T13:30:00Z,4457.10009765625,4460.89990234375,4447.60009765625,4459,6969
2026-08-11T13:45:00Z,4459,4463.39990234375,4443.10009765625,4448.2998046875,9117
2026-08-11T14:00:00Z,4448.2998046875,4449.10009765625,4439.60009765625,4445.89990234375,6009
2026-08-11T14:15:00Z,4446.10009765625,4449.2001953125,4440.60009765625,4443.10009765625,4630
2026-08-11T14:30:00Z,4443.2998046875,4454.89990234375,4443.10009765625,4453.10009765625,4450
2026-08-11T14:45:00Z,4453,4457.5,4451,4453.60009765625,3400
2026-08-11T15:00:00Z,4453.60009765625,4458.2998046875,4448.39990234375,4451.60009765625,3947
2026-08-11T15:15:00Z,4451.39990234375,4451.60009765625,4440.7001953125,4445.7001953125,4961
2026-08-11T15:30:00Z,4445.5,4445.7998046875,4428.2001953125,4435.2998046875,6839
2026-08-11T15:45:00Z,4435.39990234375,4443.5,4434.2998046875,4443,3419
2026-08-11T16:00:00Z,4443.5,4444.60009765625,4438.2001953125,4439.2998046875,2551
2026-08-11T16:15:00Z,4439.2001953125,4443.2001953125,4438,4442.89990234375,1831
2026-08-11T16:30:00Z,4442.7001953125,4445.39990234375,4438.89990234375,4444.2998046875,1916
2026-08-11T16:45:00Z,4444.5,4445.2001953125,4440.5,4443.10009765625,1303
2026-08-11T17:00:00Z,4443.2998046875,4445.7998046875,4440.7001953125,4440.7001953125,1506
2026-08-11T17:15:00Z,4440.7001953125,4443.89990234375,4438.10009765625,4440.7998046875,4235
2026-08-11T17:30:00Z,4440.7998046875,4441.39990234375,4433.7001953125,4435.7001953125,2145
2026-08-11T17:45:00Z,4435.89990234375,4437.10009765625,4428.10009765625,4428.39990234375,1949
2026-08-11T18:00:00Z,4428.39990234375,4428.7998046875,4419.7001953125,4423.2998046875,3917
2026-08-11T18:15:00Z,4423.2001953125,4426.7001953125,4419.60009765625,4420.2998046875,2575
2026-08-11T18:30:00Z,4420.5,4431.2998046875,4420.2001953125,4430.2998046875,2954
2026-08-11T18:45:00Z,4430.39990234375,4432,4429.10009765625,4430.5,1596
2026-08-11T19:00:00Z,4430.39990234375,4431.10009765625,4422.2001953125,4422.7001953125,2776
2026-08-11T19:15:00Z,4422.60009765625,4430.2998046875,4420,4429.60009765625,2480
2026-08-11T19:30:00Z,4429.7998046875,4434.5,4425.7001953125,4427,2392
2026-08-11T19:45:00Z,4427.10009765625,4432.10009765625,4425.60009765625,4429.60009765625,2183
2026-08-11T20:00:00Z,4429.5,4430,4427.10009765625,4429.10009765625,839
2026-08-11T20:15:00Z,4429.10009765625,4430.2001953125,4426.5,4429.2001953125,613
2026-08-11T20:30:00Z,4429.39990234375,4429.60009765625,4426.60009765625,4426.7998046875,546
2026-08-11T20:45:00Z,4426.7001953125,4428.2001953125,4426.2001953125,4428.10009765625,711
2026-08-11T21:00:00Z,4428.10009765625,4428.10009765625,4428.10009765625,4428.10009765625,1
2026-08-11T22:00:00Z,4429.7998046875,4433.7001953125,4428.10009765625,4432.2001953125,887
2026-08-11T22:15:00Z,4432.2001953125,4435.60009765625,4431.5,4434.89990234375,1380
2026-08-11T22:30:00Z,4434.7001953125,4436.39990234375,4433.39990234375,4434.89990234375,1149
2026-08-11T22:45:00Z,4434.7998046875,4437.5,4426.2001953125,4428,2853
2026-08-11T23:00:00Z,4428.2001953125,4428.7998046875,4421.2998046875,4425,3277
2026-08-11T23:15:00Z,4424.7998046875,4433,4423.7998046875,4431.60009765625,2427
2026-08-11T23:30:00Z,4431.5,4431.7001953125,4425.10009765625,4426.7998046875,1131
2026-08-11T23:45:00Z,4427,4431.10009765625,4426.7001953125,4430.5,1067
2026-08-12T00:00:00Z,4430.60009765625,4438.7001953125,4425.60009765625,4437.2998046875,2680
2026-08-12T00:15:00Z,4437.10009765625,4440.5,4433.2998046875,4440.2001953125,2666
2026-08-12T00:30:00Z,4440.10009765625,4443.2001953125,4438.7001953125,4442.39990234375,2039
2026-08-12T00:45:00Z,4442.39990234375,4442.7001953125,4437.10009765625,4440.2001953125,1771
2026-08-12T01:00:00Z,4440.2001953125,4450.2998046875,4437.89990234375,4449.7998046875,4826
2026-08-12T01:15:00Z,4450,4453.89990234375,4446.2998046875,4450.10009765625,2978
2026-08-12T01:30:00Z,4449.89990234375,4453,4444.60009765625,4452.7001953125,3333
2026-08-12T01:45:00Z,4452.7001953125,4457.2001953125,4450.60009765625,4456.2998046875,2777
2026-08-12T02:00:00Z,4456.2998046875,4464.39990234375,4453.60009765625,4461,3089
2026-08-12T02:15:00Z,4460.39990234375,4462.7001953125,4458.2998046875,4461.5,2089
2026-08-12T02:30:00Z,4461.39990234375,4467.60009765625,4456.60009765625,4465,3844
2026-08-12T02:45:00Z,4465.10009765625,4474.10009765625,4464.60009765625,4471.10009765625,3974
2026-08-12T03:00:00Z,4471,4475.7001953125,4468.2001953125,4470.5,3281
2026-08-12T03:15:00Z,4470.7001953125,4470.7998046875,4464.39990234375,4467.2998046875,2748
2026-08-12T03:30:00Z,4467.2998046875,4468.7998046875,4461.2998046875,4461.60009765625,2386
2026-08-12T03:45:00Z,4461.5,4463.7998046875,4460.7001953125,4461.89990234375,1430
2026-08-12T04:00:00Z,4462.10009765625,4463.10009765625,4456.2001953125,4457.2998046875,2089
2026-08-12T04:15:00Z,4457.2998046875,4459.5,4455.2998046875,4458.89990234375,1516
2026-08-12T04:30:00Z,4459,4460.39990234375,4455.10009765625,4460.2001953125,1575
2026-08-12T04:45:00Z,4459.89990234375,4462.5,4459.2001953125,4461.2001953125,1412
2026-08-12T05:00:00Z,4461,4465,4459.7998046875,4461,2073
2026-08-12T05:15:00Z,4460.7001953125,4460.89990234375,4452,4452.5,3381
2026-08-12T05:30:00Z,4452.2998046875,4457,4447.60009765625,4448,3744
2026-08-12T05:45:00Z,4447.7998046875,4454.10009765625,4443.89990234375,4451.10009765625,3216
2026-08-12T06:00:00Z,4451.10009765625,4453,4445.2001953125,4447.10009765625,2184
2026-08-12T06:15:00Z,4447.2001953125,4450.7998046875,4445.7001953125,4449.7001953125,1559
2026-08-12T06:30:00Z,4449.7998046875,4457.60009765625,4448.39990234375,4454.39990234375,2831
2026-08-12T06:45:00Z,4454.5,4466.2001953125,4454.5,4463.2001953125,3378
2026-08-12T07:00:00Z,4463.10009765625,4465.7001953125,4460.2998046875,4460.89990234375,2240
2026-08-12T07:15:00Z,4461,4462.10009765625,4457.39990234375,4461.7001953125,1736
2026-08-12T07:30:00Z,4461.60009765625,4467.7998046875,4460.60009765625,4467.39990234375,1894
2026-08-12T07:45:00Z,4467.2001953125,4469.5,4464.10009765625,4465.7998046875,1831
2026-08-12T08:00:00Z,4465.89990234375,4470.2998046875,4465.2998046875,4468,1745
2026-08-12T08:15:00Z,4468,4469.10009765625,4465,4466.5,1412
2026-08-12T08:30:00Z,4466.39990234375,4467,4463.5,4465.2001953125,1272
2026-08-12T08:45:00Z,4464.60009765625,4464.60009765625,4460.2998046875,4460.89990234375,1096
2026-08-12T09:00:00Z,4460.89990234375,4472.60009765625,4460.89990234375,4472.2998046875,2293
2026-08-12T09:15:00Z,4472.39990234375,4484.10009765625,4471.89990234375,4472.7998046875,5194
2026-08-12T09:30:00Z,4473,4476.7998046875,4471.60009765625,4473.2001953125,2227
2026-08-12T09:45:00Z,4473.39990234375,4475.89990234375,4470,4475.2998046875,2295
2026-08-12T10:00:00Z,4475.39990234375,4480,4474,4477.2998046875,1729
2026-08-12T10:15:00Z,4477.7001953125,4480.39990234375,4477,4478.89990234375,1315
2026-08-12T10:30:00Z,4479.10009765625,4479.39990234375,4471.89990234375,4474,1801
2026-08-12T10:45:00Z,4474,4475.10009765625,4465.7998046875,4472.10009765625,2496
2026-08-12T11:00:00Z,4472.2998046875,4474.60009765625,4467.2998046875,4467.39990234375,2229
2026-08-12T11:15:00Z,4467.60009765625,4477.7001953125,4467.10009765625,4474.7998046875,2466
2026-08-12T11:30:00Z,4474.89990234375,4475.7001953125,4469.7001953125,4473.2001953125,1368
2026-08-12T11:45:00Z,4473,4475.2001953125,4472,4472.2998046875,1175
2026-08-12T12:00:00Z,4472.5,4472.7998046875,4465.5,4468.10009765625,3063
2026-08-12T12:15:00Z,4468,4488,4463.7998046875,4486.60009765625,5087
2026-08-12T12:30:00Z,4486.60009765625,4498.10009765625,4447.2998046875,4488.7001953125,25820
2026-08-12T12:45:00Z,4488.5,4499,4476,4498.10009765625,9658
2026-08-12T13:00:00Z,4497.7998046875,4502.39990234375,4480.39990234375,4482,9327
2026-08-12T13:15:00Z,4481.7998046875,4489,4474,4478.2001953125,6721
2026-08-12T13:30:00Z,4478.2998046875,4480.7998046875,4468,4476.60009765625,8940
2026-08-12T13:45:00Z,4476.39990234375,4494,4475.39990234375,4487.39990234375,8579
2026-08-12T14:00:00Z,4487.2998046875,4495.2001953125,4480,4491.89990234375,6754
2026-08-12T14:15:00Z,4491.89990234375,4499.7001953125,4489.7001953125,4491.39990234375,6035
2026-08-12T14:30:00Z,4491.2998046875,4496.2001953125,4476,4484.7998046875,8341
2026-08-12T14:45:00Z,4484.7998046875,4492.2998046875,4475.5,4481.2001953125,5944
2026-08-12T15:00:00Z,4481.10009765625,4489.60009765625,4473.5,4486.39990234375,4923
2026-08-12T15:15:00Z,4486.5,4488.10009765625,4479.39990234375,4481.39990234375,3310
2026-08-12T15:30:00Z,4481.2998046875,4485.2001953125,4476.10009765625,4477.7998046875,2608
2026-08-12T15:45:00Z,4477.89990234375,4481.7998046875,4470,4480.2998046875,4299
2026-08-12T16:00:00Z,4480.2001953125,4485.2998046875,4476.39990234375,4482.89990234375,3380
2026-08-12T16:15:00Z,4483,4486.2001953125,4482,4483.10009765625,2310
2026-08-12T16:30:00Z,4483,4483.7001953125,4469.10009765625,4470.7001953125,4444
2026-08-12T16:45:00Z,4470.7001953125,4471.2001953125,4456,4462,7502
2026-08-12T17:00:00Z,4462.10009765625,4468,4459.89990234375,4463.7998046875,2973
2026-08-12T17:15:00Z,4464.10009765625,4470.2001953125,4462.10009765625,4466.5,3356
2026-08-12T17:30:00Z,4466.7001953125,4471.7998046875,4461.39990234375,4462.2001953125,3212
2026-08-12T17:45:00Z,4462.2998046875,4465.89990234375,4459,4459.60009765625,2020
2026-08-12T18:00:00Z,4459.39990234375,4466.5,4455.89990234375,4465.7001953125,2768
2026-08-12T18:15:00Z,4465.89990234375,4471.39990234375,4464.39990234375,4468.39990234375,2262
2026-08-12T18:30:00Z,4468.5,4473.7998046875,4468,4473.60009765625,2098
2026-08-12T18:45:00Z,4473.7001953125,4478.10009765625,4472.7998046875,4473.2001953125,1956
2026-08-12T19:00:00Z,4473.10009765625,4478.39990234375,4472.7998046875,4476.10009765625,1432
2026-08-12T19:15:00Z,4476,4477.7998046875,4475.5,4476.5,850
2026-08-12T19:30:00Z,4476.39990234375,4476.60009765625,4471,4473,1750
2026-08-12T19:45:00Z,4473.2001953125,4474,4468.39990234375,4473.7001953125,1861
2026-08-12T20:00:00Z,4473.7001953125,4474.60009765625,4468.89990234375,4469.10009765625,1045
2026-08-12T20:15:00Z,4469.2001953125,4470.2998046875,4466.2998046875,4467.89990234375,698
2026-08-12T20:30:00Z,4467.7998046875,4469.10009765625,4466.7998046875,4468,502
2026-08-12T20:45:00Z,4468.2998046875,4469,4466.60009765625,4468.89990234375,733
2026-08-12T21:00:00Z,4469.10009765625,4469.39990234375,4469.10009765625,4469.39990234375,6
2026-08-12T22:00:00Z,4469,4472.39990234375,4461,4461.7998046875,732
2026-08-12T22:15:00Z,4461.89990234375,4462,4456.5,4457.7998046875,1392
2026-08-12T22:30:00Z,4457.5,4460.2998046875,4456.7998046875,4458.60009765625,1133
2026-08-12T22:45:00Z,4458.2998046875,4461.5,4458.10009765625,4460,880
2026-08-12T23:00:00Z,4460.10009765625,4464.7001953125,4460,4464.39990234375,1345
2026-08-12T23:15:00Z,4464.2998046875,4468.5,4464.2001953125,4466.7998046875,1323
2026-08-12T23:30:00Z,4466.7998046875,4469,4465.2998046875,4467,1111
2026-08-12T23:45:00Z,4467,4473.2998046875,4466.2998046875,4473.2001953125,1590
2026-08-13T00:00:00Z,4473.2001953125,4481.2998046875,4471.60009765625,4478.10009765625,4108
2026-08-13T00:15:00Z,4478.5,4496.60009765625,4478.2998046875,4487.39990234375,6322
2026-08-13T00:30:00Z,4487.39990234375,4509.2001953125,4483.39990234375,4499.2001953125,8003
2026-08-13T00:45:00Z,4499.5,4499.5,4482.7001953125,4486.60009765625,5285
2026-08-13T01:00:00Z,4486.7998046875,4494.2001953125,4481.2998046875,4488.89990234375,6478
2026-08-13T01:15:00Z,4489,4494.2998046875,4477.2998046875,4478,4550
2026-08-13T01:30:00Z,4477.7998046875,4489.2001953125,4476.2998046875,4477.7998046875,4548
2026-08-13T01:45:00Z,4477.7998046875,4478.10009765625,4464.7998046875,4467.39990234375,5946
2026-08-13T02:00:00Z,4466.89990234375,4472.7998046875,4463.89990234375,4469.2001953125,3950
2026-08-13T02:15:00Z,4469.2001953125,4471,4464.39990234375,4464.7998046875,1988
2026-08-13T02:30:00Z,4464.60009765625,4469,4457.2998046875,4469,4986
2026-08-13T02:45:00Z,4468.7998046875,4469.39990234375,4464,4465.60009765625,2278
2026-08-13T03:00:00Z,4465.7001953125,4470.89990234375,4462.39990234375,4465.60009765625,2371
2026-08-13T03:15:00Z,4465.7001953125,4468.60009765625,4463.89990234375,4467.39990234375,1076
2026-08-13T03:30:00Z,4467.7998046875,4468.7998046875,4463.89990234375,4464.2001953125,949
2026-08-13T03:45:00Z,4464.5,4466.2001953125,4457.7001953125,4458.10009765625,1877
2026-08-13T04:00:00Z,4458.7001953125,4458.7001953125,4449.5,4452.10009765625,4859
2026-08-13T04:15:00Z,4452.39990234375,4457.39990234375,4450.2001953125,4456.2001953125,1806
2026-08-13T04:30:00Z,4456.10009765625,4457.7998046875,4452.7001953125,4453.39990234375,1665
2026-08-13T04:45:00Z,4453.2998046875,4456.60009765625,4453,4455.5,1219
2026-08-13T05:00:00Z,4455.39990234375,4462.2998046875,4450.60009765625,4462.2001953125,3358
2026-08-13T05:15:00Z,4462.2998046875,4465.2001953125,4458.5,4464.2998046875,2359
2026-08-13T05:30:00Z,4464.2998046875,4465.2001953125,4443.5,4445.39990234375,5444
2026-08-13T05:45:00Z,4445.2001953125,4447.10009765625,4437.60009765625,4440.39990234375,4446
2026-08-13T06:00:00Z,4440.39990234375,4443,4432.39990234375,4433.2998046875,4610
2026-08-13T06:15:00Z,4433.2001953125,4436.2001953125,4431.5,4433.10009765625,2304
2026-08-13T06:30:00Z,4433.10009765625,4435.7998046875,4425.89990234375,4431.10009765625,3323
2026-08-13T06:45:00Z,4431.2998046875,4438.2998046875,4431,4437.7998046875,2788
2026-08-13T07:00:00Z,4437.39990234375,4438.7001953125,4431.39990234375,4433.2998046875,2388
2026-08-13T07:15:00Z,4433.60009765625,4434.5,4430.5,4433.10009765625,1453
2026-08-13T07:30:00Z,4432.7998046875,4435.7998046875,4428.60009765625,4435.39990234375,2050
2026-08-13T07:45:00Z,4435.39990234375,4435.89990234375,4425.7001953125,4426.39990234375,2713
2026-08-13T08:00:00Z,4426.60009765625,4427.2998046875,4420.2001953125,4422.5,3790
2026-08-13T08:15:00Z,4422.5,4429.89990234375,4421.10009765625,4429.10009765625,2259
2026-08-13T08:30:00Z,4429,4432.2998046875,4428.2001953125,4429.7998046875,1416
2026-08-13T08:45:00Z,4429.7998046875,4435.7001953125,4429.7001953125,4432.2001953125,1517
2026-08-13T09:00:00Z,4432.2998046875,4434.7001953125,4428.7001953125,4433.39990234375,1444
2026-08-13T09:15:00Z,4433.10009765625,4440,4432.39990234375,4436.2998046875,2575
2026-08-13T09:30:00Z,4436.2998046875,4438.5,4435.2001953125,4436.89990234375,1252
2026-08-13T09:45:00Z,4436.7998046875,4441.7998046875,4435.2998046875,4441.7001953125,1543
2026-08-13T10:00:00Z,4441.7998046875,4442.60009765625,4438.89990234375,4438.89990234375,1473
2026-08-13T10:15:00Z,4439.10009765625,4445.2998046875,4439.10009765625,4444.7998046875,1581
2026-08-13T10:30:00Z,4445,4448.2998046875,4442.2998046875,4448,1493
2026-08-13T10:45:00Z,4448.2001953125,4451.39990234375,4445.89990234375,4449.89990234375,1683
2026-08-13T11:00:00Z,4449.60009765625,4451.89990234375,4446.10009765625,4451.7998046875,1640
2026-08-13T11:15:00Z,4451.7998046875,4454.10009765625,4445.2001953125,4445.5,2107
2026-08-13T11:30:00Z,4445.60009765625,4447.2001953125,4440.39990234375,4441,2443
2026-08-13T11:45:00Z,4441,4445.39990234375,4439.60009765625,4444.7001953125,2262
2026-08-13T12:00:00Z,4444.60009765625,4448.7998046875,4442.2998046875,4445.89990234375,2478
2026-08-13T12:15:00Z,4446,4450.2998046875,4440.7998046875,4448.2998046875,2698
2026-08-13T12:30:00Z,4447.2001953125,4459,4437.10009765625,4448.5,8176
2026-08-13T12:45:00Z,4448.60009765625,4459.10009765625,4448.2001953125,4458.89990234375,3964
2026-08-13T13:00:00Z,4458.60009765625,4459.10009765625,4447.5,4450.39990234375,5052
2026-08-13T13:15:00Z,4450.5,4452.2998046875,4440.2998046875,4441.60009765625,3981
2026-08-13T13:30:00Z,4441.7998046875,4446.5,4431.2998046875,4435.89990234375,7869
2026-08-13T13:45:00Z,4436,4439.7998046875,4427,4429.2001953125,6344
2026-08-13T14:00:00Z,4429.2001953125,4435.7998046875,4424,4428.10009765625,7767
2026-08-13T14:15:00Z,4428,4436,4424.60009765625,4425,5572
2026-08-13T14:30:00Z,4425,4439.2001953125,4410.60009765625,4438.10009765625,10147
2026-08-13T14:45:00Z,4438.60009765625,4444.60009765625,4438.2998046875,4440.7998046875,4623
2026-08-13T15:00:00Z,4441.2001953125,4443.10009765625,4424.60009765625,4426.2001953125,4971
2026-08-13T15:15:00Z,4426.2001953125,4430.7001953125,4420,4421.89990234375,5675
2026-08-13T15:30:00Z,4421.7998046875,4428.5,4412.2998046875,4425,5872
2026-08-13T15:45:00Z,4425.2001953125,4427.7998046875,4420.5,4422.39990234375,2337
2026-08-13T16:00:00Z,4422.39990234375,4424.89990234375,4410.7998046875,4412.5,3981
2026-08-13T16:15:00Z,4412.5,4419.5,4407.7001953125,4419.2001953125,5302
2026-08-13T16:30:00Z,4419.2001953125,4424.10009765625,4419.10009765625,4422.5,2938
2026-08-13T16:45:00Z,4422.7001953125,4425.60009765625,4420.60009765625,4424.2001953125,1779
2026-08-13T17:00:00Z,4424.2998046875,4430.60009765625,4422.39990234375,4428.60009765625,2507
2026-08-13T17:15:00Z,4428.7001953125,4429.10009765625,4419.2001953125,4420,2866
2026-08-13T17:30:00Z,4420.10009765625,4421.5,4412.10009765625,4413.7001953125,2903
2026-08-13T17:45:00Z,4413.89990234375,4416.60009765625,4412.10009765625,4412.60009765625,1499
2026-08-13T18:00:00Z,4412.60009765625,4419.60009765625,4412.39990234375,4418.7001953125,1936
2026-08-13T18:15:00Z,4419,4420.5,4411.60009765625,4414.2998046875,2269
2026-08-13T18:30:00Z,4414.39990234375,4417.39990234375,4413,4414.7998046875,1208
2026-08-13T18:45:00Z,4414.89990234375,4415.10009765625,4411.10009765625,4413.7001953125,1294
2026-08-13T19:00:00Z,4413.7001953125,4415.7001953125,4402.5,4403.2998046875,3071
2026-08-13T19:15:00Z,4403.2998046875,4408.10009765625,4400,4408,2680
2026-08-13T19:30:00Z,4407.89990234375,4410.7001953125,4405.89990234375,4407.60009765625,1525
2026-08-13T19:45:00Z,4407.7998046875,4408,4403.7001953125,4406,1822
2026-08-13T20:00:00Z,4406,4406.7001953125,4402.5,4406.60009765625,1033
2026-08-13T20:15:00Z,4406.2998046875,4408.60009765625,4405.39990234375,4407.89990234375,755
2026-08-13T20:30:00Z,4407.7001953125,4408,4404.2998046875,4405.7001953125,1041
2026-08-13T20:45:00Z,4405.5,4407.7998046875,4404.60009765625,4407,1088
2026-08-13T22:00:00Z,4409.60009765625,4412.7001953125,4407.10009765625,4409.60009765625,1097
2026-08-13T22:15:00Z,4409.89990234375,4414,4408.2998046875,4412.7998046875,1390
2026-08-13T22:30:00Z,4412.5,4418.7001953125,4411,4416.10009765625,2168
2026-08-13T22:45:00Z,4415.89990234375,4417,4409,4411,2266
2026-08-13T23:00:00Z,4411.2001953125,4416.39990234375,4404.89990234375,4416.39990234375,2976
2026-08-13T23:15:00Z,4416.10009765625,4418.7998046875,4412.2998046875,4418.39990234375,2650
2026-08-13T23:30:00Z,4418.10009765625,4418.7998046875,4413.60009765625,4415.7001953125,1680
2026-08-13T23:45:00Z,4415.7998046875,4419.60009765625,4411.5,4411.5,2361
2026-08-14T00:00:00Z,4411.60009765625,4417.5,4405.89990234375,4407.2998046875,3214
2026-08-14T00:15:00Z,4407.2998046875,4408.2001953125,4395.2001953125,4395.39990234375,5162
2026-08-14T00:30:00Z,4395.39990234375,4403.10009765625,4390.5,4395.5,5742
2026-08-14T00:45:00Z,4395.89990234375,4398.89990234375,4384.89990234375,4396.7001953125,5191
2026-08-14T01:00:00Z,4396.2001953125,4397.2998046875,4378,4380.2001953125,7586
2026-08-14T01:15:00Z,4380.39990234375,4382.2001953125,4370.7001953125,4375.60009765625,7406
2026-08-14T01:30:00Z,4375.5,4377.5,4368.5,4375.60009765625,4355
2026-08-14T01:45:00Z,4375.60009765625,4379.2998046875,4366.7998046875,4373.5,5194
2026-08-14T02:00:00Z,4373.89990234375,4378.10009765625,4365.2001953125,4367.2998046875,3658
2026-08-14T02:15:00Z,4367.5,4373.2998046875,4367.2998046875,4368,3013
2026-08-14T02:30:00Z,4367.7998046875,4378.2001953125,4367.10009765625,4376.7001953125,4447
2026-08-14T02:45:00Z,4376.39990234375,4377.60009765625,4367.39990234375,4370.7001953125,2437
2026-08-14T03:00:00Z,4370.7998046875,4378.7998046875,4368.60009765625,4375.2998046875,2273
2026-08-14T03:15:00Z,4375.5,4381.2998046875,4375,4380.7001953125,2125
2026-08-14T03:30:00Z,4380.7998046875,4383.7001953125,4379.89990234375,4381.2001953125,1707
2026-08-14T03:45:00Z,4381.2001953125,4382.39990234375,4378.89990234375,4379.7001953125,1060
2026-08-14T04:00:00Z,4379.10009765625,4382.7998046875,4378.2001953125,4381.5,1585
2026-08-14T04:15:00Z,4381.2998046875,4384.39990234375,4379.89990234375,4380.2001953125,1121
2026-08-14T04:30:00Z,4380.5,4381.39990234375,4377.7998046875,4380.39990234375,1143
2026-08-14T04:45:00Z,4380,4382,4378.5,4381.89990234375,921
2026-08-14T05:00:00Z,4382.2001953125,4382.2998046875,4374.10009765625,4374.7998046875,2190
2026-08-14T05:15:00Z,4375,4375.10009765625,4371.7001953125,4373.2998046875,1243
2026-08-14T05:30:00Z,4373.10009765625,4379.7001953125,4365.7001953125,4372.2998046875,3988
2026-08-14T05:45:00Z,4372.60009765625,4389.5,4372.5,4389.5,3421
2026-08-14T06:00:00Z,4389.39990234375,4392.60009765625,4385.39990234375,4388.5,2959
2026-08-14T06:15:00Z,4388.2998046875,4389.5,4384.2001953125,4385.10009765625,1830
2026-08-14T06:30:00Z,4385,4389.2001953125,4383.7001953125,4389.2001953125,1350
2026-08-14T06:45:00Z,4389,4392,4388.2001953125,4391.5,1623
2026-08-14T07:00:00Z,4391.39990234375,4393.2998046875,4386.89990234375,4387.10009765625,1708
2026-08-14T07:15:00Z,4387.10009765625,4392.2998046875,4385.39990234375,4387.89990234375,1460
2026-08-14T07:30:00Z,4388,4396.60009765625,4387.39990234375,4395.7998046875,1639
2026-08-14T07:45:00Z,4395.7001953125,4401.89990234375,4395.5,4400.10009765625,2249
2026-08-14T08:00:00Z,4399.89990234375,4404.39990234375,4398.10009765625,4403.7998046875,2696
2026-08-14T08:15:00Z,4403.7998046875,4405.2998046875,4399.2001953125,4401.89990234375,1743
2026-08-14T08:30:00Z,4401.7998046875,4405.2998046875,4399.5,4399.7001953125,1388
2026-08-14T08:45:00Z,4399.60009765625,4405.89990234375,4398.5,4404.60009765625,1286
2026-08-14T09:00:00Z,4404.5,4406.89990234375,4402,4406.7001953125,1114
2026-08-14T09:15:00Z,4406.7001953125,4410,4404.39990234375,4407.60009765625,1880
2026-08-14T09:30:00Z,4407.5,4410.7998046875,4406,4409.7998046875,1396
2026-08-14T09:45:00Z,4410,4413.7001953125,4408.7001953125,4413.5,1355
2026-08-14T10:00:00Z,4413.60009765625,4415.10009765625,4409.89990234375,4410.2998046875,1688
2026-08-14T10:15:00Z,4410.60009765625,4411.39990234375,4406.10009765625,4407.39990234375,1945
2026-08-14T10:30:00Z,4407.7001953125,4408.2998046875,4404.2998046875,4408.10009765625,1667
2026-08-14T10:45:00Z,4408,4410.2001953125,4403.5,4405.60009765625,1593
2026-08-14T11:00:00Z,4405.60009765625,4408,4404.7001953125,4406.89990234375,1103
2026-08-14T11:15:00Z,4407,4413.39990234375,4407,4413,2126
2026-08-14T11:30:00Z,4413.10009765625,4420.2001953125,4412.7998046875,4418.89990234375,3154
2026-08-14T11:45:00Z,4418.60009765625,4425.89990234375,4417,4425.5,2716
2026-08-14T12:00:00Z,4425.60009765625,4433.39990234375,4421.7998046875,4427.89990234375,5101
2026-08-14T12:15:00Z,4428,4438.39990234375,4425.7998046875,4436.7001953125,4325
2026-08-14T12:30:00Z,4437.89990234375,4443.7998046875,4429.10009765625,4429.5,6841
2026-08-14T12:45:00Z,4429.89990234375,4435,4427.39990234375,4431,3600
2026-08-14T13:00:00Z,4430.7998046875,4438.2001953125,4427.2001953125,4432.2998046875,4713
2026-08-14T13:15:00Z,4432.2998046875,4444,4432.2001953125,4441.5,3420
2026-08-14T13:30:00Z,4441.89990234375,4454.60009765625,4440.7998046875,4451,7912
2026-08-14T13:45:00Z,4451.10009765625,4452.10009765625,4439.39990234375,4442,5946
2026-08-14T14:00:00Z,4442,4450.60009765625,4441.60009765625,4447.89990234375,5209
2026-08-14T14:15:00Z,4448,4452.2001953125,4442.2998046875,4448,4203
2026-08-14T14:30:00Z,4448.2001953125,4449.2001953125,4438.2998046875,4441.7001953125,4889
2026-08-14T14:45:00Z,4441.5,4441.7001953125,4435.7998046875,4438.60009765625,3453
2026-08-14T15:00:00Z,4438.89990234375,4452,4438.2001953125,4449.60009765625,5059
2026-08-14T15:15:00Z,4449.7001953125,4451.60009765625,4435.60009765625,4441.7998046875,5649
2026-08-14T15:30:00Z,4442.39990234375,4447.60009765625,4441.2001953125,4446.7998046875,3293
2026-08-14T15:45:00Z,4447,4452.5,4446.7998046875,4448.7998046875,3262
2026-08-14T16:00:00Z,4449.2001953125,4454.39990234375,4446,4447,3190
2026-08-14T16:15:00Z,4446.7998046875,4450.2998046875,4443.7998046875,4444.5,2267
2026-08-14T16:30:00Z,4444.60009765625,4446.10009765625,4437,4442.60009765625,3670
2026-08-14T16:45:00Z,4442.7998046875,4444.60009765625,4441.7001953125,4442.7001953125,899
2026-08-14T17:00:00Z,4442.89990234375,4443.5,4437.39990234375,4439.7001953125,1795
2026-08-14T17:15:00Z,4439.7001953125,4442.2001953125,4436.39990234375,4436.60009765625,2189
2026-08-14T17:30:00Z,4436.7001953125,4440.7001953125,4433.7001953125,4435,2342
2026-08-14T17:45:00Z,4434.7001953125,4436.39990234375,4433.39990234375,4435.7001953125,1446
2026-08-14T18:00:00Z,4435.60009765625,4438.89990234375,4433.5,4434.2998046875,2276
2026-08-14T18:15:00Z,4434.2998046875,4437.7001953125,4433.7998046875,4436.2001953125,1120
2026-08-14T18:30:00Z,4436.2998046875,4439.7998046875,4432.7998046875,4433.2001953125,2385
2026-08-14T18:45:00Z,4433.2998046875,4434,4427.60009765625,4430.2001953125,2756
2026-08-14T19:00:00Z,4430.2998046875,4433.7998046875,4428.5,4432.39990234375,1536
2026-08-14T19:15:00Z,4432.39990234375,4434.39990234375,4430.39990234375,4433.60009765625,1192
2026-08-14T19:30:00Z,4433.60009765625,4434.2998046875,4431.5,4431.5,1026
2026-08-14T19:45:00Z,4431.7001953125,4435.89990234375,4428.89990234375,4431.7001953125,2241
2026-08-14T20:00:00Z,4431.5,4431.60009765625,4426.2998046875,4428.2998046875,1384
2026-08-14T20:15:00Z,4428.2998046875,4430.39990234375,4427.7998046875,4430,703
2026-08-14T20:30:00Z,4430,4432.60009765625,4429,4431.10009765625,823
2026-08-14T20:45:00Z,4431,4437.2998046875,4430.39990234375,4437.2998046875,786
2026-08-16T22:00:00Z,4433.7001953125,4435.89990234375,4431.2998046875,4432.89990234375,456
2026-08-16T22:15:00Z,4432.89990234375,4433.10009765625,4429.10009765625,4430.7998046875,1152
2026-08-16T22:30:00Z,4430.5,4435,4430.5,4433.5,1508
2026-08-16T22:45:00Z,4433.5,4442.7001953125,4433.2998046875,4441.89990234375,2392
2026-08-16T23:00:00Z,4441.7001953125,4442.2001953125,4435.10009765625,4435.2001953125,2407
2026-08-16T23:15:00Z,4435.2998046875,4437.10009765625,4427.2001953125,4430.2998046875,2679
2026-08-16T23:30:00Z,4430.39990234375,4430.89990234375,4422.2998046875,4423.7001953125,3903
2026-08-16T23:45:00Z,4423.5,4429.10009765625,4423.5,4425.5,2351
2026-08-17T00:00:00Z,4425.7998046875,4435.10009765625,4423.39990234375,4434.5,4336
2026-08-17T00:15:00Z,4434.2001953125,4447.10009765625,4433.7998046875,4445.5,5202
2026-08-17T00:30:00Z,4445.39990234375,4453.5,4443.10009765625,4451.60009765625,4841
2026-08-17T00:45:00Z,4451.5,4459.39990234375,4449.60009765625,4457.39990234375,5374
2026-08-17T01:00:00Z,4457.10009765625,4468.5,4455.39990234375,4465.89990234375,9124
2026-08-17T01:15:00Z,4465.7998046875,4473.2001953125,4462.60009765625,4463.5,5472
2026-08-17T01:30:00Z,4463.7001953125,4464.7001953125,4454,4460.2001953125,6139
2026-08-17T01:45:00Z,4460.10009765625,4460.5,4448.60009765625,4451.89990234375,5040
2026-08-17T02:00:00Z,4452,4454.89990234375,4448.89990234375,4450.7001953125,2842
2026-08-17T02:15:00Z,4451,4454.2998046875,4446.2998046875,4452.2001953125,3304
2026-08-17T02:30:00Z,4452.2998046875,4454.7998046875,4446,4449.60009765625,3336
2026-08-17T02:45:00Z,4449.7998046875,4450.2001953125,4444.7998046875,4450.10009765625,2068
2026-08-17T03:00:00Z,4450.2001953125,4451.7998046875,4445.2001953125,4447,1915
2026-08-17T03:15:00Z,4446.89990234375,4449.89990234375,4444.10009765625,4449.2998046875,1684
2026-08-17T03:30:00Z,4449.39990234375,4454,4447.2001953125,4452,2395
2026-08-17T03:45:00Z,4451.7998046875,4453.89990234375,4449.39990234375,4453.7998046875,1307
2026-08-17T04:00:00Z,4453.60009765625,4456.2998046875,4452.60009765625,4455,2225
2026-08-17T04:15:00Z,4455,4455.39990234375,4446.2001953125,4447.60009765625,2139
2026-08-17T04:30:00Z,4447.5,4453.39990234375,4445.2001953125,4452.39990234375,2109
2026-08-17T04:45:00Z,4452.5,4454.60009765625,4446.2998046875,4447.2001953125,2162
2026-08-17T05:00:00Z,4447.2001953125,4450,4443,4444.2001953125,2286
2026-08-17T05:15:00Z,4444.2998046875,4456.2998046875,4443.39990234375,4456.2998046875,3159
2026-08-17T05:30:00Z,4456,4457.89990234375,4448.7001953125,4452.39990234375,3305
2026-08-17T05:45:00Z,4452.10009765625,4454.2001953125,4449,4451.39990234375,1861
2026-08-17T06:00:00Z,4451.60009765625,4454.89990234375,4449.39990234375,4453.2001953125,2179
2026-08-17T06:15:00Z,4453.2001953125,4456.60009765625,4448.89990234375,4454.7001953125,2074
2026-08-17T06:30:00Z,4454.5,4454.89990234375,4449.5,4452.2001953125,1643
2026-08-17T06:45:00Z,4452.39990234375,4460.7998046875,4452.39990234375,4459.2998046875,3010
2026-08-17T07:00:00Z,4459.10009765625,4460.2001953125,4452.2001953125,4452.5,2352
2026-08-17T07:15:00Z,4452.7001953125,4461.7001953125,4452.2998046875,4461.2001953125,2270
2026-08-17T07:30:00Z,4461.2001953125,4467.7998046875,4461,4465.60009765625,3229
2026-08-17T07:45:00Z,4465.7998046875,4466.39990234375,4460,4461.60009765625,1790
2026-08-17T08:00:00Z,4461.7001953125,4461.7001953125,4453.7998046875,4459.39990234375,2521
2026-08-17T08:15:00Z,4459.2998046875,4460.2001953125,4456.5,4458.2001953125,1297
2026-08-17T08:30:00Z,4458.39990234375,4458.7001953125,4452.10009765625,4452.2998046875,1229
2026-08-17T08:45:00Z,4452.60009765625,4453.10009765625,4448.60009765625,4451.10009765625,1407
2026-08-17T09:00:00Z,4451.2998046875,4456.89990234375,4449.39990234375,4455.39990234375,1438
2026-08-17T09:15:00Z,4455.39990234375,4456.7001953125,4451.7001953125,4452.89990234375,1191
2026-08-17T09:30:00Z,4453.2001953125,4453.7001953125,4450,4450.7998046875,1208
2026-08-17T09:45:00Z,4450.89990234375,4452.7001953125,4449.2001953125,4452.2001953125,1082
2026-08-17T10:00:00Z,4452.60009765625,4453.2998046875,4449.7998046875,4452.7001953125,1026
2026-08-17T10:15:00Z,4452.7001953125,4462.39990234375,4446.7001953125,4461.7001953125,3536
2026-08-17T10:30:00Z,4461.5,4462.60009765625,4452,4455.2001953125,2762
2026-08-17T10:45:00Z,4455.2001953125,4456.39990234375,4452.89990234375,4455.5,930
2026-08-17T11:00:00Z,4455.89990234375,4460.39990234375,4454.60009765625,4456.10009765625,1179
2026-08-17T11:15:00Z,4456.39990234375,4461.39990234375,4453.7001953125,4460.2998046875,1835
2026-08-17T11:30:00Z,4460.5,4461.7998046875,4455.7998046875,4456.2001953125,1393
2026-08-17T11:45:00Z,4456.2001953125,4457.60009765625,4451.2998046875,4453.2998046875,1607
2026-08-17T12:00:00Z,4453.2001953125,4454,4447.60009765625,4450.5,1939
2026-08-17T12:15:00Z,4450.39990234375,4455.2001953125,4437,4441.89990234375,5286
2026-08-17T12:30:00Z,4442.2998046875,4446.7001953125,4434.5,4434.5,4392
2026-08-17T12:45:00Z,4434.7001953125,4443.10009765625,4433.39990234375,4441.60009765625,3457
2026-08-17T13:00:00Z,4441.60009765625,4446,4438.10009765625,4442.89990234375,4036
2026-08-17T13:15:00Z,4442.89990234375,4445.39990234375,4438.39990234375,4442.89990234375,2316
2026-08-17T13:30:00Z,4442.89990234375,4448.2998046875,4440.60009765625,4442.10009765625,4158
2026-08-17T13:45:00Z,4442.10009765625,4472.89990234375,4440.7001953125,4465.5,11431
2026-08-17T14:00:00Z,4465.60009765625,4469.60009765625,4460.2998046875,4469.2001953125,6230
2026-08-17T14:15:00Z,4469.2001953125,4484.89990234375,4468.39990234375,4475.5,13170
2026-08-17T14:30:00Z,4475.60009765625,4482,4473.60009765625,4474.60009765625,5567
2026-08-17T14:45:00Z,4474.7998046875,4478.5,4471.10009765625,4474.7001953125,4576
2026-08-17T15:00:00Z,4474.5,4479.7001953125,4472.10009765625,4478.60009765625,3280
2026-08-17T15:15:00Z,4478.60009765625,4483.39990234375,4476.60009765625,4482.7001953125,3533
2026-08-17T15:30:00Z,4482.7001953125,4483.60009765625,4474.7001953125,4476.2998046875,3781
2026-08-17T15:45:00Z,4476.2998046875,4485.2998046875,4474.39990234375,4484.89990234375,3408
2026-08-17T16:00:00Z,4485,4486.60009765625,4481.2998046875,4483.10009765625,2724
2026-08-17T16:15:00Z,4483.5,4485,4480.10009765625,4482.2998046875,1959
2026-08-17T16:30:00Z,4482.5,4484.60009765625,4480,4482,1493
2026-08-17T16:45:00Z,4481.89990234375,4483.2001953125,4480,4481.5,1165
2026-08-17T17:00:00Z,4481.7998046875,4483.7001953125,4478.2998046875,4480.10009765625,2125
2026-08-17T17:15:00Z,4480.5,4480.5,4470.60009765625,4474,3843
2026-08-17T17:30:00Z,4473.7998046875,4476.39990234375,4468.39990234375,4474.89990234375,3514
2026-08-17T17:45:00Z,4474.89990234375,4478.2001953125,4470.60009765625,4471.2001953125,2532
2026-08-17T18:00:00Z,4471,4472.2998046875,4467.2998046875,4471.2001953125,2376
2026-08-17T18:15:00Z,4471.2998046875,4474.10009765625,4461.60009765625,4463.2998046875,4655
2026-08-17T18:30:00Z,4463.10009765625,4463.89990234375,4454.39990234375,4458,4326
2026-08-17T18:45:00Z,4458.10009765625,4463.7998046875,4456.7001953125,4463.10009765625,1678
2026-08-17T19:00:00Z,4462.89990234375,4465.2001953125,4456.5,4464.5,2456
2026-08-17T19:15:00Z,4464.7998046875,4473.7001953125,4464.7001953125,4470.7001953125,2975
2026-08-17T19:30:00Z,4470.7001953125,4476.7001953125,4470.2998046875,4475.39990234375,1598
2026-08-17T19:45:00Z,4475.60009765625,4476.89990234375,4472.2001953125,4475.89990234375,2015
2026-08-17T20:00:00Z,4475.7998046875,4477.89990234375,4472.7001953125,4474.10009765625,1265
2026-08-17T20:15:00Z,4474.2001953125,4474.39990234375,4471.10009765625,4471.5,489
2026-08-17T20:30:00Z,4471.2998046875,4472.5,4470.89990234375,4472.2001953125,643
2026-08-17T20:45:00Z,4471.7998046875,4474.10009765625,4471.60009765625,4473.2001953125,799
2026-08-17T22:00:00Z,4473.7001953125,4475.7001953125,4471.7001953125,4472.7998046875,480
2026-08-17T22:15:00Z,4472.89990234375,4473.7001953125,4467.7998046875,4468.7001953125,1076
2026-08-17T22:30:00Z,4468.5,4472.10009765625,4467.7998046875,4470.7998046875,1255
2026-08-17T22:45:00Z,4470.7001953125,4472.5,4466.2998046875,4468,1227
2026-08-17T23:00:00Z,4468,4471.39990234375,4465.7998046875,4470.89990234375,1158
2026-08-17T23:15:00Z,4471,4478.2001953125,4471,4476.5,2305
2026-08-17T23:30:00Z,4476.39990234375,4479.2998046875,4476,4479,1998
2026-08-17T23:45:00Z,4479.2001953125,4482.2001953125,4477.89990234375,4482,2017
2026-08-18T00:00:00Z,4482.10009765625,4486.2001953125,4475,4477.7998046875,4875
2026-08-18T00:15:00Z,4477.7998046875,4488.5,4477.10009765625,4487.5,5712
2026-08-18T00:30:00Z,4487.60009765625,4490.2998046875,4484.39990234375,4486.10009765625,2960
2026-08-18T00:45:00Z,4486.2001953125,4491.7998046875,4484.7998046875,4491.39990234375,2464
2026-08-18T01:00:00Z,4491.5,4493.60009765625,4485,4486.10009765625,5220
2026-08-18T01:15:00Z,4485.60009765625,4487.39990234375,4476.60009765625,4481.60009765625,4752
2026-08-18T01:30:00Z,4481.7001953125,4482.7998046875,4468.2001953125,4468.39990234375,4266
2026-08-18T01:45:00Z,4468.2998046875,4469,4460.89990234375,4464.7001953125,6045
2026-08-18T02:00:00Z,4464.7001953125,4465.10009765625,4454.7001953125,4457.2998046875,4610
2026-08-18T02:15:00Z,4457.39990234375,4461.89990234375,4456.39990234375,4458.7001953125,2530
2026-08-18T02:30:00Z,4458.7001953125,4459,4450.2998046875,4451.39990234375,4436
2026-08-18T02:45:00Z,4451.5,4457,4450,4456.2998046875,2887
2026-08-18T03:00:00Z,4456.2998046875,4460.7998046875,4455.10009765625,4458.2998046875,3199
2026-08-18T03:15:00Z,4458.2001953125,4458.7001953125,4450,4453.10009765625,2488
2026-08-18T03:30:00Z,4453,4453.2998046875,4450.10009765625,4450.7001953125,1205
2026-08-18T03:45:00Z,4450.60009765625,4451.5,4446.2998046875,4448.2001953125,2326
2026-08-18T04:00:00Z,4447.7998046875,4449,4445.5,4447.89990234375,1822
2026-08-18T04:15:00Z,4448.10009765625,4449.60009765625,4446.10009765625,4448.10009765625,1234
2026-08-18T04:30:00Z,4448,4450.39990234375,4444,4448.89990234375,2439
2026-08-18T04:45:00Z,4448.7001953125,4451,4447.39990234375,4448.89990234375,1268
2026-08-18T05:00:00Z,4448.7001953125,4449.7001953125,4446.10009765625,4446.5,1298
2026-08-18T05:15:00Z,4446.7998046875,4451.7998046875,4446.2001953125,4446.89990234375,1571
2026-08-18T05:30:00Z,4446.7998046875,4450,4440.7998046875,4449.2001953125,3998
2026-08-18T05:45:00Z,4449.5,4453.39990234375,4448.5,4450,2300
2026-08-18T06:00:00Z,4449.7998046875,4451.10009765625,4442.7998046875,4450.89990234375,3266
2026-08-18T06:15:00Z,4450.89990234375,4455.2001953125,4448.89990234375,4454.7001953125,2083
2026-08-18T06:30:00Z,4454.7001953125,4455.5,4450.5,4452.5,1583
2026-08-18T06:45:00Z,4452.60009765625,4454.89990234375,4452.39990234375,4454.39990234375,1042
2026-08-18T07:00:00Z,4454.2998046875,4456.5,4452.2001953125,4453.2998046875,1696
2026-08-18T07:15:00Z,4453.2001953125,4459.2998046875,4453.10009765625,4459.2001953125,1478
2026-08-18T07:30:00Z,4459.10009765625,4459.5,4451.7998046875,4457.2998046875,1961
2026-08-18T07:45:00Z,4457.60009765625,4458.5,4451.2001953125,4451.39990234375,1239
2026-08-18T08:00:00Z,4451.7001953125,4451.89990234375,4443.5,4448.5,3132
2026-08-18T08:15:00Z,4448.39990234375,4449.2001953125,4442.2001953125,4445,1877
2026-08-18T08:30:00Z,4444.7001953125,4454.2001953125,4444.60009765625,4452.10009765625,1956
2026-08-18T08:45:00Z,4452.10009765625,4452.39990234375,4447.10009765625,4448.7998046875,1285
2026-08-18T09:00:00Z,4448.39990234375,4449.5,4446.60009765625,4448.39990234375,794
2026-08-18T09:15:00Z,4448.2001953125,4448.2001953125,4444.2001953125,4445,1165
2026-08-18T09:30:00Z,4444.7998046875,4451.2998046875,4443.2998046875,4444.2001953125,1787
2026-08-18T09:45:00Z,4444.7001953125,4451.2998046875,4443.10009765625,4449.60009765625,1229
2026-08-18T10:00:00Z,4449.5,4452.39990234375,4448.39990234375,4450.7001953125,914
2026-08-18T10:15:00Z,4450.89990234375,4452.5,4446,4448.5,1108
2026-08-18T10:30:00Z,4448.2998046875,4455.2001953125,4448.2001953125,4455.2001953125,1180
2026-08-18T10:45:00Z,4455.2998046875,4456.2998046875,4452.89990234375,4454.7998046875,1008
2026-08-18T11:00:00Z,4454.2998046875,4455.7998046875,4448.5,4450.2001953125,1269
2026-08-18T11:15:00Z,4449.89990234375,4451.2001953125,4445.60009765625,4446.39990234375,1156
2026-08-18T11:30:00Z,4446.2001953125,4449.10009765625,4444.7001953125,4447.39990234375,1378
2026-08-18T11:45:00Z,4447.39990234375,4453.2998046875,4446,4452.2001953125,1432
2026-08-18T12:00:00Z,4452.60009765625,4453.5,4445.7998046875,4449.60009765625,2310
2026-08-18T12:15:00Z,4449.5,4457.39990234375,4447.7001953125,4451.7001953125,3309
2026-08-18T12:30:00Z,4452,4454.7001953125,4447.2998046875,4448.39990234375,2451
2026-08-18T12:45:00Z,4448.5,4453.5,4447,4450.7001953125,2135
2026-08-18T13:00:00Z,4450.39990234375,4453.89990234375,4443.89990234375,4452,4221
2026-08-18T13:15:00Z,4452,4452.5,4444.2001953125,4445.2998046875,3045
2026-08-18T13:30:00Z,4445.2998046875,4463,4430.60009765625,4457,14027
2026-08-18T13:45:00Z,4457.2001953125,4458.2001953125,4444.89990234375,4450.89990234375,6908
2026-08-18T14:00:00Z,4451,4463.2998046875,4447.39990234375,4449.60009765625,8516
2026-08-18T14:15:00Z,4449.60009765625,4461.7001953125,4448.5,4450.7998046875,4622
2026-08-18T14:30:00Z,4450.39990234375,4452.5,4434,4436,9411
2026-08-18T14:45:00Z,4435.7998046875,4445.2001953125,4419.10009765625,4422,11872
2026-08-18T15:00:00Z,4422.60009765625,4434,4412.2001953125,4415.7001953125,9719
2026-08-18T15:15:00Z,4415.7001953125,4420.7998046875,4406.5,4410.5,8422
2026-08-18T15:30:00Z,4410.10009765625,4418.2001953125,4409.5,4413.89990234375,4966
2026-08-18T15:45:00Z,4414,4421.89990234375,4413.7998046875,4420.2001953125,3884
2026-08-18T16:00:00Z,4420.2998046875,4427.39990234375,4420.2998046875,4423.10009765625,3270
2026-08-18T16:15:00Z,4423.2001953125,4425.2001953125,4418.7001953125,4419.39990234375,2887
2026-08-18T16:30:00Z,4419.60009765625,4424,4418,4422.7998046875,2296
2026-08-18T16:45:00Z,4422.7001953125,4424.2001953125,4418,4419,2135
2026-08-18T17:00:00Z,4419.10009765625,4422.7001953125,4418.2001953125,4422.39990234375,1628
2026-08-18T17:15:00Z,4422.2998046875,4423.89990234375,4418.7001953125,4420.89990234375,1579
2026-08-18T17:30:00Z,4421,4422,4414.2998046875,4414.2998046875,2317
2026-08-18T17:45:00Z,4414.39990234375,4416.10009765625,4412.39990234375,4413.5,1652
2026-08-18T18:00:00Z,4413.39990234375,4413.5,4408,4413.2001953125,2816
2026-08-18T18:15:00Z,4413.2001953125,4416.5,4410.7998046875,4415.5,1924
2026-08-18T18:30:00Z,4415.60009765625,4415.89990234375,4408.5,4409.2998046875,1368
2026-08-18T18:45:00Z,4409.39990234375,4411.2001953125,4407.7001953125,4409.2998046875,1034
2026-08-18T19:00:00Z,4409.60009765625,4413.5,4409.10009765625,4412.10009765625,1050
2026-08-18T19:15:00Z,4412,4413.89990234375,4407.2001953125,4409.7001953125,1634
2026-08-18T19:30:00Z,4409.7001953125,4412.2998046875,4403.2998046875,4404.39990234375,1899
2026-08-18T19:45:00Z,4404.60009765625,4408.2001953125,4392.60009765625,4400,6244
2026-08-18T20:00:00Z,4400.10009765625,4401,4395.10009765625,4396.60009765625,1419
2026-08-18T20:15:00Z,4396.7001953125,4397.2001953125,4388.5,4392.7001953125,1822
2026-08-18T20:30:00Z,4392.7998046875,4394.89990234375,4386.39990234375,4387.39990234375,1498
2026-08-18T20:45:00Z,4387.10009765625,4390.2998046875,4383.5,4389.7998046875,1778
2026-08-18T22:00:00Z,4389.7998046875,4395.7998046875,4386.7998046875,4393.39990234375,1065
2026-08-18T22:15:00Z,4393.5,4394.2998046875,4386.60009765625,4389.5,3380
2026-08-18T22:30:00Z,4389.39990234375,4389.7998046875,4385.60009765625,4386.7998046875,1306
2026-08-18T22:45:00Z,4386.7001953125,4388.60009765625,4386,4387.2001953125,851
2026-08-18T23:00:00Z,4387.10009765625,4391.5,4384.2998046875,4387,2052
2026-08-18T23:15:00Z,4387,4390.2998046875,4382.39990234375,4383.2001953125,2285
2026-08-18T23:30:00Z,4383.10009765625,4385.39990234375,4379.39990234375,4382.5,2685
2026-08-18T23:45:00Z,4382.7001953125,4387.2998046875,4382.2001953125,4385.7998046875,1610
2026-08-19T00:00:00Z,4385.89990234375,4397.7998046875,4384.39990234375,4395.7001953125,4422
2026-08-19T00:15:00Z,4395.7998046875,4399.60009765625,4392.5,4396,3375
2026-08-19T00:30:00Z,4396.2998046875,4401.2001953125,4393,4397.2001953125,3572
2026-08-19T00:45:00Z,4397.5,4398.39990234375,4390.5,4391.60009765625,2805
2026-08-19T01:00:00Z,4391.2998046875,4397.7998046875,4376.5,4397.2001953125,8964
2026-08-19T01:15:00Z,4397.60009765625,4400.10009765625,4386.5,4395.89990234375,4445
2026-08-19T01:30:00Z,4396.10009765625,4411.2001953125,4396,4409.10009765625,5954
2026-08-19T01:45:00Z,4409,4410.39990234375,4403.89990234375,4409.89990234375,3367
2026-08-19T02:00:00Z,4410.2001953125,4410.89990234375,4405.2001953125,4407.10009765625,2096
2026-08-19T02:15:00Z,4407.39990234375,4415.7001953125,4405.7998046875,4413.2001953125,3527
2026-08-19T02:30:00Z,4413.2998046875,4414,4407.5,4408.7001953125,2241
2026-08-19T02:45:00Z,4408.7998046875,4410.60009765625,4405,4408.39990234375,1666
2026-08-19T03:00:00Z,4408.39990234375,4409.7998046875,4405.39990234375,4408.10009765625,1333
2026-08-19T03:15:00Z,4407.89990234375,4411.7998046875,4405.2998046875,4411.10009765625,1436
2026-08-19T03:30:00Z,4411.10009765625,4414.5,4409.7001953125,4412.5,1231
2026-08-19T03:45:00Z,4412.5,4412.89990234375,4408.7001953125,4408.7001953125,663
2026-08-19T04:00:00Z,4408.7998046875,4409.89990234375,4406.2001953125,4407.89990234375,918
2026-08-19T04:15:00Z,4408.2001953125,4408.2001953125,4402.5,4404.39990234375,1864
2026-08-19T04:30:00Z,4404.39990234375,4405.2998046875,4398.2001953125,4399.7001953125,1821
2026-08-19T04:45:00Z,4399.60009765625,4402.10009765625,4396.60009765625,4402.10009765625,1563
2026-08-19T05:00:00Z,4401.89990234375,4404.2998046875,4391.60009765625,4392.2998046875,2511
2026-08-19T05:15:00Z,4392.39990234375,4399.2001953125,4390,4399.10009765625,2277
2026-08-19T05:30:00Z,4399.2001953125,4399.2001953125,4390.2998046875,4395.5,2794
2026-08-19T05:45:00Z,4394.5,4394.5,4388.2001953125,4388.89990234375,1857
2026-08-19T06:00:00Z,4388.7998046875,4395.10009765625,4388.60009765625,4390.89990234375,2023
2026-08-19T06:15:00Z,4390.7001953125,4401.89990234375,4390.2001953125,4396.7001953125,2849
2026-08-19T06:30:00Z,4396.5,4399.7001953125,4390.60009765625,4395.60009765625,2333
2026-08-19T06:45:00Z,4395.2998046875,4403.7001953125,4394.39990234375,4402.7998046875,2215
2026-08-19T07:00:00Z,4402.7001953125,4407.5,4401.10009765625,4404.2998046875,2292
2026-08-19T07:15:00Z,4404,4410.7998046875,4401.10009765625,4410.39990234375,2208
2026-08-19T07:30:00Z,4410.5,4417.10009765625,4406.2998046875,4408.10009765625,2707
2026-08-19T07:45:00Z,4408.10009765625,4411.60009765625,4407.89990234375,4408.39990234375,1101
2026-08-19T08:00:00Z,4408.39990234375,4416.39990234375,4404.7998046875,4415.2998046875,2452
2026-08-19T08:15:00Z,4415.39990234375,4416.2001953125,4411,4414.7001953125,1216
2026-08-19T08:30:00Z,4414.5,4417.10009765625,4410.10009765625,4416.5,1310
2026-08-19T08:45:00Z,4416.2998046875,4417.2998046875,4408,4409.60009765625,1458
2026-08-19T09:00:00Z,4409.7001953125,4413.89990234375,4409,4410.2998046875,955
2026-08-19T09:15:00Z,4410.5,4411.60009765625,4407.2998046875,4410.7001953125,1210
2026-08-19T09:30:00Z,4410.7998046875,4415.5,4409.7001953125,4413.2001953125,960
2026-08-19T09:45:00Z,4413.10009765625,4416.60009765625,4412.2998046875,4416.60009765625,1100
2026-08-19T10:00:00Z,4416.60009765625,4418.89990234375,4413.5,4418.5,1476
2026-08-19T10:15:00Z,4418.39990234375,4423.7001953125,4418.10009765625,4423.39990234375,2237
2026-08-19T10:30:00Z,4423.39990234375,4424.2001953125,4420.5,4422.2998046875,1142
2026-08-19T10:45:00Z,4422.7998046875,4424.5,4420.7001953125,4422.2001953125,882
2026-08-19T11:00:00Z,4422.10009765625,4428.7998046875,4422.10009765625,4428.10009765625,2236
2026-08-19T11:15:00Z,4428.2998046875,4429,4423.2998046875,4425.7001953125,1714
2026-08-19T11:30:00Z,4425.7998046875,4426.60009765625,4417.7001953125,4418.2998046875,2191
2026-08-19T11:45:00Z,4418.10009765625,4422.39990234375,4418,4419.2998046875,1425
2026-08-19T12:00:00Z,4419.60009765625,4425.60009765625,4416.2998046875,4423.2001953125,2498
2026-08-19T12:15:00Z,4423.2001953125,4428.5,4420.5,4424.10009765625,2886
2026-08-19T12:30:00Z,4424.2998046875,4476.89990234375,4423.2998046875,4475,20079
2026-08-19T12:45:00Z,4475.10009765625,4499.7001953125,4468,4496.2001953125,17383
2026-08-19T13:00:00Z,4496.2001953125,4518.7001953125,4481.2001953125,4513.2998046875,19621
2026-08-19T13:15:00Z,4513.5,4522.10009765625,4512.60009765625,4516.39990234375,9628
2026-08-19T13:30:00Z,4515.89990234375,4524.2998046875,4500.7998046875,4519,15743
2026-08-19T13:45:00Z,4518.89990234375,4521.5,4502.2998046875,4517.89990234375,8639
2026-08-19T14:00:00Z,4517.89990234375,4533.7998046875,4513.60009765625,4531.7998046875,10295
2026-08-19T14:15:00Z,4531.7001953125,4546.39990234375,4528.2998046875,4544.10009765625,10045
2026-08-19T14:30:00Z,4544.39990234375,4557.7998046875,4542,4548.2998046875,10481
2026-08-19T14:45:00Z,4548.60009765625,4548.60009765625,4536.7998046875,4546.89990234375,8947
2026-08-19T15:00:00Z,4547,4547,4538.39990234375,4544.2998046875,6061
2026-08-19T15:15:00Z,4544.2998046875,4546.2001953125,4536.2998046875,4542.2998046875,3810
2026-08-19T15:30:00Z,4542,4551.2998046875,4538.39990234375,4548.39990234375,3935
2026-08-19T15:45:00Z,4548.39990234375,4552.7998046875,4547,4552.2001953125,3270
2026-08-19T16:00:00Z,4552.2998046875,4557.39990234375,4549.2998046875,4555.89990234375,4299
2026-08-19T16:15:00Z,4556.10009765625,4557.5,4548.5,4548.7998046875,2986
2026-08-19T16:30:00Z,4548.89990234375,4554.5,4548.39990234375,4552.7001953125,2194
2026-08-19T16:45:00Z,4552.7998046875,4555.7998046875,4550.7998046875,4551,1980
2026-08-19T17:00:00Z,4551,4557.10009765625,4546.2001953125,4549.89990234375,3109
2026-08-19T17:15:00Z,4550.2001953125,4550.2001953125,4544,4545.7998046875,3276
2026-08-19T17:30:00Z,4545.7001953125,4549.2998046875,4542,4546.39990234375,2229
2026-08-19T17:45:00Z,4546.2001953125,4547.39990234375,4542.10009765625,4545,1683
2026-08-19T18:00:00Z,4545.10009765625,4554.89990234375,4543.2998046875,4546,4124
2026-08-19T18:15:00Z,4546.10009765625,4546.10009765625,4530.7001953125,4533.39990234375,5043
2026-08-19T18:30:00Z,4534,4550.2001953125,4530.2001953125,4548.7001953125,5507
2026-08-19T18:45:00Z,4548.39990234375,4556,4547.5,4552.7998046875,2410
2026-08-19T19:00:00Z,4553.2998046875,4564.2001953125,4552.2001953125,4561.60009765625,4741
2026-08-19T19:15:00Z,4561.60009765625,4566,4560.60009765625,4565.10009765625,3015
2026-08-19T19:30:00Z,4565.2001953125,4568.7998046875,4559.7001953125,4564.5,3730
2026-08-19T19:45:00Z,4564.60009765625,4569.7001953125,4562.5,4568.39990234375,2896
2026-08-19T20:00:00Z,4568.39990234375,4569.89990234375,4562.7998046875,4564.39990234375,1665
2026-08-19T20:15:00Z,4564.60009765625,4580.39990234375,4564.10009765625,4577,3275
2026-08-19T20:30:00Z,4576.89990234375,4582.2001953125,4576.5,4577.7001953125,1795
2026-08-19T20:45:00Z,4577.89990234375,4583.10009765625,4577.89990234375,4581,2224
2026-08-19T22:00:00Z,4580.7001953125,4584,4576.39990234375,4577.5,1223
2026-08-19T22:15:00Z,4577.39990234375,4578.7998046875,4576,4577.89990234375,1470
2026-08-19T22:30:00Z,4577.7998046875,4579.2001953125,4574.39990234375,4575.7998046875,1749
2026-08-19T22:45:00Z,4575.7001953125,4579.2001953125,4573.39990234375,4576,1751
2026-08-19T23:00:00Z,4576.2998046875,4581.5,4574.60009765625,4576.39990234375,2413
2026-08-19T23:15:00Z,4576.60009765625,4577.60009765625,4572.39990234375,4575,1758
2026-08-19T23:30:00Z,4575,4575.5,4570.7001953125,4571.89990234375,1859
2026-08-19T23:45:00Z,4571.7001953125,4574.7001953125,4568.5,4569.2998046875,2762
2026-08-20T00:00:00Z,4569.10009765625,4576.39990234375,4567.60009765625,4573.89990234375,3264
2026-08-20T00:15:00Z,4574,4578.7998046875,4565.7998046875,4567.7001953125,3926
2026-08-20T00:30:00Z,4567.5,4570.60009765625,4560.7998046875,4563.60009765625,3481
2026-08-20T00:45:00Z,4563.39990234375,4568.2001953125,4561.2998046875,4562.10009765625,3124
2026-08-20T01:00:00Z,4562.2001953125,4567.7998046875,4549.5,4550.89990234375,8792
2026-08-20T01:15:00Z,4551.2001953125,4561,4550.89990234375,4558.2998046875,4290
2026-08-20T01:30:00Z,4558,4558.89990234375,4550.89990234375,4551.39990234375,3425
2026-08-20T01:45:00Z,4551.5,4553.39990234375,4542.10009765625,4547.60009765625,4943
2026-08-20T02:00:00Z,4547.5,4557.7001953125,4546.2998046875,4555.2998046875,5342
2026-08-20T02:15:00Z,4555.2998046875,4555.5,4547,4550.39990234375,2687
2026-08-20T02:30:00Z,4550.39990234375,4552.2998046875,4547.7001953125,4548.10009765625,1988
2026-08-20T02:45:00Z,4547.89990234375,4552.10009765625,4546.2001953125,4548,1632
2026-08-20T03:00:00Z,4548.2001953125,4554.60009765625,4545.2998046875,4550,2394
2026-08-20T03:15:00Z,4550.2998046875,4554.2998046875,4547.7998046875,4551.2998046875,1694
2026-08-20T03:30:00Z,4550.89990234375,4556.60009765625,4549.89990234375,4555.89990234375,1732
2026-08-20T03:45:00Z,4555.89990234375,4558.7998046875,4554.7001953125,4555.7998046875,1643
2026-08-20T04:00:00Z,4556.5,4556.7001953125,4552.2001953125,4553.89990234375,1485
2026-08-20T04:15:00Z,4553.5,4554.5,4547.2001953125,4547.5,1393
2026-08-20T04:30:00Z,4547.2998046875,4548.2998046875,4543.60009765625,4544.39990234375,2190
2026-08-20T04:45:00Z,4544.2998046875,4549.10009765625,4544.2998046875,4546.10009765625,1525
2026-08-20T05:00:00Z,4545.89990234375,4551.39990234375,4541.39990234375,4543.2001953125,2432
2026-08-20T05:15:00Z,4543.2001953125,4544.5,4540,4540.5,2007
2026-08-20T05:30:00Z,4540.2998046875,4543.39990234375,4535.10009765625,4537.89990234375,3119
2026-08-20T05:45:00Z,4538.10009765625,4540.39990234375,4535,4538.39990234375,1766
2026-08-20T06:00:00Z,4538.60009765625,4550.7001953125,4537,4550.10009765625,3497
2026-08-20T06:15:00Z,4550.10009765625,4553.60009765625,4549.2001953125,4551.39990234375,2494
2026-08-20T06:30:00Z,4551.2998046875,4553.10009765625,4549.39990234375,4550.10009765625,1526
2026-08-20T06:45:00Z,4550,4553.2001953125,4548.2998046875,4550.7998046875,1848
2026-08-20T07:00:00Z,4550.60009765625,4551.10009765625,4543.7998046875,4544.39990234375,2303
2026-08-20T07:15:00Z,4544.39990234375,4547.2001953125,4540.2998046875,4540.60009765625,1650
2026-08-20T07:30:00Z,4540.7998046875,4550.2001953125,4540,4547.7998046875,2392
2026-08-20T07:45:00Z,4547.39990234375,4552.39990234375,4545.2998046875,4547.7998046875,1864
2026-08-20T08:00:00Z,4547.7998046875,4552.2998046875,4547.5,4551.39990234375,1848
2026-08-20T08:15:00Z,4551.2998046875,4556,4546.7998046875,4548.2998046875,2845
2026-08-20T08:30:00Z,4548.10009765625,4552.39990234375,4543.89990234375,4547.39990234375,2335
2026-08-20T08:45:00Z,4547.2998046875,4548.89990234375,4544.2998046875,4546.10009765625,1473
2026-08-20T09:00:00Z,4546.39990234375,4551,4545.2998046875,4549,1275
2026-08-20T09:15:00Z,4549,4550.39990234375,4544.7001953125,4547.10009765625,1232
2026-08-20T09:30:00Z,4546.39990234375,4547.5,4541,4545.7001953125,1994
2026-08-20T09:45:00Z,4545.5,4545.60009765625,4538.39990234375,4539.10009765625,2130
2026-08-20T10:00:00Z,4539.10009765625,4547.89990234375,4536.7998046875,4547.10009765625,1932
2026-08-20T10:15:00Z,4547.2001953125,4550.60009765625,4542.7001953125,4550.2998046875,1646
2026-08-20T10:30:00Z,4550.39990234375,4552.60009765625,4546.39990234375,4547.5,1474
2026-08-20T10:45:00Z,4547.60009765625,4547.7998046875,4543.89990234375,4546.7001953125,880
2026-08-20T11:00:00Z,4546.60009765625,4548.10009765625,4539.2001953125,4541.7001953125,2100
2026-08-20T11:15:00Z,4541.60009765625,4546.60009765625,4537.60009765625,4540.7001953125,2144
2026-08-20T11:30:00Z,4541,4543.2998046875,4530.2001953125,4530.89990234375,3735
2026-08-20T11:45:00Z,4531,4532,4521.39990234375,4522.7998046875,6376
2026-08-20T12:00:00Z,4523.2001953125,4523.5,4506.10009765625,4517.89990234375,10172
2026-08-20T12:15:00Z,4517.89990234375,4523.39990234375,4512.2001953125,4514.60009765625,5250
2026-08-20T12:30:00Z,4514.60009765625,4522.10009765625,4506.2001953125,4521.7001953125,7392
2026-08-20T12:45:00Z,4521.7001953125,4532.10009765625,4519.10009765625,4529.60009765625,5310
2026-08-20T13:00:00Z,4529.7998046875,4539.60009765625,4526.7001953125,4528,6937
2026-08-20T13:15:00Z,4528.10009765625,4531.89990234375,4524.89990234375,4526.60009765625,3932
2026-08-20T13:30:00Z,4526.89990234375,4543.2001953125,4523.5,4541.60009765625,10271
2026-08-20T13:45:00Z,4541.7998046875,4544.2998046875,4534.2998046875,4537.10009765625,5425
2026-08-20T14:00:00Z,4536.89990234375,4546.7998046875,4535.7998046875,4541.10009765625,7226
2026-08-20T14:15:00Z,4540.60009765625,4549.89990234375,4537.2998046875,4547.7001953125,6534
2026-08-20T14:30:00Z,4547.60009765625,4557,4547.60009765625,4554.7998046875,7201
2026-08-20T14:45:00Z,4554.89990234375,4572,4554.39990234375,4571.60009765625,8477
2026-08-20T15:00:00Z,4571.7998046875,4593.7998046875,4570.2998046875,4591.39990234375,19157
2026-08-20T15:15:00Z,4591,4597.2998046875,4579.2998046875,4588.7001953125,10077
2026-08-20T15:30:00Z,4588.5,4590,4564.5,4567.39990234375,9263
2026-08-20T15:45:00Z,4567.60009765625,4580,4566.89990234375,4577.39990234375,5618
2026-08-20T16:00:00Z,4577.7001953125,4580.7001953125,4566.39990234375,4567.2998046875,4216
2026-08-20T16:15:00Z,4566.89990234375,4569.5,4561.5,4565.89990234375,4364
2026-08-20T16:30:00Z,4565.89990234375,4569.2998046875,4559.10009765625,4565.7001953125,3853
2026-08-20T16:45:00Z,4565.7001953125,4570.60009765625,4564,4566.5,3084
2026-08-20T17:00:00Z,4566.60009765625,4570.60009765625,4564.10009765625,4565.89990234375,2095
2026-08-20T17:15:00Z,4565.5,4573.39990234375,4564.39990234375,4569.60009765625,3265
2026-08-20T17:30:00Z,4569.60009765625,4575.39990234375,4567.2998046875,4574.7001953125,2266
2026-08-20T17:45:00Z,4574.7001953125,4577,4573.60009765625,4576,1586
2026-08-20T18:00:00Z,4576.10009765625,4579,4565.5,4566.89990234375,3566
2026-08-20T18:15:00Z,4567.2998046875,4576.7001953125,4564.2001953125,4575.5,2219
2026-08-20T18:30:00Z,4575.2998046875,4579.7998046875,4574.7998046875,4576.60009765625,1818
2026-08-20T18:45:00Z,4576.5,4581.89990234375,4574.2001953125,4578.60009765625,2553
2026-08-20T19:00:00Z,4578.39990234375,4584.7001953125,4574.60009765625,4584.2001953125,1927
2026-08-20T19:15:00Z,4584.2998046875,4586,4578.7998046875,4579.2998046875,2334
2026-08-20T19:30:00Z,4579.10009765625,4585.7998046875,4578.10009765625,4582.39990234375,1802
2026-08-20T19:45:00Z,4582.39990234375,4588,4580.89990234375,4584.89990234375,2605
2026-08-20T20:00:00Z,4584.60009765625,4585.2998046875,4578.5,4579,1641
2026-08-20T20:15:00Z,4578.5,4579,4576.60009765625,4576.89990234375,1008
2026-08-20T20:30:00Z,4577.2001953125,4577.5,4573.10009765625,4574.2998046875,1230
2026-08-20T20:45:00Z,4574.39990234375,4577.2001953125,4574,4575.2998046875,932
2026-08-20T22:00:00Z,4574.5,4577.7001953125,4569.7001953125,4574.39990234375,612
2026-08-20T22:15:00Z,4574.7001953125,4577,4573.89990234375,4575.60009765625,636
2026-08-20T22:30:00Z,4575.2998046875,4579.7998046875,4574.2998046875,4578.89990234375,1032
2026-08-20T22:45:00Z,4578.7001953125,4580.5,4575.2998046875,4579.89990234375,1180
2026-08-20T23:00:00Z,4579.89990234375,4588.7001953125,4579,4587.7001953125,2835
2026-08-20T23:15:00Z,4587.7998046875,4588.5,4578.2998046875,4583.2001953125,2341
2026-08-20T23:30:00Z,4583,4585.10009765625,4577.10009765625,4581,1745
2026-08-20T23:45:00Z,4581,4584.39990234375,4579.10009765625,4582.39990234375,1366
2026-08-21T00:00:00Z,4582.2998046875,4583.89990234375,4573.39990234375,4575.2998046875,2835
2026-08-21T00:15:00Z,4575.10009765625,4577.39990234375,4570.39990234375,4571.60009765625,2531
2026-08-21T00:30:00Z,4571.5,4573.7998046875,4567.5,4570.7001953125,2544
2026-08-21T00:45:00Z,4570.39990234375,4570.89990234375,4566,4567,1771
2026-08-21T01:00:00Z,4567,4578,4565.2001953125,4577.2998046875,4924
2026-08-21T01:15:00Z,4577.2998046875,4587.7001953125,4577.10009765625,4586.2998046875,4880
2026-08-21T01:30:00Z,4586.10009765625,4600.39990234375,4579.89990234375,4582.2998046875,9049
2026-08-21T01:45:00Z,4582.5,4589.7998046875,4581.60009765625,4587,3451
2026-08-21T02:00:00Z,4586.7998046875,4587.5,4573.7001953125,4577.39990234375,4845
2026-08-21T02:15:00Z,4577.2001953125,4585.5,4575.89990234375,4583.5,2653
2026-08-21T02:30:00Z,4583.60009765625,4594.2998046875,4581.10009765625,4594.10009765625,3433
2026-08-21T02:45:00Z,4594.10009765625,4599.10009765625,4588.7001953125,4589.7998046875,3695
2026-08-21T03:00:00Z,4589.89990234375,4594.7998046875,4588.2998046875,4588.89990234375,2165
2026-08-21T03:15:00Z,4588.7001953125,4591.2001953125,4585.60009765625,4585.7998046875,1474
2026-08-21T03:30:00Z,4585.7998046875,4592,4582.60009765625,4585.2001953125,2260
2026-08-21T03:45:00Z,4585.10009765625,4591.10009765625,4584.2001953125,4591.10009765625,1251
2026-08-21T04:00:00Z,4591.7998046875,4598.2998046875,4591.2001953125,4596.60009765625,2570
2026-08-21T04:15:00Z,4596.5,4604.10009765625,4593.89990234375,4603.39990234375,3692
2026-08-21T04:30:00Z,4603.10009765625,4604.5,4596.89990234375,4597.89990234375,2600
2026-08-21T04:45:00Z,4597.7998046875,4598.7998046875,4596.2998046875,4596.5,945
2026-08-21T05:00:00Z,4596.60009765625,4597,4590.89990234375,4593.7001953125,2179
2026-08-21T05:15:00Z,4593.5,4595.2001953125,4586.39990234375,4587,2803
2026-08-21T05:30:00Z,4586.2998046875,4600,4585.2001953125,4599.39990234375,2958
2026-08-21T05:45:00Z,4599.5,4612.39990234375,4597.7001953125,4609.89990234375,4281
2026-08-21T06:00:00Z,4609.89990234375,4611.5,4601.7001953125,4605.2001953125,3460
2026-08-21T06:15:00Z,4605.39990234375,4615.5,4605.39990234375,4612.10009765625,4591
2026-08-21T06:30:00Z,4612.10009765625,4622.7998046875,4611.2998046875,4619.39990234375,4744
2026-08-21T06:45:00Z,4619.89990234375,4624.7998046875,4617.7998046875,4617.89990234375,3065
2026-08-21T07:00:00Z,4617.7998046875,4623.2998046875,4615.2998046875,4618.7001953125,2688
2026-08-21T07:15:00Z,4618.60009765625,4625,4616.89990234375,4618.5,2313
2026-08-21T07:30:00Z,4618.5,4623.2998046875,4617,4621.10009765625,2060
2026-08-21T07:45:00Z,4621.39990234375,4625,4617.7998046875,4621.2001953125,1867
2026-08-21T08:00:00Z,4621.39990234375,4625,4615.7001953125,4622.5,2956
2026-08-21T08:15:00Z,4622.60009765625,4639,4620.7998046875,4636.5,5850
2026-08-21T08:30:00Z,4636.60009765625,4641.2001953125,4633.39990234375,4639.5,3676
2026-08-21T08:45:00Z,4639.5,4641.89990234375,4636.89990234375,4640.7998046875,1801
2026-08-21T09:00:00Z,4641,4658.39990234375,4638.89990234375,4656.89990234375,6018
2026-08-21T09:15:00Z,4656.60009765625,4659.39990234375,4638.5,4639.39990234375,5986
2026-08-21T09:30:00Z,4639.60009765625,4644.2998046875,4637.7998046875,4640.39990234375,3097
2026-08-21T09:45:00Z,4640.39990234375,4642.7001953125,4637.5,4639.60009765625,1911
2026-08-21T10:00:00Z,4639.7001953125,4646,4634.7001953125,4635.89990234375,3468
2026-08-21T10:15:00Z,4635.89990234375,4646.7998046875,4635.2998046875,4645.89990234375,2223
2026-08-21T10:30:00Z,4645.7998046875,4651.39990234375,4642.7001953125,4650.2998046875,2484
2026-08-21T10:45:00Z,4650.5,4650.7998046875,4645,4645.39990234375,2186
2026-08-21T11:00:00Z,4645.60009765625,4652.7998046875,4644.10009765625,4647.7001953125,2287
2026-08-21T11:15:00Z,4647.89990234375,4659.10009765625,4647.89990234375,4655.7998046875,3578
2026-08-21T11:30:00Z,4655.7998046875,4662,4650.5,4654.39990234375,4244
2026-08-21T11:45:00Z,4654.2001953125,4657.7998046875,4653,4654.39990234375,2037
2026-08-21T12:00:00Z,4654.60009765625,4659.2998046875,4646.2998046875,4650.2998046875,4980
2026-08-21T12:15:00Z,4650.2998046875,4653.2998046875,4638.10009765625,4642,4832
2026-08-21T12:30:00Z,4641.7998046875,4642.10009765625,4620.2001953125,4630.39990234375,10401
2026-08-21T12:45:00Z,4630.39990234375,4638,4630.10009765625,4634.7998046875,4924
2026-08-21T13:00:00Z,4634.7998046875,4644.5,4632.5,4642,5248
2026-08-21T13:15:00Z,4642.2001953125,4644.7998046875,4635.89990234375,4641,3293
2026-08-21T13:30:00Z,4641,4648.10009765625,4630.2001953125,4644.2001953125,8791
2026-08-21T13:45:00Z,4644.5,4650.2998046875,4633.39990234375,4638.10009765625,7170
2026-08-21T14:00:00Z,4638,4647.89990234375,4637,4646.2998046875,4131
2026-08-21T14:15:00Z,4646.5,4659.60009765625,4642.7998046875,4659.60009765625,6219
2026-08-21T14:30:00Z,4659.7001953125,4660.2998046875,4636.2001953125,4639,9615
2026-08-21T14:45:00Z,4639,4652.7998046875,4637,4648.39990234375,5592
2026-08-21T15:00:00Z,4648.5,4655.2001953125,4644,4652.2001953125,4127
2026-08-21T15:15:00Z,4652.2001953125,4665.10009765625,4652.10009765625,4660.2001953125,5985
2026-08-21T15:30:00Z,4660.2998046875,4668.2001953125,4656.7001953125,4666.89990234375,5431
2026-08-21T15:45:00Z,4667.10009765625,4672.7001953125,4664.39990234375,4671.89990234375,5003
2026-08-21T16:00:00Z,4672,4675,4666.2998046875,4671.89990234375,4669
2026-08-21T16:15:00Z,4671.7998046875,4678.60009765625,4667.7998046875,4671.60009765625,3948
2026-08-21T16:30:00Z,4671.60009765625,4679.60009765625,4669.7998046875,4678.7998046875,3079
2026-08-21T16:45:00Z,4679,4687.10009765625,4678.5,4686.7001953125,4535
2026-08-21T17:00:00Z,4686.60009765625,4690.2001953125,4679.2001953125,4681.2001953125,6961
2026-08-21T17:15:00Z,4681.2998046875,4684.2998046875,4673.2001953125,4680.2998046875,6891
2026-08-21T17:30:00Z,4680.2998046875,4683.10009765625,4676.7998046875,4677.89990234375,2866
2026-08-21T17:45:00Z,4678,4680.89990234375,4675,4678.60009765625,2257
2026-08-21T18:00:00Z,4678.89990234375,4686,4678.60009765625,4682.2001953125,2200
2026-08-21T18:15:00Z,4682.10009765625,4686.2001953125,4682.10009765625,4683.5,1337
2026-08-21T18:30:00Z,4683.2998046875,4683.39990234375,4677.39990234375,4678.5,2277
2026-08-21T18:45:00Z,4678.7998046875,4683.89990234375,4678.7001953125,4681.7998046875,1417
2026-08-21T19:00:00Z,4682.10009765625,4683.10009765625,4675.7998046875,4680.10009765625,2027
2026-08-21T19:15:00Z,4680.10009765625,4680.5,4675.10009765625,4675.39990234375,1145
2026-08-21T19:30:00Z,4675.5,4677.10009765625,4672.60009765625,4675.2998046875,1785
2026-08-21T19:45:00Z,4675.5,4680.89990234375,4673,4674.7001953125,2472
2026-08-21T20:00:00Z,4674.5,4675.7001953125,4672.39990234375,4674.2001953125,1494
2026-08-21T20:15:00Z,4674.60009765625,4675.10009765625,4667.60009765625,4668.2998046875,1670
2026-08-21T20:30:00Z,4668.2001953125,4669.60009765625,4665.2998046875,4665.89990234375,1161
2026-08-21T20:45:00Z,4665.7998046875,4680.60009765625,4660.7998046875,4680.60009765625,2660
2026-08-23T22:00:00Z,4675.2998046875,4679.2001953125,4673.60009765625,4675.39990234375,697
2026-08-23T22:15:00Z,4675.2001953125,4678.60009765625,4670,4671.5,2360
2026-08-23T22:30:00Z,4671.2998046875,4674.7998046875,4664.10009765625,4667.7001953125,2586
2026-08-23T22:45:00Z,4667.89990234375,4668,4662.7001953125,4663.10009765625,1473
2026-08-23T23:00:00Z,4663.2998046875,4666.7998046875,4661.2998046875,4664.7001953125,1961
2026-08-23T23:15:00Z,4664.7001953125,4673.7998046875,4663.60009765625,4672.2001953125,2478
2026-08-23T23:30:00Z,4672.39990234375,4676.60009765625,4664.7001953125,4665.39990234375,3811
2026-08-23T23:45:00Z,4665.7001953125,4682.10009765625,4665.39990234375,4681.2998046875,3595
2026-08-24T00:00:00Z,4681.60009765625,4698.60009765625,4677.7001953125,4695,8389
2026-08-24T00:15:00Z,4694.7998046875,4698.60009765625,4651.60009765625,4662.2001953125,10847
2026-08-24T00:30:00Z,4662.2001953125,4666.10009765625,4658.10009765625,4663.89990234375,5529
2026-08-24T00:45:00Z,4664.2001953125,4680.2001953125,4660.60009765625,4678.89990234375,4905
2026-08-24T01:00:00Z,4678.89990234375,4692,4675.39990234375,4679,8770
2026-08-24T01:15:00Z,4678.7998046875,4682.60009765625,4667.7998046875,4671,5612
2026-08-24T01:30:00Z,4671.5,4677.7001953125,4664.5,4674.7001953125,5139
2026-08-24T01:45:00Z,4674.7998046875,4694.2001953125,4671.5,4688.7001953125,5672
2026-08-24T02:00:00Z,4688.60009765625,4709.2998046875,4684.5,4707.2998046875,8096
2026-08-24T02:15:00Z,4707.39990234375,4712.2998046875,4705.89990234375,4712.2998046875,4838
2026-08-24T02:30:00Z,4712.39990234375,4713.7998046875,4694.60009765625,4694.7001953125,5564
2026-08-24T02:45:00Z,4694.7001953125,4701.7001953125,4684.39990234375,4700.2998046875,6980
2026-08-24T03:00:00Z,4700.5,4700.7001953125,4690.10009765625,4693.7998046875,3473
2026-08-24T03:15:00Z,4694.10009765625,4705.10009765625,4691.7998046875,4700.60009765625,3149
2026-08-24T03:30:00Z,4700.2001953125,4707.10009765625,4699.5,4699.7001953125,2311
2026-08-24T03:45:00Z,4699.5,4701.7998046875,4696.7001953125,4698,1599
2026-08-24T04:00:00Z,4698,4699.39990234375,4688.89990234375,4694.89990234375,3076
2026-08-24T04:15:00Z,4694.7001953125,4698.10009765625,4690.7001953125,4696.7001953125,1842
2026-08-24T04:30:00Z,4696.60009765625,4697,4689.10009765625,4694.39990234375,1380
2026-08-24T04:45:00Z,4694.39990234375,4696.5,4692,4695.10009765625,990
2026-08-24T05:00:00Z,4695.10009765625,4699.60009765625,4694.7001953125,4699.5,1631
2026-08-24T05:15:00Z,4699.5,4702.7998046875,4691.7998046875,4691.89990234375,2452
2026-08-24T05:30:00Z,4691.7001953125,4695.89990234375,4685.5,4689.5,4135
2026-08-24T05:45:00Z,4689.5,4699.7001953125,4686.2998046875,4697.2998046875,2660
2026-08-24T06:00:00Z,4697.39990234375,4708.89990234375,4695.60009765625,4708.2001953125,3959
2026-08-24T06:15:00Z,4708.2998046875,4716.7001953125,4697,4699,6870
2026-08-24T06:30:00Z,4699.10009765625,4710.10009765625,4698.2998046875,4699.39990234375,3621
2026-08-24T06:45:00Z,4699.39990234375,4710.39990234375,4699,4706.39990234375,2807
2026-08-24T07:00:00Z,4706.5,4711.2001953125,4700.5,4704,2600
2026-08-24T07:15:00Z,4704.2001953125,4706.39990234375,4698,4699.10009765625,2157
2026-08-24T07:30:00Z,4698.5,4703.89990234375,4690,4690.7001953125,2788
2026-08-24T07:45:00Z,4690.7001953125,4700,4685.7001953125,4697.2001953125,3980
2026-08-24T08:00:00Z,4697.7001953125,4702,4691.2001953125,4692.89990234375,3023
2026-08-24T08:15:00Z,4693,4696.2998046875,4685,4685,2644
2026-08-24T08:30:00Z,4685.10009765625,4701.89990234375,4683.7998046875,4701,2757
2026-08-24T08:45:00Z,4701.2001953125,4702.10009765625,4691.39990234375,4693.5,1987
2026-08-24T09:00:00Z,4693.5,4700.2998046875,4693,4697.10009765625,2221
2026-08-24T09:15:00Z,4697.2001953125,4697.2001953125,4690.2001953125,4691.5,1736
2026-08-24T09:30:00Z,4691.60009765625,4696.7001953125,4688.7001953125,4695.2998046875,2068
2026-08-24T09:45:00Z,4695.2998046875,4702.7001953125,4695.2001953125,4702.5,1673
2026-08-24T10:00:00Z,4702.5,4707.2998046875,4702.39990234375,4704.89990234375,2326
2026-08-24T10:15:00Z,4705.2001953125,4705.60009765625,4699.2001953125,4700.5,1427
2026-08-24T10:30:00Z,4700.39990234375,4706.39990234375,4699.89990234375,4701.39990234375,1598
2026-08-24T10:45:00Z,4701.39990234375,4704.2998046875,4698.5,4700.5,1643
2026-08-24T11:00:00Z,4700.2001953125,4703.89990234375,4696.10009765625,4699.2998046875,2155
2026-08-24T11:15:00Z,4699.5,4705.2001953125,4697.7998046875,4703.89990234375,1195
2026-08-24T11:30:00Z,4704.10009765625,4728.2998046875,4700.7001953125,4716.5,10356
2026-08-24T11:45:00Z,4717,4719.5,4705.60009765625,4715.39990234375,4476
2026-08-24T12:00:00Z,4715.2998046875,4717.89990234375,4707.39990234375,4715,3011
2026-08-24T12:15:00Z,4714.7001953125,4720.60009765625,4709.10009765625,4719.39990234375,3308
2026-08-24T12:30:00Z,4719.39990234375,4726.60009765625,4701.7998046875,4715.39990234375,7621
2026-08-24T12:45:00Z,4715.39990234375,4725.2001953125,4711.89990234375,4720.60009765625,3939
2026-08-24T13:00:00Z,4720.89990234375,4735.60009765625,4719.2998046875,4734.7998046875,7124
2026-08-24T13:15:00Z,4735.2001953125,4735.89990234375,4725.10009765625,4729.89990234375,5197
2026-08-24T13:30:00Z,4729.7998046875,4738.5,4715.60009765625,4716,11182
2026-08-24T13:45:00Z,4715.7998046875,4735.7998046875,4713.10009765625,4721.7001953125,10629
2026-08-24T14:00:00Z,4721.7001953125,4729.2998046875,4716.7998046875,4722.60009765625,7203
2026-08-24T14:15:00Z,4722.5,4732.2998046875,4711.2998046875,4728.89990234375,8454
2026-08-24T14:30:00Z,4729.10009765625,4736.2001953125,4726.2001953125,4729.2998046875,5109
2026-08-24T14:45:00Z,4729.39990234375,4733.2998046875,4714,4727.60009765625,7690
2026-08-24T15:00:00Z,4727.60009765625,4734.2998046875,4722.7001953125,4730.2001953125,4419
2026-08-24T15:15:00Z,4730.10009765625,4737.10009765625,4725,4733.2001953125,4534
2026-08-24T15:30:00Z,4733,4735.10009765625,4716.60009765625,4718,5983
2026-08-24T15:45:00Z,4717.5,4720.5,4696.2998046875,4706,13408
2026-08-24T16:00:00Z,4706.5,4719.2998046875,4703.10009765625,4714.60009765625,6550
2026-08-24T16:15:00Z,4714.60009765625,4717.7998046875,4713.2998046875,4716.10009765625,2056
2026-08-24T16:30:00Z,4716,4720,4715.60009765625,4717.10009765625,1916
2026-08-24T16:45:00Z,4717.2001953125,4717.5,4698,4701.7998046875,5254
2026-08-24T17:00:00Z,4702.2001953125,4712.7001953125,4698.60009765625,4708.7998046875,4662
2026-08-24T17:15:00Z,4708.89990234375,4711.2998046875,4686.60009765625,4695.2001953125,9498
2026-08-24T17:30:00Z,4695.10009765625,4699.2998046875,4692.10009765625,4695.2998046875,2468
2026-08-24T17:45:00Z,4695.2001953125,4695.89990234375,4688.7998046875,4693.2001953125,2822
2026-08-24T18:00:00Z,4693.10009765625,4697.39990234375,4681.2998046875,4688.7001953125,4824
2026-08-24T18:15:00Z,4688.7001953125,4698.89990234375,4683.60009765625,4697.2998046875,3695
2026-08-24T18:30:00Z,4697.10009765625,4698.7001953125,4681.39990234375,4691.10009765625,3309
2026-08-24T18:45:00Z,4691.39990234375,4693.89990234375,4687.7998046875,4692.7998046875,1339
2026-08-24T19:00:00Z,4692.60009765625,4697.2001953125,4692.2001953125,4692.60009765625,1559
2026-08-24T19:15:00Z,4692.60009765625,4701.2998046875,4692,4697.5,1991
2026-08-24T19:30:00Z,4697.60009765625,4706.7998046875,4696.10009765625,4705.7998046875,2215
2026-08-24T19:45:00Z,4706,4712.2001953125,4705.39990234375,4707.2998046875,2965
2026-08-24T20:00:00Z,4707.89990234375,4711.5,4706.2001953125,4706.7001953125,1512
2026-08-24T20:15:00Z,4706.60009765625,4710,4704.7001953125,4705.2998046875,840
2026-08-24T20:30:00Z,4705.60009765625,4706.2998046875,4703.2998046875,4704.10009765625,648
2026-08-24T20:45:00Z,4704,4710,4703.5,4710,1006
2026-08-24T22:00:00Z,4709.10009765625,4718.2998046875,4708.7998046875,4715.5,1161
2026-08-24T22:15:00Z,4715.7998046875,4716.60009765625,4713.39990234375,4714.60009765625,763
2026-08-24T22:30:00Z,4714.7001953125,4718.5,4714,4718.5,1125
2026-08-24T22:45:00Z,4718.2001953125,4725.39990234375,4717.7001953125,4724.5,1832
2026-08-24T23:00:00Z,4724.5,4729.2998046875,4723.2998046875,4729.2001953125,2741
2026-08-24T23:15:00Z,4729.2001953125,4733.89990234375,4726,4726,3221
2026-08-24T23:30:00Z,4726.2001953125,4734.2001953125,4724.10009765625,4733.60009765625,2993
2026-08-24T23:45:00Z,4733.89990234375,4740.2001953125,4731.7998046875,4737.2998046875,4961
2026-08-25T00:00:00Z,4737.2998046875,4749.2001953125,4732.60009765625,4747.60009765625,9444
2026-08-25T00:15:00Z,4747.7998046875,4748.89990234375,4733.7998046875,4739.89990234375,5261
2026-08-25T00:30:00Z,4739.7998046875,4755,4739.10009765625,4751.2001953125,6875
2026-08-25T00:45:00Z,4751.2998046875,4752.39990234375,4740.5,4741,4388
2026-08-25T01:00:00Z,4741.10009765625,4743.10009765625,4727.39990234375,4735.10009765625,9235
2026-08-25T01:15:00Z,4734.89990234375,4737.2001953125,4720.5,4726.10009765625,6818
2026-08-25T01:30:00Z,4726.10009765625,4731.39990234375,4723.2001953125,4727.10009765625,4271
2026-08-25T01:45:00Z,4726.89990234375,4732.7998046875,4713.10009765625,4714.60009765625,6017
2026-08-25T02:00:00Z,4714.5,4718.2998046875,4694,4698,10980
2026-08-25T02:15:00Z,4697.89990234375,4713,4697.10009765625,4712.2998046875,5082
2026-08-25T02:30:00Z,4712.5,4712.89990234375,4686.7001953125,4686.7001953125,7991
2026-08-25T02:45:00Z,4687.2001953125,4693.7998046875,4671,4685.5,10647
2026-08-25T03:00:00Z,4685.60009765625,4694.10009765625,4678.2001953125,4689.60009765625,5987
2026-08-25T03:15:00Z,4689.60009765625,4694.39990234375,4687.7998046875,4693.39990234375,2736
2026-08-25T03:30:00Z,4693.39990234375,4697.2998046875,4689.5,4690.2001953125,2521
2026-08-25T03:45:00Z,4690.10009765625,4691.89990234375,4687,4688,1892
2026-08-25T04:00:00Z,4689.2001953125,4693.7001953125,4686.10009765625,4693,1736
2026-08-25T04:15:00Z,4692.7001953125,4693.10009765625,4684.5,4686.7998046875,1584
2026-08-25T04:30:00Z,4686.7001953125,4688.60009765625,4679.5,4681.60009765625,2481
2026-08-25T04:45:00Z,4681.7001953125,4684.60009765625,4679.89990234375,4681.2998046875,1663
2026-08-25T05:00:00Z,4681.2998046875,4694.7998046875,4679.10009765625,4693.7001953125,3486
2026-08-25T05:15:00Z,4693.5,4703.89990234375,4693.2998046875,4702.7998046875,3237
2026-08-25T05:30:00Z,4702.5,4703.5,4693.60009765625,4694.7998046875,3568
2026-08-25T05:45:00Z,4694.60009765625,4701.7001953125,4691.39990234375,4698.7998046875,2702
2026-08-25T06:00:00Z,4698.60009765625,4706.60009765625,4697.10009765625,4705.7998046875,2964
2026-08-25T06:15:00Z,4705.60009765625,4709.5,4701.39990234375,4706.39990234375,2661
2026-08-25T06:30:00Z,4706.2998046875,4709.7001953125,4703.89990234375,4704,2046
2026-08-25T06:45:00Z,4704.10009765625,4705.89990234375,4693.2001953125,4694.7001953125,2845
2026-08-25T07:00:00Z,4694.60009765625,4698.39990234375,4692.39990234375,4696.2001953125,2520
2026-08-25T07:15:00Z,4695.89990234375,4700.2998046875,4689.7998046875,4691,2326
2026-08-25T07:30:00Z,4690.7998046875,4696.7001953125,4690.10009765625,4696.10009765625,2063
2026-08-25T07:45:00Z,4696.2001953125,4697.2001953125,4685.7998046875,4686.39990234375,2311
2026-08-25T08:00:00Z,4686.2001953125,4687.5,4676.39990234375,4683,3627
2026-08-25T08:15:00Z,4683,4701.89990234375,4682,4689.10009765625,4715
2026-08-25T08:30:00Z,4689.10009765625,4691.60009765625,4681.60009765625,4688.10009765625,2286
2026-08-25T08:45:00Z,4687.7998046875,4689.7001953125,4680.89990234375,4686,1628
2026-08-25T09:00:00Z,4685.7998046875,4689.10009765625,4680.2998046875,4686,2093
2026-08-25T09:15:00Z,4686.5,4689.2001953125,4681.2001953125,4681.39990234375,1646
2026-08-25T09:30:00Z,4681.89990234375,4695.2001953125,4679.60009765625,4692.7998046875,4389
2026-08-25T09:45:00Z,4692.7001953125,4698,4691.2998046875,4691.60009765625,2368
2026-08-25T10:00:00Z,4691.5,4694.10009765625,4688.5,4691,1680
2026-08-25T10:15:00Z,4690.89990234375,4694.60009765625,4688.5,4689.2001953125,1253
2026-08-25T10:30:00Z,4689.2001953125,4696.7001953125,4688.2001953125,4693.5,1611
2026-08-25T10:45:00Z,4693.60009765625,4698.10009765625,4692.5,4694.89990234375,1149
2026-08-25T11:00:00Z,4695,4698.89990234375,4691.60009765625,4696.2001953125,1410
2026-08-25T11:15:00Z,4697.7998046875,4700.2998046875,4694.39990234375,4697,2332
2026-08-25T11:30:00Z,4697.2001953125,4701.10009765625,4696,4696.60009765625,1440
2026-08-25T11:45:00Z,4696.39990234375,4703.7001953125,4696.2001953125,4698.5,2057
2026-08-25T12:00:00Z,4698.60009765625,4699,4690.39990234375,4695.2001953125,3452
2026-08-25T12:15:00Z,4694.89990234375,4695.2001953125,4687.2998046875,4692.7998046875,3249
2026-08-25T12:30:00Z,4693,4696.10009765625,4685.10009765625,4693.5,2938
2026-08-25T12:45:00Z,4693.60009765625,4699.7998046875,4692.2998046875,4696,2501
2026-08-25T13:00:00Z,4696.10009765625,4696.7001953125,4678,4678.39990234375,7008
2026-08-25T13:15:00Z,4678.2998046875,4683.39990234375,4663.39990234375,4664.7998046875,9527
2026-08-25T13:30:00Z,4664.7998046875,4678.7001953125,4664.2001953125,4667.7998046875,8627
2026-08-25T13:45:00Z,4667.5,4672.89990234375,4658.7001953125,4672.2998046875,8329
2026-08-25T14:00:00Z,4671.39990234375,4682.7998046875,4668.7001953125,4678.5,8340
2026-08-25T14:15:00Z,4678.60009765625,4684.39990234375,4673.89990234375,4679.7998046875,5600
2026-08-25T14:30:00Z,4679.7001953125,4694.2998046875,4666.89990234375,4693.10009765625,9122
2026-08-25T14:45:00Z,4693,4696.10009765625,4688.60009765625,4691.7001953125,4279
2026-08-25T15:00:00Z,4691.7998046875,4693.2998046875,4686.2001953125,4689.2001953125,3361
2026-08-25T15:15:00Z,4689.2998046875,4700.89990234375,4685,4695.7001953125,5752
2026-08-25T15:30:00Z,4695.89990234375,4716.39990234375,4695.89990234375,4713,9191
2026-08-25T15:45:00Z,4713.2001953125,4714.5,4705.39990234375,4709.60009765625,4622
2026-08-25T16:00:00Z,4709.7001953125,4710.39990234375,4699.2001953125,4701.2998046875,4464
2026-08-25T16:15:00Z,4701.2998046875,4704,4694.7001953125,4697.7001953125,4397
2026-08-25T16:30:00Z,4697.89990234375,4702.7998046875,4693.7998046875,4701.2001953125,3481
2026-08-25T16:45:00Z,4701.39990234375,4703.7998046875,4697.39990234375,4700.7001953125,2715
2026-08-25T17:00:00Z,4700.7001953125,4701,4691,4694.89990234375,3634
2026-08-25T17:15:00Z,4695.2001953125,4702.5,4691.7998046875,4694.5,4201
2026-08-25T17:30:00Z,4694.39990234375,4701.7001953125,4693.5,4700.2001953125,2053
2026-08-25T17:45:00Z,4700.2001953125,4705.89990234375,4699.7998046875,4705.7001953125,2175
2026-08-25T18:00:00Z,4705.7998046875,4707.39990234375,4701.10009765625,4704.2998046875,2374
2026-08-25T18:15:00Z,4704.10009765625,4707.39990234375,4703.10009765625,4706.7998046875,1357
2026-08-25T18:30:00Z,4706.89990234375,4707.39990234375,4702.10009765625,4706,1796
2026-08-25T18:45:00Z,4706,4711.7998046875,4705.89990234375,4711.5,1693
2026-08-25T19:00:00Z,4711.39990234375,4720,4710.2001953125,4719.39990234375,3862
2026-08-25T19:15:00Z,4719.2998046875,4725.60009765625,4716.89990234375,4717.7998046875,3770
2026-08-25T19:30:00Z,4717.89990234375,4722.2001953125,4714.60009765625,4719,2558
2026-08-25T19:45:00Z,4719,4724.2998046875,4717.10009765625,4723.5,3349
2026-08-25T20:00:00Z,4723.39990234375,4726.60009765625,4719.60009765625,4723,2014
2026-08-25T20:15:00Z,4722.89990234375,4725,4718.7998046875,4719.60009765625,1096
2026-08-25T20:30:00Z,4719.60009765625,4721.39990234375,4717.2001953125,4718.7998046875,1079
2026-08-25T20:45:00Z,4718.7998046875,4719.5,4714.10009765625,4716,1459
2026-08-25T22:00:00Z,4717.10009765625,4722.2001953125,4712,4721.7001953125,815
2026-08-25T22:15:00Z,4721.60009765625,4724.10009765625,4721.60009765625,4723.7001953125,1451
2026-08-25T22:30:00Z,4723.89990234375,4728,4723.7998046875,4726.89990234375,1966
2026-08-25T22:45:00Z,4726.89990234375,4730.89990234375,4726.7001953125,4730.2001953125,1802
2026-08-25T23:00:00Z,4729.7001953125,4730.7998046875,4724.10009765625,4725.10009765625,2404
2026-08-25T23:15:00Z,4725.2998046875,4725.60009765625,4717.10009765625,4718.39990234375,2429
2026-08-25T23:30:00Z,4718.2998046875,4719,4712.7998046875,4713.5,2685
2026-08-25T23:45:00Z,4713.39990234375,4716,4710.2998046875,4712,3245
2026-08-26T00:00:00Z,4712.10009765625,4715.7998046875,4707.10009765625,4708.5,4152
2026-08-26T00:15:00Z,4708.39990234375,4712.10009765625,4700,4704.10009765625,4331
2026-08-26T00:30:00Z,4704.10009765625,4707.5,4693.39990234375,4694.10009765625,5522
2026-08-26T00:45:00Z,4693.89990234375,4695.89990234375,4690.89990234375,4694.10009765625,3574
2026-08-26T01:00:00Z,4694.2998046875,4704.7998046875,4686.2001953125,4700.89990234375,8305
2026-08-26T01:15:00Z,4700.89990234375,4707.2001953125,4699.7998046875,4700.2001953125,4600
2026-08-26T01:30:00Z,4700.2998046875,4703.89990234375,4695.2001953125,4701.60009765625,5393
2026-08-26T01:45:00Z,4701.2998046875,4717.7001953125,4699.5,4713.89990234375,6370
2026-08-26T02:00:00Z,4713.7001953125,4718.7001953125,4711.7001953125,4716.7998046875,4049
2026-08-26T02:15:00Z,4716.89990234375,4718.7001953125,4712.60009765625,4715.89990234375,2877
2026-08-26T02:30:00Z,4715.7001953125,4728,4714.2001953125,4724.2001953125,6013
2026-08-26T02:45:00Z,4724.39990234375,4726.2998046875,4714.89990234375,4715.7998046875,3388
2026-08-26T03:00:00Z,4715.39990234375,4715.89990234375,4704,4705.2001953125,5125
2026-08-26T03:15:00Z,4705.10009765625,4708,4702.7001953125,4707.2998046875,3173
2026-08-26T03:30:00Z,4707,4708.7001953125,4702,4702.10009765625,2335
2026-08-26T03:45:00Z,4702.2998046875,4702.5,4699.39990234375,4701.10009765625,2183
2026-08-26T04:00:00Z,4699.7001953125,4701.39990234375,4698.2001953125,4699.60009765625,1386
2026-08-26T04:15:00Z,4699.7001953125,4700.5,4697.7998046875,4699.2001953125,1135
2026-08-26T04:30:00Z,4699.10009765625,4700.39990234375,4696.60009765625,4697.89990234375,1323
2026-08-26T04:45:00Z,4697.89990234375,4698.89990234375,4695.7001953125,4697.5,997
2026-08-26T05:00:00Z,4697.60009765625,4702.89990234375,4697.10009765625,4700.39990234375,2418
2026-08-26T05:15:00Z,4700.10009765625,4702.10009765625,4698.2998046875,4700.2001953125,1136
2026-08-26T05:30:00Z,4700.2998046875,4706.5,4694.60009765625,4695,4107
2026-08-26T05:45:00Z,4694.60009765625,4697.60009765625,4692,4696.10009765625,2276
2026-08-26T06:00:00Z,4696.2998046875,4698.10009765625,4692.60009765625,4694.2998046875,1993
2026-08-26T06:15:00Z,4694.10009765625,4694.39990234375,4681,4683.39990234375,5100
2026-08-26T06:30:00Z,4683.60009765625,4691,4682.2001953125,4690.10009765625,3027
2026-08-26T06:45:00Z,4690.10009765625,4693.5,4686.89990234375,4690.5,2412
2026-08-26T07:00:00Z,4690.7998046875,4695.7998046875,4689.39990234375,4693,2509
2026-08-26T07:15:00Z,4692.7001953125,4694.5,4687.10009765625,4687.5,1704
2026-08-26T07:30:00Z,4687.7001953125,4693.10009765625,4685.2998046875,4688,1766
2026-08-26T07:45:00Z,4688.2998046875,4691.39990234375,4682.39990234375,4685.10009765625,2029
2026-08-26T08:00:00Z,4684.89990234375,4686.5,4681.39990234375,4681.5,2065
2026-08-26T08:15:00Z,4681.39990234375,4685.39990234375,4677.7001953125,4685.39990234375,3238
2026-08-26T08:30:00Z,4685.2001953125,4686.5,4680.5,4685.10009765625,1634
2026-08-26T08:45:00Z,4684.89990234375,4685.39990234375,4681.2998046875,4683.7998046875,1181
2026-08-26T09:00:00Z,4684.10009765625,4687.60009765625,4679.2998046875,4680.5,2346
2026-08-26T09:15:00Z,4680.5,4680.60009765625,4671.2001953125,4672.10009765625,3310
2026-08-26T09:30:00Z,4672.2001953125,4678.2998046875,4672.10009765625,4677.7998046875,2056
2026-08-26T09:45:00Z,4677.60009765625,4681.7001953125,4677.60009765625,4679.5,1640
2026-08-26T10:00:00Z,4679.5,4680.2998046875,4673.60009765625,4675,1604
2026-08-26T10:15:00Z,4675,4676.7001953125,4668.7998046875,4671,2641
2026-08-26T10:30:00Z,4671.2001953125,4680.10009765625,4670.39990234375,4678.39990234375,2036
2026-08-26T10:45:00Z,4678.5,4680,4674.60009765625,4676.10009765625,1581
2026-08-26T11:00:00Z,4676.2998046875,4677.7998046875,4672.39990234375,4674.2001953125,1657
2026-08-26T11:15:00Z,4674.39990234375,4678.7001953125,4672,4676.2998046875,1853
2026-08-26T11:30:00Z,4676.60009765625,4678.7001953125,4672.7998046875,4674.39990234375,1485
2026-08-26T11:45:00Z,4674.5,4680.89990234375,4672.2998046875,4680.5,1695
2026-08-26T12:00:00Z,4680.39990234375,4685.7998046875,4679.2998046875,4681.2001953125,3414
2026-08-26T12:15:00Z,4681.2998046875,4686.60009765625,4680.2001953125,4685,3327
2026-08-26T12:30:00Z,4686.2001953125,4690,4665.2001953125,4677.60009765625,10580
2026-08-26T12:45:00Z,4677.7001953125,4681.7998046875,4666.10009765625,4669.7001953125,6571
2026-08-26T13:00:00Z,4669.7001953125,4676.7998046875,4663,4666,9386
2026-08-26T13:15:00Z,4666.2998046875,4669.89990234375,4652.7998046875,4666.60009765625,10054
2026-08-26T13:30:00Z,4666.7001953125,4678.39990234375,4665.39990234375,4674.7998046875,9291
2026-08-26T13:45:00Z,4674.7001953125,4687.10009765625,4673.39990234375,4686.60009765625,8097
2026-08-26T14:00:00Z,4686.7998046875,4688.5,4675,4676,7305
2026-08-26T14:15:00Z,4676.2001953125,4683,4672,4672.5,4927
2026-08-26T14:30:00Z,4672.2001953125,4679.2001953125,4668.60009765625,4677.89990234375,4771
2026-08-26T14:45:00Z,4678,4678.89990234375,4658.10009765625,4658.2998046875,7580
2026-08-26T15:00:00Z,4658.5,4660.7998046875,4642.89990234375,4644.2001953125,13404
2026-08-26T15:15:00Z,4644.10009765625,4653.89990234375,4637.89990234375,4650.2998046875,9363
2026-08-26T15:30:00Z,4650.2001953125,4660.2998046875,4649.7001953125,4660.2998046875,5122
2026-08-26T15:45:00Z,4660.2998046875,4664.7001953125,4651.2998046875,4651.2998046875,6612
2026-08-26T16:00:00Z,4651.5,4657.10009765625,4645.7998046875,4655.2001953125,5190
2026-08-26T16:15:00Z,4655.39990234375,4655.89990234375,4648.7998046875,4650.2001953125,2929
2026-08-26T16:30:00Z,4650,4651.5,4640.7998046875,4643.39990234375,4002
2026-08-26T16:45:00Z,4643.2998046875,4652.2001953125,4643.2998046875,4646.7998046875,3910
2026-08-26T17:00:00Z,4646.7998046875,4651.5,4645.89990234375,4650.2001953125,2067
2026-08-26T17:15:00Z,4650.2001953125,4654.39990234375,4648.39990234375,4653.2998046875,3089
2026-08-26T17:30:00Z,4653.39990234375,4657.7998046875,4650.89990234375,4652.7001953125,3206
2026-08-26T17:45:00Z,4652.7001953125,4654.7998046875,4649.2998046875,4653.2001953125,1839
2026-08-26T18:00:00Z,4653.2001953125,4660.2998046875,4652.10009765625,4656,3626
2026-08-26T18:15:00Z,4656,4656.2001953125,4647.89990234375,4650.10009765625,2999
2026-08-26T18:30:00Z,4650,4652.60009765625,4647.5,4652,2184
2026-08-26T18:45:00Z,4651.7001953125,4653,4648.10009765625,4648.7001953125,1401
2026-08-26T19:00:00Z,4648.89990234375,4650.5,4645.7998046875,4649.10009765625,1906
2026-08-26T19:15:00Z,4649,4653.89990234375,4645.60009765625,4653,2196
2026-08-26T19:30:00Z,4653.10009765625,4656.39990234375,4648.60009765625,4650.5,2255
2026-08-26T19:45:00Z,4650.39990234375,4651.2998046875,4646.89990234375,4649,1981
2026-08-26T20:00:00Z,4648.89990234375,4651.39990234375,4646.2001953125,4646.2001953125,1528
2026-08-26T20:15:00Z,4646.39990234375,4646.7998046875,4638.60009765625,4646,2350
2026-08-26T20:30:00Z,4646,4648.39990234375,4644.89990234375,4646.60009765625,758
2026-08-26T20:45:00Z,4646.7001953125,4649.7001953125,4646.2001953125,4647.89990234375,917
2026-08-26T22:00:00Z,4649.89990234375,4660,4647.5,4657.10009765625,1237
2026-08-26T22:15:00Z,4656.60009765625,4667.60009765625,4656.5,4665.2998046875,3598
2026-08-26T22:30:00Z,4665.2998046875,4666.2001953125,4663,4665.10009765625,1480
2026-08-26T22:45:00Z,4665,4666.2998046875,4660.7001953125,4663.39990234375,1658
2026-08-26T23:00:00Z,4663.10009765625,4669.5,4660.7998046875,4669.5,2700
2026-08-26T23:15:00Z,4669.2001953125,4676.39990234375,4668,4673.60009765625,2889
2026-08-26T23:30:00Z,4673.60009765625,4679,4671.7001953125,4676.89990234375,2847
2026-08-26T23:45:00Z,4676.39990234375,4679,4674.2001953125,4677.5,2547
2026-08-27T00:00:00Z,4677.7998046875,4681,4670,4672,3902
2026-08-27T00:15:00Z,4672.2001953125,4675.60009765625,4666.7998046875,4673.2998046875,3537
2026-08-27T00:30:00Z,4673.10009765625,4673.2001953125,4659.39990234375,4660.39990234375,5199
2026-08-27T00:45:00Z,4660.2998046875,4665.39990234375,4654.60009765625,4658.7001953125,4093
2026-08-27T01:00:00Z,4658.89990234375,4679.2001953125,4656.2001953125,4678.89990234375,7247
2026-08-27T01:15:00Z,4679.10009765625,4679.39990234375,4671.10009765625,4672.89990234375,3742
2026-08-27T01:30:00Z,4672.89990234375,4686,4672.2998046875,4678.10009765625,5283
2026-08-27T01:45:00Z,4678.39990234375,4695.39990234375,4678.10009765625,4694.39990234375,5119
2026-08-27T02:00:00Z,4694.60009765625,4697.7001953125,4692.5,4695.2001953125,3663
2026-08-27T02:15:00Z,4695.10009765625,4695.39990234375,4687.2001953125,4687.7001953125,2837
2026-08-27T02:30:00Z,4687.7001953125,4688.7001953125,4678.10009765625,4681.7998046875,4627
2026-08-27T02:45:00Z,4681.89990234375,4686.2001953125,4678.60009765625,4684.2001953125,2586
2026-08-27T03:00:00Z,4683.7998046875,4689.7998046875,4682.7001953125,4688.7001953125,2436
2026-08-27T03:15:00Z,4688.7998046875,4693.2998046875,4687.39990234375,4690,2055
2026-08-27T03:30:00Z,4690.2001953125,4690.2998046875,4683.5,4683.89990234375,1871
2026-08-27T03:45:00Z,4684,4684.5,4678,4679.10009765625,1737
2026-08-27T04:00:00Z,4679.89990234375,4682,4678.7998046875,4680,1289
2026-08-27T04:15:00Z,4679.89990234375,4681.60009765625,4675,4675.2998046875,1561
2026-08-27T04:30:00Z,4674.89990234375,4675.2998046875,4671.2998046875,4673.39990234375,2075
2026-08-27T04:45:00Z,4673.39990234375,4675.2998046875,4671.7998046875,4673.10009765625,1538
2026-08-27T05:00:00Z,4673,4676,4670.39990234375,4674.2001953125,2049
2026-08-27T05:15:00Z,4674.10009765625,4676,4671,4671.10009765625,1703
2026-08-27T05:30:00Z,4670.89990234375,4674,4658.89990234375,4659.5,5484
2026-08-27T05:45:00Z,4659.39990234375,4664,4654.7998046875,4660.7998046875,4201
2026-08-27T06:00:00Z,4661,4661.7001953125,4653.5,4659.7001953125,4381
2026-08-27T06:15:00Z,4659.7001953125,4664.5,4657.5,4664.2998046875,2543
2026-08-27T06:30:00Z,4664.5,4665.7998046875,4658.39990234375,4661.39990234375,2199
2026-08-27T06:45:00Z,4661.2998046875,4663.7001953125,4651.7001953125,4654.2001953125,3269
2026-08-27T07:00:00Z,4654.10009765625,4659.7998046875,4652.5,4657.7001953125,2186
2026-08-27T07:15:00Z,4657.60009765625,4657.60009765625,4647.10009765625,4653.2001953125,3286
2026-08-27T07:30:00Z,4653.39990234375,4655.39990234375,4648.7001953125,4651.5,1741
2026-08-27T07:45:00Z,4651.7998046875,4656.2998046875,4649.2998046875,4653.60009765625,1340
2026-08-27T08:00:00Z,4653.7998046875,4660.60009765625,4653.2998046875,4656.89990234375,1966
2026-08-27T08:15:00Z,4657,4660,4653.60009765625,4654.7001953125,1663
2026-08-27T08:30:00Z,4654.39990234375,4655.2001953125,4647.7001953125,4649.10009765625,1539
2026-08-27T08:45:00Z,4649.10009765625,4655.89990234375,4648.7998046875,4652.2001953125,1328
2026-08-27T09:00:00Z,4652,4653.7998046875,4646.39990234375,4649.10009765625,1880
2026-08-27T09:15:00Z,4649.2998046875,4652.60009765625,4646.39990234375,4650.7998046875,1471
2026-08-27T09:30:00Z,4650.7998046875,4652.2998046875,4631,4635.39990234375,6228
2026-08-27T09:45:00Z,4635.7001953125,4638.89990234375,4631.7998046875,4633.2001953125,2482
2026-08-27T10:00:00Z,4632.89990234375,4634.7001953125,4621.39990234375,4634.2001953125,5675
2026-08-27T10:15:00Z,4634.10009765625,4636.2998046875,4629.7998046875,4633.2998046875,2267
2026-08-27T10:30:00Z,4633.10009765625,4639.10009765625,4628.89990234375,4638.39990234375,2371
2026-08-27T10:45:00Z,4638.5,4643.7001953125,4638.2001953125,4643.2001953125,2310
2026-08-27T11:00:00Z,4643.10009765625,4646,4640.10009765625,4645.60009765625,1941
2026-08-27T11:15:00Z,4645.5,4650.39990234375,4643.60009765625,4647.5,2328
2026-08-27T11:30:00Z,4648,4653.10009765625,4647,4650.89990234375,2757
2026-08-27T11:45:00Z,4651.2001953125,4654.2001953125,4647.7998046875,4652.10009765625,2271
2026-08-27T12:00:00Z,4651.89990234375,4654.7998046875,4645.60009765625,4646,2695
2026-08-27T12:15:00Z,4646,4654.2001953125,4644.7001953125,4649.39990234375,3126
2026-08-27T12:30:00Z,4649.7001953125,4650.2001953125,4640.2998046875,4640.89990234375,3632
2026-08-27T12:45:00Z,4641.10009765625,4641.7001953125,4633.2998046875,4639.2001953125,4946
2026-08-27T13:00:00Z,4639.2001953125,4644.2998046875,4632.7998046875,4638.7001953125,5538
2026-08-27T13:15:00Z,4638.10009765625,4646.39990234375,4635.7998046875,4643.60009765625,4071
2026-08-27T13:30:00Z,4643.2001953125,4646.2001953125,4624.5,4631.2998046875,9548
2026-08-27T13:45:00Z,4630.89990234375,4635.89990234375,4616.39990234375,4625.60009765625,10356
2026-08-27T14:00:00Z,4625.89990234375,4632.7998046875,4621.60009765625,4627,6617
2026-08-27T14:15:00Z,4627.2001953125,4637.7998046875,4626.89990234375,4634.7998046875,5602
2026-08-27T14:30:00Z,4634.60009765625,4651.39990234375,4634.39990234375,4648.5,7454
2026-08-27T14:45:00Z,4648.89990234375,4652.2001953125,4641.7998046875,4645.2998046875,4848
2026-08-27T15:00:00Z,4645.2001953125,4649.5,4644.5,4646.39990234375,3069
2026-08-27T15:15:00Z,4646.5,4651.89990234375,4642.5,4646.7998046875,3489
2026-08-27T15:30:00Z,4646.89990234375,4660,4646,4655.7001953125,5048
2026-08-27T15:45:00Z,4655.7998046875,4665.39990234375,4654.2998046875,4664.39990234375,4592
2026-08-27T16:00:00Z,4664.39990234375,4667.2001953125,4658.60009765625,4658.7998046875,4005
2026-08-27T16:15:00Z,4658.60009765625,4662.7998046875,4655.89990234375,4661.5,2925
2026-08-27T16:30:00Z,4662,4667.2001953125,4659.89990234375,4665.60009765625,2782
2026-08-27T16:45:00Z,4665.60009765625,4671,4664.2001953125,4669.10009765625,4033
2026-08-27T17:00:00Z,4669.2998046875,4670.7998046875,4662.5,4664.39990234375,2928
2026-08-27T17:15:00Z,4664.39990234375,4666.39990234375,4662.39990234375,4664.39990234375,2008
2026-08-27T17:30:00Z,4664.2001953125,4668.60009765625,4662,4665.60009765625,2347
2026-08-27T17:45:00Z,4665.5,4665.89990234375,4658.2998046875,4660.2998046875,2429
2026-08-27T18:00:00Z,4660.7001953125,4662.2001953125,4656.10009765625,4659.60009765625,2770
2026-08-27T18:15:00Z,4659.5,4662.10009765625,4655.2001953125,4655.39990234375,1888
2026-08-27T18:30:00Z,4655.2998046875,4659.2001953125,4654.39990234375,4658.2998046875,1503
2026-08-27T18:45:00Z,4658.2001953125,4665.2001953125,4658,4664.2998046875,2411
2026-08-27T19:00:00Z,4664.60009765625,4672.39990234375,4664.2998046875,4669.89990234375,3085
2026-08-27T19:15:00Z,4670,4670.7001953125,4658.2998046875,4660,2926
2026-08-27T19:30:00Z,4660,4664.10009765625,4658.7998046875,4663.5,1473
2026-08-27T19:45:00Z,4663.7001953125,4666.7001953125,4658.89990234375,4663.10009765625,2245
2026-08-27T20:00:00Z,4662.89990234375,4663.39990234375,4657.2998046875,4658.7998046875,1311
2026-08-27T20:15:00Z,4658.39990234375,4659.39990234375,4656.39990234375,4657.60009765625,565
2026-08-27T20:30:00Z,4657.5,4658.2998046875,4655.39990234375,4657.7001953125,551
2026-08-27T20:45:00Z,4657.60009765625,4658.5,4653.60009765625,4654.7998046875,1284
2026-08-27T22:00:00Z,4656.89990234375,4660.89990234375,4654.10009765625,4658,724
2026-08-27T22:15:00Z,4658.2001953125,4661.7001953125,4657.7001953125,4661.10009765625,1414
2026-08-27T22:30:00Z,4660.7998046875,4663.5,4659.89990234375,4661,1152
2026-08-27T22:45:00Z,4661,4664.10009765625,4660,4664,1129
2026-08-27T23:00:00Z,4664,4664.89990234375,4655.7998046875,4656.2001953125,2242
2026-08-27T23:15:00Z,4656,4656.7998046875,4651.7998046875,4654.2001953125,1725
2026-08-27T23:30:00Z,4654.2998046875,4655.2001953125,4651.39990234375,4652.89990234375,1604
2026-08-27T23:45:00Z,4652.89990234375,4652.89990234375,4646.89990234375,4647.7001953125,2117
2026-08-28T00:00:00Z,4647.7001953125,4656.2001953125,4646.2998046875,4653.7998046875,3364
2026-08-28T00:15:00Z,4653.7998046875,4654.10009765625,4643.7001953125,4647.10009765625,3703
2026-08-28T00:30:00Z,4647.10009765625,4647.39990234375,4640.7001953125,4643.7998046875,2600
2026-08-28T00:45:00Z,4643.7998046875,4644.2001953125,4638.5,4641.89990234375,2771
2026-08-28T01:00:00Z,4642,4655.60009765625,4639.2998046875,4647.10009765625,6609
2026-08-28T01:15:00Z,4647.2001953125,4651.39990234375,4636.7001953125,4638.89990234375,4897
2026-08-28T01:30:00Z,4639,4642.2001953125,4630.89990234375,4635,5289
2026-08-28T01:45:00Z,4634.7998046875,4636.10009765625,4628.10009765625,4628.7001953125,3950
2026-08-28T02:00:00Z,4628.7998046875,4635.60009765625,4627.7001953125,4634.2998046875,2989
2026-08-28T02:15:00Z,4633.89990234375,4637.7998046875,4631.39990234375,4636,2117
2026-08-28T02:30:00Z,4636.5,4642.5,4636,4637.60009765625,2668
2026-08-28T02:45:00Z,4637.60009765625,4639.89990234375,4634.7998046875,4638.7998046875,1958
2026-08-28T03:00:00Z,4638.7998046875,4641,4634.7998046875,4636.60009765625,1511
2026-08-28T03:15:00Z,4636.60009765625,4642.60009765625,4636.60009765625,4640.39990234375,1714
2026-08-28T03:30:00Z,4640.5,4640.5,4633,4634.10009765625,1921
2026-08-28T03:45:00Z,4634.2001953125,4634.2998046875,4630.7001953125,4631.5,1301
2026-08-28T04:00:00Z,4632.2998046875,4632.7998046875,4630.2001953125,4631.5,1269
2026-08-28T04:15:00Z,4631.2998046875,4637.7001953125,4630.89990234375,4636.7998046875,1585
2026-08-28T04:30:00Z,4636.60009765625,4636.60009765625,4630,4632.10009765625,1414
2026-08-28T04:45:00Z,4632,4637.5,4630.2998046875,4636.2998046875,1120
2026-08-28T05:00:00Z,4636.5,4637.5,4630.2998046875,4632.2001953125,1365
2026-08-28T05:15:00Z,4632,4638.7001953125,4631.2001953125,4636.5,1488
2026-08-28T05:30:00Z,4636.2001953125,4636.39990234375,4623.7001953125,4625,3849
2026-08-28T05:45:00Z,4625,4629.7001953125,4623.89990234375,4625.5,1740
2026-08-28T06:00:00Z,4625.7001953125,4635.89990234375,4624.5,4634.2998046875,2605
2026-08-28T06:15:00Z,4634,4638.2001953125,4633,4637.2998046875,1939
2026-08-28T06:30:00Z,4637.2001953125,4641,4635.2998046875,4640.7998046875,2173
2026-08-28T06:45:00Z,4640.7998046875,4666.10009765625,4640.7001953125,4665.5,8957
2026-08-28T07:00:00Z,4665.7998046875,4666.39990234375,4649.2001953125,4653.5,5056
2026-08-28T07:15:00Z,4653.10009765625,4662.89990234375,4651.5,4660.2001953125,3040
2026-08-28T07:30:00Z,4660.2998046875,4668,4660,4662.2998046875,3333
2026-08-28T07:45:00Z,4662.2001953125,4666.89990234375,4660.5,4665.10009765625,2408
2026-08-28T08:00:00Z,4664.7998046875,4668,4663.10009765625,4664.89990234375,1701
2026-08-28T08:15:00Z,4665,4665.60009765625,4661.2001953125,4662.2998046875,1662
2026-08-28T08:30:00Z,4662.60009765625,4665.5,4656.60009765625,4657.2001953125,1967
2026-08-28T08:45:00Z,4657,4659.89990234375,4654.2998046875,4656.2998046875,1717
2026-08-28T09:00:00Z,4656.2998046875,4658,4654,4655.2998046875,957
2026-08-28T09:15:00Z,4655.2998046875,4657.7998046875,4653.5,4655.39990234375,1255
2026-08-28T09:30:00Z,4655.2998046875,4658.7998046875,4654.7001953125,4657.7001953125,1787
2026-08-28T09:45:00Z,4657.7001953125,4661.39990234375,4656.7998046875,4658.7001953125,1403
2026-08-28T10:00:00Z,4658.7998046875,4662.7001953125,4656.7998046875,4662.39990234375,1151
2026-08-28T10:15:00Z,4662.2001953125,4663.60009765625,4654.7998046875,4658.60009765625,1901
2026-08-28T10:30:00Z,4658.7001953125,4661.2001953125,4655.10009765625,4656,1211
2026-08-28T10:45:00Z,4655.89990234375,4656.39990234375,4650.39990234375,4653.10009765625,1979
2026-08-28T11:00:00Z,4653.10009765625,4654.39990234375,4647.60009765625,4651.60009765625,2204
2026-08-28T11:15:00Z,4651.5,4654,4650.10009765625,4651.60009765625,1463
2026-08-28T11:30:00Z,4651.39990234375,4653.2998046875,4643.60009765625,4647.2001953125,2980
2026-08-28T11:45:00Z,4647.10009765625,4648.7001953125,4644,4645.7001953125,1660
2026-08-28T12:00:00Z,4645.7998046875,4649.5,4643.10009765625,4646.7998046875,2775
2026-08-28T12:15:00Z,4646.7001953125,4656.60009765625,4644.60009765625,4654.2998046875,3570
2026-08-28T12:30:00Z,4654.2001953125,4655.10009765625,4641.2998046875,4644.2998046875,4544
2026-08-28T12:45:00Z,4644.2998046875,4655.2998046875,4642.60009765625,4654,3603
2026-08-28T13:00:00Z,4654.2001953125,4657.7998046875,4648.2998046875,4651.2998046875,4942
2026-08-28T13:15:00Z,4651.5,4656.7998046875,4645.89990234375,4656.2998046875,3850
2026-08-28T13:30:00Z,4656.10009765625,4660.39990234375,4651,4657,4922
2026-08-28T13:45:00Z,4657.2001953125,4680.60009765625,4644.7998046875,4644.7998046875,10437
2026-08-28T14:00:00Z,4651.2998046875,4686.10009765625,4594.5,4597.7001953125,47198
2026-08-28T14:15:00Z,4597.7001953125,4620.5,4580.10009765625,4603.2001953125,27216
2026-08-28T14:30:00Z,4603.39990234375,4629.2001953125,4602.89990234375,4613,19488
2026-08-28T14:45:00Z,4613.10009765625,4633.7001953125,4601.60009765625,4629.10009765625,12821
2026-08-28T15:00:00Z,4629.2001953125,4636,4609.39990234375,4611.7001953125,12588
2026-08-28T15:15:00Z,4611.7998046875,4620.7998046875,4603.2998046875,4618.7998046875,9701
2026-08-28T15:30:00Z,4618.7998046875,4619.7001953125,4586.10009765625,4591.2998046875,11092
2026-08-28T15:45:00Z,4591.39990234375,4598.2001953125,4574.7998046875,4575.7998046875,14016
2026-08-28T16:00:00Z,4575.7998046875,4581.10009765625,4548,4549.39990234375,15965
2026-08-28T16:15:00Z,4549.39990234375,4555.2001953125,4515,4531.7001953125,23594
2026-08-28T16:30:00Z,4531.5,4538.10009765625,4516.2001953125,4519.7001953125,13196
2026-08-28T16:45:00Z,4520,4536,4520,4530,7744
2026-08-28T17:00:00Z,4530.10009765625,4533.60009765625,4521.7998046875,4531.2001953125,5616
2026-08-28T17:15:00Z,4531.5,4537.39990234375,4525.39990234375,4528.39990234375,5965
2026-08-28T17:30:00Z,4528.5,4532.10009765625,4510.60009765625,4517.2998046875,7118
2026-08-28T17:45:00Z,4517.5,4526.10009765625,4516.7001953125,4519.60009765625,6048
2026-08-28T18:00:00Z,4519.60009765625,4522,4509.10009765625,4511.5,6116
2026-08-28T18:15:00Z,4511.10009765625,4513.89990234375,4501,4506,7189
2026-08-28T18:30:00Z,4505.7001953125,4508.7998046875,4494.89990234375,4500.7001953125,6070
2026-08-28T18:45:00Z,4500.7001953125,4508.10009765625,4498,4506.39990234375,3815
2026-08-28T19:00:00Z,4506.2998046875,4512.60009765625,4502.39990234375,4506.5,4892
2026-08-28T19:15:00Z,4506.7001953125,4513.2998046875,4504.60009765625,4511.7998046875,2795
2026-08-28T19:30:00Z,4511.60009765625,4516.89990234375,4510.60009765625,4514.7998046875,3714
2026-08-28T19:45:00Z,4514.7001953125,4514.7998046875,4502.2998046875,4507.2998046875,5300
2026-08-28T20:00:00Z,4507.7998046875,4512.39990234375,4504.89990234375,4507.39990234375,2196
2026-08-28T20:15:00Z,4507.5,4510.2998046875,4503.10009765625,4507.2001953125,1444
2026-08-28T20:30:00Z,4507.7001953125,4507.7998046875,4503.10009765625,4506.60009765625,1201
2026-08-28T20:45:00Z,4506.60009765625,4529.89990234375,4502.5,4529.89990234375,2354
2026-08-30T22:00:00Z,4506,4510.89990234375,4504.7998046875,4509.2001953125,1167
2026-08-30T22:15:00Z,4509.10009765625,4516,4506,4509.10009765625,4247
2026-08-30T22:30:00Z,4509.10009765625,4512,4502,4507.2001953125,3090
2026-08-30T22:45:00Z,4507,4511.89990234375,4506.2998046875,4511,1415
2026-08-30T23:00:00Z,4510.7001953125,4516.2998046875,4508.60009765625,4509.7998046875,2584
2026-08-30T23:15:00Z,4509.7998046875,4514.60009765625,4504,4506.7998046875,2820
2026-08-30T23:30:00Z,4506.60009765625,4507.10009765625,4495.5,4496.5,3695
2026-08-30T23:45:00Z,4496.39990234375,4509.60009765625,4485.10009765625,4507.5,6946
2026-08-31T00:00:00Z,4507.5,4512.7001953125,4502.60009765625,4511.10009765625,4830
2026-08-31T00:15:00Z,4511.10009765625,4514.60009765625,4501.2001953125,4506,3463
2026-08-31T00:30:00Z,4506,4521.5,4505.89990234375,4514.5,5390
2026-08-31T00:45:00Z,4514.7001953125,4518.5,4505.39990234375,4505.7998046875,4017
2026-08-31T01:00:00Z,4505.7998046875,4512.7998046875,4485.2001953125,4493.7001953125,12600
2026-08-31T01:15:00Z,4493.39990234375,4503.60009765625,4491.39990234375,4493.5,5819
2026-08-31T01:30:00Z,4493.2001953125,4503.10009765625,4485.60009765625,4499.7998046875,5853
2026-08-31T01:45:00Z,4500.2001953125,4502.2998046875,4485.10009765625,4489.39990234375,5320
2026-08-31T02:00:00Z,4489,4490.39990234375,4466.39990234375,4474,10250
2026-08-31T02:15:00Z,4474,4477.2998046875,4467.60009765625,4472.5,4279
2026-08-31T02:30:00Z,4472.2001953125,4475.7998046875,4451,4452.2998046875,10070
2026-08-31T02:45:00Z,4452.2001953125,4472.39990234375,4445.5,4472.2998046875,7127
2026-08-31T03:00:00Z,4472.2998046875,4478,4471,4477.89990234375,4426
2026-08-31T03:15:00Z,4477.89990234375,4484,4475.7998046875,4477.60009765625,4372
2026-08-31T03:30:00Z,4477.10009765625,4477.39990234375,4469.2001953125,4472.2998046875,3384
2026-08-31T03:45:00Z,4472.2998046875,4476.7998046875,4471.10009765625,4471.60009765625,1689
2026-08-31T04:00:00Z,4472.10009765625,4472.5,4466.2998046875,4471.2001953125,3058
2026-08-31T04:15:00Z,4471,4471.2998046875,4465.5,4465.7998046875,1873
2026-08-31T04:30:00Z,4465.7001953125,4471.89990234375,4462.60009765625,4470,2836
2026-08-31T04:45:00Z,4470.2001953125,4475,4468.2001953125,4474.7001953125,1931
2026-08-31T05:00:00Z,4474.60009765625,4477.39990234375,4469,4472.89990234375,2326
2026-08-31T05:15:00Z,4472.5,4490.39990234375,4472,4490,3393
2026-08-31T05:30:00Z,4490,4492,4479.89990234375,4486.89990234375,3863
2026-08-31T05:45:00Z,4487.10009765625,4493.60009765625,4483.60009765625,4492.60009765625,2441
2026-08-31T06:00:00Z,4492.60009765625,4493.10009765625,4478.7998046875,4481.89990234375,2887
2026-08-31T06:15:00Z,4481.89990234375,4489.10009765625,4480.89990234375,4485.89990234375,2811
2026-08-31T06:30:00Z,4485.89990234375,4491.2001953125,4481.2001953125,4489.5,1859
2026-08-31T06:45:00Z,4489.39990234375,4493,4486.7998046875,4489.5,1885
2026-08-31T07:00:00Z,4489.2998046875,4491.7001953125,4485.2998046875,4485.89990234375,1854
2026-08-31T07:15:00Z,4485.7998046875,4498.39990234375,4484.89990234375,4494.10009765625,2693
2026-08-31T07:30:00Z,4494.10009765625,4497.39990234375,4491.2001953125,4496.89990234375,1824
2026-08-31T07:45:00Z,4496.7998046875,4498.10009765625,4490.89990234375,4493.2998046875,1520
2026-08-31T08:00:00Z,4493.39990234375,4499.7998046875,4486.60009765625,4489.10009765625,2942
2026-08-31T08:15:00Z,4488.7998046875,4491.7001953125,4485.2001953125,4490.7001953125,1624
2026-08-31T08:30:00Z,4490.2998046875,4490.2998046875,4484.5,4485.60009765625,1231
2026-08-31T08:45:00Z,4485.39990234375,4487.2998046875,4483.60009765625,4485.60009765625,1033
2026-08-31T09:00:00Z,4485.89990234375,4493.2001953125,4485.7998046875,4493,1758
2026-08-31T09:15:00Z,4493.2001953125,4494.5,4487.89990234375,4489.39990234375,1112
2026-08-31T09:30:00Z,4489.60009765625,4495.2001953125,4489.2998046875,4493.39990234375,1013
2026-08-31T09:45:00Z,4493.60009765625,4496.10009765625,4491.2998046875,4496,894
2026-08-31T10:00:00Z,4496.10009765625,4504.2998046875,4495.10009765625,4502.2998046875,2674
2026-08-31T10:15:00Z,4502.2998046875,4503.10009765625,4496.60009765625,4499.10009765625,1286
2026-08-31T10:30:00Z,4498.89990234375,4502.7001953125,4498.10009765625,4502,1088
2026-08-31T10:45:00Z,4501.7001953125,4506.7001953125,4500.2998046875,4504.5,1774
2026-08-31T11:00:00Z,4504.60009765625,4508.39990234375,4503.39990234375,4504.2998046875,1874
2026-08-31T11:15:00Z,4504.39990234375,4515,4502.7001953125,4513.7998046875,2705
2026-08-31T11:30:00Z,4514,4515,4504.2001953125,4505.7001953125,2875
2026-08-31T11:45:00Z,4505.7998046875,4507.2001953125,4503.10009765625,4506.10009765625,1671
2026-08-31T12:00:00Z,4506.2998046875,4511.89990234375,4500.7001953125,4508.2001953125,4150
2026-08-31T12:15:00Z,4508.2998046875,4509.7001953125,4497.2998046875,4498.39990234375,3591
2026-08-31T12:30:00Z,4498.39990234375,4500.7998046875,4490,4491.5,4470
2026-08-31T12:45:00Z,4491.39990234375,4492.7998046875,4486.2998046875,4486.7001953125,3768
2026-08-31T13:00:00Z,4487,4498,4484.7001953125,4497,5115
2026-08-31T13:15:00Z,4497.60009765625,4499.60009765625,4490.2998046875,4497.10009765625,3544
2026-08-31T13:30:00Z,4497.39990234375,4498.7001953125,4482.89990234375,4485,6164
2026-08-31T13:45:00Z,4484.7998046875,4484.89990234375,4466.2998046875,4469.2998046875,9930
2026-08-31T14:00:00Z,4469.2998046875,4478.60009765625,4466.7998046875,4477.7998046875,6503
2026-08-31T14:15:00Z,4477.7998046875,4481.60009765625,4466.7998046875,4470.7001953125,5629
2026-08-31T14:30:00Z,4470.60009765625,4487.2998046875,4469.7001953125,4483,6395
2026-08-31T14:45:00Z,4483.39990234375,4486.5,4475.89990234375,4481.39990234375,4924
2026-08-31T15:00:00Z,4481.60009765625,4488.60009765625,4477.7001953125,4485.39990234375,5021
2026-08-31T15:15:00Z,4485.39990234375,4488.10009765625,4478.7998046875,4482.7001953125,3582
2026-08-31T15:30:00Z,4482.39990234375,4484.2001953125,4475.60009765625,4477.2998046875,3013
2026-08-31T15:45:00Z,4477.10009765625,4483.5,4474,4475.60009765625,3221
2026-08-31T16:00:00Z,4476,4487.2001953125,4472.7998046875,4484.7001953125,3761
2026-08-31T16:15:00Z,4484.7998046875,4488.7998046875,4482.89990234375,4488.39990234375,1729
2026-08-31T16:30:00Z,4488.39990234375,4490.60009765625,4480.89990234375,4485.2998046875,2923
2026-08-31T16:45:00Z,4485.2998046875,4487.2001953125,4481.7998046875,4482.5,1490
2026-08-31T17:00:00Z,4482.7001953125,4484.7001953125,4480.10009765625,4483,1643
2026-08-31T17:15:00Z,4483,4486.60009765625,4477.89990234375,4480.10009765625,2868
2026-08-31T17:30:00Z,4479.7998046875,4486.39990234375,4479,4485.60009765625,1631
2026-08-31T17:45:00Z,4485.89990234375,4489.7001953125,4485,4486,1765
2026-08-31T18:00:00Z,4486.10009765625,4486.2001953125,4479.39990234375,4483.10009765625,1821
2026-08-31T18:15:00Z,4483,4484.10009765625,4478.89990234375,4479.10009765625,1325
2026-08-31T18:30:00Z,4478.89990234375,4479.60009765625,4475.39990234375,4478.39990234375,1803
2026-08-31T18:45:00Z,4478.7001953125,4484,4478.39990234375,4480,1417
2026-08-31T19:00:00Z,4480.2001953125,4484.7998046875,4478.2001953125,4482.89990234375,1625
2026-08-31T19:15:00Z,4482.89990234375,4491.7001953125,4482,4490,2130
2026-08-31T19:30:00Z,4489.89990234375,4494.7998046875,4488.2998046875,4492.5,3124
2026-08-31T19:45:00Z,4492.5,4502.7998046875,4490.7998046875,4502,4319
2026-08-31T20:00:00Z,4502.2001953125,4505,4498.7001953125,4499.2998046875,2078
2026-08-31T20:15:00Z,4499.2001953125,4499.60009765625,4495.89990234375,4496.5,875
2026-08-31T20:30:00Z,4496.2998046875,4499.10009765625,4495.89990234375,4497.60009765625,800
2026-08-31T20:45:00Z,4497.60009765625,4498.7998046875,4496.10009765625,4497.60009765625,823
2026-08-31T22:00:00Z,4497.10009765625,4504.7998046875,4495.5,4500.39990234375,950
2026-08-31T22:15:00Z,4500.2998046875,4501,4496.2998046875,4498.5,1398
2026-08-31T22:30:00Z,4498.7001953125,4500.2998046875,4495.7001953125,4496.7001953125,863
2026-08-31T22:45:00Z,4496.39990234375,4497.10009765625,4494,4495.7001953125,1132
2026-08-31T23:00:00Z,4495.7001953125,4495.7001953125,4492.10009765625,4492.2998046875,1219
2026-08-31T23:15:00Z,4492.60009765625,4493.2001953125,4490.10009765625,4491.7998046875,1308
2026-08-31T23:30:00Z,4491.7998046875,4496.7998046875,4490.89990234375,4494.2998046875,1926
2026-08-31T23:45:00Z,4494,4501.39990234375,4494,4501.10009765625,2373
2026-09-01T00:00:00Z,4501.2001953125,4508.7998046875,4494.89990234375,4504.2001953125,4544
2026-09-01T00:15:00Z,4504.2001953125,4510.5,4501.39990234375,4509.2998046875,3754
2026-09-01T00:30:00Z,4509.5,4510.2998046875,4500.7998046875,4502.10009765625,3076
2026-09-01T00:45:00Z,4502.39990234375,4510.7998046875,4499.7001953125,4502.7998046875,4501
2026-09-01T01:00:00Z,4502.7001953125,4506.2001953125,4494,4495.2998046875,5645
2026-09-01T01:15:00Z,4495.60009765625,4497.2001953125,4486.7001953125,4488.60009765625,4891
2026-09-01T01:30:00Z,4488.7001953125,4495.10009765625,4485.2998046875,4494.7998046875,4721
2026-09-01T01:45:00Z,4494.7998046875,4495.7998046875,4488.2001953125,4493,2793
2026-09-01T02:00:00Z,4493,4498.2001953125,4490.39990234375,4493.7998046875,3205
2026-09-01T02:15:00Z,4494.2001953125,4497.2998046875,4489.2001953125,4489.5,1952
2026-09-01T02:30:00Z,4489.10009765625,4489.89990234375,4480.2001953125,4481.10009765625,5050
2026-09-01T02:45:00Z,4480.89990234375,4492.7001953125,4477,4492.5,3777
2026-09-01T03:00:00Z,4492.7998046875,4493.60009765625,4487.60009765625,4489,2153
2026-09-01T03:15:00Z,4489.2001953125,4489.7001953125,4480.89990234375,4483.2001953125,2550
2026-09-01T03:30:00Z,4483.39990234375,4487.89990234375,4482.5,4487.7998046875,1445
2026-09-01T03:45:00Z,4487.89990234375,4492.5,4486,4486.89990234375,1869
2026-09-01T04:00:00Z,4485.60009765625,4486.7998046875,4478.7998046875,4479.89990234375,2181
2026-09-01T04:15:00Z,4479.60009765625,4482.5,4478.2001953125,4478.2001953125,1490
2026-09-01T04:30:00Z,4478.2001953125,4479.2998046875,4475,4476.60009765625,1703
2026-09-01T04:45:00Z,4476.39990234375,4478.2998046875,4473.39990234375,4475.2001953125,2337
2026-09-01T05:00:00Z,4475.2001953125,4481.39990234375,4474.60009765625,4477.89990234375,1866
2026-09-01T05:15:00Z,4477.7998046875,4478.89990234375,4473.60009765625,4475.10009765625,1479
2026-09-01T05:30:00Z,4474.89990234375,4492.2001953125,4471.7001953125,4491.5,5264
2026-09-01T05:45:00Z,4491.39990234375,4494.89990234375,4488.2998046875,4488.60009765625,3394
2026-09-01T06:00:00Z,4488.39990234375,4489.2001953125,4480.2998046875,4481.39990234375,3060
2026-09-01T06:15:00Z,4481.2998046875,4483.89990234375,4476.2001953125,4477.7001953125,2253
2026-09-01T06:30:00Z,4477.7998046875,4483.89990234375,4476.89990234375,4483.7001953125,1836
2026-09-01T06:45:00Z,4483.60009765625,4484.10009765625,4476.60009765625,4478,1522
2026-09-01T07:00:00Z,4478,4483.7001953125,4477.7998046875,4481.89990234375,1621
2026-09-01T07:15:00Z,4481.60009765625,4482.2998046875,4474.2001953125,4474.5,2441
2026-09-01T07:30:00Z,4474.5,4477,4460.60009765625,4466.7001953125,5116
2026-09-01T07:45:00Z,4466.7998046875,4471.7998046875,4465.2998046875,4468.7998046875,2414
2026-09-01T08:00:00Z,4468.5,4468.5,4438,4454.39990234375,11629
2026-09-01T08:15:00Z,4454.2001953125,4454.7998046875,4430.60009765625,4431.89990234375,7340
2026-09-01T08:30:00Z,4432.10009765625,4432.89990234375,4418.60009765625,4424.10009765625,8730
2026-09-01T08:45:00Z,4424,4427.2001953125,4417.60009765625,4419.2998046875,4585
2026-09-01T09:00:00Z,4419.2998046875,4424.60009765625,4414.7998046875,4424.2998046875,5482
2026-09-01T09:15:00Z,4424.2998046875,4426.89990234375,4418.89990234375,4421.39990234375,3182
2026-09-01T09:30:00Z,4421.10009765625,4421.5,4413.7998046875,4420.2998046875,3681
2026-09-01T09:45:00Z,4420,4422.5,4412.7998046875,4413.60009765625,2122
2026-09-01T10:00:00Z,4413.60009765625,4431.10009765625,4412.89990234375,4427,3798
2026-09-01T10:15:00Z,4426.89990234375,4434.2001953125,4426.7001953125,4433.2998046875,2785
2026-09-01T10:30:00Z,4433.39990234375,4435,4429.7001953125,4430,2147
2026-09-01T10:45:00Z,4430.2001953125,4430.39990234375,4423.2998046875,4426.7001953125,2968
2026-09-01T11:00:00Z,4426.89990234375,4431.7001953125,4424.5,4425.5,2458
2026-09-01T11:15:00Z,4425.7001953125,4430.7001953125,4422.89990234375,4429.2001953125,2381
2026-09-01T11:30:00Z,4429,4433.39990234375,4426.7998046875,4432.7998046875,1935
2026-09-01T11:45:00Z,4432.7001953125,4435.89990234375,4420.39990234375,4423,3694
2026-09-01T12:00:00Z,4422.89990234375,4423.2001953125,4415.2001953125,4419.2998046875,4277
2026-09-01T12:15:00Z,4419.2001953125,4424.7998046875,4414.10009765625,4417.2001953125,4866
2026-09-01T12:30:00Z,4417,4417.60009765625,4400.2998046875,4413.39990234375,9999
2026-09-01T12:45:00Z,4413.10009765625,4418.5,4404.60009765625,4404.7001953125,5172
2026-09-01T13:00:00Z,4404.7998046875,4406.39990234375,4373.89990234375,4377.89990234375,21467
2026-09-01T13:15:00Z,4377.7998046875,4392.7998046875,4374.5,4390.89990234375,9558
2026-09-01T13:30:00Z,4391,4410.39990234375,4389.10009765625,4409.7998046875,13729
2026-09-01T13:45:00Z,4409.60009765625,4416.5,4402,4413.39990234375,8870
2026-09-01T14:00:00Z,4414,4419.7998046875,4401,4419,10997
2026-09-01T14:15:00Z,4419.10009765625,4424.39990234375,4414.2998046875,4414.39990234375,8171
2026-09-01T14:30:00Z,4414.39990234375,4421.7001953125,4412.5,4415.7001953125,5293
2026-09-01T14:45:00Z,4415.2998046875,4419,4404.2001953125,4408.89990234375,7126
2026-09-01T15:00:00Z,4409.10009765625,4411.60009765625,4403.39990234375,4405.39990234375,4306
2026-09-01T15:15:00Z,4405.60009765625,4414.39990234375,4404.2998046875,4414.2001953125,4106
2026-09-01T15:30:00Z,4414,4419.39990234375,4409.7998046875,4419.2998046875,3736
2026-09-01T15:45:00Z,4419.2001953125,4422.5,4416.7998046875,4421.7001953125,3481
2026-09-01T16:00:00Z,4421.7001953125,4423.39990234375,4410.7998046875,4411,3778
2026-09-01T16:15:00Z,4410.7001953125,4414.2001953125,4400.7998046875,4401.5,5982
2026-09-01T16:30:00Z,4401.10009765625,4406.2001953125,4395.2001953125,4403.2001953125,5732
2026-09-01T16:45:00Z,4403.10009765625,4407.5,4399.5,4399.5,2949
2026-09-01T17:00:00Z,4399.7998046875,4400.5,4392.2998046875,4394.7998046875,4562
2026-09-01T17:15:00Z,4394.7998046875,4398.5,4390.39990234375,4398.39990234375,3966
2026-09-01T17:30:00Z,4398.2001953125,4400.2998046875,4390.2998046875,4392.2998046875,3735
2026-09-01T17:45:00Z,4392.10009765625,4392.7001953125,4389,4391,2285
2026-09-01T18:00:00Z,4391.2998046875,4393.10009765625,4382.2998046875,4384.60009765625,3363
2026-09-01T18:15:00Z,4384.60009765625,4389.7001953125,4383.5,4385.39990234375,2616
2026-09-01T18:30:00Z,4385.2998046875,4385.2998046875,4375.89990234375,4377.2998046875,4818
2026-09-01T18:45:00Z,4377.10009765625,4382.2001953125,4375.5,4379.2001953125,3906
2026-09-01T19:00:00Z,4379.10009765625,4384.89990234375,4376.2001953125,4384.89990234375,2604
2026-09-01T19:15:00Z,4384.60009765625,4385.2001953125,4380.89990234375,4381.89990234375,1566
2026-09-01T19:30:00Z,4382.2001953125,4382.2998046875,4368.7998046875,4373.5,5366
2026-09-01T19:45:00Z,4373.5,4377.5,4370.39990234375,4374.2001953125,3406
2026-09-01T20:00:00Z,4374.10009765625,4377.7998046875,4370.39990234375,4372.7001953125,2608
2026-09-01T20:15:00Z,4372.7001953125,4376.2998046875,4371.7998046875,4373,1253
2026-09-01T20:30:00Z,4373.10009765625,4377.60009765625,4371.7998046875,4374.5,1295
2026-09-01T20:45:00Z,4374.39990234375,4376.7001953125,4373.60009765625,4375.7998046875,1379
2026-09-01T22:00:00Z,4376.2001953125,4381.2998046875,4374.89990234375,4375.5,634
2026-09-01T22:15:00Z,4375.60009765625,4375.60009765625,4373.5,4374.39990234375,962
2026-09-01T22:30:00Z,4374.10009765625,4376.2998046875,4372.5,4374.7001953125,1123
2026-09-01T22:45:00Z,4374.39990234375,4377.39990234375,4373.7001953125,4375.60009765625,1018
2026-09-01T23:00:00Z,4375.5,4378.60009765625,4372.89990234375,4376.5,1675
2026-09-01T23:15:00Z,4376.60009765625,4377.7001953125,4370.89990234375,4377.2001953125,2141
2026-09-01T23:30:00Z,4376.7998046875,4382,4376.60009765625,4379.89990234375,2202
2026-09-01T23:45:00Z,4379.89990234375,4380,4365,4370.5,3911
2026-09-02T00:00:00Z,4370.7001953125,4376.89990234375,4361.7998046875,4374.5,7715
2026-09-02T00:15:00Z,4374.5,4380.89990234375,4368.89990234375,4372.5,5479
2026-09-02T00:30:00Z,4372,4378.2001953125,4366.39990234375,4376.2998046875,3741
2026-09-02T00:45:00Z,4376.2998046875,4377.89990234375,4360.7998046875,4362.7001953125,4998
2026-09-02T01:00:00Z,4362.10009765625,4369.7998046875,4350.7998046875,4364.5,12319
2026-09-02T01:15:00Z,4364.2998046875,4373.5,4362.10009765625,4363.89990234375,5200
2026-09-02T01:30:00Z,4364,4365.2998046875,4351.60009765625,4355.7001953125,5362
2026-09-02T01:45:00Z,4355.5,4356.5,4334.7001953125,4338,10257
2026-09-02T02:00:00Z,4338.2998046875,4349,4334.2001953125,4343.39990234375,6550
2026-09-02T02:15:00Z,4343.2998046875,4353.89990234375,4343.10009765625,4351.60009765625,3491
2026-09-02T02:30:00Z,4351.7998046875,4362,4346.60009765625,4356.60009765625,4821
2026-09-02T02:45:00Z,4356.7998046875,4358.7998046875,4347.2998046875,4349.89990234375,2979
2026-09-02T03:00:00Z,4350.10009765625,4351.5,4343.7998046875,4348,2956
2026-09-02T03:15:00Z,4348,4349.7001953125,4335.2001953125,4340.60009765625,4519
2026-09-02T03:30:00Z,4340.60009765625,4340.7001953125,4329.2998046875,4335.39990234375,5514
2026-09-02T03:45:00Z,4335.5,4350.7001953125,4335.39990234375,4349.10009765625,3974
2026-09-02T04:00:00Z,4350,4353.39990234375,4348.60009765625,4351,2268
2026-09-02T04:15:00Z,4350.7998046875,4352.2998046875,4347.89990234375,4349.2998046875,1770
2026-09-02T04:30:00Z,4349.2998046875,4354.5,4348.89990234375,4351.10009765625,1542
2026-09-02T04:45:00Z,4351.39990234375,4354.39990234375,4350.39990234375,4353.89990234375,796
2026-09-02T05:00:00Z,4354,4356.7001953125,4350,4356.60009765625,1561
2026-09-02T05:15:00Z,4356.5,4360.60009765625,4353.2998046875,4359.7998046875,2530
2026-09-02T05:30:00Z,4359.7001953125,4371.7001953125,4359.7001953125,4369.60009765625,5266
2026-09-02T05:45:00Z,4370,4373.2001953125,4365.7998046875,4366.2998046875,2317
2026-09-02T06:00:00Z,4366.7998046875,4376,4364,4373.10009765625,3071
2026-09-02T06:15:00Z,4373,4375.10009765625,4367.2001953125,4368.89990234375,2200
2026-09-02T06:30:00Z,4369.2001953125,4373,4363.2001953125,4371.10009765625,2581
2026-09-02T06:45:00Z,4371.10009765625,4371.39990234375,4361.2001953125,4368.2001953125,2587
2026-09-02T07:00:00Z,4368.2998046875,4377.89990234375,4365.2998046875,4373.39990234375,3181
2026-09-02T07:15:00Z,4373.10009765625,4375.89990234375,4371.2001953125,4373.60009765625,1770
2026-09-02T07:30:00Z,4373.2001953125,4377.89990234375,4368.2998046875,4369,1770
2026-09-02T07:45:00Z,4369.2998046875,4371.7998046875,4366.89990234375,4369.89990234375,1442
2026-09-02T08:00:00Z,4370,4378.5,4368.7998046875,4372.5,2037
2026-09-02T08:15:00Z,4372.2001953125,4374.5,4369.10009765625,4369.60009765625,1220
2026-09-02T08:30:00Z,4369.7001953125,4373.39990234375,4365.7998046875,4368.60009765625,1599
2026-09-02T08:45:00Z,4368.60009765625,4369.2001953125,4359.10009765625,4359.60009765625,2730
2026-09-02T09:00:00Z,4359.60009765625,4369.10009765625,4359.2001953125,4360.89990234375,2250
2026-09-02T09:15:00Z,4361,4362.2001953125,4352.10009765625,4356.39990234375,2791
2026-09-02T09:30:00Z,4356.10009765625,4359.2001953125,4354.60009765625,4357.39990234375,1673
2026-09-02T09:45:00Z,4357.60009765625,4358.7001953125,4355.2998046875,4355.7001953125,992
2026-09-02T10:00:00Z,4355.7001953125,4357,4349.2001953125,4354.60009765625,2160
2026-09-02T10:15:00Z,4354,4359.7998046875,4353.2998046875,4357.39990234375,1626
2026-09-02T10:30:00Z,4357.2001953125,4358.10009765625,4354.2001953125,4357,1143
2026-09-02T10:45:00Z,4356.7998046875,4357.7998046875,4352.2998046875,4356.60009765625,1456
2026-09-02T11:00:00Z,4356.39990234375,4371.89990234375,4355,4369.7998046875,3532
2026-09-02T11:15:00Z,4369.7998046875,4370.39990234375,4362.7001953125,4368.89990234375,2728
2026-09-02T11:30:00Z,4369,4380.5,4368.89990234375,4371.7001953125,4424
2026-09-02T11:45:00Z,4371.7998046875,4380.2998046875,4370.39990234375,4379.39990234375,2869
2026-09-02T12:00:00Z,4379.5,4383.2998046875,4375.7998046875,4380.2998046875,4307
2026-09-02T12:15:00Z,4380,4391.39990234375,4376.60009765625,4383.2001953125,7580
2026-09-02T12:30:00Z,4383,4384.60009765625,4374.2998046875,4381.39990234375,4290
2026-09-02T12:45:00Z,4381.2998046875,4386.2998046875,4377.2998046875,4378.2998046875,3885
2026-09-02T13:00:00Z,4378.2001953125,4392.2998046875,4377.39990234375,4386.5,5607
2026-09-02T13:15:00Z,4386.5,4405.7001953125,4383.39990234375,4405.60009765625,8758
2026-09-02T13:30:00Z,4405.39990234375,4427,4403.89990234375,4425.39990234375,13156
2026-09-02T13:45:00Z,4425.60009765625,4433.5,4414.7001953125,4433,11886
2026-09-02T14:00:00Z,4433.10009765625,4444.5,4426.39990234375,4434.2998046875,13345
2026-09-02T14:15:00Z,4434.7001953125,4444,4431.7001953125,4434.2998046875,7441
2026-09-02T14:30:00Z,4434.10009765625,4435.2001953125,4428.2998046875,4432.7001953125,6131
2026-09-02T14:45:00Z,4432.7001953125,4434,4421.39990234375,4424.2001953125,6043
2026-09-02T15:00:00Z,4424.2001953125,4427.89990234375,4419.10009765625,4419.39990234375,5832
2026-09-02T15:15:00Z,4419.2001953125,4420.10009765625,4412.5,4419.5,7257
2026-09-02T15:30:00Z,4419.7001953125,4422.2001953125,4412.7001953125,4413,4724
2026-09-02T15:45:00Z,4413,4420.7001953125,4411.2001953125,4419.89990234375,3258
2026-09-02T16:00:00Z,4419.7001953125,4421.7001953125,4415.60009765625,4419.2998046875,3000
2026-09-02T16:15:00Z,4418.7998046875,4419.2001953125,4414.10009765625,4415.39990234375,1609
2026-09-02T16:30:00Z,4415.5,4417.39990234375,4410.7998046875,4411.7001953125,2284
2026-09-02T16:45:00Z,4411.5,4417.5,4411.2001953125,4415.2998046875,2126
2026-09-02T17:00:00Z,4415.2001953125,4418,4414.10009765625,4415.7001953125,1694
2026-09-02T17:15:00Z,4415.39990234375,4416.60009765625,4410.89990234375,4416.60009765625,3115
2026-09-02T17:30:00Z,4416.60009765625,4424.5,4413,4423,4019
2026-09-02T17:45:00Z,4422.89990234375,4427.5,4422,4423.5,3343
2026-09-02T18:00:00Z,4423.60009765625,4424.39990234375,4416.39990234375,4416.7998046875,2783
2026-09-02T18:15:00Z,4416.7998046875,4426.7001953125,4415.7001953125,4419.7998046875,3671
2026-09-02T18:30:00Z,4419.7998046875,4424.89990234375,4419,4419.5,1512
2026-09-02T18:45:00Z,4419.2998046875,4422.5,4419,4420.60009765625,1033
2026-09-02T19:00:00Z,4420.7001953125,4427.10009765625,4418.2001953125,4425.7998046875,1462
2026-09-02T19:15:00Z,4425.60009765625,4429.60009765625,4424.60009765625,4427.39990234375,1957
2026-09-02T19:30:00Z,4427.7001953125,4435.2998046875,4427.39990234375,4434.5,2502
2026-09-02T19:45:00Z,4434.5,4438.10009765625,4431.39990234375,4437.7001953125,3482
2026-09-02T20:00:00Z,4437.5,4438.10009765625,4432.10009765625,4432.60009765625,1659
2026-09-02T20:15:00Z,4432.60009765625,4434.60009765625,4430.5,4433.2001953125,1238
2026-09-02T20:30:00Z,4433.10009765625,4436.7998046875,4432.10009765625,4435,847
2026-09-02T20:45:00Z,4435,4437.60009765625,4433.7001953125,4434.10009765625,1041
2026-09-02T21:00:00Z,4434.39990234375,4434.39990234375,4434.39990234375,4434.39990234375,1
2026-09-02T22:00:00Z,4434.7998046875,4438.60009765625,4434.2998046875,4435,375
2026-09-02T22:15:00Z,4434.7001953125,4435.89990234375,4432.2001953125,4434.89990234375,1047
2026-09-02T22:30:00Z,4434.60009765625,4434.7001953125,4430.2001953125,4430.5,1112
2026-09-02T22:45:00Z,4430.39990234375,4430.60009765625,4428.60009765625,4429.89990234375,1073
2026-09-02T23:00:00Z,4430.10009765625,4432.5,4429.10009765625,4429.2998046875,1372
2026-09-02T23:15:00Z,4429.2998046875,4429.7001953125,4427.2998046875,4427.60009765625,1038
2026-09-02T23:30:00Z,4427.5,4431,4426.60009765625,4430.7998046875,1687
2026-09-02T23:45:00Z,4430.60009765625,4434.39990234375,4429.60009765625,4431.2001953125,2259
2026-09-03T00:00:00Z,4431.10009765625,4438,4429.89990234375,4435.39990234375,2942
2026-09-03T00:15:00Z,4435.60009765625,4435.7998046875,4430.2998046875,4432.39990234375,2125
2026-09-03T00:30:00Z,4432.39990234375,4435.10009765625,4427.60009765625,4432.89990234375,2732
2026-09-03T00:45:00Z,4433.10009765625,4442.7998046875,4430.89990234375,4440.5,3540
2026-09-03T01:00:00Z,4440.60009765625,4454.7998046875,4431.89990234375,4446.39990234375,9911
2026-09-03T01:15:00Z,4446.39990234375,4449.2998046875,4438.7998046875,4446.89990234375,5833
2026-09-03T01:30:00Z,4446.7001953125,4454.7998046875,4445.10009765625,4445.7001953125,5960
2026-09-03T01:45:00Z,4445.7001953125,4457.7001953125,4445.2001953125,4455.5,4241
2026-09-03T02:00:00Z,4455.2998046875,4461.5,4454.5,4456.5,4067
2026-09-03T02:15:00Z,4456.7998046875,4458.7001953125,4452.10009765625,4457.2001953125,2710
2026-09-03T02:30:00Z,4456.7998046875,4463.7998046875,4454.7998046875,4459.2001953125,4017
2026-09-03T02:45:00Z,4459.2001953125,4466.2001953125,4456.60009765625,4466,2912
2026-09-03T03:00:00Z,4466,4475.7001953125,4465,4474.60009765625,4927
2026-09-03T03:15:00Z,4474.39990234375,4477,4470.2001953125,4475.10009765625,3342
2026-09-03T03:30:00Z,4474.89990234375,4478,4472.2001953125,4472.2001953125,2860
2026-09-03T03:45:00Z,4472.2001953125,4478.39990234375,4471,4477.10009765625,2911
2026-09-03T04:00:00Z,4477.2001953125,4481.10009765625,4470.39990234375,4476.2001953125,4883
2026-09-03T04:15:00Z,4476.39990234375,4482.2001953125,4474.89990234375,4481.5,1807
2026-09-03T04:30:00Z,4481.7998046875,4483.60009765625,4480.5,4483.39990234375,2185
2026-09-03T04:45:00Z,4483.39990234375,4483.89990234375,4479.2998046875,4483.2001953125,1985
2026-09-03T05:00:00Z,4483,4485.89990234375,4474.5,4475.2001953125,3427
2026-09-03T05:15:00Z,4475.2998046875,4476.5,4468.39990234375,4470.89990234375,4665
2026-09-03T05:30:00Z,4470.7998046875,4479.2998046875,4468.2998046875,4478.39990234375,4633
2026-09-03T05:45:00Z,4478.2998046875,4485.39990234375,4474.2998046875,4477.10009765625,4391
2026-09-03T06:00:00Z,4477.10009765625,4482.2998046875,4471.60009765625,4473.10009765625,3496
2026-09-03T06:15:00Z,4473,4476.7998046875,4462.7998046875,4467.60009765625,5361
2026-09-03T06:30:00Z,4467.60009765625,4472.2998046875,4466.2998046875,4471.60009765625,2634
2026-09-03T06:45:00Z,4471.5,4474.7001953125,4466.10009765625,4466.39990234375,2256
2026-09-03T07:00:00Z,4466.2001953125,4477.2998046875,4464.7001953125,4467.7001953125,3350
2026-09-03T07:15:00Z,4467.5,4475.7998046875,4467,4471.5,2014
2026-09-03T07:30:00Z,4472,4476.5,4468.7001953125,4472.2001953125,1886
2026-09-03T07:45:00Z,4472,4476.7998046875,4469.7001953125,4474.39990234375,1497
2026-09-03T08:00:00Z,4474.39990234375,4489.89990234375,4473.60009765625,4477.39990234375,6132
2026-09-03T08:15:00Z,4477.39990234375,4485.7001953125,4476.7001953125,4484.60009765625,3114
2026-09-03T08:30:00Z,4484.2998046875,4486,4477.5,4480.39990234375,1882
2026-09-03T08:45:00Z,4480.60009765625,4486.10009765625,4480,4480.89990234375,1608
2026-09-03T09:00:00Z,4481.2001953125,4488.2998046875,4480.2998046875,4484.10009765625,1898
2026-09-03T09:15:00Z,4484.2998046875,4484.5,4478.2998046875,4481.2998046875,1940
2026-09-03T09:30:00Z,4481.2001953125,4484.7001953125,4475.7998046875,4476.39990234375,2599
2026-09-03T09:45:00Z,4476.2001953125,4477,4471.7998046875,4474.5,2157
2026-09-03T10:00:00Z,4474,4476.2998046875,4469.2001953125,4471.10009765625,2118
2026-09-03T10:15:00Z,4470.7001953125,4472,4465.2001953125,4468.7001953125,2624
2026-09-03T10:30:00Z,4468.89990234375,4472.7001953125,4466.2001953125,4472.10009765625,1903
2026-09-03T10:45:00Z,4471.7001953125,4474.7001953125,4470.10009765625,4473.39990234375,1366
2026-09-03T11:00:00Z,4473.2001953125,4478.89990234375,4470.7998046875,4478.7998046875,1887
2026-09-03T11:15:00Z,4478.39990234375,4484.2001953125,4476.2001953125,4480.2998046875,2584
2026-09-03T11:30:00Z,4480.60009765625,4485.5,4472,4484.7998046875,2699
2026-09-03T11:45:00Z,4484.89990234375,4492.7998046875,4482.39990234375,4490.2001953125,3168
2026-09-03T12:00:00Z,4489.7998046875,4496.7998046875,4486.7998046875,4490.2998046875,4745
2026-09-03T12:15:00Z,4490.2998046875,4495.60009765625,4483.89990234375,4492.7001953125,4899
2026-09-03T12:30:00Z,4493.10009765625,4526.60009765625,4493,4514.7001953125,18901
2026-09-03T12:45:00Z,4514.7998046875,4542.7998046875,4512.5,4540.7998046875,13337
2026-09-03T13:00:00Z,4540.89990234375,4543.7001953125,4531.5,4533.10009765625,10394
2026-09-03T13:15:00Z,4533,4535.39990234375,4524.39990234375,4527.5,8130
2026-09-03T13:30:00Z,4527.7001953125,4529.7998046875,4515,4516.7998046875,9281
2026-09-03T13:45:00Z,4517,4517.7998046875,4503.2001953125,4517.39990234375,11694
2026-09-03T14:00:00Z,4517.10009765625,4519.89990234375,4503.7998046875,4515.60009765625,9242
2026-09-03T14:15:00Z,4515.7998046875,4527.5,4515.5,4523.60009765625,8346
2026-09-03T14:30:00Z,4523.7001953125,4526.2001953125,4512.2998046875,4519,6067
2026-09-03T14:45:00Z,4519.2998046875,4532.2001953125,4516.5,4531.7998046875,7202
2026-09-03T15:00:00Z,4532.2001953125,4552.10009765625,4530.7001953125,4551,12753
2026-09-03T15:15:00Z,4551.2001953125,4558.60009765625,4549.10009765625,4554.2001953125,8362
2026-09-03T15:30:00Z,4554.10009765625,4557.39990234375,4542.2998046875,4542.39990234375,5607
2026-09-03T15:45:00Z,4542.60009765625,4543.10009765625,4533.60009765625,4540.89990234375,6176
2026-09-03T16:00:00Z,4540.89990234375,4543.2998046875,4535,4541.39990234375,3453
2026-09-03T16:15:00Z,4541.7001953125,4542.39990234375,4538,4540.60009765625,2051
2026-09-03T16:30:00Z,4541.10009765625,4543.5,4534.2998046875,4535.60009765625,2482
2026-09-03T16:45:00Z,4535.39990234375,4538.7001953125,4533.10009765625,4533.60009765625,2488
2026-09-03T17:00:00Z,4534,4536.5,4530.7001953125,4535.2001953125,3337
2026-09-03T17:15:00Z,4535.39990234375,4541.2001953125,4532.5,4540.2998046875,2836
2026-09-03T17:30:00Z,4540.39990234375,4541.5,4538,4539.2998046875,1915
2026-09-03T17:45:00Z,4539.39990234375,4542.60009765625,4534.7001953125,4535.60009765625,2252
2026-09-03T18:00:00Z,4534.60009765625,4537.10009765625,4531,4531.2001953125,2981
2026-09-03T18:15:00Z,4531.2001953125,4535.5,4526.7001953125,4527.2001953125,3023
2026-09-03T18:30:00Z,4527.2001953125,4530.5,4522.2001953125,4528.89990234375,3467
2026-09-03T18:45:00Z,4528.60009765625,4530.10009765625,4521.2998046875,4523,2890
2026-09-03T19:00:00Z,4522.89990234375,4524.89990234375,4520.5,4522.39990234375,2504
2026-09-03T19:15:00Z,4522.2998046875,4524.60009765625,4520.2998046875,4523.7001953125,1685
2026-09-03T19:30:00Z,4523.7001953125,4526.7001953125,4521.7998046875,4525.10009765625,1944
2026-09-03T19:45:00Z,4525.2998046875,4528.5,4520.7998046875,4522.7998046875,3201
2026-09-03T20:00:00Z,4522.7998046875,4523.2998046875,4518.60009765625,4519.10009765625,1829
2026-09-03T20:15:00Z,4519.2001953125,4520,4517.5,4518.89990234375,710
2026-09-03T20:30:00Z,4518.89990234375,4520.2998046875,4518.39990234375,4519.7998046875,644
2026-09-03T20:45:00Z,4519.7998046875,4521.39990234375,4518.89990234375,4520.10009765625,794
2026-09-03T22:00:00Z,4521.5,4526,4520.2998046875,4525.7001953125,890
2026-09-03T22:15:00Z,4525.2998046875,4526.2001953125,4521.2998046875,4522.2001953125,1630
2026-09-03T22:30:00Z,4522.2001953125,4524.2001953125,4519.7001953125,4520.89990234375,1799
2026-09-03T22:45:00Z,4520.89990234375,4523.2998046875,4518,4521.5,2035
2026-09-03T23:00:00Z,4521.60009765625,4525.10009765625,4519.39990234375,4521.39990234375,1586
2026-09-03T23:15:00Z,4521.39990234375,4522.10009765625,4518.60009765625,4520.7998046875,1025
2026-09-03T23:30:00Z,4520.7998046875,4525.39990234375,4520.39990234375,4524.2998046875,1243
2026-09-03T23:45:00Z,4524.2001953125,4527.39990234375,4521.7998046875,4527.10009765625,1986
2026-09-04T00:00:00Z,4527.10009765625,4530,4525,4527.2001953125,3042
2026-09-04T00:15:00Z,4527.2001953125,4527.7001953125,4520.5,4520.89990234375,2608
2026-09-04T00:30:00Z,4521.2001953125,4528.60009765625,4519.10009765625,4528.5,2683
2026-09-04T00:45:00Z,4528.5,4533.5,4526.7998046875,4532.60009765625,3571
2026-09-04T01:00:00Z,4532.60009765625,4533.5,4519.89990234375,4520.89990234375,5478
2026-09-04T01:15:00Z,4520.89990234375,4525.2998046875,4513.10009765625,4517.2001953125,4846
2026-09-04T01:30:00Z,4517.10009765625,4523.2998046875,4514.2001953125,4520,4208
2026-09-04T01:45:00Z,4520.10009765625,4526.89990234375,4512.10009765625,4525.10009765625,3927
2026-09-04T02:00:00Z,4525,4528.89990234375,4523.2001953125,4525.39990234375,2703
2026-09-04T02:15:00Z,4525.5,4526.60009765625,4517.39990234375,4520.10009765625,2658
2026-09-04T02:30:00Z,4519.89990234375,4523.5,4516.39990234375,4516.7998046875,3151
2026-09-04T02:45:00Z,4517,4527.10009765625,4516,4523.5,2369
2026-09-04T03:00:00Z,4523.5,4524.89990234375,4516.10009765625,4519.7001953125,2190
2026-09-04T03:15:00Z,4519.5,4521,4517.60009765625,4518.60009765625,979
2026-09-04T03:30:00Z,4518.89990234375,4521.5,4515.2001953125,4515.39990234375,1047
2026-09-04T03:45:00Z,4515.39990234375,4516.5,4513.5,4513.89990234375,1450
2026-09-04T04:00:00Z,4513.10009765625,4516.7001953125,4511.5,4515.5,2490
2026-09-04T04:15:00Z,4515.7998046875,4518.7998046875,4514.39990234375,4518,1044
2026-09-04T04:30:00Z,4518.10009765625,4521.2001953125,4517.89990234375,4520.2998046875,1334
2026-09-04T04:45:00Z,4520.2001953125,4521.7001953125,4518.89990234375,4520.2001953125,818
2026-09-04T05:00:00Z,4520.2001953125,4521.2998046875,4513.5,4515.7001953125,1901
2026-09-04T05:15:00Z,4515.60009765625,4521.7001953125,4513.5,4514,1782
2026-09-04T05:30:00Z,4513.60009765625,4524,4512.89990234375,4517.2001953125,3403
2026-09-04T05:45:00Z,4517.2998046875,4519.10009765625,4513.2998046875,4518.2998046875,2101
2026-09-04T06:00:00Z,4518.2998046875,4519.5,4512.7001953125,4515,2217
2026-09-04T06:15:00Z,4515.10009765625,4518.10009765625,4512.89990234375,4515,1426
2026-09-04T06:30:00Z,4515.2998046875,4516,4508.60009765625,4510.5,2959
2026-09-04T06:45:00Z,4510.60009765625,4510.7998046875,4506.10009765625,4509.39990234375,2565
2026-09-04T07:00:00Z,4509.39990234375,4518.2998046875,4508.10009765625,4514.5,2880
2026-09-04T07:15:00Z,4514.5,4519.7998046875,4513.2001953125,4519.60009765625,1743
2026-09-04T07:30:00Z,4519.7001953125,4534.2001953125,4519.2998046875,4532.60009765625,4329
2026-09-04T07:45:00Z,4532.7001953125,4537.89990234375,4528.10009765625,4530.2998046875,3781
2026-09-04T08:00:00Z,4530.39990234375,4533.60009765625,4526,4528.89990234375,2648
2026-09-04T08:15:00Z,4528.60009765625,4531,4526.2998046875,4527.89990234375,1362
2026-09-04T08:30:00Z,4528,4529.39990234375,4524.10009765625,4524.39990234375,1546
2026-09-04T08:45:00Z,4524.10009765625,4526.2998046875,4521,4524.5,1536
2026-09-04T09:00:00Z,4524.39990234375,4525.7998046875,4515.39990234375,4516.60009765625,2037
2026-09-04T09:15:00Z,4516.5,4517.2001953125,4510,4512.7998046875,2753
2026-09-04T09:30:00Z,4512.7998046875,4516.5,4510.89990234375,4513.5,2121
2026-09-04T09:45:00Z,4513.89990234375,4516,4511.39990234375,4511.89990234375,1094
2026-09-04T10:00:00Z,4511.7001953125,4519.7001953125,4511.60009765625,4519.10009765625,1383
2026-09-04T10:15:00Z,4519,4520.10009765625,4514.2998046875,4517.5,1727
2026-09-04T10:30:00Z,4517.60009765625,4521.5,4516.2001953125,4519.89990234375,1323
2026-09-04T10:45:00Z,4519.7998046875,4522.7998046875,4519,4519,1086
2026-09-04T11:00:00Z,4519.10009765625,4519.5,4515.5,4516.39990234375,1257
2026-09-04T11:15:00Z,4516.39990234375,4517,4511.39990234375,4511.89990234375,1836
2026-09-04T11:30:00Z,4511.89990234375,4516.7998046875,4511.39990234375,4514.39990234375,1354
2026-09-04T11:45:00Z,4514.2998046875,4516.89990234375,4510.7998046875,4513,1499
2026-09-04T12:00:00Z,4513.39990234375,4516.7001953125,4510.60009765625,4511,2221
2026-09-04T12:15:00Z,4510.89990234375,4522.89990234375,4510.7001953125,4519.2001953125,3587
2026-09-04T12:30:00Z,4520.2998046875,4522.7001953125,4411.39990234375,4440.60009765625,39178
2026-09-04T12:45:00Z,4440.60009765625,4457,4426.7998046875,4440.5,15559
2026-09-04T13:00:00Z,4440.7998046875,4441.7001953125,4412,4440.60009765625,17730
2026-09-04T13:15:00Z,4440.7001953125,4461.39990234375,4438,4459.5,10518
2026-09-04T13:30:00Z,4459.60009765625,4471.10009765625,4452.10009765625,4470.7998046875,14111
2026-09-04T13:45:00Z,4470.7998046875,4482,4459.5,4459.7998046875,12016
2026-09-04T14:00:00Z,4460,4485,4458.5,4481.39990234375,9656
2026-09-04T14:15:00Z,4481.39990234375,4484.7998046875,4474.2001953125,4476.5,7667
2026-09-04T14:30:00Z,4476.5,4489.5,4472,4475.89990234375,8528
2026-09-04T14:45:00Z,4476.10009765625,4479.2998046875,4464,4474.10009765625,7087
2026-09-04T15:00:00Z,4474.39990234375,4491.2001953125,4469.2001953125,4490.5,7149
2026-09-04T15:15:00Z,4490.7001953125,4496.39990234375,4486.7001953125,4487,6440
2026-09-04T15:30:00Z,4487.2001953125,4493.7998046875,4483.39990234375,4490,4542
2026-09-04T15:45:00Z,4490.2001953125,4493.39990234375,4482.7001953125,4483.89990234375,3676
2026-09-04T16:00:00Z,4483.89990234375,4488.10009765625,4479.5,4486.2001953125,4046
2026-09-04T16:15:00Z,4486.10009765625,4491.2001953125,4480.7998046875,4482,2933
2026-09-04T16:30:00Z,4481.7001953125,4487.2998046875,4480.7998046875,4485.60009765625,1732
2026-09-04T16:45:00Z,4485.60009765625,4487.7998046875,4481.7998046875,4483.7998046875,2343
2026-09-04T17:00:00Z,4483.5,4484,4477.39990234375,4481.10009765625,3198
2026-09-04T17:15:00Z,4481.39990234375,4488.39990234375,4475,4476.10009765625,4493
2026-09-04T17:30:00Z,4475.89990234375,4477.2998046875,4462.60009765625,4464.7001953125,4948
2026-09-04T17:45:00Z,4464.60009765625,4469,4462.89990234375,4464,3151
2026-09-04T18:00:00Z,4464.7001953125,4467.39990234375,4458.7998046875,4467.39990234375,3720
2026-09-04T18:15:00Z,4467.39990234375,4474.5,4466.89990234375,4472.2998046875,2997
2026-09-04T18:30:00Z,4472.39990234375,4473.89990234375,4468.7001953125,4470.39990234375,1800
2026-09-04T18:45:00Z,4470.60009765625,4473.2998046875,4469.5,4471.39990234375,1405
2026-09-04T19:00:00Z,4471.60009765625,4477.5,4469.89990234375,4476.39990234375,2148
2026-09-04T19:15:00Z,4476.2998046875,4483,4474.10009765625,4482.60009765625,2173
2026-09-04T19:30:00Z,4482.7998046875,4485.60009765625,4481.2001953125,4484.39990234375,1934
2026-09-04T19:45:00Z,4484.39990234375,4484.7998046875,4479.7001953125,4481.89990234375,2559
2026-09-04T20:00:00Z,4481.7998046875,4482.39990234375,4477.7998046875,4479,1102
2026-09-04T20:15:00Z,4478.7998046875,4479,4476.7001953125,4477.2001953125,585
2026-09-04T20:30:00Z,4477.2001953125,4478,4476,4477.39990234375,760
2026-09-04T20:45:00Z,4477.60009765625,4478.60009765625,4475.5,4476.60009765625,950
2026-09-08T04:00:00Z,4483.39990234375,4488.7001953125,4483.2998046875,4484.7001953125,3476
2026-09-08T04:15:00Z,4484.7998046875,4486.2001953125,4477.10009765625,4478.10009765625,1945
2026-09-08T04:30:00Z,4478.2001953125,4482,4477.89990234375,4481.7001953125,1635
2026-09-08T04:45:00Z,4481.89990234375,4485.5,4479.60009765625,4481.5,1339
2026-09-08T05:00:00Z,4481.60009765625,4483.5,4472.2998046875,4472.89990234375,2824
2026-09-08T05:15:00Z,4472.7998046875,4477.2998046875,4465.10009765625,4465.5,3196
2026-09-08T05:30:00Z,4465.60009765625,4472.2001953125,4462.89990234375,4471,3559
2026-09-08T05:45:00Z,4470.7998046875,4474,4462.2001953125,4464.2998046875,2856
2026-09-08T06:00:00Z,4464.10009765625,4465,4453.2001953125,4456.2998046875,4607
2026-09-08T06:15:00Z,4456.2001953125,4456.2998046875,4443.7001953125,4444.89990234375,5261
2026-09-08T06:30:00Z,4444.89990234375,4453.5,4442.7001953125,4452,3647
2026-09-08T06:45:00Z,4452.10009765625,4453.89990234375,4447.89990234375,4448.39990234375,2460
2026-09-08T07:00:00Z,4448.60009765625,4454.2001953125,4446.89990234375,4447.89990234375,2859
2026-09-08T07:15:00Z,4447.7001953125,4449.10009765625,4444.89990234375,4446.39990234375,2116
2026-09-08T07:30:00Z,4446.5,4450.5,4435.5,4440.10009765625,3955
2026-09-08T07:45:00Z,4440.10009765625,4441.7998046875,4434.2001953125,4436.7001953125,2483
2026-09-08T08:00:00Z,4436.7001953125,4440.39990234375,4432.10009765625,4434.7998046875,3312
2026-09-08T08:15:00Z,4434.89990234375,4440.7998046875,4433.7998046875,4439,2097
2026-09-08T08:30:00Z,4439,4442.89990234375,4436.2001953125,4437.10009765625,1984
2026-09-08T08:45:00Z,4437.10009765625,4442.7998046875,4435.10009765625,4438.39990234375,1846
2026-09-08T09:00:00Z,4438.2998046875,4442.39990234375,4435.5,4441.7998046875,1615
2026-09-08T09:15:00Z,4441.7998046875,4443.89990234375,4436.60009765625,4437.39990234375,2080
2026-09-08T09:30:00Z,4437.10009765625,4448.2001953125,4435,4446,2927
2026-09-08T09:45:00Z,4445.89990234375,4450.10009765625,4445.39990234375,4447.2001953125,1662
2026-09-08T10:00:00Z,4447.2001953125,4447.2998046875,4437.7001953125,4440.7998046875,2168
2026-09-08T10:15:00Z,4440.7001953125,4451.89990234375,4440.39990234375,4443.7001953125,2642
2026-09-08T10:30:00Z,4443.7998046875,4444.10009765625,4438.2001953125,4441.39990234375,1461
2026-09-08T10:45:00Z,4441.39990234375,4444.7998046875,4439.5,4439.7001953125,1275
2026-09-08T11:00:00Z,4440.2001953125,4444.39990234375,4435.39990234375,4439.5,2224
2026-09-08T11:15:00Z,4439.39990234375,4447.60009765625,4439.39990234375,4446.2998046875,1964
2026-09-08T11:30:00Z,4446.5,4452.60009765625,4445,4448,2257
2026-09-08T11:45:00Z,4448.10009765625,4451.5,4442.2001953125,4451.10009765625,2287
2026-09-08T12:00:00Z,4450.89990234375,4451.39990234375,4434.60009765625,4436.2998046875,4036
2026-09-08T12:15:00Z,4436,4446.2001953125,4429.2998046875,4445.89990234375,6452
2026-09-08T12:30:00Z,4446.2998046875,4452.7001953125,4439.7001953125,4441,4971
2026-09-08T12:45:00Z,4440.89990234375,4456.39990234375,4439.89990234375,4455.89990234375,4056
2026-09-08T13:00:00Z,4456,4457.89990234375,4446.60009765625,4453,5603
2026-09-08T13:15:00Z,4453,4455.5,4443.60009765625,4444.7001953125,3964
2026-09-08T13:30:00Z,4444.7998046875,4450.2998046875,4434.7001953125,4440.89990234375,7636
2026-09-08T13:45:00Z,4440.7998046875,4452.2001953125,4438.7001953125,4440.5,6545
2026-09-08T14:00:00Z,4440.39990234375,4447.7001953125,4436.2998046875,4439.39990234375,5322
2026-09-08T14:15:00Z,4439.2001953125,4449,4438.7998046875,4442,4217
2026-09-08T14:30:00Z,4442.10009765625,4446.10009765625,4437.7001953125,4442.10009765625,3395
2026-09-08T14:45:00Z,4442.2998046875,4444.2998046875,4433.89990234375,4443.60009765625,4810
2026-09-08T15:00:00Z,4443.7001953125,4453.5,4442.5,4449.7998046875,4932
2026-09-08T15:15:00Z,4449.89990234375,4454.39990234375,4441.5,4444.60009765625,5081
2026-09-08T15:30:00Z,4444.2998046875,4449.60009765625,4442.39990234375,4445.2998046875,2288
2026-09-08T15:45:00Z,4445.5,4445.89990234375,4439.7998046875,4439.7998046875,2891
2026-09-08T16:00:00Z,4440,4440.39990234375,4424.60009765625,4431.39990234375,6821
2026-09-08T16:15:00Z,4431.5,4440.60009765625,4428.5,4438.89990234375,4608
2026-09-08T16:30:00Z,4438.7998046875,4441.5,4437.60009765625,4438.89990234375,2229
2026-09-08T16:45:00Z,4438.89990234375,4443.7998046875,4434.89990234375,4438.2998046875,4070
2026-09-08T17:00:00Z,4438.5,4448.7001953125,4438.2998046875,4440.2998046875,3507
2026-09-08T17:15:00Z,4440.39990234375,4442.2998046875,4436.60009765625,4438.7001953125,1950
2026-09-08T17:30:00Z,4439,4440,4429.7998046875,4429.89990234375,2901
2026-09-08T17:45:00Z,4429.7998046875,4435,4429.5,4434.39990234375,1900
2026-09-08T18:00:00Z,4434.5,4434.7998046875,4428.2998046875,4432,2531
2026-09-08T18:15:00Z,4432,4432.2001953125,4428.7001953125,4430.10009765625,1931
2026-09-08T18:30:00Z,4430.10009765625,4430.2998046875,4425.7998046875,4430.2998046875,2371
2026-09-08T18:45:00Z,4430.10009765625,4431.39990234375,4402.2001953125,4420.2001953125,12174
2026-09-08T19:00:00Z,4420,4421.89990234375,4413.7998046875,4415.10009765625,3028
2026-09-08T19:15:00Z,4415.2001953125,4417.7998046875,4411,4413.60009765625,2266
2026-09-08T19:30:00Z,4413.5,4414.60009765625,4406.5,4413.5,2819
2026-09-08T19:45:00Z,4413.89990234375,4414.10009765625,4401.5,4404.10009765625,4158
2026-09-08T20:00:00Z,4404.10009765625,4409.39990234375,4400.60009765625,4405.2001953125,3068
2026-09-08T20:15:00Z,4405.2998046875,4406.2001953125,4400,4401.39990234375,1767
2026-09-08T20:30:00Z,4401.60009765625,4403.39990234375,4401,4402.5,996
2026-09-08T20:45:00Z,4402.39990234375,4402.7998046875,4385.10009765625,4400.10009765625,3075
2026-09-08T22:00:00Z,4398.89990234375,4403.2998046875,4396.5,4399.7998046875,1259
2026-09-08T22:15:00Z,4399.89990234375,4401.60009765625,4396.7998046875,4398,1117
2026-09-08T22:30:00Z,4398.2001953125,4399.7998046875,4393.7998046875,4395.2001953125,1525
2026-09-08T22:45:00Z,4395.2001953125,4397.7998046875,4394.2001953125,4397.7001953125,982
2026-09-08T23:00:00Z,4397.5,4398.5,4394.89990234375,4395.60009765625,1187
2026-09-08T23:15:00Z,4395.7998046875,4401.2998046875,4395.2001953125,4400.89990234375,1377
2026-09-08T23:30:00Z,4401.10009765625,4403.5,4400.2001953125,4402,1592
2026-09-08T23:45:00Z,4401.89990234375,4402.2001953125,4392.39990234375,4393.2998046875,3214
2026-09-09T00:00:00Z,4393.39990234375,4396.7001953125,4388.10009765625,4393.5,4706
2026-09-09T00:15:00Z,4393.2001953125,4393.7998046875,4384.2998046875,4390.39990234375,3924
2026-09-09T00:30:00Z,4390.60009765625,4398.7001953125,4387.2001953125,4398.60009765625,3171
2026-09-09T00:45:00Z,4398.5,4409.7001953125,4396.5,4408.7998046875,4660
2026-09-09T01:00:00Z,4408.7001953125,4412.60009765625,4397.5,4412.2998046875,7068
2026-09-09T01:15:00Z,4412,4417.2001953125,4406.60009765625,4415.5,4273
2026-09-09T01:30:00Z,4415.60009765625,4422,4414.5,4420.2001953125,4044
2026-09-09T01:45:00Z,4420.2001953125,4422,4414.2001953125,4417.2998046875,3409
2026-09-09T02:00:00Z,4417.5,4419.7998046875,4414.2001953125,4417.2998046875,1914
2026-09-09T02:15:00Z,4417.2001953125,4420.7001953125,4415.2998046875,4416.60009765625,1177
2026-09-09T02:30:00Z,4416.7001953125,4418.2998046875,4410.7998046875,4418,2779
2026-09-09T02:45:00Z,4418,4428.2998046875,4416.7001953125,4426.2001953125,4374
2026-09-09T03:00:00Z,4426.2001953125,4426.7001953125,4422,4423,1747
2026-09-09T03:15:00Z,4423,4423.39990234375,4419.2998046875,4421.89990234375,1518
2026-09-09T03:30:00Z,4422.10009765625,4424.10009765625,4419.2001953125,4422.60009765625,1221
2026-09-09T03:45:00Z,4422.2998046875,4422.89990234375,4419.7998046875,4420.5,921
2026-09-09T04:00:00Z,4418.7998046875,4419.89990234375,4414.10009765625,4417,2101
2026-09-09T04:15:00Z,4417,4424.39990234375,4415.89990234375,4423.7001953125,1792
2026-09-09T04:30:00Z,4423.5,4423.7998046875,4419.7001953125,4421.7001953125,1228
2026-09-09T04:45:00Z,4422,4426.5,4421,4425.2001953125,1270
2026-09-09T05:00:00Z,4425.39990234375,4431.2998046875,4423.89990234375,4431,2824
2026-09-09T05:15:00Z,4431.2001953125,4432.10009765625,4426.7001953125,4428.89990234375,2064
2026-09-09T05:30:00Z,4428.7998046875,4438.89990234375,4427.7998046875,4438.7998046875,3007
2026-09-09T05:45:00Z,4438.7998046875,4444.5,4435.89990234375,4442.2998046875,3562
2026-09-09T06:00:00Z,4442.2998046875,4448.7001953125,4441.5,4444.89990234375,3421
2026-09-09T06:15:00Z,4444.7998046875,4446.7001953125,4438.39990234375,4441.60009765625,2803
2026-09-09T06:30:00Z,4441.60009765625,4450,4440.5,4444.10009765625,3196
2026-09-09T06:45:00Z,4444.10009765625,4445.60009765625,4442.39990234375,4444.39990234375,1364
2026-09-09T07:00:00Z,4444.5,4451.60009765625,4442.89990234375,4450,2431
2026-09-09T07:15:00Z,4450,4452.7998046875,4446.5,4451.39990234375,1982
2026-09-09T07:30:00Z,4451.39990234375,4454.2998046875,4449.7998046875,4453.89990234375,1896
2026-09-09T07:45:00Z,4454,4456.39990234375,4451.7001953125,4452.89990234375,2718
2026-09-09T08:00:00Z,4452.7998046875,4455.7001953125,4447.39990234375,4447.60009765625,2651
2026-09-09T08:15:00Z,4447.60009765625,4448.60009765625,4442.89990234375,4443.7998046875,2437
2026-09-09T08:30:00Z,4443.7998046875,4447.60009765625,4442.7998046875,4443.89990234375,1901
2026-09-09T08:45:00Z,4444.10009765625,4447.5,4443,4444.7998046875,1421
2026-09-09T09:00:00Z,4444.7998046875,4446.39990234375,4441.60009765625,4442.7001953125,1599
2026-09-09T09:15:00Z,4442.5,4444.39990234375,4440.7998046875,4442.39990234375,1457
2026-09-09T09:30:00Z,4442.5,4443.60009765625,4439.39990234375,4440.5,1832
2026-09-09T09:45:00Z,4440.39990234375,4440.39990234375,4432.60009765625,4434.89990234375,2796
2026-09-09T10:00:00Z,4434.7001953125,4437.39990234375,4430.10009765625,4434.7998046875,2814
2026-09-09T10:15:00Z,4434.7998046875,4439.7001953125,4432.7998046875,4438.10009765625,1594
2026-09-09T10:30:00Z,4438.10009765625,4442.60009765625,4437,4438.10009765625,1943
2026-09-09T10:45:00Z,4438.10009765625,4446.7998046875,4437.7998046875,4442.89990234375,2635
2026-09-09T11:00:00Z,4443.2998046875,4448.2001953125,4443.2998046875,4447.2001953125,1665
2026-09-09T11:15:00Z,4447.2998046875,4453.10009765625,4445,4452.39990234375,2040
2026-09-09T11:30:00Z,4452.2001953125,4452.39990234375,4447.2998046875,4449.7001953125,2230
2026-09-09T11:45:00Z,4449.7998046875,4459.89990234375,4447.60009765625,4451.60009765625,5546
2026-09-09T12:00:00Z,4452,4453.7001953125,4443.10009765625,4443.2998046875,3859
2026-09-09T12:15:00Z,4443.39990234375,4445,4437.89990234375,4438.2001953125,4266
2026-09-09T12:30:00Z,4438.10009765625,4442,4435,4439.7001953125,4230
2026-09-09T12:45:00Z,4439.5,4446.89990234375,4439.5,4444.2998046875,3541
2026-09-09T13:00:00Z,4444.2001953125,4458.10009765625,4442.7001953125,4457.5,6408
2026-09-09T13:15:00Z,4457.7998046875,4475.2998046875,4455,4474.2001953125,10760
2026-09-09T13:30:00Z,4474.10009765625,4478.89990234375,4456.60009765625,4461.39990234375,13055
2026-09-09T13:45:00Z,4461.2998046875,4468.2998046875,4455,4459.2998046875,8627
2026-09-09T14:00:00Z,4459.2001953125,4473,4458.5,4467.7001953125,8470
2026-09-09T14:15:00Z,4467.7001953125,4470.2998046875,4453.2001953125,4470.2001953125,8246
2026-09-09T14:30:00Z,4470.10009765625,4471.5,4462.60009765625,4463.2001953125,5494
2026-09-09T14:45:00Z,4463.2998046875,4467.89990234375,4459.39990234375,4463.2998046875,4255
2026-09-09T15:00:00Z,4463.39990234375,4476.7998046875,4425,4434.5,23305
2026-09-09T15:15:00Z,4434.60009765625,4439.7001953125,4419.2001953125,4438.89990234375,11919
2026-09-09T15:30:00Z,4438.89990234375,4451.7001953125,4436.7998046875,4447.39990234375,9254
2026-09-09T15:45:00Z,4447.39990234375,4451.89990234375,4442.2001953125,4442.7001953125,4014
2026-09-09T16:00:00Z,4443,4447.39990234375,4438.89990234375,4442.39990234375,3555
2026-09-09T16:15:00Z,4442.60009765625,4447.2001953125,4436,4446.2001953125,3557
2026-09-09T16:30:00Z,4446.39990234375,4452.7998046875,4443.5,4452.2998046875,3218
2026-09-09T16:45:00Z,4452.2998046875,4455.39990234375,4449.89990234375,4454.39990234375,3411
2026-09-09T17:00:00Z,4454.60009765625,4465.5,4453.7001953125,4461.60009765625,5168
2026-09-09T17:15:00Z,4461.7998046875,4465.60009765625,4459.2998046875,4460,3081
2026-09-09T17:30:00Z,4460,4462.2001953125,4456.7998046875,4458.60009765625,2829
2026-09-09T17:45:00Z,4458.5,4462.10009765625,4458.2998046875,4461.10009765625,1378
2026-09-09T18:00:00Z,4461.39990234375,4466.89990234375,4460.60009765625,4465.60009765625,2439
2026-09-09T18:15:00Z,4465.7001953125,4466,4461.7998046875,4463.10009765625,1682
2026-09-09T18:30:00Z,4463.2001953125,4463.5,4454.60009765625,4455.2001953125,2971
2026-09-09T18:45:00Z,4455.10009765625,4455.2998046875,4446.7001953125,4448.2998046875,3436
2026-09-09T19:00:00Z,4448.2998046875,4449.5,4442,4445.7998046875,3177
2026-09-09T19:15:00Z,4445.7001953125,4450.5,4444,4445.10009765625,2724
2026-09-09T19:30:00Z,4445,4446.60009765625,4441.10009765625,4445.2998046875,2099
2026-09-09T19:45:00Z,4445.39990234375,4447,4441.7001953125,4444.2998046875,2385
2026-09-09T20:00:00Z,4444.2001953125,4444.60009765625,4441.5,4442.7001953125,957
2026-09-09T20:15:00Z,4442.60009765625,4442.7001953125,4438.7001953125,4440.2001953125,1217
2026-09-09T20:30:00Z,4440.2001953125,4446.39990234375,4440.10009765625,4445.7001953125,1184
2026-09-09T20:45:00Z,4445.60009765625,4448.39990234375,4444.89990234375,4447.39990234375,785
2026-09-09T22:00:00Z,4447.5,4451.60009765625,4446.5,4447.2001953125,878
2026-09-09T22:15:00Z,4447.10009765625,4448.5,4444,4446.7001953125,1057
2026-09-09T22:30:00Z,4446.5,4448.2998046875,4444.10009765625,4445.7998046875,1379
2026-09-09T22:45:00Z,4445.7001953125,4446.10009765625,4441.60009765625,4444,1478
2026-09-09T23:00:00Z,4443.7998046875,4447.60009765625,4442.2998046875,4444.89990234375,2319
2026-09-09T23:15:00Z,4444.7001953125,4446.39990234375,4439.5,4441.2001953125,2511
2026-09-09T23:30:00Z,4441.2998046875,4443.2001953125,4436.7998046875,4438.2001953125,1873
2026-09-09T23:45:00Z,4438.10009765625,4439.10009765625,4436.60009765625,4437.60009765625,1334
2026-09-10T00:00:00Z,4437.7998046875,4441.2001953125,4432.89990234375,4438.5,3698
2026-09-10T00:15:00Z,4438.89990234375,4442.2998046875,4435.7998046875,4436.5,2497
2026-09-10T00:30:00Z,4436.39990234375,4445.2998046875,4434.7001953125,4444.60009765625,2872
2026-09-10T00:45:00Z,4444.60009765625,4448.39990234375,4441,4444.39990234375,2758
2026-09-10T01:00:00Z,4444.39990234375,4462.5,4443.39990234375,4456,7374
2026-09-10T01:15:00Z,4456,4459.89990234375,4453.2998046875,4453.60009765625,3344
2026-09-10T01:30:00Z,4453.7998046875,4454.2998046875,4448.2001953125,4453.10009765625,3491
2026-09-10T01:45:00Z,4453.39990234375,4457.7001953125,4451.10009765625,4455.7001953125,3008
2026-09-10T02:00:00Z,4455.5,4462.2001953125,4454.7998046875,4457.2998046875,4610
2026-09-10T02:15:00Z,4457.60009765625,4460.7998046875,4451.2998046875,4460.39990234375,3004
2026-09-10T02:30:00Z,4460.60009765625,4464.39990234375,4454.2001953125,4461.7001953125,3570
2026-09-10T02:45:00Z,4461.60009765625,4464.2998046875,4459.39990234375,4462.7001953125,1629
2026-09-10T03:00:00Z,4462.60009765625,4464.7998046875,4454.60009765625,4455.7998046875,2880
2026-09-10T03:15:00Z,4455.89990234375,4458.39990234375,4452.5,4453.2001953125,1837
2026-09-10T03:30:00Z,4453.10009765625,4455.89990234375,4450,4451.10009765625,1635
2026-09-10T03:45:00Z,4450.89990234375,4453.10009765625,4449.60009765625,4451.7998046875,1381
2026-09-10T04:00:00Z,4452.10009765625,4458.60009765625,4452.10009765625,4456.89990234375,2086
2026-09-10T04:15:00Z,4456.89990234375,4458.60009765625,4453.39990234375,4454.7001953125,1194
2026-09-10T04:30:00Z,4454.7998046875,4457,4448.2998046875,4449.39990234375,2068
2026-09-10T04:45:00Z,4449.5,4454.7001953125,4449,4451.2001953125,1411
2026-09-10T05:00:00Z,4451.39990234375,4462,4451.10009765625,4461.7998046875,2343
2026-09-10T05:15:00Z,4461.7998046875,4463.89990234375,4459.7001953125,4463.60009765625,1985
2026-09-10T05:30:00Z,4463.7998046875,4473.2001953125,4460.5,4471.5,4716
2026-09-10T05:45:00Z,4471.89990234375,4475.2001953125,4467.2001953125,4475.10009765625,3304
2026-09-10T06:00:00Z,4475.2001953125,4479.2998046875,4459.60009765625,4460.10009765625,4811
2026-09-10T06:15:00Z,4460.10009765625,4461,4454.39990234375,4460.7998046875,5026
2026-09-10T06:30:00Z,4460.7998046875,4470.39990234375,4456.2001953125,4470,4707
2026-09-10T06:45:00Z,4470.10009765625,4472.5,4467.10009765625,4469.2998046875,3352
2026-09-10T07:00:00Z,4468.89990234375,4469.39990234375,4456.7998046875,4457.10009765625,4145
2026-09-10T07:15:00Z,4457,4458.89990234375,4451.39990234375,4452.10009765625,2342
2026-09-10T07:30:00Z,4452.2001953125,4454.2998046875,4447,4453.2998046875,3210
2026-09-10T07:45:00Z,4452.89990234375,4458.7001953125,4452.2998046875,4455,2660
2026-09-10T08:00:00Z,4454.7998046875,4456,4447.60009765625,4448.7998046875,2246
2026-09-10T08:15:00Z,4449.10009765625,4451.10009765625,4446.39990234375,4448.7998046875,1821
2026-09-10T08:30:00Z,4448.7998046875,4449.10009765625,4437.60009765625,4438.7001953125,3892
2026-09-10T08:45:00Z,4438.7001953125,4441.2998046875,4435,4437.7001953125,3523
2026-09-10T09:00:00Z,4437.60009765625,4439.60009765625,4432.2998046875,4437.7001953125,3128
2026-09-10T09:15:00Z,4437.7001953125,4439.60009765625,4434.2001953125,4435.39990234375,1820
2026-09-10T09:30:00Z,4435.5,4435.7001953125,4430.89990234375,4435.7001953125,2518
2026-09-10T09:45:00Z,4435.5,4438.7998046875,4435.2001953125,4437,1452
2026-09-10T10:00:00Z,4436.7001953125,4442.7998046875,4432,4437.89990234375,4233
2026-09-10T10:15:00Z,4437.7001953125,4442.7001953125,4436.2001953125,4436.7001953125,1757
2026-09-10T10:30:00Z,4436.60009765625,4437.2998046875,4420.2001953125,4426.10009765625,5262
2026-09-10T10:45:00Z,4425.89990234375,4430.5,4417.10009765625,4421.39990234375,5000
2026-09-10T11:00:00Z,4421.39990234375,4426.89990234375,4417.5,4425.60009765625,3229
2026-09-10T11:15:00Z,4425.7001953125,4431.10009765625,4422.10009765625,4428.10009765625,2534
2026-09-10T11:30:00Z,4427.89990234375,4433.10009765625,4426.7001953125,4426.7998046875,2371
2026-09-10T11:45:00Z,4427,4427.60009765625,4415.2001953125,4416.7001953125,3596
2026-09-10T12:00:00Z,4416.7998046875,4419.89990234375,4411.7998046875,4417.39990234375,5143
2026-09-10T12:15:00Z,4417.60009765625,4419.2001953125,4403.60009765625,4407,6248
2026-09-10T12:30:00Z,4406.2001953125,4424.2001953125,4365.39990234375,4382.2001953125,22978
2026-09-10T12:45:00Z,4382.2001953125,4396.7001953125,4378.10009765625,4381.7998046875,12398
2026-09-10T13:00:00Z,4382.10009765625,4397.5,4380.60009765625,4385.7998046875,9519
2026-09-10T13:15:00Z,4385.60009765625,4399.7001953125,4383,4399.60009765625,6476
2026-09-10T13:30:00Z,4399.60009765625,4416.2001953125,4393.7998046875,4406.89990234375,13046
2026-09-10T13:45:00Z,4406.7998046875,4418,4404.2998046875,4408.5,9717
2026-09-10T14:00:00Z,4408.2998046875,4417.89990234375,4401.7001953125,4401.7001953125,8305
2026-09-10T14:15:00Z,4402,4419.2001953125,4396.7001953125,4406,11513
2026-09-10T14:30:00Z,4406,4413,4398.7001953125,4398.7998046875,5673
2026-09-10T14:45:00Z,4398.5,4404.10009765625,4396.10009765625,4400,4872
2026-09-10T15:00:00Z,4400.39990234375,4403.7998046875,4394.5,4401.7001953125,4861
2026-09-10T15:15:00Z,4401.7998046875,4409.7998046875,4400.5,4407.2998046875,4207
2026-09-10T15:30:00Z,4407.2998046875,4414.2001953125,4404.2001953125,4407.89990234375,3942
2026-09-10T15:45:00Z,4408,4412.5,4402.60009765625,4407.7998046875,2970
2026-09-10T16:00:00Z,4408.10009765625,4412.2001953125,4395.60009765625,4400.89990234375,3950
2026-09-10T16:15:00Z,4400.7998046875,4405.7998046875,4397.10009765625,4404.60009765625,2332
2026-09-10T16:30:00Z,4404.89990234375,4407.7001953125,4397.7998046875,4398.5,3826
2026-09-10T16:45:00Z,4398.39990234375,4406.60009765625,4398.2998046875,4406.2001953125,2228
2026-09-10T17:00:00Z,4406.2001953125,4410.5,4401.60009765625,4404.60009765625,2751
2026-09-10T17:15:00Z,4404.5,4409,4403.10009765625,4407.7001953125,1747
2026-09-10T17:30:00Z,4407.7001953125,4408.2998046875,4396.89990234375,4401.2998046875,2728
2026-09-10T17:45:00Z,4401.10009765625,4402,4392.60009765625,4394.2001953125,2757
2026-09-10T18:00:00Z,4394.5,4397.89990234375,4381.89990234375,4382.39990234375,6047
2026-09-10T18:15:00Z,4382.2001953125,4387.89990234375,4378.89990234375,4380.60009765625,4743
2026-09-10T18:30:00Z,4380.60009765625,4380.60009765625,4373.10009765625,4375.2998046875,3856
2026-09-10T18:45:00Z,4375.2001953125,4380.2001953125,4371.2998046875,4374.39990234375,4804
2026-09-10T19:00:00Z,4374,4374.10009765625,4354.7998046875,4363.60009765625,10109
2026-09-10T19:15:00Z,4363.60009765625,4372.10009765625,4360.60009765625,4368.7001953125,3638
2026-09-10T19:30:00Z,4368.7001953125,4371,4364.39990234375,4365.39990234375,2615
2026-09-10T19:45:00Z,4365.5,4367,4361.2998046875,4365.5,2764
2026-09-10T20:00:00Z,4365.5,4365.7001953125,4361.2001953125,4364.39990234375,1305
2026-09-10T20:15:00Z,4364.39990234375,4364.5,4357.5,4359.7001953125,1124
2026-09-10T20:30:00Z,4359.89990234375,4360,4356.7998046875,4359.5,968
2026-09-10T20:45:00Z,4359.39990234375,4360.60009765625,4356,4358.39990234375,1305
2026-09-10T22:00:00Z,4359.60009765625,4366,4357.7001953125,4361.89990234375,869
2026-09-10T22:15:00Z,4361.7998046875,4362.60009765625,4359.2998046875,4360.2001953125,895
2026-09-10T22:30:00Z,4360,4360.7998046875,4353.5,4356.7998046875,1986
2026-09-10T22:45:00Z,4356.2998046875,4359.7998046875,4355.5,4358.89990234375,1022
2026-09-10T23:00:00Z,4358.39990234375,4360.60009765625,4356.60009765625,4360.10009765625,1324
2026-09-10T23:15:00Z,4360,4361.2001953125,4357.7998046875,4358.39990234375,986
2026-09-10T23:30:00Z,4358.60009765625,4360.7998046875,4354.7998046875,4356.39990234375,1616
2026-09-10T23:45:00Z,4356.5,4358.2998046875,4351.2001953125,4355.2001953125,2489
2026-09-11T00:00:00Z,4355.5,4364.60009765625,4353.2001953125,4359.7998046875,4476
2026-09-11T00:15:00Z,4359.7998046875,4364.7998046875,4357.10009765625,4364.2998046875,2151
2026-09-11T00:30:00Z,4364.2001953125,4368,4359.89990234375,4367.89990234375,3452
2026-09-11T00:45:00Z,4367.7998046875,4374.2001953125,4367.10009765625,4372.39990234375,3516
2026-09-11T01:00:00Z,4372.2998046875,4380.7998046875,4368.2001953125,4373.39990234375,6900
2026-09-11T01:15:00Z,4373.5,4377.5,4360.7998046875,4368.2998046875,6068
2026-09-11T01:30:00Z,4368.39990234375,4375.60009765625,4362.7001953125,4366.7001953125,4543
2026-09-11T01:45:00Z,4366.89990234375,4370.2998046875,4363.7998046875,4369.10009765625,2807
2026-09-11T02:00:00Z,4369.2001953125,4373.5,4367.60009765625,4370.7001953125,2488
2026-09-11T02:15:00Z,4371,4374.60009765625,4363.5,4365.10009765625,2649
2026-09-11T02:30:00Z,4365,4366.5,4356.89990234375,4359.2001953125,4788
2026-09-11T02:45:00Z,4359,4367.2001953125,4355.89990234375,4363.39990234375,3152
2026-09-11T03:00:00Z,4362.89990234375,4366.7998046875,4354.5,4360,3029
2026-09-11T03:15:00Z,4359.7998046875,4361.89990234375,4344.2998046875,4349.7998046875,5493
2026-09-11T03:30:00Z,4350,4354.5,4346.89990234375,4348.89990234375,3455
2026-09-11T03:45:00Z,4348.7998046875,4349,4341.2998046875,4345.10009765625,3955
2026-09-11T04:00:00Z,4344.7001953125,4365.7001953125,4342.5,4362.10009765625,5203
2026-09-11T04:15:00Z,4362.2998046875,4369.89990234375,4360,4369.10009765625,3117
2026-09-11T04:30:00Z,4369.2998046875,4373.10009765625,4365.89990234375,4370.89990234375,3123
2026-09-11T04:45:00Z,4370.89990234375,4375.60009765625,4369.2001953125,4372.2998046875,2937
2026-09-11T05:00:00Z,4372.2998046875,4379.2001953125,4368.7998046875,4378.7001953125,3331
2026-09-11T05:15:00Z,4378.5,4379.89990234375,4373.89990234375,4375.10009765625,2397
2026-09-11T05:30:00Z,4375.60009765625,4383.5,4374,4383.10009765625,5292
2026-09-11T05:45:00Z,4383.2001953125,4392.2998046875,4379.89990234375,4386.7001953125,3965
2026-09-11T06:00:00Z,4386.7001953125,4402.2001953125,4386.2001953125,4399.7001953125,4720
2026-09-11T06:15:00Z,4399.60009765625,4401.2001953125,4392,4392.5,2829
2026-09-11T06:30:00Z,4392.39990234375,4394.89990234375,4387.7998046875,4391.7001953125,2769
2026-09-11T06:45:00Z,4391.60009765625,4396.39990234375,4390.39990234375,4394.2001953125,1859
2026-09-11T07:00:00Z,4394.2001953125,4397.39990234375,4391,4392.7998046875,2272
2026-09-11T07:15:00Z,4393.10009765625,4393.60009765625,4387,4387.39990234375,1678
2026-09-11T07:30:00Z,4387.7001953125,4389.2001953125,4384.2998046875,4386.39990234375,2140
2026-09-11T07:45:00Z,4386.2998046875,4386.5,4381.7001953125,4385.89990234375,1628
2026-09-11T08:00:00Z,4386.2001953125,4390.7001953125,4383.10009765625,4388.7998046875,2584
2026-09-11T08:15:00Z,4388.7001953125,4399.5,4384.7998046875,4392.89990234375,3967
2026-09-11T08:30:00Z,4393.2001953125,4398.2001953125,4392.2998046875,4393.89990234375,2103
2026-09-11T08:45:00Z,4394.2998046875,4397.60009765625,4387.2998046875,4388.7001953125,2142
2026-09-11T09:00:00Z,4388.89990234375,4395.7998046875,4384.2998046875,4384.60009765625,1871
2026-09-11T09:15:00Z,4384.2998046875,4388.10009765625,4383.2001953125,4385.39990234375,1568
2026-09-11T09:30:00Z,4385.7998046875,4386.89990234375,4382.2998046875,4385.2998046875,1510
2026-09-11T09:45:00Z,4385.2998046875,4389.7998046875,4384.60009765625,4388.10009765625,1057
2026-09-11T10:00:00Z,4388.39990234375,4392.10009765625,4382.5,4388.2001953125,2514
2026-09-11T10:15:00Z,4388.2001953125,4392.10009765625,4387.60009765625,4391.2998046875,1311
2026-09-11T10:30:00Z,4391.5,4391.89990234375,4385.60009765625,4387.10009765625,1112
2026-09-11T10:45:00Z,4387.2001953125,4387.2998046875,4378.39990234375,4379.39990234375,2069
2026-09-11T11:00:00Z,4379.2998046875,4385,4376.5,4379.89990234375,2883
2026-09-11T11:15:00Z,4379.89990234375,4383.7998046875,4377.89990234375,4378.2998046875,2035
2026-09-11T11:30:00Z,4378.39990234375,4379.2998046875,4372,4376.7998046875,2753
2026-09-11T11:45:00Z,4376.89990234375,4378.2001953125,4372.60009765625,4375.10009765625,1979
2026-09-11T12:00:00Z,4375.2998046875,4376.89990234375,4366.2001953125,4369.89990234375,4152
2026-09-11T12:15:00Z,4369.7001953125,4385.5,4368.89990234375,4378,4826
2026-09-11T12:30:00Z,4380.2998046875,4404.39990234375,4333.39990234375,4395.5,29021
2026-09-11T12:45:00Z,4395.60009765625,4432.39990234375,4393.89990234375,4430.5,18630
2026-09-11T13:00:00Z,4430.39990234375,4436.5,4422.60009765625,4431.39990234375,14279
2026-09-11T13:15:00Z,4431.2998046875,4440.5,4421.60009765625,4431.7001953125,9161
2026-09-11T13:30:00Z,4431.89990234375,4442.7001953125,4423.2998046875,4436.7001953125,9755
2026-09-11T13:45:00Z,4437,4445.2001953125,4429,4443.89990234375,7116
2026-09-11T14:00:00Z,4443.5,4444.7998046875,4423.60009765625,4425.2998046875,8625
2026-09-11T14:15:00Z,4424.89990234375,4427.89990234375,4416,4416.89990234375,7850
2026-09-11T14:30:00Z,4417,4418.10009765625,4406.2998046875,4412.7998046875,8003
2026-09-11T14:45:00Z,4413.2001953125,4426.39990234375,4412.2001953125,4412.60009765625,8482
2026-09-11T15:00:00Z,4412.5,4414.89990234375,4401,4404.2998046875,6295
2026-09-11T15:15:00Z,4404.2001953125,4414.60009765625,4403.2998046875,4412.10009765625,6002
2026-09-11T15:30:00Z,4411.89990234375,4418.7998046875,4410.39990234375,4414.5,4693
2026-09-11T15:45:00Z,4414,4415.7001953125,4406.7998046875,4408.7001953125,3580
2026-09-11T16:00:00Z,4408.7001953125,4414.60009765625,4402.39990234375,4403.10009765625,3702
2026-09-11T16:15:00Z,4403.10009765625,4405.7001953125,4393.2001953125,4396.39990234375,7640
2026-09-11T16:30:00Z,4396.39990234375,4407.7998046875,4394.39990234375,4405.5,4446
2026-09-11T16:45:00Z,4405.5,4407.2998046875,4402,4403.2998046875,1566
2026-09-11T17:00:00Z,4403.60009765625,4411.5,4402.7001953125,4407.7001953125,2774
2026-09-11T17:15:00Z,4407.7998046875,4412,4405.39990234375,4409,2839
2026-09-11T17:30:00Z,4409.10009765625,4412.89990234375,4402,4404.2998046875,3800
2026-09-11T17:45:00Z,4404.10009765625,4406.39990234375,4400.10009765625,4400.60009765625,2083
2026-09-11T18:00:00Z,4400.60009765625,4402.5,4387.2001953125,4389.2998046875,4033
2026-09-11T18:15:00Z,4389.10009765625,4395.39990234375,4386.10009765625,4392.89990234375,4958
2026-09-11T18:30:00Z,4392.89990234375,4393.7001953125,4388,4389.10009765625,1585
2026-09-11T18:45:00Z,4389.2998046875,4389.60009765625,4386,4389.10009765625,2134
2026-09-11T19:00:00Z,4389.10009765625,4393.89990234375,4386.2998046875,4393.89990234375,2901
2026-09-11T19:15:00Z,4393.7998046875,4396.2998046875,4389.60009765625,4389.60009765625,2122
2026-09-11T19:30:00Z,4389.89990234375,4390.7001953125,4387.5,4388.60009765625,1996
2026-09-11T19:45:00Z,4388.7998046875,4392,4384.89990234375,4390.60009765625,3035
2026-09-11T20:00:00Z,4390.89990234375,4393.7998046875,4390.2998046875,4390.7001953125,1074
2026-09-11T20:15:00Z,4390.60009765625,4392.7001953125,4388.5,4391,772
2026-09-11T20:30:00Z,4391.10009765625,4391.2998046875,4387.89990234375,4388.7001953125,707
2026-09-11T20:45:00Z,4388.5,4408.89990234375,4387.39990234375,4408.89990234375,1060
2026-09-13T22:00:00Z,4371.7001953125,4374.60009765625,4370.39990234375,4371.2998046875,1142
2026-09-13T22:15:00Z,4371.60009765625,4377,4368.7001953125,4376.7001953125,3218
2026-09-13T22:30:00Z,4376.7001953125,4378.60009765625,4374.2998046875,4377.7998046875,1649
2026-09-13T22:45:00Z,4377.60009765625,4380.7998046875,4375.7998046875,4378.60009765625,1719
2026-09-13T23:00:00Z,4378.39990234375,4383.39990234375,4378.39990234375,4380.2001953125,1623
2026-09-13T23:15:00Z,4380.2001953125,4381.60009765625,4376.10009765625,4380.2001953125,1784
2026-09-13T23:30:00Z,4379.89990234375,4382.7001953125,4378.39990234375,4378.5,1445
2026-09-13T23:45:00Z,4378.39990234375,4379.10009765625,4372.2998046875,4373.39990234375,2215
2026-09-14T00:00:00Z,4373.10009765625,4388.89990234375,4370.7001953125,4384,5167
2026-09-14T00:15:00Z,4383.89990234375,4386.2998046875,4374.2001953125,4379,2809
2026-09-14T00:30:00Z,4379,4382,4373.10009765625,4379.10009765625,3044
2026-09-14T00:45:00Z,4379.60009765625,4384.60009765625,4378.2001953125,4379.5,2631
2026-09-14T01:00:00Z,4379.7998046875,4386.10009765625,4369.89990234375,4372.5,7346
2026-09-14T01:15:00Z,4372.7001953125,4379.39990234375,4367,4376.7001953125,5077
2026-09-14T01:30:00Z,4376.60009765625,4387.7998046875,4369.2998046875,4383.39990234375,5325
2026-09-14T01:45:00Z,4383.60009765625,4396.7998046875,4383,4394.60009765625,4667
2026-09-14T02:00:00Z,4394.60009765625,4396.2998046875,4389.60009765625,4390.5,3553
2026-09-14T02:15:00Z,4390.2998046875,4395.5,4389.2001953125,4393.5,1524
2026-09-14T02:30:00Z,4393.5,4396.60009765625,4384.5,4387.10009765625,3896
2026-09-14T02:45:00Z,4386.89990234375,4389.60009765625,4371.10009765625,4371.7001953125,4096
2026-09-14T03:00:00Z,4371.60009765625,4376.7998046875,4368.2001953125,4374.10009765625,4153
2026-09-14T03:15:00Z,4374.2001953125,4377.10009765625,4372.39990234375,4375.10009765625,1449
2026-09-14T03:30:00Z,4375.2998046875,4375.89990234375,4366.7998046875,4369.39990234375,2640
2026-09-14T03:45:00Z,4369.2998046875,4373.7998046875,4368.60009765625,4370.2998046875,1822
2026-09-14T04:00:00Z,4370.39990234375,4371.89990234375,4369.2001953125,4369.2998046875,1173
2026-09-14T04:15:00Z,4369.2998046875,4371.89990234375,4368.5,4371.7001953125,847
2026-09-14T04:30:00Z,4371.60009765625,4371.7998046875,4363.39990234375,4363.60009765625,2441
2026-09-14T04:45:00Z,4363.60009765625,4371.7998046875,4362.10009765625,4369.60009765625,2497
2026-09-14T05:00:00Z,4369.7998046875,4372.89990234375,4366.60009765625,4371,2069
2026-09-14T05:15:00Z,4371.10009765625,4372.5,4366,4366.7001953125,1319
2026-09-14T05:30:00Z,4367,4377.7001953125,4365.39990234375,4371.10009765625,4244
2026-09-14T05:45:00Z,4371.2998046875,4378.2001953125,4363.5,4378,3259
2026-09-14T06:00:00Z,4377.7998046875,4379.2998046875,4367.60009765625,4370.39990234375,2679
2026-09-14T06:15:00Z,4370.2001953125,4373.2001953125,4367.39990234375,4370.60009765625,1567
2026-09-14T06:30:00Z,4370.39990234375,4373.2001953125,4365.7001953125,4367.89990234375,1521
2026-09-14T06:45:00Z,4367.89990234375,4370.5,4360.60009765625,4362.5,2262
2026-09-14T07:00:00Z,4362.39990234375,4364.5,4357.89990234375,4364.39990234375,3170
2026-09-14T07:15:00Z,4364.2001953125,4364.7001953125,4356.10009765625,4357.10009765625,2060
2026-09-14T07:30:00Z,4357.10009765625,4359.7001953125,4355.39990234375,4359.2998046875,2186
2026-09-14T07:45:00Z,4359.2001953125,4362.2998046875,4348,4350.7998046875,3312
2026-09-14T08:00:00Z,4351,4358.5,4350.89990234375,4353.5,2636
2026-09-14T08:15:00Z,4353,4354.5,4350,4350.7001953125,1791
2026-09-14T08:30:00Z,4350.2998046875,4356.10009765625,4349.2001953125,4351.89990234375,1751
2026-09-14T08:45:00Z,4351.89990234375,4353.60009765625,4343.2001953125,4346.7001953125,2671
2026-09-14T09:00:00Z,4346.2998046875,4351.89990234375,4344.7001953125,4345.89990234375,2291
2026-09-14T09:15:00Z,4345.60009765625,4345.89990234375,4320.2001953125,4327.7001953125,9933
2026-09-14T09:30:00Z,4327.39990234375,4329.2998046875,4318.60009765625,4321.10009765625,4896
2026-09-14T09:45:00Z,4321,4328.10009765625,4317.60009765625,4325.2001953125,3233
2026-09-14T10:00:00Z,4325,4329.2998046875,4317.89990234375,4328.2001953125,2593
2026-09-14T10:15:00Z,4328.10009765625,4332.5,4325.39990234375,4330.7998046875,2356
2026-09-14T10:30:00Z,4331.10009765625,4334.89990234375,4328.89990234375,4334.10009765625,1697
2026-09-14T10:45:00Z,4333.89990234375,4336.60009765625,4329.5,4334.60009765625,1955
2026-09-14T11:00:00Z,4334.10009765625,4338.10009765625,4331.2001953125,4332.10009765625,2489
2026-09-14T11:15:00Z,4332.39990234375,4337.10009765625,4331.10009765625,4336.10009765625,1435
2026-09-14T11:30:00Z,4336,4337.10009765625,4332,4332.5,1745
2026-09-14T11:45:00Z,4332.39990234375,4333.7998046875,4324.2998046875,4326.89990234375,3285
2026-09-14T12:00:00Z,4327,4336.89990234375,4324.89990234375,4334.39990234375,3372
2026-09-14T12:15:00Z,4334.7998046875,4338.39990234375,4323.2001953125,4326.2001953125,5288
2026-09-14T12:30:00Z,4326.2001953125,4330,4312.5,4323.7998046875,9527
2026-09-14T12:45:00Z,4323.39990234375,4323.5,4305.7001953125,4310.7998046875,6910
2026-09-14T13:00:00Z,4311,4312.7998046875,4293.2001953125,4306.2998046875,10864
2026-09-14T13:15:00Z,4306.10009765625,4317.7998046875,4303.39990234375,4313.39990234375,6665
2026-09-14T13:30:00Z,4313.7001953125,4318.7998046875,4306.39990234375,4315.10009765625,7153
2026-09-14T13:45:00Z,4315,4321.7001953125,4309.2998046875,4312.5,7597
2026-09-14T14:00:00Z,4312.2998046875,4322.39990234375,4303.89990234375,4322.2001953125,8187
2026-09-14T14:15:00Z,4322,4323.39990234375,4303.5,4310,7028
2026-09-14T14:30:00Z,4310.2998046875,4317.7001953125,4306,4317.39990234375,4642
2026-09-14T14:45:00Z,4317.2001953125,4320.39990234375,4314.2998046875,4319.89990234375,4379
2026-09-14T15:00:00Z,4320.5,4327.7001953125,4313,4317.7001953125,8259
2026-09-14T15:15:00Z,4317.5,4325.60009765625,4313.2001953125,4324.39990234375,4217
2026-09-14T15:30:00Z,4324.10009765625,4339.5,4323.39990234375,4335.2998046875,9546
2026-09-14T15:45:00Z,4335.2998046875,4336,4327,4329.10009765625,4709
2026-09-14T16:00:00Z,4329.2998046875,4338.5,4327.2001953125,4334.7998046875,3622
2026-09-14T16:15:00Z,4335.2001953125,4346.39990234375,4335.2001953125,4340.89990234375,5306
2026-09-14T16:30:00Z,4340.89990234375,4348.89990234375,4339.7001953125,4346.7998046875,3854
2026-09-14T16:45:00Z,4347,4359,4345.5,4356.7001953125,7471
2026-09-14T17:00:00Z,4356.60009765625,4357.7001953125,4351.2001953125,4351.7998046875,3595
2026-09-14T17:15:00Z,4351.7001953125,4354.7998046875,4349.7001953125,4352.2998046875,3066
2026-09-14T17:30:00Z,4352.2001953125,4354.2001953125,4348.10009765625,4350.39990234375,2238
2026-09-14T17:45:00Z,4350.2001953125,4354.39990234375,4348.89990234375,4351.5,2037
2026-09-14T18:00:00Z,4351.7001953125,4356.60009765625,4348.39990234375,4353.2001953125,2570
2026-09-14T18:15:00Z,4352.89990234375,4353.2001953125,4346.5,4350.10009765625,1749
2026-09-14T18:30:00Z,4349.89990234375,4353.60009765625,4348.7998046875,4349.7998046875,1487
2026-09-14T18:45:00Z,4349.5,4350.39990234375,4344.39990234375,4347.7001953125,2003
2026-09-14T19:00:00Z,4347.7998046875,4348.10009765625,4343.10009765625,4346.2998046875,1829
2026-09-14T19:15:00Z,4346.2998046875,4346.2998046875,4336.60009765625,4337.10009765625,2710
2026-09-14T19:30:00Z,4337,4338.10009765625,4331.2001953125,4332.5,2809
2026-09-14T19:45:00Z,4332.5,4332.7998046875,4322.7998046875,4323.89990234375,4300
2026-09-14T20:00:00Z,4324.10009765625,4329.7998046875,4322.7998046875,4328.2998046875,2264
2026-09-14T20:15:00Z,4328.60009765625,4339.2001953125,4328.5,4337.60009765625,2372
2026-09-14T20:30:00Z,4337.60009765625,4340.5,4334.89990234375,4335.5,1689
2026-09-14T20:45:00Z,4335.89990234375,4340.60009765625,4335.5,4340.10009765625,953
2026-09-14T22:00:00Z,4340.2998046875,4344,4336.7998046875,4337.2998046875,783
2026-09-14T22:15:00Z,4337.39990234375,4338.7001953125,4332.89990234375,4336.2001953125,1617
2026-09-14T22:30:00Z,4336.10009765625,4339.2998046875,4333.7998046875,4336.10009765625,1986
2026-09-14T22:45:00Z,4336.10009765625,4339,4333.7001953125,4335.5,1606
2026-09-14T23:00:00Z,4335.7998046875,4338.10009765625,4331.39990234375,4332.39990234375,1966
2026-09-14T23:15:00Z,4332.5,4333,4327.39990234375,4330.39990234375,2511
2026-09-14T23:30:00Z,4330.2998046875,4332.2998046875,4328,4330,2137
2026-09-14T23:45:00Z,4330,4330,4327.2998046875,4329,985
2026-09-15T00:00:00Z,4328.60009765625,4329.7998046875,4324,4327.5,2448
2026-09-15T00:15:00Z,4327.2998046875,4330.7998046875,4324.10009765625,4328.7998046875,2852
2026-09-15T00:30:00Z,4328.7001953125,4334.2001953125,4323.7001953125,4333.2001953125,2767
2026-09-15T00:45:00Z,4333.39990234375,4337.39990234375,4332.39990234375,4333.39990234375,3018
2026-09-15T01:00:00Z,4333.7001953125,4340.2998046875,4328.2001953125,4340,5944
2026-09-15T01:15:00Z,4339.7001953125,4346.10009765625,4339,4341.89990234375,4102
2026-09-15T01:30:00Z,4342,4347,4334.89990234375,4338.39990234375,4769
2026-09-15T01:45:00Z,4338.5,4345,4333.7001953125,4344.2001953125,3330
2026-09-15T02:00:00Z,4344.60009765625,4351.89990234375,4344.39990234375,4347.2001953125,4354
2026-09-15T02:15:00Z,4347.5,4350.60009765625,4345.7001953125,4350.5,1396
2026-09-15T02:30:00Z,4350.7001953125,4357.7998046875,4347.5,4352,4242
2026-09-15T02:45:00Z,4351.89990234375,4358.2001953125,4351.7998046875,4354.60009765625,2503
2026-09-15T03:00:00Z,4354.7998046875,4355.2001953125,4350.39990234375,4351.39990234375,1682
2026-09-15T03:15:00Z,4351.2998046875,4355,4350,4351.2998046875,2003
2026-09-15T03:30:00Z,4351.5,4354.2001953125,4348.5,4349.2998046875,2346
2026-09-15T03:45:00Z,4349.2998046875,4350.7998046875,4343.7001953125,4345.10009765625,2272
2026-09-15T04:00:00Z,4344.2001953125,4350.60009765625,4342.7998046875,4348.10009765625,2630
2026-09-15T04:15:00Z,4348.2001953125,4349.5,4343,4344.10009765625,1379
2026-09-15T04:30:00Z,4344.10009765625,4346.7001953125,4341.10009765625,4345.2001953125,1816
2026-09-15T04:45:00Z,4345.2998046875,4348.2998046875,4344.2001953125,4345.10009765625,1576
2026-09-15T05:00:00Z,4344.7998046875,4347.89990234375,4340.2001953125,4341.60009765625,1813
2026-09-15T05:15:00Z,4341.60009765625,4341.89990234375,4336.2998046875,4337.2998046875,2066
2026-09-15T05:30:00Z,4337,4340.2998046875,4329.2001953125,4336.2998046875,4320
2026-09-15T05:45:00Z,4336.39990234375,4340.2001953125,4331,4331.2998046875,2333
2026-09-15T06:00:00Z,4331.2001953125,4334.60009765625,4325.89990234375,4330.2001953125,3548
2026-09-15T06:15:00Z,4330.10009765625,4332.7001953125,4327.2001953125,4329.89990234375,1811
2026-09-15T06:30:00Z,4329.5,4331.2998046875,4326,4330.7001953125,1563
2026-09-15T06:45:00Z,4330.89990234375,4335.7998046875,4330.5,4333.5,2845
2026-09-15T07:00:00Z,4333.39990234375,4335.89990234375,4326.89990234375,4328.10009765625,2469
2026-09-15T07:15:00Z,4328.39990234375,4333,4327.7001953125,4332.2001953125,1872
2026-09-15T07:30:00Z,4332.5,4333.39990234375,4320.7001953125,4324.2998046875,3014
2026-09-15T07:45:00Z,4324.10009765625,4330.7001953125,4316.39990234375,4320.7998046875,3669
2026-09-15T08:00:00Z,4320.7998046875,4321,4303.7998046875,4308.39990234375,5716
2026-09-15T08:15:00Z,4308.2998046875,4316.2001953125,4307.5,4313.39990234375,2802
2026-09-15T08:30:00Z,4313.7998046875,4315.39990234375,4307.5,4308.10009765625,1949
2026-09-15T08:45:00Z,4308.2998046875,4310.2998046875,4301.7001953125,4303.10009765625,2100
2026-09-15T09:00:00Z,4303.10009765625,4308,4302,4305.89990234375,2576
2026-09-15T09:15:00Z,4305.60009765625,4309.7998046875,4301.39990234375,4306.89990234375,2799
2026-09-15T09:30:00Z,4306.7998046875,4312.39990234375,4304.7001953125,4309.60009765625,2178
2026-09-15T09:45:00Z,4309.7998046875,4312.89990234375,4308.10009765625,4308.60009765625,1579
2026-09-15T10:00:00Z,4308.7998046875,4318.5,4308.60009765625,4313.5,2963
2026-09-15T10:15:00Z,4313.60009765625,4315.2001953125,4309.89990234375,4314.60009765625,1362
2026-09-15T10:30:00Z,4314.5,4317.39990234375,4313.5,4314.7998046875,1407
2026-09-15T10:45:00Z,4315.10009765625,4324,4314.10009765625,4321.39990234375,2741
2026-09-15T11:00:00Z,4321.39990234375,4324.2001953125,4318.7001953125,4324,1953
2026-09-15T11:15:00Z,4323.89990234375,4325.7001953125,4322.2998046875,4323.39990234375,1739
2026-09-15T11:30:00Z,4323.10009765625,4325,4319.89990234375,4322.5,1604
2026-09-15T11:45:00Z,4322.60009765625,4326.7001953125,4322,4324.5,1612
2026-09-15T12:00:00Z,4324.2001953125,4324.7998046875,4315.60009765625,4318.2001953125,3213
2026-09-15T12:15:00Z,4318.2001953125,4319.10009765625,4310.89990234375,4317.7001953125,3946
2026-09-15T12:30:00Z,4317.2998046875,4326,4314.39990234375,4321,4935
2026-09-15T12:45:00Z,4321,4335.89990234375,4320.89990234375,4330.2001953125,8781
2026-09-15T13:00:00Z,4330,4334.60009765625,4323.7001953125,4326.7998046875,5408
2026-09-15T13:15:00Z,4326.89990234375,4333.2001953125,4322.7001953125,4327.5,4307
2026-09-15T13:30:00Z,4327.39990234375,4334.2998046875,4324.10009765625,4329.5,5552
2026-09-15T13:45:00Z,4329.2001953125,4338.5,4328,4334.60009765625,5648
2026-09-15T14:00:00Z,4334.7001953125,4340.89990234375,4333.2001953125,4334.5,5945
2026-09-15T14:15:00Z,4334.60009765625,4335.7001953125,4321.5,4324.39990234375,6455
2026-09-15T14:30:00Z,4324.2998046875,4326.2998046875,4315.60009765625,4318.2001953125,6486
2026-09-15T14:45:00Z,4318,4323,4313.10009765625,4316.7001953125,6663
2026-09-15T15:00:00Z,4316.89990234375,4326.2001953125,4316.2001953125,4325.5,3804
2026-09-15T15:15:00Z,4325.2998046875,4327.89990234375,4322.2998046875,4324,3226
2026-09-15T15:30:00Z,4324.5,4331,4321.10009765625,4328.10009765625,3890
2026-09-15T15:45:00Z,4328,4335.2998046875,4325.10009765625,4329.39990234375,4520
2026-09-15T16:00:00Z,4329.5,4331.89990234375,4326,4326.10009765625,2208
2026-09-15T16:15:00Z,4326.39990234375,4337.39990234375,4325.39990234375,4335.89990234375,3546
2026-09-15T16:30:00Z,4335.7998046875,4338.2001953125,4331.7001953125,4336.89990234375,2986
2026-09-15T16:45:00Z,4336.89990234375,4338.60009765625,4335.10009765625,4335.60009765625,1943
2026-09-15T17:00:00Z,4335.7001953125,4340,4330.5,4335.5,3624
2026-09-15T17:15:00Z,4335.39990234375,4337.10009765625,4331.89990234375,4333.60009765625,2663
2026-09-15T17:30:00Z,4333.60009765625,4339.7001953125,4332.60009765625,4333.7001953125,2827
2026-09-15T17:45:00Z,4333.7998046875,4336.89990234375,4333.7001953125,4335.5,1372
2026-09-15T18:00:00Z,4335.5,4344.7001953125,4332.89990234375,4342.7001953125,3527
2026-09-15T18:15:00Z,4342.7998046875,4347.2001953125,4342.2998046875,4345.10009765625,3114
2026-09-15T18:30:00Z,4344.7998046875,4348.89990234375,4341.7998046875,4344.89990234375,2435
2026-09-15T18:45:00Z,4345.2001953125,4350.60009765625,4344.2001953125,4348.5,2319
2026-09-15T19:00:00Z,4348.7001953125,4351,4339.7001953125,4339.7998046875,3277
2026-09-15T19:15:00Z,4339.7998046875,4342.10009765625,4337.7001953125,4340.7001953125,1882
2026-09-15T19:30:00Z,4340.60009765625,4342.2001953125,4336.2001953125,4336.2998046875,1544
2026-09-15T19:45:00Z,4336.5,4339.7998046875,4333.7001953125,4337.5,2704
2026-09-15T20:00:00Z,4337.2998046875,4339.2001953125,4335.2998046875,4336,1649
2026-09-15T20:15:00Z,4336.10009765625,4336.7001953125,4333.7998046875,4334.2001953125,851
2026-09-15T20:30:00Z,4334.39990234375,4336,4331.2001953125,4332.89990234375,1371
2026-09-15T20:45:00Z,4332.7001953125,4334.39990234375,4331.7998046875,4333.2998046875,973
2026-09-15T22:00:00Z,4333.5,4337,4332.10009765625,4332.5,689
2026-09-15T22:15:00Z,4332.60009765625,4339.2001953125,4331,4339,2364
2026-09-15T22:30:00Z,4339.10009765625,4339.7001953125,4334.89990234375,4335.2998046875,1306
2026-09-15T22:45:00Z,4335.10009765625,4336,4328.89990234375,4329.39990234375,2401
2026-09-15T23:00:00Z,4329.2998046875,4329.7001953125,4324.7998046875,4326.10009765625,2839
2026-09-15T23:15:00Z,4326.10009765625,4327.5,4321.5,4324.60009765625,2261
2026-09-15T23:30:00Z,4324.2001953125,4328.10009765625,4322.89990234375,4325.5,2617
2026-09-15T23:45:00Z,4325.2998046875,4327.2001953125,4320,4323.7998046875,2352
2026-09-16T00:00:00Z,4323.89990234375,4325,4320.39990234375,4322.7998046875,1860
2026-09-16T00:15:00Z,4322.7998046875,4326.60009765625,4322,4324.5,1987
2026-09-16T00:30:00Z,4324.5,4325.89990234375,4318.2998046875,4323.7001953125,2694
2026-09-16T00:45:00Z,4323.5,4325.2998046875,4315.10009765625,4317.10009765625,3762
2026-09-16T01:00:00Z,4317.10009765625,4327.7001953125,4316.10009765625,4326.89990234375,5474
2026-09-16T01:15:00Z,4327.10009765625,4333.5,4324.10009765625,4330.2001953125,4978
2026-09-16T01:30:00Z,4330.10009765625,4331.2001953125,4325,4328.2001953125,2858
2026-09-16T01:45:00Z,4328.10009765625,4328.60009765625,4319.5,4321.7998046875,3423
2026-09-16T02:00:00Z,4321.7998046875,4334.7001953125,4321.10009765625,4331.89990234375,3791
2026-09-16T02:15:00Z,4332,4340.7998046875,4329.5,4338.89990234375,3894
2026-09-16T02:30:00Z,4338.89990234375,4356.7998046875,4338.39990234375,4351,8575
2026-09-16T02:45:00Z,4351.5,4363.89990234375,4350.60009765625,4362.10009765625,6189
2026-09-16T03:00:00Z,4362.2001953125,4379.7001953125,4361.7001953125,4377.7998046875,8463
2026-09-16T03:15:00Z,4378.2001953125,4382,4372.5,4372.60009765625,5583
2026-09-16T03:30:00Z,4372.60009765625,4373.5,4366.5,4368,3979
2026-09-16T03:45:00Z,4367.7001953125,4369.10009765625,4362.7001953125,4366.89990234375,2868
2026-09-16T04:00:00Z,4368,4369.5,4366.2001953125,4367.60009765625,1557
2026-09-16T04:15:00Z,4367.7001953125,4369.2998046875,4364,4366.7001953125,1613
2026-09-16T04:30:00Z,4366.2998046875,4369.10009765625,4363.5,4363.7001953125,1156
2026-09-16T04:45:00Z,4363.60009765625,4364.2998046875,4361.2001953125,4362.60009765625,1333
2026-09-16T05:00:00Z,4362.7001953125,4365.39990234375,4361.5,4362.2998046875,1977
2026-09-16T05:15:00Z,4362.2001953125,4367.7998046875,4362.2001953125,4365.39990234375,1717
2026-09-16T05:30:00Z,4365.7001953125,4373.7001953125,4364.89990234375,4373.39990234375,2851
2026-09-16T05:45:00Z,4373.39990234375,4374.2001953125,4366.60009765625,4366.7998046875,2051
2026-09-16T06:00:00Z,4366.7998046875,4372.2998046875,4361.7001953125,4365.7998046875,3184
2026-09-16T06:15:00Z,4365.7998046875,4370.2998046875,4364.89990234375,4367.10009765625,1674
2026-09-16T06:30:00Z,4367.10009765625,4368.39990234375,4364,4368.10009765625,1324
2026-09-16T06:45:00Z,4368.10009765625,4373.39990234375,4365.39990234375,4373,1669
2026-09-16T07:00:00Z,4372.7001953125,4376.2001953125,4370,4375.39990234375,2174
2026-09-16T07:15:00Z,4375.7998046875,4377.7998046875,4372,4375.89990234375,1647
2026-09-16T07:30:00Z,4375.89990234375,4379.5,4373.7998046875,4375.7001953125,1749
2026-09-16T07:45:00Z,4376.2001953125,4377.7998046875,4368.10009765625,4369,2104
2026-09-16T08:00:00Z,4369.10009765625,4369.39990234375,4362.5,4367.5,2741
2026-09-16T08:15:00Z,4367.60009765625,4377.7001953125,4366.2001953125,4374.2998046875,3792
2026-09-16T08:30:00Z,4374.5,4374.60009765625,4363.89990234375,4368.7998046875,2095
2026-09-16T08:45:00Z,4368.7001953125,4372.2001953125,4365.2998046875,4371.10009765625,1517
2026-09-16T09:00:00Z,4371.2001953125,4373.5,4370.39990234375,4373,1124
2026-09-16T09:15:00Z,4372.89990234375,4375,4368.10009765625,4370.2998046875,2368
2026-09-16T09:30:00Z,4370.39990234375,4378.2998046875,4370.2998046875,4376,1920
2026-09-16T09:45:00Z,4376.10009765625,4380.2998046875,4372.10009765625,4379.2001953125,1555
2026-09-16T10:00:00Z,4379.2998046875,4390.2998046875,4378.5,4384,4732
2026-09-16T10:15:00Z,4384,4390,4381.7998046875,4389.39990234375,2996
2026-09-16T10:30:00Z,4389.39990234375,4390.7998046875,4386.89990234375,4390.2998046875,1474
2026-09-16T10:45:00Z,4390.10009765625,4393.2001953125,4386.5,4392.10009765625,2221
2026-09-16T11:00:00Z,4392.10009765625,4394.5,4387.7998046875,4388.10009765625,3223
2026-09-16T11:15:00Z,4388,4394.7998046875,4387.2001953125,4391.7001953125,2056
2026-09-16T11:30:00Z,4391.7998046875,4394.5,4388.10009765625,4391,2203
2026-09-16T11:45:00Z,4391.10009765625,4391.89990234375,4382.7001953125,4382.7001953125,2500
2026-09-16T12:00:00Z,4382.89990234375,4389.2001953125,4381.5,4384.2998046875,3406
2026-09-16T12:15:00Z,4384.5,4386.7998046875,4378.5,4381.5,3354
2026-09-16T12:30:00Z,4380.89990234375,4386.2001953125,4375.2001953125,4384.89990234375,4172
2026-09-16T12:45:00Z,4384.7001953125,4390.2001953125,4383.5,4388.5,3723
2026-09-16T13:00:00Z,4388.39990234375,4398.7001953125,4384.7998046875,4397.60009765625,6427
2026-09-16T13:15:00Z,4398.2001953125,4401.7998046875,4390.2998046875,4393.2998046875,6229
2026-09-16T13:30:00Z,4393,4395.5,4381.39990234375,4381.60009765625,7073
2026-09-16T13:45:00Z,4381.60009765625,4387.2998046875,4376.2001953125,4380.10009765625,6525
2026-09-16T14:00:00Z,4379.89990234375,4381.89990234375,4365,4381.7998046875,11709
2026-09-16T14:15:00Z,4381.7998046875,4383,4372.2998046875,4379.89990234375,5488
2026-09-16T14:30:00Z,4379.7001953125,4388.2001953125,4376,4387.2001953125,5503
2026-09-16T14:45:00Z,4387.2998046875,4398.10009765625,4386.89990234375,4397,8259
2026-09-16T15:00:00Z,4397.10009765625,4400.2001953125,4391.60009765625,4395.10009765625,7170
2026-09-16T15:15:00Z,4395.2998046875,4397.2998046875,4385.60009765625,4386.10009765625,5067
2026-09-16T15:30:00Z,4386.39990234375,4394.60009765625,4384.60009765625,4392.7001953125,4370
2026-09-16T15:45:00Z,4392.5,4406.2001953125,4392,4394.60009765625,7317
2026-09-16T16:00:00Z,4394.7998046875,4395.10009765625,4388.5,4392,3512
2026-09-16T16:15:00Z,4392.10009765625,4394.2001953125,4386,4387.7001953125,2454
2026-09-16T16:30:00Z,4387.60009765625,4390.39990234375,4386.60009765625,4389.2998046875,1819
2026-09-16T16:45:00Z,4389.2998046875,4390.5,4385.39990234375,4388.2998046875,1693
2026-09-16T17:00:00Z,4388.39990234375,4388.60009765625,4383.2001953125,4385.2998046875,2145
2026-09-16T17:15:00Z,4384.89990234375,4389.10009765625,4383.89990234375,4388.2998046875,2292
2026-09-16T17:30:00Z,4388.39990234375,4392.10009765625,4384.89990234375,4385.5,2470
2026-09-16T17:45:00Z,4385.5,4411.5,4384.2001953125,4402.89990234375,4429
2026-09-16T18:00:00Z,4403,4414.10009765625,4348.7998046875,4352.2001953125,29414
2026-09-16T18:15:00Z,4352,4365.89990234375,4347.7001953125,4364.10009765625,12695
2026-09-16T18:30:00Z,4363.39990234375,4365.39990234375,4300,4341.60009765625,32989
2026-09-16T18:45:00Z,4341.7998046875,4348.2001953125,4296,4301,21085
2026-09-16T19:00:00Z,4301,4326.7998046875,4273.10009765625,4291.5,26958
2026-09-16T19:15:00Z,4291.39990234375,4296.89990234375,4278.2001953125,4292.89990234375,12131
2026-09-16T19:30:00Z,4292.89990234375,4310.2998046875,4292.5,4303.7001953125,9189
2026-09-16T19:45:00Z,4303.7001953125,4315.5,4303.5,4311.2001953125,6773
2026-09-16T20:00:00Z,4311.2001953125,4312.89990234375,4302.7001953125,4304.10009765625,3145
2026-09-16T20:15:00Z,4304.10009765625,4307.89990234375,4296.89990234375,4299.60009765625,2256
2026-09-16T20:30:00Z,4299.7001953125,4304.60009765625,4297.5,4301.5,1737
2026-09-16T20:45:00Z,4301.39990234375,4305.60009765625,4299.7998046875,4302.2001953125,1322
2026-09-16T22:00:00Z,4303.60009765625,4303.60009765625,4296.10009765625,4296.2001953125,1005
2026-09-16T22:15:00Z,4296.10009765625,4300.60009765625,4294.2998046875,4299.2001953125,1512
2026-09-16T22:30:00Z,4299.2998046875,4313.89990234375,4299.2001953125,4310.60009765625,3150
2026-09-16T22:45:00Z,4310.60009765625,4311.60009765625,4303,4304.60009765625,2790
2026-09-16T23:00:00Z,4304.10009765625,4307.2998046875,4296.2001953125,4300.2998046875,5128
2026-09-16T23:15:00Z,4300.60009765625,4311,4299.60009765625,4309.89990234375,2643
2026-09-16T23:30:00Z,4309.7001953125,4312.39990234375,4306.2998046875,4311.7998046875,3037
2026-09-16T23:45:00Z,4311.7998046875,4313.7001953125,4309.10009765625,4309.39990234375,2462
2026-09-17T00:00:00Z,4309.7998046875,4324.7998046875,4304.2998046875,4323.10009765625,5564
2026-09-17T00:15:00Z,4322.7998046875,4327.7998046875,4319.5,4322.89990234375,3766
2026-09-17T00:30:00Z,4322.89990234375,4330.60009765625,4320.2001953125,4326.7998046875,3275
2026-09-17T00:45:00Z,4326.60009765625,4327.7001953125,4315,4318.2998046875,4098
2026-09-17T01:00:00Z,4318.2998046875,4348.7001953125,4318.2998046875,4337,10929
2026-09-17T01:15:00Z,4336.7998046875,4350.7001953125,4336.2998046875,4348.10009765625,6036
2026-09-17T01:30:00Z,4348,4356,4346.5,4347.10009765625,6433
2026-09-17T01:45:00Z,4347.10009765625,4349.89990234375,4335.89990234375,4338.2998046875,5283
2026-09-17T02:00:00Z,4338.2998046875,4339.10009765625,4318.7998046875,4325.7001953125,7941
2026-09-17T02:15:00Z,4325.7001953125,4331.39990234375,4325.2001953125,4330,3119
2026-09-17T02:30:00Z,4330,4331.2001953125,4319.60009765625,4326.60009765625,4682
2026-09-17T02:45:00Z,4326.7001953125,4327.7998046875,4311.89990234375,4315.2998046875,4970
2026-09-17T03:00:00Z,4315.2998046875,4324.7998046875,4315,4323.2001953125,3480
2026-09-17T03:15:00Z,4322.89990234375,4325.2001953125,4320.89990234375,4323.7998046875,1985
2026-09-17T03:30:00Z,4324,4334.7001953125,4323.7001953125,4334.2001953125,3940
2026-09-17T03:45:00Z,4334.39990234375,4336,4332,4335.39990234375,1958
2026-09-17T04:00:00Z,4334.39990234375,4335.2001953125,4331,4332,2105
2026-09-17T04:15:00Z,4332.10009765625,4334.2001953125,4329.39990234375,4329.7001953125,1672
2026-09-17T04:30:00Z,4329.7998046875,4335.2998046875,4328.60009765625,4333.89990234375,1796
2026-09-17T04:45:00Z,4333.7001953125,4337.60009765625,4333.60009765625,4335.5,2106
2026-09-17T05:00:00Z,4335.60009765625,4337.89990234375,4332.2998046875,4332.5,1318
2026-09-17T05:15:00Z,4332.7001953125,4332.7001953125,4323.7998046875,4324.7998046875,2807
2026-09-17T05:30:00Z,4325.10009765625,4336.7001953125,4324.60009765625,4335.2001953125,3403
2026-09-17T05:45:00Z,4335.89990234375,4343.7001953125,4334.2001953125,4342.60009765625,3249
2026-09-17T06:00:00Z,4342.60009765625,4351,4342.2998046875,4350.60009765625,3679
2026-09-17T06:15:00Z,4350.89990234375,4351.60009765625,4343.2001953125,4350.5,2740
2026-09-17T06:30:00Z,4350.5,4354,4344.2001953125,4347.7998046875,3059
2026-09-17T06:45:00Z,4347.7998046875,4350.7001953125,4345.39990234375,4349.39990234375,2130
2026-09-17T07:00:00Z,4349.39990234375,4362.2998046875,4347.89990234375,4361.89990234375,3808
2026-09-17T07:15:00Z,4361.60009765625,4368.89990234375,4358,4368,4492
2026-09-17T07:30:00Z,4368.39990234375,4374,4367.89990234375,4370.39990234375,3915
2026-09-17T07:45:00Z,4370.5,4374.7001953125,4362.7998046875,4366.5,3598
2026-09-17T08:00:00Z,4366.5,4367.2998046875,4356.7001953125,4359.60009765625,2784
2026-09-17T08:15:00Z,4359.2001953125,4361.10009765625,4353.7001953125,4355.39990234375,2827
2026-09-17T08:30:00Z,4355.2998046875,4359.10009765625,4351.2998046875,4352.89990234375,2671
2026-09-17T08:45:00Z,4352.7998046875,4353.2998046875,4349.2998046875,4350.7998046875,2151
2026-09-17T09:00:00Z,4350.7998046875,4358.60009765625,4350.7998046875,4355.2001953125,2453
2026-09-17T09:15:00Z,4355,4355.7001953125,4344.7001953125,4345.2998046875,2990
2026-09-17T09:30:00Z,4345.2001953125,4350.2001953125,4343.7001953125,4348.5,2272
2026-09-17T09:45:00Z,4348.2001953125,4350.39990234375,4344.5,4345.10009765625,1528
2026-09-17T10:00:00Z,4345.39990234375,4353,4343.7998046875,4349.2001953125,2194
2026-09-17T10:15:00Z,4349.5,4355.10009765625,4345.7001953125,4352.7001953125,1926
2026-09-17T10:30:00Z,4353.10009765625,4358.10009765625,4351.5,4355.7001953125,1744
2026-09-17T10:45:00Z,4355.7001953125,4364.89990234375,4355.60009765625,4363.89990234375,2472
2026-09-17T11:00:00Z,4364,4380,4363.2001953125,4371.5,5869
2026-09-17T11:15:00Z,4371.7998046875,4374.60009765625,4366,4367.7001953125,3540
2026-09-17T11:30:00Z,4368.10009765625,4368.7001953125,4362.89990234375,4364.39990234375,2474
2026-09-17T11:45:00Z,4364.5,4393.39990234375,4364.2001953125,4390,7592
2026-09-17T12:00:00Z,4389.89990234375,4395.7998046875,4383.7998046875,4395.10009765625,7944
2026-09-17T12:15:00Z,4395,4422.2998046875,4393.5,4421.7001953125,10789
2026-09-17T12:30:00Z,4421.2998046875,4421.2998046875,4400.7998046875,4400.89990234375,8644
2026-09-17T12:45:00Z,4401,4415.2998046875,4399.39990234375,4413.89990234375,5469
2026-09-17T13:00:00Z,4413.89990234375,4415,4400.60009765625,4406.5,6440
2026-09-17T13:15:00Z,4406.60009765625,4415.7001953125,4405.2001953125,4407.2001953125,4774
2026-09-17T13:30:00Z,4407.5,4414.89990234375,4396.7001953125,4398.89990234375,8939
2026-09-17T13:45:00Z,4398.89990234375,4412.60009765625,4395.7001953125,4407.5,7110
2026-09-17T14:00:00Z,4407.39990234375,4421,4405.10009765625,4412.7001953125,8755
2026-09-17T14:15:00Z,4412.39990234375,4413.7998046875,4406,4407.60009765625,4269
2026-09-17T14:30:00Z,4407.7998046875,4409,4400.10009765625,4401.89990234375,5145
2026-09-17T14:45:00Z,4402,4405.60009765625,4392.5,4394.60009765625,5393
2026-09-17T15:00:00Z,4394.60009765625,4402.89990234375,4391.7998046875,4402.2998046875,5538
2026-09-17T15:15:00Z,4402.2998046875,4405.2998046875,4396.7001953125,4399.10009765625,4635
2026-09-17T15:30:00Z,4399.39990234375,4407.5,4396.10009765625,4406.10009765625,3701
2026-09-17T15:45:00Z,4405.89990234375,4410.2001953125,4403.39990234375,4409.89990234375,3167
2026-09-17T16:00:00Z,4410,4413.2001953125,4406.7998046875,4407.7001953125,4307
2026-09-17T16:15:00Z,4407.7998046875,4408.5,4403.2001953125,4407.2998046875,2329
2026-09-17T16:30:00Z,4407.10009765625,4407.2998046875,4397.10009765625,4399.7001953125,3532
2026-09-17T16:45:00Z,4399.60009765625,4402.5,4395.2001953125,4402,4033
2026-09-17T17:00:00Z,4402.2998046875,4405.89990234375,4397.89990234375,4401.7998046875,3275
2026-09-17T17:15:00Z,4401.7001953125,4403,4397.5,4400.2001953125,2048
2026-09-17T17:30:00Z,4400.39990234375,4403.7001953125,4397.2001953125,4400.2998046875,1704
2026-09-17T17:45:00Z,4400.2001953125,4401.5,4398.2998046875,4400.7001953125,1029
2026-09-17T18:00:00Z,4401.2001953125,4405.60009765625,4399.7998046875,4404.89990234375,1734
2026-09-17T18:15:00Z,4404.5,4405.7998046875,4395.7001953125,4396,2302
2026-09-17T18:30:00Z,4396.39990234375,4396.5,4388,4391.60009765625,4077
2026-09-17T18:45:00Z,4391.7001953125,4392.2998046875,4388.60009765625,4390.89990234375,2015
2026-09-17T19:00:00Z,4391,4395.60009765625,4390.7998046875,4394.10009765625,2017
2026-09-17T19:15:00Z,4394.10009765625,4394.2001953125,4382.2998046875,4382.60009765625,3797
2026-09-17T19:30:00Z,4382.7001953125,4386.2998046875,4381.7998046875,4384.39990234375,2187
2026-09-17T19:45:00Z,4384.60009765625,4388.89990234375,4383.2998046875,4385.2001953125,3017
2026-09-17T20:00:00Z,4385.7001953125,4386.2998046875,4381.2001953125,4382.39990234375,1564
2026-09-17T20:15:00Z,4382.2998046875,4385,4381.2998046875,4381.2998046875,1042
2026-09-17T20:30:00Z,4381.7998046875,4383.5,4379.2998046875,4380.7998046875,1323
2026-09-17T20:45:00Z,4380.60009765625,4382.10009765625,4379.89990234375,4380.60009765625,845
2026-09-17T22:00:00Z,4381.2998046875,4386.10009765625,4380.60009765625,4383.60009765625,621
2026-09-17T22:15:00Z,4383.60009765625,4384.10009765625,4380.5,4383.60009765625,1085
2026-09-17T22:30:00Z,4383.7001953125,4389.10009765625,4383.2001953125,4383.39990234375,2180
2026-09-17T22:45:00Z,4383.10009765625,4385.10009765625,4380.10009765625,4383.2001953125,2438
2026-09-17T23:00:00Z,4383,4385.2001953125,4378.2998046875,4384,2354
2026-09-17T23:15:00Z,4384,4386.7001953125,4380,4383,2265
2026-09-17T23:30:00Z,4383.2001953125,4384,4382,4383,748
2026-09-17T23:45:00Z,4383,4387.2998046875,4382.2001953125,4385.10009765625,1560
2026-09-18T00:00:00Z,4384.89990234375,4393.7001953125,4380.7001953125,4393.2001953125,3543
2026-09-18T00:15:00Z,4393,4396.2998046875,4389.39990234375,4392.10009765625,3799
2026-09-18T00:30:00Z,4392,4399.39990234375,4391.7001953125,4397.60009765625,3068
2026-09-18T00:45:00Z,4397.7001953125,4398.2998046875,4391.10009765625,4395,2811
2026-09-18T01:00:00Z,4395.5,4404.7998046875,4395.5,4396.89990234375,6983
2026-09-18T01:15:00Z,4396.7998046875,4403.39990234375,4393,4398.39990234375,3892
2026-09-18T01:30:00Z,4398.2998046875,4398.7001953125,4385.89990234375,4386,4772
2026-09-18T01:45:00Z,4386,4389.2998046875,4382.2998046875,4387.10009765625,3891
2026-09-18T02:00:00Z,4387.10009765625,4390.7001953125,4384.7001953125,4389.2001953125,3267
2026-09-18T02:15:00Z,4389.2001953125,4392.7998046875,4386.5,4391.7998046875,2686
2026-09-18T02:30:00Z,4392,4395.2998046875,4388.60009765625,4390.2998046875,3582
2026-09-18T02:45:00Z,4390.2001953125,4394.5,4381.2001953125,4385.2998046875,4175
2026-09-18T03:00:00Z,4385.2001953125,4390.2001953125,4382,4383.10009765625,3119
2026-09-18T03:15:00Z,4383.2998046875,4383.39990234375,4371.2001953125,4379,6405
2026-09-18T03:30:00Z,4379.2001953125,4397.2998046875,4378.7001953125,4395.89990234375,6370
2026-09-18T03:45:00Z,4395.60009765625,4399.7001953125,4395.2998046875,4396.39990234375,3427
2026-09-18T04:00:00Z,4397.60009765625,4400.5,4395.7001953125,4395.7001953125,2223
2026-09-18T04:15:00Z,4395.89990234375,4397.2001953125,4391.60009765625,4397.10009765625,2493
2026-09-18T04:30:00Z,4397.2001953125,4405.10009765625,4396.10009765625,4403.7998046875,3061
2026-09-18T04:45:00Z,4404,4406.89990234375,4400.60009765625,4406.7001953125,3639
2026-09-18T05:00:00Z,4406.7001953125,4409.2001953125,4403.5,4405.2998046875,2960
2026-09-18T05:15:00Z,4405.39990234375,4409.2998046875,4403.39990234375,4404.2998046875,2118
2026-09-18T05:30:00Z,4404.5,4418.39990234375,4400,4417,6975
2026-09-18T05:45:00Z,4417,4417.7998046875,4410.2001953125,4416.7001953125,3630
2026-09-18T06:00:00Z,4416.89990234375,4430.2001953125,4416.7001953125,4428.5,6996
2026-09-18T06:15:00Z,4428.5,4433.60009765625,4421.5,4432.2998046875,4377
2026-09-18T06:30:00Z,4431.89990234375,4436.7001953125,4430.39990234375,4435.89990234375,3456
2026-09-18T06:45:00Z,4436,4437.10009765625,4429.39990234375,4433.10009765625,3684
2026-09-18T07:00:00Z,4433.2001953125,4435.7001953125,4428.7001953125,4430.2998046875,3116
2026-09-18T07:15:00Z,4430.5,4435.89990234375,4429.60009765625,4435.5,2385
2026-09-18T07:30:00Z,4435.60009765625,4437.2998046875,4431,4433.60009765625,2648
2026-09-18T07:45:00Z,4433.7001953125,4439.89990234375,4432.39990234375,4433.2001953125,3067
2026-09-18T08:00:00Z,4433.39990234375,4438.39990234375,4430.2001953125,4430.2998046875,2862
2026-09-18T08:15:00Z,4430.2001953125,4434.10009765625,4427.5,4427.89990234375,2967
2026-09-18T08:30:00Z,4427.7998046875,4429.89990234375,4424.7001953125,4426.7001953125,2656
2026-09-18T08:45:00Z,4426.60009765625,4434.39990234375,4425.89990234375,4432.10009765625,2539
2026-09-18T09:00:00Z,4432.2998046875,4438.39990234375,4431.5,4434.39990234375,2276
2026-09-18T09:15:00Z,4434.7001953125,4435.39990234375,4425.7001953125,4428.10009765625,2557
2026-09-18T09:30:00Z,4427.89990234375,4429.2001953125,4416.60009765625,4416.60009765625,3901
2026-09-18T09:45:00Z,4416.60009765625,4418.39990234375,4413.10009765625,4416.5,3276
2026-09-18T10:00:00Z,4416.39990234375,4420,4415.5,4418.60009765625,1782
2026-09-18T10:15:00Z,4418.89990234375,4421.39990234375,4417.2001953125,4421.39990234375,1596
2026-09-18T10:30:00Z,4421.39990234375,4421.89990234375,4418,4421.10009765625,1651
2026-09-18T10:45:00Z,4421.10009765625,4421.5,4415.7001953125,4421.2998046875,2113
2026-09-18T11:00:00Z,4421.2998046875,4428.10009765625,4416.89990234375,4427.7001953125,4853
2026-09-18T11:15:00Z,4427.5,4427.89990234375,4417,4417.10009765625,2197
2026-09-18T11:30:00Z,4417.2998046875,4422.2998046875,4413.89990234375,4415,2604
2026-09-18T11:45:00Z,4415.10009765625,4421.2001953125,4410.89990234375,4420.7998046875,3312
2026-09-18T12:00:00Z,4420.89990234375,4422.2001953125,4409.39990234375,4412.2001953125,5246
2026-09-18T12:15:00Z,4412.5,4415.7998046875,4392.2998046875,4397,9042
2026-09-18T12:30:00Z,4397,4412.10009765625,4396.7001953125,4407.89990234375,7528
2026-09-18T12:45:00Z,4408.2001953125,4409.7001953125,4405.10009765625,4408,2793
2026-09-18T13:00:00Z,4407.7998046875,4414.60009765625,4402.5,4410.2001953125,6879
2026-09-18T13:15:00Z,4410.60009765625,4413.7001953125,4401.10009765625,4406.10009765625,4729
2026-09-18T13:30:00Z,4406.10009765625,4406.60009765625,4390.60009765625,4392.2001953125,9095
2026-09-18T13:45:00Z,4392.10009765625,4397,4385.5,4387.7998046875,8630
2026-09-18T14:00:00Z,4387.5,4394.7998046875,4386.10009765625,4390.10009765625,7294
2026-09-18T14:15:00Z,4390,4393.7001953125,4381.2998046875,4381.5,8253
2026-09-18T14:30:00Z,4381.2998046875,4393.39990234375,4381,4391.89990234375,5818
2026-09-18T14:45:00Z,4391.7998046875,4400.2001953125,4389.89990234375,4391.2998046875,6807
2026-09-18T15:00:00Z,4391.10009765625,4394.89990234375,4386,4390.39990234375,4649
2026-09-18T15:15:00Z,4390.39990234375,4395.5,4389.89990234375,4394.5,3117
2026-09-18T15:30:00Z,4394.60009765625,4395.89990234375,4387,4393.39990234375,4078
2026-09-18T15:45:00Z,4393.10009765625,4396.60009765625,4390.7998046875,4395,2556
2026-09-18T16:00:00Z,4395.10009765625,4403.2998046875,4393,4400.2001953125,3963
2026-09-18T16:15:00Z,4400.10009765625,4417,4398,4416.2001953125,7278
2026-09-18T16:30:00Z,4416,4422.5,4412.7998046875,4416.5,6358
2026-09-18T16:45:00Z,4416.7998046875,4422.2001953125,4415.39990234375,4421,3920
2026-09-18T17:00:00Z,4421.10009765625,4425.7001953125,4419.89990234375,4424,5200
2026-09-18T17:15:00Z,4424,4427.7001953125,4420.60009765625,4425.10009765625,4378
2026-09-18T17:30:00Z,4425.10009765625,4435,4423.60009765625,4431.2998046875,5922
2026-09-18T17:45:00Z,4431.10009765625,4435.2001953125,4430.10009765625,4431.39990234375,2653
2026-09-18T18:00:00Z,4431.2998046875,4432.89990234375,4427.39990234375,4430.7001953125,4325
2026-09-18T18:15:00Z,4430.7001953125,4431.2998046875,4427.39990234375,4429.2001953125,1819
2026-09-18T18:30:00Z,4429.2998046875,4429.7001953125,4419.2998046875,4419.39990234375,4013
2026-09-18T18:45:00Z,4419.5,4422.60009765625,4418.2998046875,4420.7998046875,3696
2026-09-18T19:00:00Z,4420.7998046875,4424.60009765625,4417.7001953125,4422.7998046875,3370
2026-09-18T19:15:00Z,4422.7998046875,4423.39990234375,4416.89990234375,4418.7001953125,2483
2026-09-18T19:30:00Z,4418.7001953125,4420.7998046875,4417.7001953125,4419.60009765625,1641
2026-09-18T19:45:00Z,4419.7001953125,4421.5,4413.5,4415.60009765625,3848
2026-09-18T20:00:00Z,4415.60009765625,4421.7001953125,4414.39990234375,4420,1933
2026-09-18T20:15:00Z,4419.7998046875,4421.5,4417.39990234375,4419.2998046875,1046
2026-09-18T20:30:00Z,4419.39990234375,4421.2001953125,4417.2001953125,4419,928
2026-09-18T20:45:00Z,4418.7998046875,4424.89990234375,4414.5,4424.89990234375,1271
2026-09-20T22:00:00Z,4414.89990234375,4417.89990234375,4414.7998046875,4417.89990234375,334
2026-09-20T22:15:00Z,4417.60009765625,4417.60009765625,4412.60009765625,4414.2001953125,1483
2026-09-20T22:30:00Z,4414.10009765625,4416.39990234375,4412.7998046875,4412.7998046875,1039
2026-09-20T22:45:00Z,4412.7998046875,4415.39990234375,4412,4412,1231
2026-09-20T23:00:00Z,4412.10009765625,4413.10009765625,4409.10009765625,4411.2998046875,1632
2026-09-20T23:15:00Z,4411.39990234375,4413.5,4409.7998046875,4412.7998046875,1276
2026-09-20T23:30:00Z,4412.5,4415,4409.5,4409.7001953125,1827
2026-09-20T23:45:00Z,4409.5,4412.2001953125,4406.7998046875,4411.2001953125,2455
2026-09-21T00:00:00Z,4411.5,4411.60009765625,4402.2001953125,4402.7998046875,3854
2026-09-21T00:15:00Z,4403,4408.10009765625,4396.5,4406.2998046875,4652
2026-09-21T00:30:00Z,4406,4414.2998046875,4404,4407.2001953125,4501
2026-09-21T00:45:00Z,4407.60009765625,4409.60009765625,4400,4404.89990234375,5303
2026-09-21T01:00:00Z,4404.5,4419.2998046875,4404.5,4419.10009765625,7018
2026-09-21T01:15:00Z,4419.2998046875,4422.2001953125,4412.7001953125,4413.2998046875,4880
2026-09-21T01:30:00Z,4413.2001953125,4419.2998046875,4411.89990234375,4417.89990234375,2657
2026-09-21T01:45:00Z,4417.7001953125,4421.60009765625,4413.89990234375,4415.60009765625,2717
2026-09-21T02:00:00Z,4415.7001953125,4416.2001953125,4405.89990234375,4406.89990234375,3727
2026-09-21T02:15:00Z,4407,4407.89990234375,4399,4407.2001953125,4575
2026-09-21T02:30:00Z,4407.5,4411,4401.7998046875,4404.10009765625,4759
2026-09-21T02:45:00Z,4404.10009765625,4408,4400.39990234375,4401.39990234375,2084
2026-09-21T03:00:00Z,4401.39990234375,4404.7001953125,4396.60009765625,4400.7001953125,3759
2026-09-21T03:15:00Z,4400.7998046875,4403.39990234375,4396.7001953125,4397.7001953125,1729
2026-09-21T03:30:00Z,4397.5,4405.89990234375,4397.2001953125,4405,2234
2026-09-21T03:45:00Z,4405,4406.10009765625,4393.5,4396.2001953125,2710
2026-09-21T04:00:00Z,4396.7001953125,4398.7998046875,4392.5,4397.39990234375,2825
2026-09-21T04:15:00Z,4397.2001953125,4403,4396.7998046875,4398.89990234375,2130
2026-09-21T04:30:00Z,4399.2001953125,4400.7998046875,4395.39990234375,4399.2998046875,2154
2026-09-21T04:45:00Z,4399.2998046875,4399.60009765625,4392.2001953125,4393.2001953125,1895
2026-09-21T05:00:00Z,4393,4394.60009765625,4389.5,4393.2001953125,2385
2026-09-21T05:15:00Z,4393,4398.60009765625,4391.10009765625,4394.7001953125,2151
2026-09-21T05:30:00Z,4394.5,4399.39990234375,4388.39990234375,4391.89990234375,3084
2026-09-21T05:45:00Z,4392,4393.2001953125,4386.2998046875,4388,2828
2026-09-21T06:00:00Z,4388,4393.2998046875,4386.5,4390.5,2372
2026-09-21T06:15:00Z,4390.89990234375,4392,4383.5,4384.39990234375,2694
2026-09-21T06:30:00Z,4384.39990234375,4391.5,4384.39990234375,4389.2998046875,2022
2026-09-21T06:45:00Z,4389.39990234375,4392.39990234375,4387.7001953125,4391,1838
2026-09-21T07:00:00Z,4390.7998046875,4394,4383.10009765625,4390.2998046875,4280
2026-09-21T07:15:00Z,4390.2998046875,4393.2001953125,4384.39990234375,4387.89990234375,2468
2026-09-21T07:30:00Z,4388.2001953125,4392.7001953125,4378.60009765625,4384.5,3740
2026-09-21T07:45:00Z,4384.39990234375,4387.2998046875,4381.5,4381.5,1906
2026-09-21T08:00:00Z,4381.5,4390.7001953125,4380.7001953125,4387.7001953125,2627
2026-09-21T08:15:00Z,4387.7998046875,4393,4387.2998046875,4390.7001953125,1716
2026-09-21T08:30:00Z,4390.39990234375,4395.39990234375,4388,4395,2120
2026-09-21T08:45:00Z,4395.10009765625,4395.10009765625,4387,4390.7001953125,1672
2026-09-21T09:00:00Z,4390.7998046875,4391.60009765625,4386.7001953125,4391.60009765625,1455
2026-09-21T09:15:00Z,4391.2001953125,4392.5,4383.60009765625,4383.7001953125,1733
2026-09-21T09:30:00Z,4383.7998046875,4385.7998046875,4376.5,4385.39990234375,3901
2026-09-21T09:45:00Z,4385.5,4386.39990234375,4381.2998046875,4384,1434
2026-09-21T10:00:00Z,4383.39990234375,4391.39990234375,4383,4391.39990234375,1808
2026-09-21T10:15:00Z,4391.5,4394.7998046875,4387.60009765625,4388.5,1757
2026-09-21T10:30:00Z,4388.5,4390.2998046875,4385.5,4386.2001953125,1361
2026-09-21T10:45:00Z,4385.7998046875,4388.5,4380.10009765625,4380.2998046875,1517
2026-09-21T11:00:00Z,4380.2001953125,4386.2998046875,4379.5,4386,2318
2026-09-21T11:15:00Z,4386.2998046875,4393.10009765625,4386.2998046875,4391.2998046875,2353
2026-09-21T11:30:00Z,4391.2001953125,4405.5,4389.60009765625,4404.5,3860
2026-09-21T11:45:00Z,4404.60009765625,4409.2998046875,4402.7001953125,4407.10009765625,3564
2026-09-21T12:00:00Z,4407.2998046875,4413.10009765625,4400.10009765625,4407.60009765625,4956
2026-09-21T12:15:00Z,4407.60009765625,4409.2001953125,4388.7998046875,4393.39990234375,5536
2026-09-21T12:30:00Z,4393.2001953125,4401.7001953125,4388.89990234375,4401,5311
2026-09-21T12:45:00Z,4400.89990234375,4401.7998046875,4391.2998046875,4397.39990234375,3349
2026-09-21T13:00:00Z,4397.2998046875,4402.39990234375,4393.60009765625,4401,3468
2026-09-21T13:15:00Z,4401.2001953125,4407.89990234375,4398.39990234375,4402.2001953125,3337
2026-09-21T13:30:00Z,4402,4402.7998046875,4386.60009765625,4390.60009765625,7168
2026-09-21T13:45:00Z,4390.60009765625,4394.2001953125,4383.39990234375,4383.89990234375,4924
2026-09-21T14:00:00Z,4383.89990234375,4385,4360.60009765625,4378.5,17462
2026-09-21T14:15:00Z,4378.2998046875,4381.60009765625,4372.10009765625,4379.7001953125,6117
2026-09-21T14:30:00Z,4379.60009765625,4382.10009765625,4369.7001953125,4370.10009765625,5705
2026-09-21T14:45:00Z,4370.2998046875,4381,4370.10009765625,4377,4309
2026-09-21T15:00:00Z,4377.2001953125,4388.7001953125,4377,4387.5,5149
2026-09-21T15:15:00Z,4387.7001953125,4392.39990234375,4386.39990234375,4389.39990234375,3485
2026-09-21T15:30:00Z,4389.60009765625,4394.7998046875,4386.2998046875,4388.2001953125,4661
2026-09-21T15:45:00Z,4388.2998046875,4392.89990234375,4384.5,4386.2998046875,3882
2026-09-21T16:00:00Z,4386.39990234375,4395.2001953125,4382.60009765625,4390.2998046875,5061
2026-09-21T16:15:00Z,4390.10009765625,4395.89990234375,4387.10009765625,4389.10009765625,3196
2026-09-21T16:30:00Z,4389,4391.10009765625,4381.2001953125,4382.2001953125,2782
2026-09-21T16:45:00Z,4382.10009765625,4385,4380.89990234375,4381.2998046875,2700
2026-09-21T17:00:00Z,4381.5,4385.60009765625,4379.7001953125,4384.2998046875,2227
2026-09-21T17:15:00Z,4384.2998046875,4385.10009765625,4378.7001953125,4384.39990234375,3178
2026-09-21T17:30:00Z,4384.2998046875,4385.10009765625,4375.60009765625,4379,3738
2026-09-21T17:45:00Z,4378.7998046875,4384.7001953125,4377.60009765625,4382.7001953125,1978
2026-09-21T18:00:00Z,4382.7998046875,4389.7998046875,4382.10009765625,4388.2998046875,2713
2026-09-21T18:15:00Z,4388.39990234375,4391,4387.10009765625,4389,2214
2026-09-21T18:30:00Z,4389.2001953125,4390.2001953125,4384.2001953125,4385.5,1989
2026-09-21T18:45:00Z,4385.60009765625,4387.2998046875,4383.7001953125,4384.39990234375,1759
2026-09-21T19:00:00Z,4384.5,4385.2001953125,4380.2001953125,4383.60009765625,1975
2026-09-21T19:15:00Z,4383.60009765625,4388.89990234375,4382.7998046875,4386.89990234375,1304
2026-09-21T19:30:00Z,4387,4392,4385.39990234375,4385.89990234375,2653
2026-09-21T19:45:00Z,4386.10009765625,4386.39990234375,4382.5,4383,2214
2026-09-21T20:00:00Z,4383,4383.2998046875,4379.39990234375,4379.7998046875,1332
2026-09-21T20:15:00Z,4379.7001953125,4379.89990234375,4377.7998046875,4378.60009765625,940
2026-09-21T20:30:00Z,4378.60009765625,4381.10009765625,4377.5,4380.2998046875,1111
2026-09-21T20:45:00Z,4380.2998046875,4382.2998046875,4378.7001953125,4381.39990234375,767
2026-09-21T22:00:00Z,4382.2998046875,4388.2001953125,4381.39990234375,4387.2998046875,1016
2026-09-21T22:15:00Z,4387.2998046875,4390.7998046875,4386.5,4390,1653
2026-09-21T22:30:00Z,4390.2001953125,4390.7001953125,4388.7001953125,4390.10009765625,839
2026-09-21T22:45:00Z,4390.10009765625,4403,4390,4398.5,3793
2026-09-21T23:00:00Z,4398.7998046875,4403.89990234375,4397.10009765625,4397.10009765625,2731
2026-09-21T23:15:00Z,4397.10009765625,4402.7998046875,4395.2001953125,4397.10009765625,2876
2026-09-21T23:30:00Z,4397.2998046875,4408.60009765625,4395.5,4406.5,4287
2026-09-21T23:45:00Z,4406.60009765625,4408.7001953125,4401.7998046875,4406.7998046875,3212
2026-09-22T00:00:00Z,4407,4414,4405,4407.89990234375,5200
2026-09-22T00:15:00Z,4407.7998046875,4407.7998046875,4395.60009765625,4396.2001953125,4805
2026-09-22T00:30:00Z,4395.7998046875,4397.2001953125,4385.7998046875,4392.7001953125,6007
2026-09-22T00:45:00Z,4393.10009765625,4398,4390.60009765625,4397.60009765625,3785
2026-09-22T01:00:00Z,4397.60009765625,4402.7001953125,4390,4390.7998046875,7938
2026-09-22T01:15:00Z,4390.7001953125,4396.2998046875,4386.7998046875,4393.2998046875,4285
2026-09-22T01:30:00Z,4393,4394.7998046875,4386.39990234375,4386.5,2900
2026-09-22T01:45:00Z,4386.7001953125,4388.60009765625,4380.7001953125,4385.7998046875,4701
2026-09-22T02:00:00Z,4386.10009765625,4390.60009765625,4378.5,4379.60009765625,3977
2026-09-22T02:15:00Z,4379.7001953125,4389.5,4376.2998046875,4388.7998046875,3724
2026-09-22T02:30:00Z,4388.89990234375,4392.89990234375,4383.2998046875,4383.89990234375,4345
2026-09-22T02:45:00Z,4383.7998046875,4384.2998046875,4377.2998046875,4381.7998046875,3684
2026-09-22T03:00:00Z,4381.60009765625,4383,4376.39990234375,4382.7001953125,2344
2026-09-22T03:15:00Z,4382.5,4383.7001953125,4378.39990234375,4383,1908
2026-09-22T03:30:00Z,4383,4386.39990234375,4378,4379.7998046875,2302
2026-09-22T03:45:00Z,4379.89990234375,4381.2001953125,4377.2998046875,4378.89990234375,1235
2026-09-22T04:00:00Z,4378.39990234375,4379,4371.2998046875,4375.2001953125,4025
2026-09-22T04:15:00Z,4375.2001953125,4376.39990234375,4372.7001953125,4374.5,1384
2026-09-22T04:30:00Z,4374.2998046875,4378,4373.10009765625,4377.10009765625,1116
2026-09-22T04:45:00Z,4377,4380,4375.60009765625,4379.2998046875,1665
2026-09-22T05:00:00Z,4379.5,4384.5,4377.10009765625,4383.10009765625,2272
2026-09-22T05:15:00Z,4383.2998046875,4383.5,4358.39990234375,4368.60009765625,7182
2026-09-22T05:30:00Z,4368.5,4370,4352.60009765625,4357.39990234375,8089
2026-09-22T05:45:00Z,4357.10009765625,4370,4356.5,4360.2001953125,3856
2026-09-22T06:00:00Z,4360.2001953125,4361.2998046875,4351.60009765625,4356,4762
2026-09-22T06:15:00Z,4356.10009765625,4357.60009765625,4351.89990234375,4354.7998046875,2751
2026-09-22T06:30:00Z,4354.7001953125,4357.60009765625,4352,4357,1800
2026-09-22T06:45:00Z,4356.89990234375,4358.60009765625,4350.39990234375,4354.89990234375,2728
2026-09-22T07:00:00Z,4354.89990234375,4360.10009765625,4351.39990234375,4357,2341
2026-09-22T07:15:00Z,4356.89990234375,4361.2001953125,4351.5,4351.89990234375,2038
2026-09-22T07:30:00Z,4351.7001953125,4352.2998046875,4345.2001953125,4347.2998046875,4311
2026-09-22T07:45:00Z,4347.2001953125,4352.39990234375,4335.5,4337.39990234375,5724
2026-09-22T08:00:00Z,4337.2001953125,4348.2998046875,4335.10009765625,4340.10009765625,4346
2026-09-22T08:15:00Z,4340.2001953125,4344.2998046875,4333.39990234375,4337.2001953125,4056
2026-09-22T08:30:00Z,4337,4358,4327.5,4356.2998046875,7976
2026-09-22T08:45:00Z,4356.60009765625,4372.60009765625,4352.10009765625,4367,6528
2026-09-22T09:00:00Z,4366.89990234375,4367.7998046875,4353.10009765625,4355,4760
2026-09-22T09:15:00Z,4354.7998046875,4360.7001953125,4350.5,4351,2859
2026-09-22T09:30:00Z,4351.2998046875,4357.7001953125,4349,4357.5,3348
2026-09-22T09:45:00Z,4357.39990234375,4375.2001953125,4356,4373.89990234375,6322
2026-09-22T10:00:00Z,4374,4375.2998046875,4366,4367.89990234375,3074
2026-09-22T10:15:00Z,4368.2001953125,4369.2998046875,4365.5,4367,1312
2026-09-22T10:30:00Z,4367,4371.2998046875,4364.89990234375,4368.2001953125,1607
2026-09-22T10:45:00Z,4368.60009765625,4368.7001953125,4358.7998046875,4358.7998046875,2106
2026-09-22T11:00:00Z,4358.7001953125,4360.7001953125,4346.2001953125,4352.5,5357
2026-09-22T11:15:00Z,4352.39990234375,4355.7001953125,4349.2001953125,4354.7998046875,2342
2026-09-22T11:30:00Z,4355,4357.39990234375,4350.7001953125,4354.89990234375,2299
2026-09-22T11:45:00Z,4354.7998046875,4360.7001953125,4353.7001953125,4359.89990234375,2326
2026-09-22T12:00:00Z,4360.10009765625,4364.2001953125,4356.7998046875,4361,2771
2026-09-22T12:15:00Z,4361,4380,4359.60009765625,4374.2001953125,6439
2026-09-22T12:30:00Z,4374.2001953125,4381.5,4369.5,4369.7001953125,4912
2026-09-22T12:45:00Z,4369.7001953125,4375.2998046875,4368.2998046875,4371.60009765625,4037
2026-09-22T13:00:00Z,4371.5,4380.10009765625,4367.60009765625,4377.7998046875,5406
2026-09-22T13:15:00Z,4378.10009765625,4380.60009765625,4366.7001953125,4368.2001953125,4102
2026-09-22T13:30:00Z,4368.2001953125,4381,4365,4378.7998046875,7554
2026-09-22T13:45:00Z,4378.89990234375,4382.2001953125,4367.5,4371.2998046875,6088
2026-09-22T14:00:00Z,4370.7998046875,4376.2001953125,4365,4371.5,5382
2026-09-22T14:15:00Z,4371.5,4372,4362.2998046875,4365.39990234375,4764
2026-09-22T14:30:00Z,4365.7001953125,4371.89990234375,4351.89990234375,4357.39990234375,9207
2026-09-22T14:45:00Z,4357.39990234375,4365.89990234375,4354.89990234375,4365.10009765625,4063
2026-09-22T15:00:00Z,4365.60009765625,4377.89990234375,4362.7001953125,4373.7998046875,6981
2026-09-22T15:15:00Z,4374.2001953125,4378.39990234375,4369.7001953125,4370.10009765625,4474
2026-09-22T15:30:00Z,4369.7001953125,4370.7001953125,4364.5,4365.2998046875,4007
2026-09-22T15:45:00Z,4365.2001953125,4369.60009765625,4362.5,4368.7001953125,3108
2026-09-22T16:00:00Z,4368.7001953125,4369.89990234375,4359.7001953125,4361.2998046875,3221
2026-09-22T16:15:00Z,4361,4365,4360.60009765625,4364.39990234375,2032
2026-09-22T16:30:00Z,4364.5,4370.2998046875,4363.5,4369.7998046875,1950
2026-09-22T16:45:00Z,4369.60009765625,4379.89990234375,4368.7001953125,4374.2998046875,5826
2026-09-22T17:00:00Z,4374,4379.10009765625,4372.60009765625,4375.5,2081
2026-09-22T17:15:00Z,4375.89990234375,4378.10009765625,4373.2001953125,4377.2998046875,1989
2026-09-22T17:30:00Z,4377.60009765625,4378.10009765625,4372.60009765625,4376.5,1427
2026-09-22T17:45:00Z,4376.60009765625,4391,4376,4388.7001953125,7023
2026-09-22T18:00:00Z,4388.7998046875,4398.2998046875,4385.39990234375,4396.2001953125,5915
2026-09-22T18:15:00Z,4396,4398.7998046875,4391.7001953125,4394.10009765625,3460
2026-09-22T18:30:00Z,4394.39990234375,4395,4386.2001953125,4388,3081
2026-09-22T18:45:00Z,4388,4392,4388,4390.89990234375,2181
2026-09-22T19:00:00Z,4391,4396.7001953125,4390.89990234375,4395.5,2681
2026-09-22T19:15:00Z,4395.7998046875,4399,4393.60009765625,4397,3100
2026-09-22T19:30:00Z,4397.2998046875,4409.60009765625,4397.2001953125,4407.10009765625,6019
2026-09-22T19:45:00Z,4407.39990234375,4408.7001953125,4401.10009765625,4402,3115
2026-09-22T20:00:00Z,4402,4402.7001953125,4396,4396.89990234375,2322
2026-09-22T20:15:00Z,4396.89990234375,4398.7998046875,4396.2001953125,4397.7998046875,816
2026-09-22T20:30:00Z,4397.5,4398.2998046875,4395.2998046875,4396.7998046875,835
2026-09-22T20:45:00Z,4396.7001953125,4398.2001953125,4393.2001953125,4396.10009765625,1394
2026-09-22T22:00:00Z,4393.7001953125,4403,4393.60009765625,4402.39990234375,1605
2026-09-22T22:15:00Z,4402.2001953125,4404.2998046875,4400.5,4402.89990234375,1343
2026-09-22T22:30:00Z,4403,4403.7998046875,4401.10009765625,4401.2998046875,1072
2026-09-22T22:45:00Z,4401.2998046875,4401.60009765625,4398.5,4400.7998046875,1084
2026-09-22T23:00:00Z,4400.7001953125,4403,4399.2001953125,4400,1054
2026-09-22T23:15:00Z,4400.2001953125,4404.10009765625,4399,4402.39990234375,1057
2026-09-22T23:30:00Z,4402.39990234375,4403.39990234375,4399.2001953125,4402.2998046875,1068
2026-09-22T23:45:00Z,4402.39990234375,4403.39990234375,4395.7001953125,4401.5,2571
2026-09-23T00:00:00Z,4401.39990234375,4407.5,4399.2001953125,4403.5,3206
2026-09-23T00:15:00Z,4403.2001953125,4404.10009765625,4395.89990234375,4396.5,2159
2026-09-23T00:30:00Z,4396.2001953125,4399.39990234375,4392.39990234375,4396.60009765625,3689
2026-09-23T00:45:00Z,4396.60009765625,4398.39990234375,4393.5,4394.89990234375,1681
2026-09-23T01:00:00Z,4395.39990234375,4396.7998046875,4383.39990234375,4386.7001953125,6530
2026-09-23T01:15:00Z,4386.7998046875,4386.7998046875,4379.60009765625,4380.60009765625,3747
2026-09-23T01:30:00Z,4380.7001953125,4383.5,4378.60009765625,4382.10009765625,3680
2026-09-23T01:45:00Z,4382,4384,4375.89990234375,4378.5,3541
2026-09-23T02:00:00Z,4378.2998046875,4378.2998046875,4374.2001953125,4374.2998046875,2477
2026-09-23T02:15:00Z,4374.2998046875,4376.7998046875,4370.7998046875,4375.39990234375,3979
2026-09-23T02:30:00Z,4375.60009765625,4376,4368.7998046875,4373.89990234375,3325
2026-09-23T02:45:00Z,4373.89990234375,4375,4370.10009765625,4371,2096
2026-09-23T03:00:00Z,4370.7001953125,4376.7001953125,4369.7001953125,4375.7001953125,2543
2026-09-23T03:15:00Z,4375.7998046875,4377.2998046875,4372.2998046875,4374.89990234375,2129
2026-09-23T03:30:00Z,4375,4379,4373.7998046875,4378.5,1699
2026-09-23T03:45:00Z,4378.5,4382.2001953125,4378.2001953125,4379.89990234375,2188
2026-09-23T04:00:00Z,4379.60009765625,4383.89990234375,4379.10009765625,4383,2060
2026-09-23T04:15:00Z,4382.89990234375,4384.39990234375,4381.39990234375,4382.60009765625,1317
2026-09-23T04:30:00Z,4382.39990234375,4383.7998046875,4380.39990234375,4381.7001953125,1520
2026-09-23T04:45:00Z,4381.5,4384,4380.60009765625,4381.2998046875,1200
2026-09-23T05:00:00Z,4380.89990234375,4383.10009765625,4379,4379.39990234375,2006
2026-09-23T05:15:00Z,4379.39990234375,4380.7998046875,4377.5,4378.2998046875,1261
2026-09-23T05:30:00Z,4378.39990234375,4379.5,4366.10009765625,4366.7001953125,4115
2026-09-23T05:45:00Z,4366.7001953125,4372.60009765625,4365.2001953125,4371.7998046875,2739
2026-09-23T06:00:00Z,4372,4374.2001953125,4366.60009765625,4368,3569
2026-09-23T06:15:00Z,4368,4368.5,4363,4366.10009765625,2793
2026-09-23T06:30:00Z,4366.2998046875,4371.7998046875,4365.7001953125,4371.2001953125,1849
2026-09-23T06:45:00Z,4371,4374.2001953125,4367.10009765625,4368.10009765625,2765
2026-09-23T07:00:00Z,4367.89990234375,4369.7998046875,4360.89990234375,4361.5,3463
2026-09-23T07:15:00Z,4361.60009765625,4365.5,4358.60009765625,4360.5,2848
2026-09-23T07:30:00Z,4360.7001953125,4362.2998046875,4356.10009765625,4359.10009765625,3100
2026-09-23T07:45:00Z,4359.2998046875,4362.7001953125,4355.60009765625,4356.2001953125,2584
2026-09-23T08:00:00Z,4356.2001953125,4358.2998046875,4353.7998046875,4356.39990234375,2367
2026-09-23T08:15:00Z,4356.7001953125,4360.10009765625,4354.2001953125,4355.7998046875,2137
2026-09-23T08:30:00Z,4356,4357.5,4352.2998046875,4353.5,1921
2026-09-23T08:45:00Z,4353.10009765625,4356.39990234375,4352.2001953125,4355,1526
2026-09-23T09:00:00Z,4354.89990234375,4357.5,4354.10009765625,4356.7998046875,1312
2026-09-23T09:15:00Z,4356.7001953125,4357,4352,4353.7998046875,1895
2026-09-23T09:30:00Z,4353.7998046875,4356,4350,4353.2998046875,2090
2026-09-23T09:45:00Z,4352.89990234375,4353.2001953125,4345.10009765625,4350.7998046875,3170
2026-09-23T10:00:00Z,4350.89990234375,4355.7998046875,4350.39990234375,4353.7998046875,2190
2026-09-23T10:15:00Z,4353.60009765625,4355,4350.89990234375,4354.7001953125,1343
2026-09-23T10:30:00Z,4354.5,4356.2998046875,4351.2001953125,4352.60009765625,1774
2026-09-23T10:45:00Z,4352.2998046875,4353,4349,4352.2998046875,1700
2026-09-23T11:00:00Z,4352.2001953125,4354.2998046875,4349.60009765625,4352,1528
2026-09-23T11:15:00Z,4351.5,4352.60009765625,4340.5,4342.7001953125,4278
2026-09-23T11:30:00Z,4343.10009765625,4343.60009765625,4330.89990234375,4341.39990234375,5927
2026-09-23T11:45:00Z,4341.39990234375,4347,4340.5,4346.2001953125,3502
2026-09-23T12:00:00Z,4346.39990234375,4355.7001953125,4345.7998046875,4355.2001953125,4325
2026-09-23T12:15:00Z,4355.2998046875,4355.39990234375,4346.39990234375,4347.7001953125,4094
2026-09-23T12:30:00Z,4347.60009765625,4347.60009765625,4338.2998046875,4340.2001953125,5360
2026-09-23T12:45:00Z,4340.5,4347.7001953125,4337.10009765625,4346.2998046875,4399
2026-09-23T13:00:00Z,4346.2001953125,4347.2001953125,4334.5,4339.10009765625,5004
2026-09-23T13:15:00Z,4339,4349.5,4338.2998046875,4349.39990234375,3806
2026-09-23T13:30:00Z,4349.2001953125,4350.5,4322.60009765625,4329.7001953125,10827
2026-09-23T13:45:00Z,4329.10009765625,4329.10009765625,4317.10009765625,4320.39990234375,9994
2026-09-23T14:00:00Z,4320.2998046875,4330.2001953125,4318.5,4320.2001953125,8800
2026-09-23T14:15:00Z,4320.2001953125,4324.2998046875,4313.60009765625,4317.10009765625,7463
2026-09-23T14:30:00Z,4316.89990234375,4328.7001953125,4316.7001953125,4323.2001953125,6277
2026-09-23T14:45:00Z,4322.89990234375,4335.10009765625,4320.2001953125,4330.7001953125,8739
2026-09-23T15:00:00Z,4330.60009765625,4333.60009765625,4325.5,4330.7998046875,4338
2026-09-23T15:15:00Z,4330.5,4331.5,4319,4319.60009765625,4776
2026-09-23T15:30:00Z,4319.7001953125,4322,4314.7001953125,4320,5207
2026-09-23T15:45:00Z,4320.10009765625,4321.2998046875,4313.2998046875,4318.10009765625,3694
2026-09-23T16:00:00Z,4318.2001953125,4320.60009765625,4314.60009765625,4319.39990234375,2581
2026-09-23T16:15:00Z,4319.2998046875,4322.2001953125,4318.2001953125,4322.2001953125,2072
2026-09-23T16:30:00Z,4322.10009765625,4325.89990234375,4321,4322.2001953125,3070
2026-09-23T16:45:00Z,4322.2001953125,4322.89990234375,4314.89990234375,4321,4595
2026-09-23T17:00:00Z,4321.2001953125,4322,4311.39990234375,4315.2998046875,5865
2026-09-23T17:15:00Z,4314.7998046875,4320.5,4312.7001953125,4318.60009765625,3198
2026-09-23T17:30:00Z,4318.5,4326,4310.7001953125,4324.5,5571
2026-09-23T17:45:00Z,4324.39990234375,4329.89990234375,4323.39990234375,4329.5,3385
2026-09-23T18:00:00Z,4329.60009765625,4331.60009765625,4324.5,4325.89990234375,2730
2026-09-23T18:15:00Z,4325.7001953125,4327.7998046875,4319.7998046875,4322.2998046875,2501
2026-09-23T18:30:00Z,4322.2998046875,4324.10009765625,4320.10009765625,4320.2998046875,1506
2026-09-23T18:45:00Z,4320.5,4327,4318.7998046875,4326.7001953125,2565
2026-09-23T19:00:00Z,4326.89990234375,4329.89990234375,4320.7998046875,4320.89990234375,2323
2026-09-23T19:15:00Z,4321,4323.7998046875,4319.7001953125,4323,2040
2026-09-23T19:30:00Z,4323.2001953125,4323.89990234375,4317.2998046875,4318.7998046875,2181
2026-09-23T19:45:00Z,4318.89990234375,4323.5,4318.5,4320.60009765625,2275
2026-09-23T20:00:00Z,4320.2998046875,4324.2001953125,4319.7001953125,4320.7998046875,1359
2026-09-23T20:15:00Z,4321,4322,4318.39990234375,4321.60009765625,869
2026-09-23T20:30:00Z,4321.60009765625,4322.2001953125,4318.60009765625,4321.10009765625,913
2026-09-23T20:45:00Z,4321.2001953125,4326.7001953125,4321.10009765625,4322.89990234375,1778
2026-09-23T22:00:00Z,4323,4329.10009765625,4321.2001953125,4322.7998046875,1823
2026-09-23T22:15:00Z,4322.89990234375,4327.89990234375,4321.39990234375,4323.89990234375,2191
2026-09-23T22:30:00Z,4323.60009765625,4326.2001953125,4322.39990234375,4324,1455
2026-09-23T22:45:00Z,4323.7998046875,4326.2001953125,4322.39990234375,4324.39990234375,1451
2026-09-23T23:00:00Z,4324.39990234375,4326.60009765625,4323.7998046875,4326.39990234375,748
2026-09-23T23:15:00Z,4326.39990234375,4328.7998046875,4323,4323.2001953125,1411
2026-09-23T23:30:00Z,4323.39990234375,4324.2001953125,4319.89990234375,4320.2998046875,1675
2026-09-23T23:45:00Z,4320.5,4327.10009765625,4320.39990234375,4323.7998046875,1962
2026-09-24T00:00:00Z,4324,4327.2998046875,4322.5,4324.39990234375,2003
2026-09-24T00:15:00Z,4324.10009765625,4327.7001953125,4319.10009765625,4327.39990234375,3047
2026-09-24T00:30:00Z,4327.10009765625,4331,4325.39990234375,4330,2489
2026-09-24T00:45:00Z,4329.7001953125,4334.60009765625,4326.5,4333.5,3310
2026-09-24T01:00:00Z,4333.7998046875,4338,4324.2001953125,4337.89990234375,7192
2026-09-24T01:15:00Z,4338,4338.39990234375,4330.10009765625,4334.39990234375,3876
2026-09-24T01:30:00Z,4334.2001953125,4336.2001953125,4324.10009765625,4324.7001953125,4314
2026-09-24T01:45:00Z,4324.7998046875,4325.5,4312,4314.5,7408
2026-09-24T02:00:00Z,4314.10009765625,4317.2998046875,4307.89990234375,4317.2998046875,9125
2026-09-24T02:15:00Z,4317.39990234375,4322.39990234375,4317,4320.89990234375,4413
2026-09-24T02:30:00Z,4321.10009765625,4332,4319.2001953125,4329.89990234375,5861
2026-09-24T02:45:00Z,4330.10009765625,4330.5,4321.7001953125,4325.7001953125,4557
2026-09-24T03:00:00Z,4325.39990234375,4328.7998046875,4319.89990234375,4322,3077
2026-09-24T03:15:00Z,4322.10009765625,4325.7001953125,4320.2001953125,4320.89990234375,1975
2026-09-24T03:30:00Z,4320.89990234375,4322.10009765625,4316.39990234375,4316.5,2386
2026-09-24T03:45:00Z,4316.7001953125,4320,4315.2998046875,4318.89990234375,2126
2026-09-24T04:00:00Z,4320.10009765625,4321.7001953125,4316.2998046875,4319.60009765625,2242
2026-09-24T04:15:00Z,4319.60009765625,4323,4318.60009765625,4321.10009765625,1256
2026-09-24T04:30:00Z,4320.89990234375,4324.10009765625,4320.39990234375,4321,1007
2026-09-24T04:45:00Z,4321.10009765625,4324.89990234375,4320.7001953125,4324.2001953125,1109
2026-09-24T05:00:00Z,4324.39990234375,4331.2001953125,4324.2001953125,4325.10009765625,4198
2026-09-24T05:15:00Z,4324.7001953125,4326.10009765625,4320.7001953125,4324.89990234375,1818
2026-09-24T05:30:00Z,4325.39990234375,4325.7998046875,4315,4315.89990234375,3166
2026-09-24T05:45:00Z,4315.5,4320.2998046875,4312,4313.60009765625,2513
2026-09-24T06:00:00Z,4313.7998046875,4321.2998046875,4313.2001953125,4316.7998046875,2596
2026-09-24T06:15:00Z,4317.2001953125,4321.39990234375,4315.2001953125,4317.2998046875,1779
2026-09-24T06:30:00Z,4316.5,4318.7998046875,4310,4312.7001953125,2679
2026-09-24T06:45:00Z,4312.89990234375,4313.2001953125,4308.7998046875,4310.89990234375,2026
2026-09-24T07:00:00Z,4311.10009765625,4320.2998046875,4309,4319.2998046875,3158
2026-09-24T07:15:00Z,4319.10009765625,4323.2998046875,4316.10009765625,4320.10009765625,2410
2026-09-24T07:30:00Z,4319.89990234375,4323,4315,4318.10009765625,1762
2026-09-24T07:45:00Z,4317.7998046875,4320.5,4310.7998046875,4313.39990234375,2204
2026-09-24T08:00:00Z,4313.2001953125,4320.39990234375,4310.7998046875,4311.60009765625,2685
2026-09-24T08:15:00Z,4311.7998046875,4313.60009765625,4296.5,4298.60009765625,6992
2026-09-24T08:30:00Z,4298.7001953125,4308.2998046875,4297.60009765625,4302.60009765625,3880
2026-09-24T08:45:00Z,4303.5,4305.10009765625,4294.89990234375,4295.7998046875,2717
2026-09-24T09:00:00Z,4295.5,4301.7998046875,4293,4297.5,2935
2026-09-24T09:15:00Z,4297.2001953125,4299.7998046875,4289.2998046875,4289.5,2470
2026-09-24T09:30:00Z,4289.7998046875,4294.7998046875,4284.89990234375,4286.39990234375,3220
2026-09-24T09:45:00Z,4286.2998046875,4290.7998046875,4286.2001953125,4289.89990234375,2069
2026-09-24T10:00:00Z,4289.7998046875,4293.89990234375,4284.5,4286.60009765625,3144
2026-09-24T10:15:00Z,4286.5,4289.5,4278.5,4279.89990234375,4586
2026-09-24T10:30:00Z,4280.10009765625,4297,4278.2001953125,4292.7001953125,4546
2026-09-24T10:45:00Z,4292.7998046875,4299.2001953125,4290.10009765625,4292.7001953125,2653
2026-09-24T11:00:00Z,4292.39990234375,4295,4286.2998046875,4293.10009765625,2046
2026-09-24T11:15:00Z,4293.10009765625,4302.39990234375,4290.89990234375,4298.10009765625,3977
2026-09-24T11:30:00Z,4298.2001953125,4300.5,4292.5,4295.2001953125,2016
2026-09-24T11:45:00Z,4295.2001953125,4300.89990234375,4293.39990234375,4300.5,1842
2026-09-24T12:00:00Z,4300.2998046875,4304.39990234375,4294.89990234375,4303.2001953125,3077
2026-09-24T12:15:00Z,4303.10009765625,4306.60009765625,4301,4305.89990234375,3501
2026-09-24T12:30:00Z,4305.89990234375,4309,4299.10009765625,4306.60009765625,4263
2026-09-24T12:45:00Z,4306.60009765625,4318.2998046875,4305.7998046875,4315.89990234375,5369
2026-09-24T13:00:00Z,4316,4320.2998046875,4311.7001953125,4313,5204
2026-09-24T13:15:00Z,4313.2001953125,4314.2998046875,4310,4311.39990234375,3130
2026-09-24T13:30:00Z,4311.5,4313,4302.2998046875,4308.2998046875,8239
2026-09-24T13:45:00Z,4308.2998046875,4311.7001953125,4299.5,4302.89990234375,6469
2026-09-24T14:00:00Z,4302.89990234375,4308.60009765625,4300.39990234375,4304.7001953125,5859
2026-09-24T14:15:00Z,4305,4306.89990234375,4295.7998046875,4302.2001953125,7327
2026-09-24T14:30:00Z,4302.39990234375,4302.39990234375,4288.7998046875,4291.5,7014
2026-09-24T14:45:00Z,4291.5,4297.5,4287.2001953125,4288.10009765625,5604
2026-09-24T15:00:00Z,4288.2998046875,4289.2998046875,4279.60009765625,4282.10009765625,7927
2026-09-24T15:15:00Z,4282.10009765625,4290.7001953125,4281.2998046875,4285.39990234375,5863
2026-09-24T15:30:00Z,4285.39990234375,4290.5,4281.2998046875,4290.10009765625,4339
2026-09-24T15:45:00Z,4290,4295.39990234375,4287.89990234375,4291.39990234375,4655
2026-09-24T16:00:00Z,4291.5,4294.2998046875,4287.10009765625,4294,3415
2026-09-24T16:15:00Z,4294.10009765625,4324,4292.7998046875,4310.7998046875,17976
2026-09-24T16:30:00Z,4311.2001953125,4320.7001953125,4304.10009765625,4309.5,6065
2026-09-24T16:45:00Z,4309.60009765625,4314,4305.7998046875,4308.10009765625,3966
2026-09-24T17:00:00Z,4308,4313.10009765625,4301.39990234375,4306.39990234375,4938
2026-09-24T17:15:00Z,4306.39990234375,4306.5,4294.5,4298.5,4740
2026-09-24T17:30:00Z,4298.2998046875,4302.60009765625,4293.2998046875,4294.2001953125,2878
2026-09-24T17:45:00Z,4294.10009765625,4301.5,4293.10009765625,4300.2001953125,2632
2026-09-24T18:00:00Z,4300.2001953125,4305.10009765625,4291.2001953125,4304.89990234375,5145
2026-09-24T18:15:00Z,4304.89990234375,4310.60009765625,4302,4309.7998046875,3339
2026-09-24T18:30:00Z,4309.5,4317.2001953125,4302.60009765625,4306.7998046875,5254
2026-09-24T18:45:00Z,4306.7998046875,4312.5,4305.7001953125,4307,2038
2026-09-24T19:00:00Z,4307,4308.10009765625,4302,4302.60009765625,2259
2026-09-24T19:15:00Z,4302.5,4310.7998046875,4302.5,4307.2998046875,1945
2026-09-24T19:30:00Z,4307.39990234375,4310.89990234375,4306.2998046875,4309.39990234375,1435
2026-09-24T19:45:00Z,4309.39990234375,4311,4307.5,4309.2998046875,1483
2026-09-24T20:00:00Z,4309.2001953125,4309.89990234375,4304.89990234375,4305,1950
2026-09-24T20:15:00Z,4305.10009765625,4305.7998046875,4299.5,4300.89990234375,1602
2026-09-24T20:30:00Z,4300.7998046875,4307,4300.39990234375,4306.10009765625,1036
2026-09-24T20:45:00Z,4306.39990234375,4311,4305.7001953125,4310.2998046875,1019
2026-09-24T22:00:00Z,4310,4312.7998046875,4305.2998046875,4306.2998046875,636
2026-09-24T22:15:00Z,4306,4307.10009765625,4303,4306.2998046875,908
2026-09-24T22:30:00Z,4306.5,4308.89990234375,4304.2001953125,4306,1451
2026-09-24T22:45:00Z,4305.7998046875,4309.7998046875,4305.7001953125,4307.5,906
2026-09-24T23:00:00Z,4307.39990234375,4310.2998046875,4306.7998046875,4308.39990234375,2069
2026-09-24T23:15:00Z,4308.2998046875,4310.39990234375,4306.60009765625,4307.39990234375,1111
2026-09-24T23:30:00Z,4307.39990234375,4311.39990234375,4305.7998046875,4309.60009765625,1443
2026-09-24T23:45:00Z,4309.60009765625,4309.60009765625,4299.7998046875,4299.89990234375,1855
2026-09-25T00:00:00Z,4300,4305.5,4299.2001953125,4301.2998046875,2153
2026-09-25T00:15:00Z,4301.10009765625,4305.5,4299.60009765625,4305.2998046875,1719
2026-09-25T00:30:00Z,4305.39990234375,4307.2998046875,4302,4306,1503
2026-09-25T00:45:00Z,4306.10009765625,4316.2001953125,4304.89990234375,4313.2998046875,3443
2026-09-25T01:00:00Z,4313.2001953125,4325.7001953125,4311.5,4324.7998046875,5105
2026-09-25T01:15:00Z,4324.7998046875,4329.7001953125,4323.2998046875,4329,4072
2026-09-25T01:30:00Z,4328.7998046875,4331.10009765625,4326.5,4327.7998046875,2675
2026-09-25T01:45:00Z,4327.7998046875,4328,4321.39990234375,4323.2001953125,3543
2026-09-25T02:00:00Z,4323.2998046875,4330.60009765625,4323.2001953125,4325.5,3130
2026-09-25T02:15:00Z,4325.39990234375,4327.89990234375,4323,4323.39990234375,2285
2026-09-25T02:30:00Z,4323.2998046875,4323.89990234375,4317.2998046875,4321.39990234375,3708
2026-09-25T02:45:00Z,4321.10009765625,4321.60009765625,4312.7998046875,4319,3830
2026-09-25T03:00:00Z,4319.2001953125,4322,4317.2001953125,4317.7998046875,2568
2026-09-25T03:15:00Z,4318,4319.89990234375,4313,4313,2067
2026-09-25T03:30:00Z,4313.2001953125,4313.39990234375,4308.39990234375,4308.39990234375,2878
2026-09-25T03:45:00Z,4308.60009765625,4309.10009765625,4305.39990234375,4305.7001953125,1861
2026-09-25T04:00:00Z,4304.89990234375,4306.7001953125,4302.7001953125,4303,2515
2026-09-25T04:15:00Z,4303,4306.7001953125,4302.10009765625,4306,1761
2026-09-25T04:30:00Z,4306,4308.39990234375,4305,4306.89990234375,1393
2026-09-25T04:45:00Z,4307.10009765625,4308.2998046875,4296.2001953125,4297.39990234375,3472
2026-09-25T05:00:00Z,4297.2998046875,4298.60009765625,4290.10009765625,4291.5,3819
2026-09-25T05:15:00Z,4291.39990234375,4299.5,4291.2001953125,4298.5,2116
2026-09-25T05:30:00Z,4298.39990234375,4311.5,4297.2998046875,4309.2001953125,5674
2026-09-25T05:45:00Z,4309.2001953125,4310.5,4300.2998046875,4301.5,2435
2026-09-25T06:00:00Z,4301.10009765625,4310.39990234375,4300.5,4308.7998046875,2800
2026-09-25T06:15:00Z,4309.10009765625,4316.39990234375,4308.89990234375,4310.2001953125,3808
2026-09-25T06:30:00Z,4310.2001953125,4313.39990234375,4309.60009765625,4312.5,1032
2026-09-25T06:45:00Z,4312.10009765625,4313.2001953125,4309.5,4311,1273
2026-09-25T07:00:00Z,4311,4315.7998046875,4308.5,4311,2103
2026-09-25T07:15:00Z,4311,4312.7998046875,4306.7001953125,4309.10009765625,1879
2026-09-25T07:30:00Z,4309,4315.5,4306.5,4311.7998046875,2055
2026-09-25T07:45:00Z,4311.89990234375,4317.10009765625,4311.89990234375,4314.60009765625,1647
2026-09-25T08:00:00Z,4315,4317.5,4309.7998046875,4316.7001953125,1905
2026-09-25T08:15:00Z,4316.89990234375,4320,4313.7001953125,4319.39990234375,1808
2026-09-25T08:30:00Z,4319.10009765625,4327.7998046875,4318.7998046875,4327.60009765625,2694
2026-09-25T08:45:00Z,4327.60009765625,4333,4325.39990234375,4328.89990234375,3606
2026-09-25T09:00:00Z,4328.7998046875,4333.7001953125,4328.39990234375,4329.2998046875,2664
2026-09-25T09:15:00Z,4329.5,4332.5,4325.39990234375,4326.39990234375,2898
2026-09-25T09:30:00Z,4326.2998046875,4333.2998046875,4325.7998046875,4330.60009765625,2590
2026-09-25T09:45:00Z,4330.39990234375,4331,4326.7001953125,4330.89990234375,1539
2026-09-25T10:00:00Z,4330.7001953125,4343.7998046875,4329.5,4342.89990234375,4292
2026-09-25T10:15:00Z,4343,4345.39990234375,4339.2001953125,4344.10009765625,2291
2026-09-25T10:30:00Z,4344.2001953125,4344.60009765625,4338,4341,1962
2026-09-25T10:45:00Z,4341.2001953125,4347.5,4339.39990234375,4346.7998046875,1989
2026-09-25T11:00:00Z,4346.89990234375,4351.60009765625,4345.10009765625,4348.10009765625,2892
2026-09-25T11:15:00Z,4348.39990234375,4350.2001953125,4340.7998046875,4341,2719
2026-09-25T11:30:00Z,4340.89990234375,4345.2001953125,4335.89990234375,4338,3488
2026-09-25T11:45:00Z,4337.7998046875,4341.5,4336.39990234375,4338.7001953125,1959
2026-09-25T12:00:00Z,4339,4340.7998046875,4333.89990234375,4335.7001953125,2723
2026-09-25T12:15:00Z,4335.7998046875,4345.39990234375,4333.10009765625,4342.7001953125,4567
2026-09-25T12:30:00Z,4342.60009765625,4343,4332.39990234375,4337.39990234375,4573
2026-09-25T12:45:00Z,4337.2998046875,4344.89990234375,4332.2998046875,4333.89990234375,4787
2026-09-25T13:00:00Z,4333.7001953125,4335.2001953125,4327,4328,4951
2026-09-25T13:15:00Z,4327.89990234375,4329.2998046875,4312.89990234375,4313.39990234375,6726
2026-09-25T13:30:00Z,4313.89990234375,4319.89990234375,4308.39990234375,4314.60009765625,8432
2026-09-25T13:45:00Z,4314.2001953125,4318.7001953125,4309.2998046875,4311,5254
2026-09-25T14:00:00Z,4310.7998046875,4313.2998046875,4289.10009765625,4302.60009765625,13707
2026-09-25T14:15:00Z,4301.89990234375,4306,4294.60009765625,4301,5713
2026-09-25T14:30:00Z,4300.89990234375,4308.2998046875,4297.39990234375,4308.10009765625,5076
2026-09-25T14:45:00Z,4308.10009765625,4315.60009765625,4304.39990234375,4314,6196
2026-09-25T15:00:00Z,4314.2001953125,4317.7001953125,4309,4314.89990234375,4482
2026-09-25T15:15:00Z,4315.10009765625,4316.5,4307,4314.39990234375,4407
2026-09-25T15:30:00Z,4314.89990234375,4321.89990234375,4309.7001953125,4310.10009765625,6184
2026-09-25T15:45:00Z,4310.2998046875,4326.60009765625,4304.7001953125,4326.39990234375,7742
2026-09-25T16:00:00Z,4326.60009765625,4336,4322.2001953125,4325.7998046875,10150
2026-09-25T16:15:00Z,4325.2001953125,4328.2998046875,4319.60009765625,4327.5,4851
2026-09-25T16:30:00Z,4327.60009765625,4328.60009765625,4314.2998046875,4322.10009765625,6219
2026-09-25T16:45:00Z,4322.2998046875,4323.5,4317.2998046875,4321.39990234375,3334
2026-09-25T17:00:00Z,4321.5,4328.2998046875,4320.5,4326.39990234375,2935
2026-09-25T17:15:00Z,4326.60009765625,4328.39990234375,4320,4321.5,2273
2026-09-25T17:30:00Z,4321.5,4323.39990234375,4314.5,4320.39990234375,3912
2026-09-25T17:45:00Z,4320.2998046875,4321.7998046875,4316.89990234375,4318,1654
2026-09-25T18:00:00Z,4318.2998046875,4320.89990234375,4317.7001953125,4319.89990234375,1111
2026-09-25T18:15:00Z,4319.60009765625,4325.2998046875,4319,4322.39990234375,2966
2026-09-25T18:30:00Z,4322.2998046875,4329.2998046875,4322.2001953125,4326.7001953125,3116
2026-09-25T18:45:00Z,4326.89990234375,4331.2998046875,4325.60009765625,4329.7998046875,2202
2026-09-25T19:00:00Z,4329.7001953125,4332.2998046875,4323.2001953125,4331.5,3228
2026-09-25T19:15:00Z,4332,4332,4323,4324.2001953125,1812
2026-09-25T19:30:00Z,4324,4329.7001953125,4323,4327.7001953125,2160
2026-09-25T19:45:00Z,4327.89990234375,4329.7001953125,4324.89990234375,4326.60009765625,1953
2026-09-25T20:00:00Z,4326.7998046875,4327.7001953125,4325.39990234375,4326.2001953125,853
2026-09-25T20:15:00Z,4326.2001953125,4326.5,4322.5,4323,1158
2026-09-25T20:30:00Z,4323,4323.2998046875,4320.60009765625,4320.7998046875,1158
2026-09-25T20:45:00Z,4320.7001953125,4323.10009765625,4320,4321.2001953125,1165
2026-09-27T22:00:00Z,4309,4310.2998046875,4301.2001953125,4301.5,679
2026-09-27T22:15:00Z,4301.2998046875,4305.89990234375,4301,4303.2998046875,1715
2026-09-27T22:30:00Z,4303.2001953125,4303.5,4296,4296,2192
2026-09-27T22:45:00Z,4296,4297.39990234375,4292.2001953125,4294.2998046875,1930
2026-09-27T23:00:00Z,4294.39990234375,4300.60009765625,4291.7998046875,4298.89990234375,2472
2026-09-27T23:15:00Z,4299.2001953125,4300.2998046875,4296.7001953125,4297.5,1212
2026-09-27T23:30:00Z,4297.7001953125,4298.10009765625,4293.2001953125,4294.7001953125,1868
2026-09-27T23:45:00Z,4294.7998046875,4299.2001953125,4293.39990234375,4294.5,2352
2026-09-28T00:00:00Z,4294.39990234375,4295.2001953125,4287.2998046875,4290.7998046875,4201
2026-09-28T00:15:00Z,4291,4291.89990234375,4283.7001953125,4283.7001953125,2804
2026-09-28T00:30:00Z,4283.89990234375,4284.7001953125,4262.2998046875,4270.89990234375,12942
2026-09-28T00:45:00Z,4271,4273.5,4260.2998046875,4264.5,5896
2026-09-28T01:00:00Z,4264.60009765625,4265.39990234375,4246.89990234375,4254.39990234375,13281
2026-09-28T01:15:00Z,4254.10009765625,4259.5,4249.5,4254.2998046875,5339
2026-09-28T01:30:00Z,4254,4257.39990234375,4241.5,4243.10009765625,7208
2026-09-28T01:45:00Z,4243.2998046875,4251.10009765625,4239.2001953125,4249.39990234375,5383
2026-09-28T02:00:00Z,4249,4250.7001953125,4243.7001953125,4249.2001953125,3175
2026-09-28T02:15:00Z,4249.2001953125,4250.60009765625,4247.2998046875,4248.2998046875,1692
2026-09-28T02:30:00Z,4247.89990234375,4248.60009765625,4238.2001953125,4240.2998046875,6193
2026-09-28T02:45:00Z,4240.10009765625,4242,4227.2998046875,4230.10009765625,7231
2026-09-28T03:00:00Z,4230.10009765625,4236.2001953125,4228.2001953125,4233.10009765625,3901
2026-09-28T03:15:00Z,4233.60009765625,4234.89990234375,4226.7998046875,4228.89990234375,3233
2026-09-28T03:30:00Z,4228.89990234375,4231.2998046875,4224.2001953125,4226.10009765625,3765
2026-09-28T03:45:00Z,4226.2001953125,4232.60009765625,4224.10009765625,4230.2998046875,2918
2026-09-28T04:00:00Z,4229.60009765625,4232.5,4227.89990234375,4232.10009765625,2448
2026-09-28T04:15:00Z,4232,4232.7998046875,4228.39990234375,4232.5,2115
2026-09-28T04:30:00Z,4232.2998046875,4233.2001953125,4228.7001953125,4230.7998046875,1942
2026-09-28T04:45:00Z,4230.7998046875,4231.5,4226.7001953125,4227.39990234375,1625
2026-09-28T05:00:00Z,4227.39990234375,4230.7998046875,4222.39990234375,4224.7001953125,3637
2026-09-28T05:15:00Z,4224.7998046875,4227,4217.7001953125,4223,4561
2026-09-28T05:30:00Z,4222.60009765625,4222.7001953125,4212.60009765625,4215.89990234375,5564
2026-09-28T05:45:00Z,4216.2001953125,4217.39990234375,4211.5,4211.89990234375,3795
2026-09-28T06:00:00Z,4212,4213.89990234375,4207,4211.2998046875,5147
2026-09-28T06:15:00Z,4211.2001953125,4212.10009765625,4201.39990234375,4202.10009765625,4489
2026-09-28T06:30:00Z,4202.2001953125,4210.10009765625,4200.60009765625,4203.89990234375,3873
2026-09-28T06:45:00Z,4204,4209.2001953125,4194.2001953125,4196.5,5635
2026-09-28T07:00:00Z,4196.60009765625,4198.5,4192.2998046875,4193.5,5092
2026-09-28T07:15:00Z,4193.5,4196.7998046875,4188.7001953125,4190.2998046875,4041
2026-09-28T07:30:00Z,4190.7001953125,4192.2998046875,4184.2001953125,4186.10009765625,4066
2026-09-28T07:45:00Z,4186,4193.10009765625,4182.7001953125,4187.39990234375,3981
2026-09-28T08:00:00Z,4187.5,4191.2001953125,4183.39990234375,4188.89990234375,3686
2026-09-28T08:15:00Z,4188.7998046875,4189,4175,4176.89990234375,6145
2026-09-28T08:30:00Z,4177.2001953125,4183.39990234375,4174.2998046875,4181.5,4179
2026-09-28T08:45:00Z,4181.10009765625,4185.2001953125,4176.5,4176.7001953125,2443
2026-09-28T09:00:00Z,4176.5,4179.7998046875,4172.60009765625,4176.39990234375,4222
2026-09-28T09:15:00Z,4176.39990234375,4181,4173.7998046875,4178.39990234375,2290
2026-09-28T09:30:00Z,4178.2998046875,4183.7998046875,4174.39990234375,4182.39990234375,2896
2026-09-28T09:45:00Z,4182.5,4190,4182.5,4188.2998046875,3841
2026-09-28T10:00:00Z,4188.2998046875,4191.39990234375,4185.7998046875,4187.5,3089
2026-09-28T10:15:00Z,4187.89990234375,4191.10009765625,4183.89990234375,4190.7998046875,2138
2026-09-28T10:30:00Z,4191,4192,4187,4188.39990234375,1594
2026-09-28T10:45:00Z,4188.7001953125,4191.89990234375,4186.7001953125,4187.60009765625,1838
2026-09-28T11:00:00Z,4187.89990234375,4193.39990234375,4180.60009765625,4182.2998046875,3499
2026-09-28T11:15:00Z,4182.10009765625,4188.2001953125,4180.2001953125,4188.10009765625,3793
2026-09-28T11:30:00Z,4187.60009765625,4187.7998046875,4180.60009765625,4183.60009765625,2332
2026-09-28T11:45:00Z,4183.5,4186.7001953125,4179.7001953125,4181,2601
2026-09-28T12:00:00Z,4180.89990234375,4199.7998046875,4178.7001953125,4198.2998046875,8404
2026-09-28T12:15:00Z,4198,4203.7998046875,4186.10009765625,4186.39990234375,6619
2026-09-28T12:30:00Z,4186.5,4186.7001953125,4175,4177.39990234375,5358
2026-09-28T12:45:00Z,4177.10009765625,4187.7998046875,4175.39990234375,4186.5,4380
2026-09-28T13:00:00Z,4186.2001953125,4187,4177.2998046875,4179.60009765625,3869
2026-09-28T13:15:00Z,4179.60009765625,4182.2001953125,4173.5,4174.2998046875,4187
2026-09-28T13:30:00Z,4174.2001953125,4183.5,4168.2998046875,4183,13412
2026-09-28T13:45:00Z,4183.10009765625,4193.2001953125,4181.2998046875,4189.39990234375,10105
2026-09-28T14:00:00Z,4189.10009765625,4189.60009765625,4170.60009765625,4171.39990234375,7167
2026-09-28T14:15:00Z,4171.39990234375,4177.2001953125,4169.10009765625,4175.39990234375,5105
2026-09-28T14:30:00Z,4175.2998046875,4175.2998046875,4155,4155.7998046875,12388
2026-09-28T14:45:00Z,4155.7998046875,4156.39990234375,4143,4150.89990234375,14594
2026-09-28T15:00:00Z,4151,4156.7998046875,4148.7001953125,4152.60009765625,6701
2026-09-28T15:15:00Z,4152.60009765625,4160.89990234375,4152.10009765625,4157.89990234375,5743
2026-09-28T15:30:00Z,4157.7998046875,4158.5,4151.10009765625,4152.2001953125,3767
2026-09-28T15:45:00Z,4152.39990234375,4156.7998046875,4147.39990234375,4156.5,4150
2026-09-28T16:00:00Z,4156.5,4157.2998046875,4149.2998046875,4149.60009765625,3107
2026-09-28T16:15:00Z,4149.2998046875,4181,4148.39990234375,4176,17460
2026-09-28T16:30:00Z,4175.89990234375,4178.2001953125,4164,4164.2998046875,6338
2026-09-28T16:45:00Z,4164.5,4168.39990234375,4160.5,4162.2998046875,4004
2026-09-28T17:00:00Z,4161.89990234375,4180,4158.60009765625,4174.7998046875,8269
2026-09-28T17:15:00Z,4174.2001953125,4174.60009765625,4166.39990234375,4168.2998046875,4884
2026-09-28T17:30:00Z,4168.39990234375,4172.2998046875,4166.2001953125,4169.89990234375,2564
2026-09-28T17:45:00Z,4170.10009765625,4172.89990234375,4166.60009765625,4167.2998046875,1958
2026-09-28T18:00:00Z,4167.2001953125,4171.39990234375,4166.39990234375,4168.7001953125,1551
2026-09-28T18:15:00Z,4168.5,4170.2001953125,4166.2998046875,4167.89990234375,1075
2026-09-28T18:30:00Z,4167.60009765625,4172,4164,4171.2998046875,2553
2026-09-28T18:45:00Z,4171.2998046875,4175.5,4169.2998046875,4172,2877
2026-09-28T19:00:00Z,4172.2998046875,4172.39990234375,4163.60009765625,4165.7998046875,2744
2026-09-28T19:15:00Z,4165.89990234375,4169.89990234375,4163.89990234375,4166.7998046875,2041
2026-09-28T19:30:00Z,4166.7998046875,4168.89990234375,4161.2998046875,4162.7998046875,2420
2026-09-28T19:45:00Z,4162.7001953125,4162.7998046875,4155.2998046875,4156.2998046875,4174
2026-09-28T20:00:00Z,4156.2001953125,4156.89990234375,4150.10009765625,4154.5,2566
2026-09-28T20:15:00Z,4154.5,4156.89990234375,4150,4150.7001953125,1856
2026-09-28T20:30:00Z,4151,4151.7001953125,4146.5,4146.7001953125,1900
2026-09-28T20:45:00Z,4147,4148.89990234375,4143.89990234375,4148.7001953125,1579
2026-09-28T22:00:00Z,4150.10009765625,4155.7998046875,4147.89990234375,4154.89990234375,1201
2026-09-28T22:15:00Z,4155.2001953125,4159.39990234375,4154.7001953125,4157.89990234375,1727
2026-09-28T22:30:00Z,4157.7998046875,4158,4153.7001953125,4156.60009765625,1344
2026-09-28T22:45:00Z,4156.2998046875,4157.7998046875,4152.7001953125,4153.89990234375,1065
2026-09-28T23:00:00Z,4154,4157.60009765625,4153.39990234375,4157.60009765625,1009
2026-09-28T23:15:00Z,4157.5,4161.39990234375,4156,4160.7998046875,1499
2026-09-28T23:30:00Z,4160.5,4161.7001953125,4157.7001953125,4158.7001953125,1466
2026-09-28T23:45:00Z,4158.60009765625,4160.10009765625,4154.2001953125,4159.60009765625,1685
2026-09-29T00:00:00Z,4159.7998046875,4160.7998046875,4151.7001953125,4154.89990234375,2902
2026-09-29T00:15:00Z,4154.89990234375,4155.10009765625,4146.2998046875,4153.2998046875,4497
2026-09-29T00:30:00Z,4153,4158.7001953125,4150.7998046875,4152.2998046875,2631
2026-09-29T00:45:00Z,4152.2001953125,4154.2001953125,4145.5,4149.7001953125,3583
2026-09-29T01:00:00Z,4149.5,4157.2998046875,4145,4156.5,5584
2026-09-29T01:15:00Z,4156.39990234375,4164.39990234375,4148.2998046875,4161.7998046875,6253
2026-09-29T01:30:00Z,4161.7001953125,4166,4155.39990234375,4165.7998046875,4358
2026-09-29T01:45:00Z,4165.60009765625,4169.10009765625,4161.7998046875,4166.89990234375,3696
2026-09-29T02:00:00Z,4166.89990234375,4167.7001953125,4157.89990234375,4163.7001953125,3712
2026-09-29T02:15:00Z,4163.5,4167.60009765625,4162.2001953125,4166.10009765625,3405
2026-09-29T02:30:00Z,4166.2998046875,4169.60009765625,4164,4167.7998046875,2606
2026-09-29T02:45:00Z,4167.60009765625,4170.7998046875,4167,4168.89990234375,2063
2026-09-29T03:00:00Z,4169,4170.7001953125,4165.2001953125,4166.5,2966
2026-09-29T03:15:00Z,4166.5,4171.5,4165.2001953125,4170.60009765625,2289
2026-09-29T03:30:00Z,4170.5,4171.7001953125,4167.5,4168,1732
2026-09-29T03:45:00Z,4168,4168.7998046875,4162.7001953125,4164.2998046875,2359
2026-09-29T04:00:00Z,4165.2001953125,4165.60009765625,4161,4162.7001953125,1996
2026-09-29T04:15:00Z,4162.5,4163.7001953125,4159.7001953125,4161.10009765625,1437
2026-09-29T04:30:00Z,4160.7998046875,4163.2998046875,4155.7998046875,4158.10009765625,2850
2026-09-29T04:45:00Z,4158.39990234375,4160.10009765625,4157.10009765625,4158.2001953125,1044
2026-09-29T05:00:00Z,4158.10009765625,4161.7998046875,4156.7998046875,4159.89990234375,1440
2026-09-29T05:15:00Z,4159.60009765625,4164.2998046875,4158,4161.5,1828
2026-09-29T05:30:00Z,4161.2001953125,4171.7001953125,4153.10009765625,4169.5,6012
2026-09-29T05:45:00Z,4169.5,4176.39990234375,4165.2001953125,4170,3896
2026-09-29T06:00:00Z,4170.2998046875,4179.5,4169.7998046875,4178.2001953125,3095
2026-09-29T06:15:00Z,4178,4179.2998046875,4171.60009765625,4174.7001953125,3010
2026-09-29T06:30:00Z,4174.7001953125,4177,4173.10009765625,4175.2001953125,1068
2026-09-29T06:45:00Z,4174.89990234375,4175.2001953125,4170.39990234375,4171.89990234375,1679
2026-09-29T07:00:00Z,4171.89990234375,4176.7001953125,4167.2998046875,4175.60009765625,2675
2026-09-29T07:15:00Z,4175.7001953125,4180.39990234375,4174,4177.89990234375,2372
2026-09-29T07:30:00Z,4178.10009765625,4180.89990234375,4172.2001953125,4173.89990234375,2727
2026-09-29T07:45:00Z,4174.10009765625,4175,4171.2001953125,4172.7998046875,1381
2026-09-29T08:00:00Z,4172.89990234375,4175.5,4169.39990234375,4172.5,1699
2026-09-29T08:15:00Z,4172.5,4178.5,4171.7001953125,4173.60009765625,1584
2026-09-29T08:30:00Z,4173.60009765625,4173.89990234375,4169,4172,1263
2026-09-29T08:45:00Z,4171.7998046875,4173.7998046875,4169.2998046875,4171.10009765625,1019
2026-09-29T09:00:00Z,4171.5,4176.60009765625,4170.60009765625,4171.7998046875,1217
2026-09-29T09:15:00Z,4172.2001953125,4175.5,4171.5,4172.2001953125,995
2026-09-29T09:30:00Z,4172.2998046875,4178.5,4171.2001953125,4177.7001953125,1713
2026-09-29T09:45:00Z,4177.7998046875,4181.5,4174.10009765625,4177.89990234375,2765
2026-09-29T10:00:00Z,4178,4183,4175.2998046875,4181,1981
2026-09-29T10:15:00Z,4181.10009765625,4182.2001953125,4179,4182.10009765625,1161
2026-09-29T10:30:00Z,4182.10009765625,4183.2998046875,4179.5,4183,1586
2026-09-29T10:45:00Z,4183.10009765625,4187,4181.89990234375,4185.7001953125,2111
2026-09-29T11:00:00Z,4185.89990234375,4188.7998046875,4184.60009765625,4188.7001953125,2181
2026-09-29T11:15:00Z,4188.89990234375,4193.2998046875,4188.39990234375,4191.5,2824
2026-09-29T11:30:00Z,4191.5,4191.89990234375,4183.10009765625,4183.7001953125,3334
2026-09-29T11:45:00Z,4184,4192.89990234375,4181.39990234375,4185.7001953125,4452
2026-09-29T12:00:00Z,4185.89990234375,4190.89990234375,4182.7001953125,4184.5,2592
2026-09-29T12:15:00Z,4184.7001953125,4188.7998046875,4180.5,4186.7998046875,3725
2026-09-29T12:30:00Z,4186.89990234375,4190.89990234375,4183,4188.5,3387
2026-09-29T12:45:00Z,4188.60009765625,4188.89990234375,4181.5,4183.10009765625,3159
2026-09-29T13:00:00Z,4183.10009765625,4191.39990234375,4182.5,4191.10009765625,3394
2026-09-29T13:15:00Z,4191.2001953125,4192,4186.39990234375,4187,3307
2026-09-29T13:30:00Z,4187.10009765625,4195.5,4184.5,4187.2998046875,8820
2026-09-29T13:45:00Z,4187.39990234375,4196.7998046875,4185.60009765625,4189.5,5964
2026-09-29T14:00:00Z,4189.89990234375,4201.39990234375,4189.39990234375,4198.10009765625,7395
2026-09-29T14:15:00Z,4198.39990234375,4207.2998046875,4197.2998046875,4204.2001953125,7963
2026-09-29T14:30:00Z,4204.60009765625,4206.5,4194.60009765625,4199.5,7326
2026-09-29T14:45:00Z,4199.60009765625,4204,4194.2998046875,4202,5098
2026-09-29T15:00:00Z,4202.2001953125,4202.39990234375,4192.5,4193.7998046875,4983
2026-09-29T15:15:00Z,4193.89990234375,4194.7998046875,4179.39990234375,4184.39990234375,8455
2026-09-29T15:30:00Z,4184.39990234375,4191.10009765625,4182.5,4188,5471
2026-09-29T15:45:00Z,4188.2998046875,4194.2001953125,4185.5,4190.10009765625,5689
2026-09-29T16:00:00Z,4190.2998046875,4190.89990234375,4182.2998046875,4182.60009765625,3024
2026-09-29T16:15:00Z,4182.60009765625,4186.89990234375,4181.39990234375,4185.7001953125,2175
2026-09-29T16:30:00Z,4185.7001953125,4187.2998046875,4179.60009765625,4179.7001953125,2388
2026-09-29T16:45:00Z,4179.7998046875,4183.10009765625,4176.5,4177.7998046875,4383
2026-09-29T17:00:00Z,4177.7001953125,4180.39990234375,4176.39990234375,4179.60009765625,2575
2026-09-29T17:15:00Z,4179.60009765625,4181.10009765625,4178,4180.60009765625,2423
2026-09-29T17:30:00Z,4180.7001953125,4181.2998046875,4175.60009765625,4176.89990234375,2317
2026-09-29T17:45:00Z,4177.2001953125,4179.7998046875,4174.39990234375,4176.2998046875,2413
2026-09-29T18:00:00Z,4176.39990234375,4200.7998046875,4176.39990234375,4199.2001953125,12017
2026-09-29T18:15:00Z,4199.2001953125,4203.10009765625,4195,4198.7001953125,5304
2026-09-29T18:30:00Z,4198.7998046875,4208.7998046875,4192.89990234375,4203.5,6460
2026-09-29T18:45:00Z,4203.10009765625,4205.60009765625,4197.39990234375,4203.7001953125,3406
2026-09-29T19:00:00Z,4203.7001953125,4206.5,4200.39990234375,4201.39990234375,1932
2026-09-29T19:15:00Z,4201.39990234375,4204.2998046875,4200.39990234375,4203.7998046875,1467
2026-09-29T19:30:00Z,4203.60009765625,4206.2998046875,4201.7998046875,4204.60009765625,1733
2026-09-29T19:45:00Z,4204.89990234375,4210.7001953125,4202.2001953125,4209.7998046875,2419
2026-09-29T20:00:00Z,4209.89990234375,4210.2001953125,4204.7001953125,4205,1440
2026-09-29T20:15:00Z,4204.7998046875,4209.2001953125,4204.10009765625,4208.39990234375,896
2026-09-29T20:30:00Z,4208.7998046875,4217.60009765625,4207.7001953125,4217.5,2082
2026-09-29T20:45:00Z,4217.5,4218,4211.89990234375,4215,1378
2026-09-29T22:00:00Z,4216,4217.2998046875,4212.89990234375,4214.10009765625,974
2026-09-29T22:15:00Z,4214.10009765625,4215.2998046875,4212.2001953125,4212.60009765625,919
2026-09-29T22:30:00Z,4212.60009765625,4212.89990234375,4209.2001953125,4210.2998046875,1235
2026-09-29T22:45:00Z,4210,4212.7998046875,4209.7998046875,4211.2998046875,802
2026-09-29T23:00:00Z,4211.5,4214.89990234375,4211.39990234375,4214.5,1080
2026-09-29T23:15:00Z,4214.7998046875,4216.10009765625,4212.2001953125,4213,1507
2026-09-29T23:30:00Z,4213,4213.2001953125,4210.7998046875,4212.2998046875,1182
2026-09-29T23:45:00Z,4212.2001953125,4220,4212,4216.7001953125,2774
2026-09-30T00:00:00Z,4216.60009765625,4219.5,4214.5,4216,2206
2026-09-30T00:15:00Z,4216.10009765625,4216.7998046875,4212.89990234375,4213.89990234375,2106
2026-09-30T00:30:00Z,4214,4216,4209.39990234375,4210.7998046875,2526
2026-09-30T00:45:00Z,4210.5,4211.7998046875,4208,4208,2311
2026-09-30T01:00:00Z,4208.2001953125,4213.39990234375,4203.39990234375,4203.89990234375,5225
2026-09-30T01:15:00Z,4204.10009765625,4206.2998046875,4199.2001953125,4199.2001953125,4256
2026-09-30T01:30:00Z,4199.39990234375,4205.10009765625,4198.60009765625,4200.7998046875,4221
2026-09-30T01:45:00Z,4200.7998046875,4204.7998046875,4199.2998046875,4203.5,2613
2026-09-30T02:00:00Z,4203.60009765625,4209.89990234375,4203.10009765625,4208.10009765625,3851
2026-09-30T02:15:00Z,4208,4212,4206.7001953125,4207.10009765625,2304
2026-09-30T02:30:00Z,4206.7998046875,4210.2998046875,4202.5,4209.89990234375,3864
2026-09-30T02:45:00Z,4210.10009765625,4216,4209.60009765625,4210.7001953125,3961
2026-09-30T03:00:00Z,4211,4214.2001953125,4209.60009765625,4210.2998046875,1958
2026-09-30T03:15:00Z,4210.10009765625,4213,4208.7998046875,4212.7998046875,1509
2026-09-30T03:30:00Z,4212.89990234375,4212.89990234375,4205.2998046875,4207.7001953125,2358
2026-09-30T03:45:00Z,4207.5,4207.7998046875,4203.10009765625,4205.5,2373
2026-09-30T04:00:00Z,4204.7998046875,4208.2001953125,4204,4206,1947
2026-09-30T04:15:00Z,4206,4211.39990234375,4206,4210.10009765625,1807
2026-09-30T04:30:00Z,4209.60009765625,4217.2998046875,4209.2998046875,4213.10009765625,2288
2026-09-30T04:45:00Z,4213.2998046875,4213.89990234375,4209.60009765625,4211.39990234375,1562
2026-09-30T05:00:00Z,4211.2001953125,4214.7001953125,4204.7001953125,4204.7998046875,2098
2026-09-30T05:15:00Z,4204.7998046875,4207.2998046875,4197.60009765625,4207.10009765625,3706
2026-09-30T05:30:00Z,4207,4212.39990234375,4205.10009765625,4207.60009765625,2805
2026-09-30T05:45:00Z,4207.7998046875,4213.7001953125,4205.7998046875,4210.2998046875,1650
2026-09-30T06:00:00Z,4210.10009765625,4216.89990234375,4208.10009765625,4215.39990234375,2733
2026-09-30T06:15:00Z,4215.60009765625,4217.39990234375,4211.10009765625,4212.5,1899
2026-09-30T06:30:00Z,4212.2998046875,4215.7001953125,4210.7998046875,4214.5,1569
2026-09-30T06:45:00Z,4214.39990234375,4227.2001953125,4211.39990234375,4222.7998046875,4335
2026-09-30T07:00:00Z,4222.39990234375,4229.89990234375,4221.5,4226.5,2971
2026-09-30T07:15:00Z,4226.39990234375,4233.10009765625,4225.89990234375,4226.89990234375,3373
2026-09-30T07:30:00Z,4227.10009765625,4231.10009765625,4223,4223.7998046875,2331
2026-09-30T07:45:00Z,4224.10009765625,4229.39990234375,4223,4225.60009765625,1720
2026-09-30T08:00:00Z,4225.60009765625,4228.7998046875,4224.7001953125,4226.5,1465
2026-09-30T08:15:00Z,4226.7998046875,4233.7001953125,4225.60009765625,4231,2363
2026-09-30T08:30:00Z,4230.89990234375,4234.10009765625,4228.7998046875,4229.5,1594
2026-09-30T08:45:00Z,4229.60009765625,4231.2001953125,4222.7998046875,4223.5,2250
2026-09-30T09:00:00Z,4223.39990234375,4227,4219.10009765625,4222.2001953125,3269
2026-09-30T09:15:00Z,4222.2998046875,4222.60009765625,4214.5,4217.2001953125,2143
2026-09-30T09:30:00Z,4217.2998046875,4222.2001953125,4217.10009765625,4219.7001953125,1667
2026-09-30T09:45:00Z,4219.60009765625,4221.10009765625,4217,4219.60009765625,929
2026-09-30T10:00:00Z,4219.7001953125,4222.39990234375,4217.60009765625,4218,1353
2026-09-30T10:15:00Z,4217.89990234375,4222.10009765625,4216,4219.60009765625,1729
2026-09-30T10:30:00Z,4219.5,4220.7001953125,4215,4215.2001953125,1109
2026-09-30T10:45:00Z,4215.2998046875,4218,4212.5,4216,1881
2026-09-30T11:00:00Z,4215.89990234375,4216.7998046875,4210.2001953125,4211.10009765625,1685
2026-09-30T11:15:00Z,4211.2998046875,4216.39990234375,4207.7001953125,4214.7998046875,2286
2026-09-30T11:30:00Z,4214.7998046875,4223.7998046875,4213.7998046875,4217.89990234375,2914
2026-09-30T11:45:00Z,4218.10009765625,4218.7001953125,4214.7001953125,4217.89990234375,2157
2026-09-30T12:00:00Z,4217.89990234375,4226.60009765625,4216.5,4225.7001953125,2905
2026-09-30T12:15:00Z,4225.89990234375,4226.10009765625,4213.7001953125,4225,4650
2026-09-30T12:30:00Z,4223.7001953125,4251.39990234375,4219,4246.5,16012
2026-09-30T12:45:00Z,4246.60009765625,4250.89990234375,4237.7998046875,4240.10009765625,7333
2026-09-30T13:00:00Z,4240.5,4246.5,4233.10009765625,4234.2998046875,5447
2026-09-30T13:15:00Z,4234,4235.5,4222.60009765625,4224.89990234375,7356
2026-09-30T13:30:00Z,4224.7998046875,4227.10009765625,4213.10009765625,4214.5,8043
2026-09-30T13:45:00Z,4214.5,4216.60009765625,4207.2998046875,4208.60009765625,8874
2026-09-30T14:00:00Z,4208.7998046875,4215,4205.10009765625,4211.5,9610
2026-09-30T14:15:00Z,4212,4214.2001953125,4200.39990234375,4202.39990234375,8729
2026-09-30T14:30:00Z,4202.60009765625,4206.5,4194.60009765625,4200.7998046875,9752
2026-09-30T14:45:00Z,4200.5,4208.2998046875,4196.10009765625,4196.39990234375,6520
2026-09-30T15:00:00Z,4196.60009765625,4199.39990234375,4189.10009765625,4195.39990234375,9958
2026-09-30T15:15:00Z,4195.10009765625,4197.2001953125,4181.89990234375,4187.7998046875,7055
2026-09-30T15:30:00Z,4187.89990234375,4195,4186.39990234375,4188.7001953125,6477
2026-09-30T15:45:00Z,4188.5,4193.39990234375,4184.7998046875,4188.39990234375,3790
2026-09-30T16:00:00Z,4188.5,4192.7001953125,4186.5,4191.7998046875,4334
2026-09-30T16:15:00Z,4192,4194.2001953125,4188.39990234375,4192.7998046875,2775
2026-09-30T16:30:00Z,4192.7001953125,4193.2001953125,4185.7001953125,4191.39990234375,3163
2026-09-30T16:45:00Z,4191.2998046875,4191.7998046875,4187.7998046875,4189.2001953125,2607
2026-09-30T17:00:00Z,4189.10009765625,4190.2998046875,4182,4185.10009765625,3574
2026-09-30T17:15:00Z,4185.2001953125,4188,4181.2998046875,4186.60009765625,4158
2026-09-30T17:30:00Z,4186.7001953125,4187,4181.39990234375,4181.89990234375,1842
2026-09-30T17:45:00Z,4181.7998046875,4183.2001953125,4178,4182.7998046875,3930
2026-09-30T18:00:00Z,4182.60009765625,4182.7001953125,4178.39990234375,4181.5,2063
2026-09-30T18:15:00Z,4181.5,4186.39990234375,4180.5,4185.89990234375,1618
2026-09-30T18:30:00Z,4185.60009765625,4186.7001953125,4182.60009765625,4183.89990234375,2644
2026-09-30T18:45:00Z,4183.7998046875,4184.2998046875,4181.10009765625,4182.7001953125,2069
2026-09-30T19:00:00Z,4182.7998046875,4185,4180.2998046875,4184.39990234375,2204
2026-09-30T19:15:00Z,4184.10009765625,4187.39990234375,4181.2998046875,4185.7001953125,2225
2026-09-30T19:30:00Z,4185.7998046875,4187.7998046875,4182.2001953125,4184,1756
2026-09-30T19:45:00Z,4184,4189.10009765625,4181.89990234375,4187.89990234375,4116
2026-09-30T20:00:00Z,4187.89990234375,4188.89990234375,4183.2998046875,4188,1852
2026-09-30T20:15:00Z,4188.2001953125,4189.7001953125,4186.60009765625,4188.89990234375,916
2026-09-30T20:30:00Z,4189,4192.2998046875,4188.5,4190.89990234375,1256
2026-09-30T20:45:00Z,4190.7998046875,4191.60009765625,4188.10009765625,4189.2998046875,1371
2026-09-30T22:00:00Z,4190.2001953125,4192.5,4185.2001953125,4186.39990234375,1110
2026-09-30T22:15:00Z,4186.39990234375,4187.2998046875,4185,4186.2001953125,552
2026-09-30T22:30:00Z,4186.60009765625,4187.10009765625,4184.60009765625,4184.60009765625,703
2026-09-30T22:45:00Z,4184.5,4185.7001953125,4183.10009765625,4184.5,992
2026-09-30T23:00:00Z,4184.5,4184.7001953125,4181.10009765625,4182.2998046875,1017
2026-09-30T23:15:00Z,4182.39990234375,4185.7001953125,4182.2001953125,4184.39990234375,804
2026-09-30T23:30:00Z,4184.7998046875,4186.39990234375,4183.5,4185.10009765625,910
2026-09-30T23:45:00Z,4185.39990234375,4187.10009765625,4185,4186.2001953125,933
2026-10-01T00:00:00Z,4186.2001953125,4186.2998046875,4180.39990234375,4182.7998046875,2175
2026-10-01T00:15:00Z,4182.60009765625,4183,4171.2998046875,4174.39990234375,5642
2026-10-01T00:30:00Z,4174,4175.89990234375,4169.89990234375,4175.2998046875,2952
2026-10-01T00:45:00Z,4175,4176.5,4169.39990234375,4175.39990234375,2357
2026-10-01T01:00:00Z,4175.60009765625,4191.7998046875,4175.2001953125,4189.60009765625,5712
2026-10-01T01:15:00Z,4189.60009765625,4194.7998046875,4189.10009765625,4189.2998046875,3324
2026-10-01T01:30:00Z,4189.39990234375,4194.2998046875,4188.7998046875,4191.2998046875,2012
2026-10-01T01:45:00Z,4191.5,4193.5,4186,4186.39990234375,1908
2026-10-01T02:00:00Z,4186.2998046875,4187.60009765625,4181.10009765625,4183.7998046875,3018
2026-10-01T02:15:00Z,4183.60009765625,4186.7998046875,4180.7001953125,4184.10009765625,2565
2026-10-01T02:30:00Z,4184.60009765625,4185.7998046875,4182.39990234375,4184.39990234375,1444
2026-10-01T02:45:00Z,4184.2998046875,4191.7998046875,4183.89990234375,4190.10009765625,2601
2026-10-01T03:00:00Z,4190.7998046875,4198.10009765625,4188.7001953125,4196.5,3454
2026-10-01T03:15:00Z,4196.7001953125,4197.89990234375,4192.7998046875,4193.89990234375,1460
2026-10-01T03:30:00Z,4194,4199.60009765625,4192.2998046875,4199.2001953125,1656
2026-10-01T03:45:00Z,4199,4206.7001953125,4198.2998046875,4205.2998046875,3004
2026-10-01T04:00:00Z,4204.89990234375,4208.10009765625,4204.10009765625,4206.7998046875,1718
2026-10-01T04:15:00Z,4206.7001953125,4206.7998046875,4200.7001953125,4201.60009765625,2030
2026-10-01T04:30:00Z,4201.39990234375,4206.5,4201.2998046875,4205.2998046875,1297
2026-10-01T04:45:00Z,4205,4210.39990234375,4204.7998046875,4209.7001953125,1852
2026-10-01T05:00:00Z,4209.7001953125,4213.2001953125,4208.89990234375,4212.2998046875,1904
2026-10-01T05:15:00Z,4212.39990234375,4217.5,4211.39990234375,4217,2012
2026-10-01T05:30:00Z,4217.10009765625,4222.7998046875,4214.7001953125,4216.60009765625,3268
2026-10-01T05:45:00Z,4216.60009765625,4219.5,4214.89990234375,4217.7998046875,1707
2026-10-01T06:00:00Z,4217.39990234375,4222.2001953125,4217.2001953125,4221.10009765625,2188
2026-10-01T06:15:00Z,4221.10009765625,4221.10009765625,4217.10009765625,4219.5,1843
2026-10-01T06:30:00Z,4219.60009765625,4221.39990234375,4210.7001953125,4214.10009765625,2767
2026-10-01T06:45:00Z,4214.2001953125,4215.60009765625,4210.2001953125,4211.60009765625,2251
2026-10-01T07:00:00Z,4211.7001953125,4213.60009765625,4202.10009765625,4202.2998046875,3192
2026-10-01T07:15:00Z,4202.5,4204.39990234375,4185,4186.2001953125,5661
2026-10-01T07:30:00Z,4186.39990234375,4195.89990234375,4184,4193.10009765625,4158
2026-10-01T07:45:00Z,4193.39990234375,4196.7998046875,4191.60009765625,4193.5,2390
2026-10-01T08:00:00Z,4193.7001953125,4198,4188.2001953125,4189.2998046875,2386
2026-10-01T08:15:00Z,4189.60009765625,4192.39990234375,4184.39990234375,4186.39990234375,2588
2026-10-01T08:30:00Z,4186.5,4188.60009765625,4179,4181.5,3048
2026-10-01T08:45:00Z,4181.2998046875,4185.10009765625,4178.39990234375,4182.7998046875,2075
2026-10-01T09:00:00Z,4182.5,4191.7001953125,4182,4190.39990234375,1920
2026-10-01T09:15:00Z,4190.60009765625,4192.2001953125,4187.60009765625,4189.2001953125,2110
2026-10-01T09:30:00Z,4189.2001953125,4193.2001953125,4188.89990234375,4191.2998046875,1496
2026-10-01T09:45:00Z,4191.2001953125,4193.5,4183.39990234375,4184.2001953125,2007
2026-10-01T10:00:00Z,4184.2001953125,4188.7998046875,4179.7001953125,4188.7001953125,1939
2026-10-01T10:15:00Z,4188.7001953125,4197.39990234375,4187.2998046875,4197.39990234375,3211
2026-10-01T10:30:00Z,4197.5,4202.2998046875,4196.5,4200.89990234375,2997
2026-10-01T10:45:00Z,4201,4208.39990234375,4200.7001953125,4205.7998046875,3512
2026-10-01T11:00:00Z,4206.10009765625,4206.2001953125,4198.7001953125,4199.10009765625,3129
2026-10-01T11:15:00Z,4199.2001953125,4203.39990234375,4196.2998046875,4201.60009765625,2103
2026-10-01T11:30:00Z,4201.60009765625,4210.7998046875,4200.7998046875,4208.7998046875,2391
2026-10-01T11:45:00Z,4209,4215.39990234375,4208.7998046875,4212.2001953125,2609
2026-10-01T12:00:00Z,4212.39990234375,4215.2001953125,4205.60009765625,4206.39990234375,3135
2026-10-01T12:15:00Z,4206.39990234375,4210.39990234375,4204.2998046875,4209.5,3657
2026-10-01T12:30:00Z,4209.39990234375,4216.89990234375,4207.7001953125,4212.39990234375,4370
2026-10-01T12:45:00Z,4212.5,4218,4208.60009765625,4208.7998046875,3371
2026-10-01T13:00:00Z,4208.7001953125,4211.89990234375,4202.89990234375,4203.10009765625,4221
2026-10-01T13:15:00Z,4203,4205.2001953125,4197.10009765625,4197.10009765625,4601
2026-10-01T13:30:00Z,4197.2998046875,4202.7001953125,4188.7998046875,4192.60009765625,6733
2026-10-01T13:45:00Z,4192.7001953125,4195.60009765625,4190,4195.39990234375,4770
2026-10-01T14:00:00Z,4195.7001953125,4196.5,4181,4183.39990234375,10943
2026-10-01T14:15:00Z,4183.60009765625,4195.2998046875,4183.39990234375,4192,5587
2026-10-01T14:30:00Z,4192,4204.7998046875,4189.7001953125,4196,8530
2026-10-01T14:45:00Z,4196.2998046875,4200.2998046875,4189.10009765625,4192.39990234375,6257
2026-10-01T15:00:00Z,4192.39990234375,4192.60009765625,4179.39990234375,4186,6001
2026-10-01T15:15:00Z,4185.7998046875,4198.2998046875,4184.2998046875,4196.39990234375,6244
2026-10-01T15:30:00Z,4196.2001953125,4203.7998046875,4184.39990234375,4199.2998046875,8798
2026-10-01T15:45:00Z,4199,4202.10009765625,4189.7998046875,4199.39990234375,5737
2026-10-01T16:00:00Z,4199.10009765625,4206.60009765625,4197.60009765625,4199.39990234375,4289
2026-10-01T16:15:00Z,4199.39990234375,4201.89990234375,4193.7001953125,4196.89990234375,3714
2026-10-01T16:30:00Z,4197.2001953125,4200.60009765625,4192.2998046875,4195.7001953125,2972
2026-10-01T16:45:00Z,4195.5,4197.60009765625,4189.5,4192.2001953125,2583
2026-10-01T17:00:00Z,4192.10009765625,4203.5,4191.39990234375,4201.39990234375,4052
2026-10-01T17:15:00Z,4201.5,4207.7998046875,4200,4203,5078
2026-10-01T17:30:00Z,4203,4217.60009765625,4202.7998046875,4207.39990234375,7881
2026-10-01T17:45:00Z,4207.39990234375,4210.60009765625,4197.2998046875,4201,5412
2026-10-01T18:00:00Z,4201.10009765625,4205.60009765625,4193.7998046875,4201.7001953125,4060
2026-10-01T18:15:00Z,4201.7998046875,4211.5,4200.7998046875,4204.5,3531
2026-10-01T18:30:00Z,4204.60009765625,4213.2998046875,4202.2998046875,4209.5,2284
2026-10-01T18:45:00Z,4209.5,4209.60009765625,4206,4207.7998046875,1250
2026-10-01T19:00:00Z,4207.60009765625,4208.60009765625,4204.10009765625,4207.2001953125,1596
2026-10-01T19:15:00Z,4207.5,4210.7998046875,4206,4207.5,1348
2026-10-01T19:30:00Z,4207.39990234375,4210,4204.5,4207.10009765625,1388
2026-10-01T19:45:00Z,4206.7998046875,4210.7001953125,4204.7001953125,4207,1947
2026-10-01T20:00:00Z,4207,4210.5,4206.10009765625,4208.10009765625,1016
2026-10-01T20:15:00Z,4208.2998046875,4209.7001953125,4205.10009765625,4205.7001953125,611
2026-10-01T20:30:00Z,4205.7001953125,4206.5,4203.2998046875,4204.10009765625,839
2026-10-01T20:45:00Z,4204.2998046875,4209.2001953125,4204.10009765625,4207.60009765625,790
2026-10-01T22:00:00Z,4205.2998046875,4209.7001953125,4201.89990234375,4202.7998046875,533
2026-10-01T22:15:00Z,4202.7001953125,4203.2001953125,4201,4201.7998046875,627
2026-10-01T22:30:00Z,4201.5,4206,4201.2998046875,4205.5,849
2026-10-01T22:45:00Z,4205.7001953125,4208.7001953125,4205,4208.39990234375,752
2026-10-01T23:00:00Z,4208.39990234375,4210.2998046875,4207.10009765625,4209.7001953125,1209
2026-10-01T23:15:00Z,4209.7001953125,4212.60009765625,4209,4210.60009765625,1237
2026-10-01T23:30:00Z,4210.7001953125,4212.7998046875,4206.60009765625,4208.7998046875,1313
2026-10-01T23:45:00Z,4208.7998046875,4213.5,4207.39990234375,4211.5,1442
2026-10-02T00:00:00Z,4211.2998046875,4212,4198.60009765625,4199,3305
2026-10-02T00:15:00Z,4199.2998046875,4201,4193.39990234375,4193.89990234375,3527
2026-10-02T00:30:00Z,4193.7998046875,4196.60009765625,4188.2998046875,4188.60009765625,3684
2026-10-02T00:45:00Z,4188.89990234375,4191.2001953125,4182.10009765625,4182.7998046875,3508
2026-10-02T01:00:00Z,4182.60009765625,4184.5,4162.7998046875,4170.60009765625,10126
2026-10-02T01:15:00Z,4170.10009765625,4179.5,4168.5,4179,5272
2026-10-02T01:30:00Z,4179.2001953125,4181.2998046875,4174.60009765625,4178.39990234375,4683
2026-10-02T01:45:00Z,4178.2001953125,4181.60009765625,4173.7998046875,4180.2001953125,3106
2026-10-02T02:00:00Z,4180.2001953125,4186.5,4175.89990234375,4182.7998046875,3928
2026-10-02T02:15:00Z,4182.7998046875,4191.5,4182.2001953125,4189.5,3148
2026-10-02T02:30:00Z,4189.5,4191.10009765625,4184.60009765625,4185.7998046875,2059
2026-10-02T02:45:00Z,4185.60009765625,4195.7001953125,4184.7998046875,4195,3001
2026-10-02T03:00:00Z,4195.2001953125,4202.7998046875,4194.2001953125,4201.10009765625,4073
2026-10-02T03:15:00Z,4200.7001953125,4205.2001953125,4199.39990234375,4202.2001953125,2037
2026-10-02T03:30:00Z,4202.39990234375,4207.10009765625,4201.5,4203.39990234375,1969
2026-10-02T03:45:00Z,4203.7998046875,4208,4201.10009765625,4205.60009765625,1928
2026-10-02T04:00:00Z,4207.7001953125,4218.7998046875,4207.10009765625,4213.7001953125,4508
2026-10-02T04:15:00Z,4214,4219,4213.60009765625,4217.7998046875,2546
2026-10-02T04:30:00Z,4217.89990234375,4221.89990234375,4211.39990234375,4212,3450
2026-10-02T04:45:00Z,4212.2001953125,4215.10009765625,4210.60009765625,4214.7998046875,1696
2026-10-02T05:00:00Z,4214.7001953125,4222.7001953125,4213.7998046875,4217.7998046875,3014
2026-10-02T05:15:00Z,4217.7001953125,4220,4216,4216.89990234375,1229
2026-10-02T05:30:00Z,4217.39990234375,4220.7001953125,4215.5,4217.2998046875,1920
2026-10-02T05:45:00Z,4217.2998046875,4217.7998046875,4212.7001953125,4216.2001953125,1623
2026-10-02T06:00:00Z,4216.10009765625,4229.10009765625,4215.7998046875,4221.89990234375,4831
2026-10-02T06:15:00Z,4222.10009765625,4222.2001953125,4216.7001953125,4219,2541
2026-10-02T06:30:00Z,4219.39990234375,4220.60009765625,4209.39990234375,4210.2998046875,3473
2026-10-02T06:45:00Z,4210.39990234375,4213.2001953125,4207.2001953125,4210.89990234375,2466
2026-10-02T07:00:00Z,4210.89990234375,4217.89990234375,4207.39990234375,4217.7001953125,2449
2026-10-02T07:15:00Z,4217.7998046875,4219.39990234375,4213.5,4215.5,2227
2026-10-02T07:30:00Z,4215.5,4217.39990234375,4211.39990234375,4212.7998046875,1832
2026-10-02T07:45:00Z,4212.89990234375,4222.39990234375,4210.5,4217.2001953125,2902
2026-10-02T08:00:00Z,4217.10009765625,4226.7001953125,4214.2001953125,4218.7998046875,3786
2026-10-02T08:15:00Z,4219,4220.2001953125,4212.2998046875,4215.39990234375,2748
2026-10-02T08:30:00Z,4215.2998046875,4216.39990234375,4210.39990234375,4210.5,2244
2026-10-02T08:45:00Z,4210.39990234375,4216.39990234375,4208.89990234375,4214.10009765625,1992
2026-10-02T09:00:00Z,4214,4218.39990234375,4210.7001953125,4216.10009765625,1561
2026-10-02T09:15:00Z,4216.10009765625,4218,4213.39990234375,4216.2998046875,1554
2026-10-02T09:30:00Z,4216.39990234375,4218.2998046875,4211.39990234375,4214.39990234375,1279
2026-10-02T09:45:00Z,4214.2998046875,4217.5,4209.2998046875,4214,2415
2026-10-02T10:00:00Z,4214,4216,4198.7998046875,4201.5,3863
2026-10-02T10:15:00Z,4201.5,4204.2001953125,4195.2998046875,4203.7998046875,3724
2026-10-02T10:30:00Z,4203.89990234375,4212.39990234375,4203,4211.2998046875,2090
2026-10-02T10:45:00Z,4211.5,4213.5,4208.7998046875,4212.60009765625,1602
2026-10-02T11:00:00Z,4212.5,4218.7998046875,4211.7001953125,4217.5,2698
2026-10-02T11:15:00Z,4217.7001953125,4218.60009765625,4210.39990234375,4210.7001953125,1731
2026-10-02T11:30:00Z,4210.7001953125,4214.60009765625,4208.39990234375,4209.89990234375,1970
2026-10-02T11:45:00Z,4209.60009765625,4215.5,4206.7001953125,4211.5,2098
2026-10-02T12:00:00Z,4211.5,4211.89990234375,4204.2001953125,4207.60009765625,2214
2026-10-02T12:15:00Z,4207.2001953125,4218.10009765625,4205.2998046875,4216.7001953125,3341
2026-10-02T12:30:00Z,4216.10009765625,4259,4215,4241.2998046875,23327
2026-10-02T12:45:00Z,4241.5,4250.7998046875,4233.89990234375,4247.7001953125,8080
2026-10-02T13:00:00Z,4248.2998046875,4255.89990234375,4225,4225.5,11037
2026-10-02T13:15:00Z,4225.5,4226.10009765625,4213.2998046875,4223,9713
2026-10-02T13:30:00Z,4223,4231.60009765625,4212.2001953125,4215.89990234375,10115
2026-10-02T13:45:00Z,4215.7001953125,4222.7998046875,4207.60009765625,4220.5,9519
2026-10-02T14:00:00Z,4220.89990234375,4226.7001953125,4208.89990234375,4218.7001953125,9422
2026-10-02T14:15:00Z,4218.7001953125,4223.10009765625,4202.89990234375,4203.60009765625,7053
2026-10-02T14:30:00Z,4203.7001953125,4211,4198.2001953125,4205.5,8036
2026-10-02T14:45:00Z,4205.2001953125,4206.10009765625,4184.39990234375,4188.39990234375,10530
2026-10-02T15:00:00Z,4188.39990234375,4189.5,4171.10009765625,4174.2998046875,11832
2026-10-02T15:15:00Z,4174.2998046875,4175.7998046875,4161.5,4171.10009765625,10476
2026-10-02T15:30:00Z,4171,4176.39990234375,4163,4163.60009765625,7221
2026-10-02T15:45:00Z,4163.60009765625,4167.39990234375,4153.7998046875,4156.2998046875,9852
2026-10-02T16:00:00Z,4156.10009765625,4165.60009765625,4154.60009765625,4163.7998046875,6113
2026-10-02T16:15:00Z,4163.60009765625,4170.10009765625,4162.2998046875,4165.10009765625,4938
2026-10-02T16:30:00Z,4165.10009765625,4170.7001953125,4163.10009765625,4164.60009765625,2889
2026-10-02T16:45:00Z,4164.39990234375,4169.39990234375,4164.2998046875,4168.10009765625,1943
2026-10-02T17:00:00Z,4168,4172.7001953125,4162.7001953125,4164.89990234375,5204
2026-10-02T17:15:00Z,4165.10009765625,4168.2998046875,4158.60009765625,4162.7001953125,5199
2026-10-02T17:30:00Z,4162.39990234375,4168.89990234375,4161.2001953125,4166.7998046875,2419
2026-10-02T17:45:00Z,4166.5,4169.39990234375,4162,4166.7001953125,2805
2026-10-02T18:00:00Z,4166.7998046875,4170.2998046875,4164.2001953125,4169.2001953125,1483
2026-10-02T18:15:00Z,4169.2001953125,4170,4165,4168.89990234375,1579
2026-10-02T18:30:00Z,4169.2001953125,4172,4166.7001953125,4171.39990234375,1975
2026-10-02T18:45:00Z,4171.5,4175.7001953125,4170.39990234375,4175.5,1650
2026-10-02T19:00:00Z,4175.7001953125,4178.39990234375,4172.7998046875,4178,6149
2026-10-02T19:15:00Z,4178.10009765625,4178.2001953125,4173.60009765625,4177.5,2354
2026-10-02T19:30:00Z,4177.2998046875,4179.2001953125,4171.7001953125,4171.7998046875,2656
2026-10-02T19:45:00Z,4171.89990234375,4177,4169.39990234375,4176.5,2913
2026-10-02T20:00:00Z,4176.5,4177.5,4168.2001953125,4172.10009765625,1859
2026-10-02T20:15:00Z,4172,4173.39990234375,4170.60009765625,4172,617
2026-10-02T20:30:00Z,4171.89990234375,4172.2001953125,4167.10009765625,4167.10009765625,926
2026-10-02T20:45:00Z,4167.2001953125,4172.2001953125,4162.2998046875,4162.2998046875,1387
2026-10-04T22:00:00Z,4171.10009765625,4171.7998046875,4168.89990234375,4169.10009765625,263
2026-10-04T22:15:00Z,4169.10009765625,4170.2998046875,4166.7998046875,4169.39990234375,1220
2026-10-04T22:30:00Z,4169.2998046875,4171.7998046875,4168.7998046875,4171.10009765625,1031
2026-10-04T22:45:00Z,4171.39990234375,4176.7001953125,4171.39990234375,4175.89990234375,1465
2026-10-04T23:00:00Z,4175.89990234375,4176,4170.5,4173.60009765625,1677
2026-10-04T23:15:00Z,4173,4175,4171.2998046875,4173.7001953125,1285
2026-10-04T23:30:00Z,4173.89990234375,4174.2001953125,4171.60009765625,4172.60009765625,571
2026-10-04T23:45:00Z,4172.60009765625,4172.7001953125,4168.2998046875,4170.7998046875,1701
2026-10-05T00:00:00Z,4170.7998046875,4181.5,4170.7998046875,4177.10009765625,3872
2026-10-05T00:15:00Z,4177.2001953125,4186.2998046875,4175.7998046875,4183.60009765625,4125
2026-10-05T00:30:00Z,4183.7001953125,4184.10009765625,4179.39990234375,4181.2001953125,1709
2026-10-05T00:45:00Z,4180.89990234375,4185.5,4180.5,4184.89990234375,1933
2026-10-05T01:00:00Z,4184.7001953125,4190,4181.7001953125,4185.7001953125,3195
2026-10-05T01:15:00Z,4186.10009765625,4188,4180.60009765625,4184.2998046875,2561
2026-10-05T01:30:00Z,4184.10009765625,4185.5,4180.10009765625,4180.7001953125,1884
2026-10-05T01:45:00Z,4180.5,4189.7001953125,4179.89990234375,4188,2673
2026-10-05T02:00:00Z,4188.2998046875,4191.2001953125,4186.10009765625,4188,2324
2026-10-05T02:15:00Z,4187.89990234375,4190.5,4183.7001953125,4186.89990234375,2385
2026-10-05T02:30:00Z,4187,4187.2998046875,4180,4181.2998046875,2146
2026-10-05T02:45:00Z,4181.2001953125,4183.10009765625,4167.2001953125,4170.2001953125,6094
2026-10-05T03:00:00Z,4170.2998046875,4172.7998046875,4163.7001953125,4165.2001953125,4562
2026-10-05T03:15:00Z,4165.5,4171.7001953125,4164.2998046875,4170.7998046875,2535
2026-10-05T03:30:00Z,4170.7998046875,4174.10009765625,4169.5,4171.2001953125,2272
2026-10-05T03:45:00Z,4171.39990234375,4174.7001953125,4170.89990234375,4171.60009765625,1370
2026-10-05T04:00:00Z,4171.10009765625,4171.5,4162.39990234375,4162.60009765625,2763
2026-10-05T04:15:00Z,4162.5,4163.5,4152.10009765625,4153.7001953125,4888
2026-10-05T04:30:00Z,4154.10009765625,4161.7001953125,4153.2998046875,4161.2001953125,2870
2026-10-05T04:45:00Z,4161.10009765625,4162.60009765625,4157.39990234375,4159,1713
2026-10-05T05:00:00Z,4158.89990234375,4167.89990234375,4158,4166.39990234375,2456
2026-10-05T05:15:00Z,4166.60009765625,4168.2001953125,4163.2001953125,4164.89990234375,1843
2026-10-05T05:30:00Z,4164.60009765625,4168.39990234375,4160.60009765625,4168.2998046875,2057
2026-10-05T05:45:00Z,4168.10009765625,4168.2998046875,4157.5,4162,2195
2026-10-05T06:00:00Z,4162,4181.7001953125,4161.5,4179.5,4709
2026-10-05T06:15:00Z,4179.2998046875,4184.5,4174.60009765625,4183.10009765625,3904
2026-10-05T06:30:00Z,4182.5,4183.5,4176.7998046875,4180.39990234375,2551
2026-10-05T06:45:00Z,4180.7001953125,4184,4175.89990234375,4183.89990234375,2304
2026-10-05T07:00:00Z,4184,4187.2001953125,4177.7001953125,4184.2001953125,2871
2026-10-05T07:15:00Z,4184.2001953125,4185.39990234375,4178.89990234375,4181.39990234375,1468
2026-10-05T07:30:00Z,4181.7001953125,4187.7998046875,4179.7001953125,4187.7998046875,1708
2026-10-05T07:45:00Z,4187.7001953125,4195,4186.10009765625,4189,4434
2026-10-05T08:00:00Z,4189,4197.7998046875,4187.39990234375,4196.89990234375,3280
2026-10-05T08:15:00Z,4197,4199,4194.10009765625,4194.5,2417
2026-10-05T08:30:00Z,4194.39990234375,4196.10009765625,4190.10009765625,4190.7001953125,3515
2026-10-05T08:45:00Z,4190.7998046875,4198.60009765625,4188.10009765625,4195.7998046875,3520
2026-10-05T09:00:00Z,4195.7001953125,4198.10009765625,4194.2001953125,4195.2001953125,1325
2026-10-05T09:15:00Z,4195.39990234375,4198.60009765625,4194,4194.7001953125,1436
2026-10-05T09:30:00Z,4194.60009765625,4195.2001953125,4187.89990234375,4188.2998046875,2358
2026-10-05T09:45:00Z,4188.10009765625,4188.60009765625,4184.89990234375,4187.2998046875,1731
2026-10-05T10:00:00Z,4187.10009765625,4188.10009765625,4184.7001953125,4187.7001953125,1422
2026-10-05T10:15:00Z,4187.5,4188.10009765625,4184.39990234375,4186.5,1125
2026-10-05T10:30:00Z,4186.5,4188.10009765625,4185.60009765625,4185.7998046875,678
2026-10-05T10:45:00Z,4185.89990234375,4194,4185.39990234375,4190.7001953125,2537
2026-10-05T11:00:00Z,4190.7998046875,4190.89990234375,4187.39990234375,4189.60009765625,1308
2026-10-05T11:15:00Z,4189.7001953125,4196.10009765625,4187.7998046875,4195.60009765625,2648
2026-10-05T11:30:00Z,4195.7998046875,4197.2001953125,4182.5,4182.60009765625,2819
2026-10-05T11:45:00Z,4182.60009765625,4184.7998046875,4178.89990234375,4184.2001953125,2732
2026-10-05T12:00:00Z,4184.2998046875,4187.2001953125,4181.89990234375,4185.10009765625,2229
2026-10-05T12:15:00Z,4185.2001953125,4191.7001953125,4181.5,4191.2001953125,2903
2026-10-05T12:30:00Z,4191.2001953125,4194.10009765625,4188.2001953125,4188.89990234375,3292
2026-10-05T12:45:00Z,4188.7998046875,4191,4182.2998046875,4184.39990234375,3353
2026-10-05T13:00:00Z,4184.60009765625,4185.89990234375,4174.7998046875,4179.89990234375,4694
2026-10-05T13:15:00Z,4179.89990234375,4182.39990234375,4178,4180.7998046875,2993
2026-10-05T13:30:00Z,4180.7998046875,4182.2001953125,4165.10009765625,4166,6313
2026-10-05T13:45:00Z,4166.2001953125,4172.7998046875,4159,4163.60009765625,8067
2026-10-05T14:00:00Z,4163.5,4175.39990234375,4163,4170.39990234375,8505
2026-10-05T14:15:00Z,4170.39990234375,4170.89990234375,4164.7001953125,4165.2998046875,3298
2026-10-05T14:30:00Z,4165.2998046875,4170.39990234375,4160.10009765625,4168.5,4902
2026-10-05T14:45:00Z,4168.39990234375,4176.60009765625,4165,4175,5212
2026-10-05T15:00:00Z,4175.10009765625,4176.39990234375,4165.7998046875,4166.10009765625,3813
2026-10-05T15:15:00Z,4166.2998046875,4169.2998046875,4150.60009765625,4167,9017
2026-10-05T15:30:00Z,4167.2998046875,4168,4163.60009765625,4164.2998046875,2893
2026-10-05T15:45:00Z,4164.2998046875,4167.60009765625,4161.7001953125,4164.7998046875,3011
2026-10-05T16:00:00Z,4164.7998046875,4164.89990234375,4156.7998046875,4157.5,3187
2026-10-05T16:15:00Z,4157.2998046875,4158.10009765625,4153.60009765625,4155.2998046875,2869
2026-10-05T16:30:00Z,4155.2998046875,4159.2998046875,4154.89990234375,4159,2012
2026-10-05T16:45:00Z,4158.7998046875,4161.10009765625,4156.2998046875,4158.2001953125,2206
2026-10-05T17:00:00Z,4158.39990234375,4160,4153,4156,2180
2026-10-05T17:15:00Z,4155.89990234375,4158.7998046875,4153.2001953125,4157.2998046875,3215
2026-10-05T17:30:00Z,4157.2998046875,4160.60009765625,4154.5,4159.89990234375,1750
2026-10-05T17:45:00Z,4160.10009765625,4164.5,4158.7998046875,4164.2998046875,2054
2026-10-05T18:00:00Z,4164.2998046875,4169.39990234375,4162.7998046875,4163.5,3604
2026-10-05T18:15:00Z,4163.7998046875,4166,4161,4164.60009765625,2222
2026-10-05T18:30:00Z,4164.7001953125,4167.7001953125,4163.10009765625,4165.10009765625,1972
2026-10-05T18:45:00Z,4164.89990234375,4170.60009765625,4164.89990234375,4170.39990234375,1857
2026-10-05T19:00:00Z,4170.39990234375,4171.5,4167,4168.60009765625,2235
2026-10-05T19:15:00Z,4168.5,4170.7998046875,4166.7998046875,4169.89990234375,1569
2026-10-05T19:30:00Z,4169.60009765625,4171.7001953125,4169.10009765625,4169.7001953125,1225
2026-10-05T19:45:00Z,4169.89990234375,4170,4166,4168.2001953125,2035
2026-10-05T20:00:00Z,4168.2998046875,4168.7998046875,4165,4166.60009765625,1248
2026-10-05T20:15:00Z,4166.2998046875,4169.39990234375,4165.7998046875,4168.2998046875,618
2026-10-05T20:30:00Z,4168.5,4168.7998046875,4166.10009765625,4167.60009765625,597
2026-10-05T20:45:00Z,4167.60009765625,4170.7001953125,4167,4167.7998046875,933
2026-10-05T21:00:00Z,4167.60009765625,4167.60009765625,4167.60009765625,4167.60009765625,1
2026-10-05T22:00:00Z,4168.39990234375,4172,4166,4169.5,412
2026-10-05T22:15:00Z,4169.60009765625,4170.7001953125,4168.89990234375,4169.60009765625,433
2026-10-05T22:30:00Z,4169.60009765625,4172.7998046875,4169.5,4171.2998046875,693
2026-10-05T22:45:00Z,4171.2001953125,4171.2001953125,4167.60009765625,4167.7001953125,966
2026-10-05T23:00:00Z,4167.7001953125,4169,4165.2001953125,4165.39990234375,944
2026-10-05T23:15:00Z,4165.39990234375,4168,4164.7998046875,4167.2001953125,1159
2026-10-05T23:30:00Z,4167.10009765625,4167.7998046875,4163.60009765625,4164.10009765625,1267
2026-10-05T23:45:00Z,4164,4164.2001953125,4160.39990234375,4161.39990234375,2050
2026-10-06T00:00:00Z,4161.2998046875,4164.7998046875,4159.2001953125,4163.2001953125,2540
2026-10-06T00:15:00Z,4163.2001953125,4169.2001953125,4162.5,4168.2001953125,3238
2026-10-06T00:30:00Z,4167.7001953125,4172.39990234375,4162.7001953125,4165.2998046875,4085
2026-10-06T00:45:00Z,4165.39990234375,4178.7001953125,4165.39990234375,4178.39990234375,4146
2026-10-06T01:00:00Z,4178.39990234375,4179.7001953125,4173.2998046875,4176.7001953125,3940
2026-10-06T01:15:00Z,4176.60009765625,4176.89990234375,4162.60009765625,4163.5,5193
2026-10-06T01:30:00Z,4163.60009765625,4165.89990234375,4157.7001953125,4160.39990234375,4483
2026-10-06T01:45:00Z,4160.2001953125,4160.89990234375,4155.89990234375,4157.2001953125,2928
2026-10-06T02:00:00Z,4157.2001953125,4158.2998046875,4154.7998046875,4157.5,2323
2026-10-06T02:15:00Z,4157.7001953125,4158.7998046875,4153.60009765625,4153.7998046875,2180
2026-10-06T02:30:00Z,4153.7998046875,4155.2001953125,4130.89990234375,4148.5,11546
2026-10-06T02:45:00Z,4148.7998046875,4167,4147.89990234375,4157.2998046875,7123
2026-10-06T03:00:00Z,4157.39990234375,4160.39990234375,4155.39990234375,4155.7001953125,2636
2026-10-06T03:15:00Z,4155.7001953125,4157.89990234375,4153.2001953125,4155,2178
2026-10-06T03:30:00Z,4154.60009765625,4160.89990234375,4150.89990234375,4158.7001953125,2608
2026-10-06T03:45:00Z,4158.7001953125,4159.39990234375,4151.2998046875,4154.7998046875,2466
2026-10-06T04:00:00Z,4155.2001953125,4158.2001953125,4152.60009765625,4152.7998046875,1311
2026-10-06T04:15:00Z,4152.89990234375,4155.5,4152.39990234375,4154,1059
2026-10-06T04:30:00Z,4154.10009765625,4155,4147.5,4148.39990234375,2730
2026-10-06T04:45:00Z,4148.10009765625,4151.2998046875,4146.7001953125,4148.2998046875,1879
2026-10-06T05:00:00Z,4148,4151.39990234375,4146.89990234375,4148.60009765625,1432
2026-10-06T05:15:00Z,4148.39990234375,4152.7998046875,4146.7001953125,4148.2998046875,1301
2026-10-06T05:30:00Z,4148.2001953125,4151.89990234375,4146.39990234375,4148.39990234375,1327
2026-10-06T05:45:00Z,4148.5,4149.7998046875,4143.39990234375,4146.7998046875,1881
2026-10-06T06:00:00Z,4146.60009765625,4150.39990234375,4140.10009765625,4149.7001953125,3692
2026-10-06T06:15:00Z,4149.7001953125,4161.7998046875,4149.7001953125,4161.2001953125,4080
2026-10-06T06:30:00Z,4161.2001953125,4162.5,4156.39990234375,4157.7998046875,2466
2026-10-06T06:45:00Z,4158,4162.39990234375,4157.10009765625,4159,2176
2026-10-06T07:00:00Z,4159.2001953125,4165.60009765625,4155.39990234375,4165.60009765625,2726
2026-10-06T07:15:00Z,4165.7001953125,4170.7001953125,4161.5,4161.89990234375,3357
2026-10-06T07:30:00Z,4161.89990234375,4167.2001953125,4160.2998046875,4165.7001953125,2013
2026-10-06T07:45:00Z,4165.2998046875,4169.2001953125,4164.2001953125,4167.39990234375,1432
2026-10-06T08:00:00Z,4167.2998046875,4171.39990234375,4165.2001953125,4167.60009765625,2791
2026-10-06T08:15:00Z,4167.10009765625,4175,4167.10009765625,4173.39990234375,2525
2026-10-06T08:30:00Z,4173.5,4181.2998046875,4172.60009765625,4180.2001953125,3427
2026-10-06T08:45:00Z,4180.10009765625,4183,4177.60009765625,4182.7998046875,2436
2026-10-06T09:00:00Z,4182.5,4184.60009765625,4177.2001953125,4177.2998046875,2706
2026-10-06T09:15:00Z,4177.2998046875,4185.10009765625,4177.2998046875,4184.10009765625,1894
2026-10-06T09:30:00Z,4183.89990234375,4186.2001953125,4181,4181.39990234375,2201
2026-10-06T09:45:00Z,4181.2998046875,4182.10009765625,4178.5,4179.7001953125,1600
2026-10-06T10:00:00Z,4179.7001953125,4181.39990234375,4178.10009765625,4179.60009765625,1386
2026-10-06T10:15:00Z,4179.10009765625,4182.7001953125,4176.2001953125,4181.7998046875,1924
2026-10-06T10:30:00Z,4182,4188.7001953125,4181.7998046875,4188.10009765625,2477
2026-10-06T10:45:00Z,4188.2001953125,4188.7001953125,4185.5,4186.2998046875,1495
2026-10-06T11:00:00Z,4186.39990234375,4188.89990234375,4183.60009765625,4188.2001953125,2133
2026-10-06T11:15:00Z,4188.5,4194,4188.2998046875,4192.7998046875,3705
2026-10-06T11:30:00Z,4192.7001953125,4200.7998046875,4192.5,4200.10009765625,5377
2026-10-06T11:45:00Z,4200.10009765625,4203.2001953125,4197.7998046875,4201.5,3348
2026-10-06T12:00:00Z,4201.60009765625,4208,4200.7998046875,4206.60009765625,3831
2026-10-06T12:15:00Z,4207,4207.5,4201.7998046875,4203.60009765625,4025
2026-10-06T12:30:00Z,4203.89990234375,4204.7998046875,4197.60009765625,4200.39990234375,4883
2026-10-06T12:45:00Z,4200.10009765625,4202.39990234375,4193.5,4197.7998046875,5420
2026-10-06T13:00:00Z,4198,4202.5,4195.5,4200.39990234375,2942
2026-10-06T13:15:00Z,4199.89990234375,4200.2001953125,4188.7998046875,4189.2001953125,5114
2026-10-06T13:30:00Z,4189.2998046875,4193,4183.10009765625,4185.7998046875,5970
