appId,appTitle,userName,score,text,date,thumbsUp
com.myfitnesspal.android,MyFitnessPal: Calorie Counter,Ayakyn B,1,The app doesn't respond anymore. I've been trying for an hour to use it and it doesn't even open.,2026-08-24,0
com.myfitnesspal.android,MyFitnessPal: Calorie Counter,paul Lapp,5,"I love e this app, I purchased the premium and its a big help to me with my dieting.",2026-08-24,0
com.myfitnesspal.android,MyFitnessPal: Calorie Counter,Mario Mercado,4,Great app!,2026-08-23,0
com.myfitnesspal.android,MyFitnessPal: Calorie Counter,Denis genest,2,"constantly logs out, especially mid adding items to daily tracking, makes no sense. the search has also gotten way worse and seems to lag or time out... like i just got no results for peanut butter. The app has slowly been getting worse over the years and I'm finally uninstalling:(",2026-08-23,0
com.myfitnesspal.android,MyFitnessPal: Calorie Counter,Vernon Chiu,3,"The app is adequate for tracking calories and macros. It has a large library of crowd sourced nutrition information but double check to make sure the information is actually correct. I subscribed to the premium version to test the AI functions, but sadly, the AI-powered calorie counting from pictures produced inaccurate information nearly every time. Best use of the app is to help understand porti",2026-08-23,0
com.myfitnesspal.android,MyFitnessPal: Calorie Counter,Megan Bigg,1,cannot add specific measurements such as 1/4cup etc or specific amounts of food eg 60gms yoghurt.,2026-08-23,0
com.myfitnesspal.android,MyFitnessPal: Calorie Counter,Michelle Gorry,5,"helping me keep track of my calories, which is a massive help.",2026-08-23,0
com.myfitnesspal.android,MyFitnessPal: Calorie Counter,Robyn Scott,3,"Ads are slow to load and cause the page to shift just as you're about to touch your screen. Audio in ads is annoying and takes over other audio. Otherwise, this is the best tracking app I've ran across, but I won't recommend it until the ad issued are gone.",2026-08-23,0
com.myfitnesspal.android,MyFitnessPal: Calorie Counter,DjAntDog,5,Fast foods up to date.,2026-08-23,0
com.myfitnesspal.android,MyFitnessPal: Calorie Counter,Terilynn Bench Harris,3,"Overall a really helpful tool. There are a few glitches related to tracking fasting (if you start after midnight you lose the ability to track for a full day) and some of the information is hard to decipher, but otherwise it's good!",2026-08-23,0
com.myfitnesspal.android,MyFitnessPal: Calorie Counter,Zeus Guevara,4,"the new interphase is very inefficient and less human-friendly. More difficult to view data, to get an overview of the day, to explore than before",2026-08-23,0
com.myfitnesspal.android,MyFitnessPal: Calorie Counter,Stephanie Anderson,3,"What's also ""new"" is that the app is no longer allowing me to view my weekly Nutrition figures. PLEASE FIX. Hopefully this is not something that is now going to be yet another premium feature which used to be free :(",2026-08-23,1
com.myfitnesspal.android,MyFitnessPal: Calorie Counter,ぶれっど面包（ピタ）,1,"after trying to sign up, screen stays blank. 🥹 I don't know why fix please, devs",2026-08-23,0
com.myfitnesspal.android,MyFitnessPal: Calorie Counter,Aberlure,1,Previously 5 Stars New appearance and UI are atrocious. Updated Design is inconvenient and uselessly bothersome. Provide an option to change back to previous design or you will see me switch to Yazio in about a week. Please update so that users can choose between the old and new version. New seems to bothersome and an overhaul nobody (or at least I) never asked for.,2026-08-23,1
com.myfitnesspal.android,MyFitnessPal: Calorie Counter,Petra Matykó,1,App logged me out and it doesnt let me use my google account to get back in....,2026-08-23,0
com.myfitnesspal.android,MyFitnessPal: Calorie Counter,Xhvn 8,3,the app is so good,2026-08-23,0
com.myfitnesspal.android,MyFitnessPal: Calorie Counter,Nate W,3,The tracking screen and the weekly report don't agree on what day the week starts on. Sloppy design.,2026-08-23,0
com.myfitnesspal.android,MyFitnessPal: Calorie Counter,Jan De Luyck,1,"This used to be a good, functional app for tracking calories. With the new dashboard they've unfortunately managed to make the process of adding food to your diary very unintuitive - a complete pain. with the latest redesign you'd hope they learn, but instead of better they manage to make parts of it worse.",2026-08-23,17
com.myfitnesspal.android,MyFitnessPal: Calorie Counter,Cherry W,5,I've used nourish and lose it and came Back to the OG. easiest to use. huge accurate data base. easy recipe addition.,2026-08-23,0
com.myfitnesspal.android,MyFitnessPal: Calorie Counter,Mike Márquez,1,"the last update ruined the UI, it ""looks"" good but isnt user friendly at all, many steps to do the same thing you did before, it doesnt show the info you want. perhaps its time to jump ship to another app",2026-08-23,1
com.myfitnesspal.android,MyFitnessPal: Calorie Counter,Brian Baird,1,the app is always logging me out. I never stay logged.,2026-08-23,1
com.myfitnesspal.android,MyFitnessPal: Calorie Counter,Saber Bunny (Bunny),1,"This used to be a good app, recent updates over the last few years are designed to make it ""iPhone"" pretty, aka absolutely junk as far as functionally. I came back to find it's changed yet again and it's basically worthless now. I'm looking for another app, even if I have to pay. This one is convoluted and moved many features behind a pay wall, I will not pay when the free version can't even do th",2026-08-23,1
com.myfitnesspal.android,MyFitnessPal: Calorie Counter,Vipul Uchil,1,"app is more or less unusable after the latest update, which is definitely vibe coded because some MBA decided to fire all the UX professionals at the company. they took a perfectly intuitive and functional app and destroyed it for no reason at all. the new app is not user friendly in any way, actively prevents you from finding information, prevents you from quickly logging food. why would you ever",2026-08-23,1
com.myfitnesspal.android,MyFitnessPal: Calorie Counter,Kayla,1,"Not sure what they've done, but this app is infuriating now. Every time I open it, it prompts me to log in again. But not even straight away, the app will open into my account, and then after 5-10seconds, logs me out asking me to login. Every. Single. Time. Will be changing to a different app.",2026-08-22,1
com.myfitnesspal.android,MyFitnessPal: Calorie Counter,Ruby Rosenberg,2,"I am a paying member and new UI is awful, cant delete multiple items together anymore so if you accidentally enter the wrong saved meal you have to delete each item. so many more clicks for same info as before. not a single improvement, many downsides to this update",2026-08-22,1
com.myfitnesspal.android,MyFitnessPal: Calorie Counter,Scott M,4,"I find this app works amazing when you manually enter your own food and save meals or recipes. Lots of weird user interface designs that can make it confusing. You have to adapt to how the app does things, which is not intuitive. Can be frustrating and inaccurate finding a matching food. I feel like they need to do a serious database clearout and delete old inaccurate entries.",2026-08-22,0
com.myfitnesspal.android,MyFitnessPal: Calorie Counter,vasu97,1,"NEW UI SUCKS, NEVER CHANGE WHAT’S NOT BROKEN, you do not change patterns even if you redesign, this is a big mistake! this is like hitting your own leg with the axe, downfall for sure.",2026-08-22,1
com.myfitnesspal.android,MyFitnessPal: Calorie Counter,Binupa Dulmeth,1,There's no use of it if you don't have premium,2026-08-22,0
com.myfitnesspal.android,MyFitnessPal: Calorie Counter,Christopher,1,"Causes significant background battery drain on Oppo Find X9 Ultra. Despite updates the issue was not fixed, MFP was the #1 battery drain on my phone despite me only using it for a couple of minutes per day, in the end I had to uninstall it because it became so bad.",2026-08-22,0
com.myfitnesspal.android,MyFitnessPal: Calorie Counter,K McV,1,New version removed the ability to copy an entire day's food to another day. Instead you have to click into each meal and copy making the process cumbersome.,2026-08-22,1
com.myfitnesspal.android,MyFitnessPal: Calorie Counter,Banu Malar,2,I was using this apps for years but the latest update ruin the apps. Please switch back to the older version. The latest version not user friendly.,2026-08-22,1
com.myfitnesspal.android,MyFitnessPal: Calorie Counter,Yahia Bz,5,I love the new update,2026-08-22,0
com.myfitnesspal.android,MyFitnessPal: Calorie Counter,Yasser Harisi,1,Wrong calories calculations,2026-08-21,0
com.myfitnesspal.android,MyFitnessPal: Calorie Counter,Ross,1,"i downloaded this app based on features that are free on my partners phone. (barcode scan) for ease of tracking my food. It was premium only on my device so there is no point me using this app, so I removed it straight away as it took the ease away from the whole thing",2026-08-21,0
com.myfitnesspal.android,MyFitnessPal: Calorie Counter,Mohammad Darwish,2,I've been using myfitnesspal for 10 years. Last update ruined the whole app. Can't use it like usual and everything seems unnecessarily complicated and difficult to access. I really look forward for the team to fix the recent update as the old one was way better.,2026-08-21,2
com.myfitnesspal.android,MyFitnessPal: Calorie Counter,Michael Ficocelli,1,"This app has a number of excellent features, and at one point was super easy to track your eating and share your meals with family. But now it is so clogged with useless or paywalled features, and absolutely INFESTED with ads, that it takes a very long time to load any page or interact with the tools.",2026-08-21,1
com.myfitnesspal.android,MyFitnessPal: Calorie Counter,sara abel,1,loved it until the upgrade,2026-08-21,1
com.myfitnesspal.android,MyFitnessPal: Calorie Counter,ZER0,4,"The app is great, but why don't you support the Xiaomi Fitness app? Please support it.",2026-08-21,0
com.myfitnesspal.android,MyFitnessPal: Calorie Counter,nikhil patel,4,"Great app. The only downfall is that I have to log in every few days, which is terribly annoying.",2026-08-21,0
com.myfitnesspal.android,MyFitnessPal: Calorie Counter,Nicholas Lim,1,"Edit: The new update on Aug 2026 eas completely unnecessary and unhelpful, the previous version was much easier to operate and navigate! It also automatically averages out your weekly calories instead of showing what was consumed in the day, which is what it's supposed to do as a calorie tracker! Developers, just take the feedback here and tell the team directly! You are wasting user's time by mak",2026-08-21,2
com.myfitnesspal.android,MyFitnessPal: Calorie Counter,Maik,1,"Been using the app for over a decade and the UI is getting worse every update. In its current form everything seems to be layered in multiple sub menus, requiring multiple clicks what previously took 1 click. Can not recommend this even as a free app anymore.",2026-08-21,1
com.myfitnesspal.android,MyFitnessPal: Calorie Counter,Dashelle Kurt,1,new UI sucks. it's difficult to track food in my diary,2026-08-21,1
com.myfitnesspal.android,MyFitnessPal: Calorie Counter,saran s,1,"The new UI interface is really bad, it's not convenient at all. The older one is way better, I hope the team considers and rectifies it.",2026-08-21,2
com.myfitnesspal.android,MyFitnessPal: Calorie Counter,G. F.,3,I keep entering yesterdays food by accident. I absolutely hate the new layout and I am a paying customer!!,2026-08-21,2
com.myfitnesspal.android,MyFitnessPal: Calorie Counter,Legitimate Buddha,2,Is there a setting that I can revert the UI change? The new UI has a very bad UX.,2026-08-21,1
com.myfitnesspal.android,MyFitnessPal: Calorie Counter,Zach M,3,Tried this app again. It failed on the first day. Cannot remove food once logged. I work nights and to properly keep track need to enter all my food on one day. This app is incredibly difficult to do that with.,2026-08-21,1
com.myfitnesspal.android,MyFitnessPal: Calorie Counter,Akeem Daniels,5,Convenient,2026-08-21,0
com.myfitnesspal.android,MyFitnessPal: Calorie Counter,Jaxon Richardson,1,Reviews claim its free but its not. I wish they would just say that up front before I had to sign up.,2026-08-21,1
com.myfitnesspal.android,MyFitnessPal: Calorie Counter,Austin Nichols,4,definitely helps me track and plan meals. if you need a little incentive and have the extra time I would definitely recommend it.,2026-08-21,0
com.myfitnesspal.android,MyFitnessPal: Calorie Counter,Tyler Young,1,New UI is awful. I will be uninstalling.,2026-08-20,1
com.myfitnesspal.android,MyFitnessPal: Calorie Counter,precurious 1,1,"the most recent update overcomplicated the app too much. there are too many sub menus within menus in this app now. I want to log my food as quickly as possible, not waste time clicking in and out of menus to navigate a maze. they took away the barcode scanner for free users, but at least it used to be simple navigating the app -- not anymore.",2026-08-20,2
com.myfitnesspal.android,MyFitnessPal: Calorie Counter,wikash,2,New ui took this app from easy to use and see what you've eaten to annoyingly inconvenient for the sake of esthetics.,2026-08-20,1
com.myfitnesspal.android,MyFitnessPal: Calorie Counter,jade sidhe,1,says free but pay wall,2026-08-20,1
com.myfitnesspal.android,MyFitnessPal: Calorie Counter,Marcos Aldarondo,3,"I hate the new way the front page looks, it's really hard to figure out the days I'm on now, I can't scroll left or right to go to other days, and the way the food you add looks is just annoying, if I enter all I see is ""and one more"" instead of showing me the that is with the other one. I have been using this app for years with no complaints, so sad I had to make this one.",2026-08-20,1
com.myfitnesspal.android,MyFitnessPal: Calorie Counter,Ariel Kingseed,1,should have kept it old and free.,2026-08-20,1
com.myfitnesspal.android,MyFitnessPal: Calorie Counter,The Infinite Star,3,"I had to uninstall MyFitnessPal. after the new update all of my Fitness Calories and foods were either duplicated or not recording. For Example, I'd run on the treadmill and MFP would track the treadmill, and then 3 walking exercises as duplicates. This completely messed up my Samsung Health data too, as Samsung health would keep on adjusting my calories and fitness based on MFP's info while synci",2026-08-20,1
com.myfitnesspal.android,MyFitnessPal: Calorie Counter,Katie Wood,3,really good app I don't like nowadays they charge money to use the barcode scanner I think that was scummy of them. I do have an older account and I'm glad I never deleted my old account as I think it has better features then nes accounts though overall good calorie tracker,2026-08-20,0
com.myfitnesspal.android,MyFitnessPal: Calorie Counter,Vadim Belenky,1,too much ads and too much push towards the premium. Data on food is not reliable. Considering alternatives!!!,2026-08-20,0
com.myfitnesspal.android,MyFitnessPal: Calorie Counter,DAVE MATSON,2,I liked the free version but it keeps crashing after a short time. I don't think they really want people to use the free version. They just want your money.,2026-08-20,0
com.myfitnesspal.android,MyFitnessPal: Calorie Counter,Amanda Littrell,4,"I remember when you used to be able to use the barcode scanner for free... I miss that! Made logging more convenient. Not everyone can afford subscriptions to extra apps... would totally give it 5 stars if it still had that in the free version. Other than that, I love it! It's very helpful keeping me in check. Staying on top of my macros and physical activity.",2026-08-20,1
com.myfitnesspal.android,MyFitnessPal: Calorie Counter,Mary Merrington,3,"Great aid in monitoring weight loss as well as for affirmations. Also a great tool for learning about the caloric values of various foods but it would be better if one did not have to pay for the addition of info on one's nutritional valued intake. Also, there is no way of deleting entries put in by error like previous versions of app.",2026-08-20,0
com.myfitnesspal.android,MyFitnessPal: Calorie Counter,Michael Wilson,5,I think this is very helpful for keeping track of your calories even famous people that are fitness use this app so I would recommend using it,2026-08-20,0
com.myfitnesspal.android,MyFitnessPal: Calorie Counter,Paul Flanagan,5,Changed my life.,2026-08-20,0
com.myfitnesspal.android,MyFitnessPal: Calorie Counter,Rags_5B,3,bugs out often. Sometimes it won't search for the food I type nor even try.,2026-08-20,0
com.myfitnesspal.android,MyFitnessPal: Calorie Counter,Vedran Lucic,3,"App makes mostly cosmetic updates or brings new (unnecessary) features, slowly becoming bloatware. Simple improvements, for which users asked multiple times, are still ignored so you still can't delete food from your saved meals, nor you can name or give note to ""quick add"" calories. MyFitnessApp was solid choice decade ago, but if you are starting now to count calories try other apps before you g",2026-08-20,1
com.myfitnesspal.android,MyFitnessPal: Calorie Counter,Jennifer Stancil,1,you guys suck for making things that once was free part of the paid plan now! anything for a dollar!,2026-08-20,1
com.myfitnesspal.android,MyFitnessPal: Calorie Counter,Bri W,2,"ive used this app for 6 years and i dont intend to stop but they have got to do something about how glitchy it is. half the time, typing in foods takes forever to pop up if at all, the app randomly logs out even in the middle of navigating the app, the updates make it even less user friendly.",2026-08-20,3
com.myfitnesspal.android,MyFitnessPal: Calorie Counter,Anders Davidsen,1,terrible ui update,2026-08-20,1
com.myfitnesspal.android,MyFitnessPal: Calorie Counter,Benjamin Fraller,2,new ui takes up too much space... always need to scroll. otherwise the ui seems ok,2026-08-20,3
com.myfitnesspal.android,MyFitnessPal: Calorie Counter,james brown,1,"I've been using this app for years almost 10 years, and now they suddenly decided to change the UI, it would made sense if it was easier to navigate than before, they did the opposite, I had go through multiple layers to find the log rather having it on first thing like before, it was much simpler before....",2026-08-20,1
com.myfitnesspal.android,MyFitnessPal: Calorie Counter,Pete Driver,2,"Latest version makes the diary, the whole reason for the app, nearly impossible to log food. Duplicates. Can't search. It's unreal that they could mess it up so badly.",2026-08-20,1
com.myfitnesspal.android,MyFitnessPal: Calorie Counter,MiMo M. Ramirez-Feliciano,5,great on keeping a calorie track,2026-08-20,0
com.myfitnesspal.android,MyFitnessPal: Calorie Counter,Tanya L,1,"New update changed the layout and it sucks. Not intuitive at all, annoying to navigate. The way it was before was totally fine so I don't understand why you would change it.",2026-08-20,1
com.myfitnesspal.android,MyFitnessPal: Calorie Counter,Derrick Wilson,1,I tried to cancel the subscription & it's not allowing me to remove the auto renewal & will not show up in my subscription to cancel.,2026-08-20,2
com.myfitnesspal.android,MyFitnessPal: Calorie Counter,Noah Weatherby,3,"Good features, the meal tracking is exactly what I was looking for. But the step count breaks down at random intervals. A way to manually add the steps in (not as an exercise, but in the steps feature itself) would be very helpful, since it seems that the sync feature has been problematic for years.",2026-08-20,0
com.myfitnesspal.android,MyFitnessPal: Calorie Counter,Simone Vernikov,1,"User for years. The new UI is TERRIBLE. It's extremely unfriendly, takes multiple steps to log food, it's less clear what you are logging. Bring back the old interface, otherwise I'll switch to a different app",2026-08-19,2
com.myfitnesspal.android,MyFitnessPal: Calorie Counter,Nellie Mcclain,4,it would have 4 stars but I can't hook my watch to the app.,2026-08-19,0
com.myfitnesspal.android,MyFitnessPal: Calorie Counter,Yuma van Eekelen,1,"what the heck happened to the interface? just shoving a bunch of changes in the UI in our faces. Less insightful, terrible. ASK me whether I'd like a new look!",2026-08-19,1
com.myfitnesspal.android,MyFitnessPal: Calorie Counter,Jack,1,"this app would be so much better if there wasn't AI in it, but that's like asking the government to stop spending money on wars. probably not going to happen. Anyways the one star is for the amount of AI garbage there is on this app. I will be happy to change my review if the developer can address this, yet with how much money their company is ""saving"", I doubt any significant change will come soo",2026-08-19,1
com.myfitnesspal.android,MyFitnessPal: Calorie Counter,Shreya Nair,1,The new UI has ruined everything for me. I've been using this app for more than 7 years now and I had liked it because of its simplistic UI and had gotten used to the calorie noting experience. why change the UI into something nobody asked for? i can't see the calories properly and need to click on so many random buttons to even log one food properly. please switch it back to the old UI or I would,2026-08-19,1
com.myfitnesspal.android,MyFitnessPal: Calorie Counter,whyis_hehere 66,3,it tracks my calories. they took away some of the good features for the premium service but it still functions most of the time,2026-08-19,0
com.myfitnesspal.android,MyFitnessPal: Calorie Counter,Lygia Pampaka,2,The app was great but removing the ability to set the start date in the weekly nutrient/calorie view was unnecessary and makes it less functional as well as making it harder to track calories over weeks.,2026-08-19,1
com.myfitnesspal.android,MyFitnessPal: Calorie Counter,Thomas Schjødt,1,"The new diary view is a lot worse than the old one, there are a lot of added button presses to add food or get an overview of your day. Why collapse the different categories. Why when you want to add food is all my old logged food move to another menu",2026-08-19,2
com.myfitnesspal.android,MyFitnessPal: Calorie Counter,Kathy Klosterman,5,"I've logged my food for 583 days now. Was leary of weight loss drugs, and wanted to lose weight-I WAS READY. My height 5' 10.5, and my weight was just about 250. Once I had my Dr. referred nutritionist, I lost 40 lbs. in 6 mos. Strength training is going great. This app has been a crucial step to keep my nutrition in check.",2026-08-19,0
com.myfitnesspal.android,MyFitnessPal: Calorie Counter,Rickie Rosso,1,"The latest update makes it hard to use the ""quick add"" function when logging one's meals. This used to be much more accessible, but now it is hidden in a menu. Very bad, especially when one is in a rush. I hope they fix this. It genuinely sucks as a user.",2026-08-19,1
com.myfitnesspal.android,MyFitnessPal: Calorie Counter,Erika Vigna,1,the new updated design is very bad. It became less intuitive and I really struggle in getting used to it. I wish I could go back to the old design,2026-08-19,1
com.myfitnesspal.android,MyFitnessPal: Calorie Counter,Shawna Hack,1,"I've been using this app for as long as I can remember. It used to be so good and simple. But over the last couple years, it has been regularly logging me out, denying food item entries, forcing me to input my own made up food because the food database isnt accessible anymore. Has it turned into a paid service? Either way, it makes me sad not to use this once great app. It just isnt reliable anymo",2026-08-19,2
com.myfitnesspal.android,MyFitnessPal: Calorie Counter,Jodi Eitner,5,great way to learn about your habits,2026-08-19,0
com.myfitnesspal.android,MyFitnessPal: Calorie Counter,Juke,1,now features that used to be free are not free anymore. 💩-cation has happened,2026-08-19,6
com.myfitnesspal.android,MyFitnessPal: Calorie Counter,Shi,1,New Update sucks It's harder to navigate on the app. I hate it,2026-08-19,2
com.myfitnesspal.android,MyFitnessPal: Calorie Counter,John Le,3,how do I quick add? the new layout sucks,2026-08-19,2
com.myfitnesspal.android,MyFitnessPal: Calorie Counter,Viktoria Wollweber,1,"I loved the app before the update came out. Now the user interface is horrible, not user friendly at all. You need to click through a lot of submenus, you can't permanently change the weekly overview back to a daily overview, the water tracking feature is pretty hidden, you can't swipe through the days anymore. And worst of all, you can't see the individual items of your logged meals now, no overv",2026-08-19,2
com.myfitnesspal.android,MyFitnessPal: Calorie Counter,Darrell Anderson,5,I truly appreciate this app for keeping me aligned with my goals!,2026-08-19,0
com.myfitnesspal.android,MyFitnessPal: Calorie Counter,Adrian T.,3,new ui is shyte,2026-08-19,2
com.myfitnesspal.android,MyFitnessPal: Calorie Counter,Simone,1,"The new update is horrible, it made everything worse and now I need twice ad many steps to log my food. who approves this?",2026-08-19,2
com.myfitnesspal.android,MyFitnessPal: Calorie Counter,Shannon,5,The new interface is excellent!!,2026-08-19,0
com.myfitnesspal.android,MyFitnessPal: Calorie Counter,Lucas,1,"I don't like the new UI. The old one is gives you a much better overview of all the food you registered of the day. Don't fix it, if it ain't broken.",2026-08-19,4
com.myfitnesspal.android,MyFitnessPal: Calorie Counter,Natalie T,2,"Something has gone wrong with the database in this app. 1 Medium raw eggplant is 200 cal, weighed out 268 grams the eggplant is 94 cal. trying to use your gram scale to measure weights? well today when I try to record cashews in metric units the drop-down menu swapped to imperial units. what happened? I'm clicking on g but only getting oz, kg swaps to lb. I'm on premium.",2026-08-19,0
com.myfitnesspal.android,MyFitnessPal: Calorie Counter,Nenad,5,Beautiful new design!,2026-08-19,1
com.myfitnesspal.android,MyFitnessPal: Calorie Counter,Rohit Singh,4,very nice 🙂 app,2026-08-19,0
com.calm.android,"Calm - Sleep, Meditate, Relax",joy yagman,4,it was so calming I dozed off & missed the prompts. Will do it again,2026-08-23,0
com.calm.android,"Calm - Sleep, Meditate, Relax",Aimee Webster,1,Be careful with this App. My friend sent me a 'free gift' to listen to calm a year ago and I didn't realise until this week that it signed me up to yearly subscription. I ended up paying £90 for something I listened to once on the free trial and never listened to it again. I didn't notice it charged me last year and then just billed me again this year. I've emailed to cancel and haven't heard anyt,2026-08-23,0
com.calm.android,"Calm - Sleep, Meditate, Relax",Connor Guerin,1,Only plays for a few seconds and then cuts off,2026-08-23,0
com.calm.android,"Calm - Sleep, Meditate, Relax",Robbie,1,absolutely dire customer service. almost a month and not a thing has happened. only gets one star cos I can't give them none. dreadful.,2026-08-22,0
com.calm.android,"Calm - Sleep, Meditate, Relax",Nathan Kelly,5,"ive used this app for think 3/4 years and I use it everyday from bed time stories who are said to you by celebrates , to the meditation and the new update it amazing the daily stuff I love, the only thing id want added is please get hansel and gretel as a bedtime story !!! (its my favourite one)",2026-08-22,0
com.calm.android,"Calm - Sleep, Meditate, Relax",Louise “Karma” Delogu,5,amazing opening up the realization of self awareness. Loved it! Thank you Tamara 😊,2026-08-21,0
com.calm.android,"Calm - Sleep, Meditate, Relax",Diego Leal,1,you need premium and there's no free music,2026-08-21,0
com.calm.android,"Calm - Sleep, Meditate, Relax",Susan Cologgi,5,very good technology can make a difference.,2026-08-20,0
com.calm.android,"Calm - Sleep, Meditate, Relax",Lentis Corp,3,longer meditation,2026-08-20,0
com.calm.android,"Calm - Sleep, Meditate, Relax",Catherine Mitchell,5,a really simple and thoughtful way to approach mindfulness,2026-08-19,1
com.calm.android,"Calm - Sleep, Meditate, Relax",No Nameuser,5,A great app helps me manage my anxiety.,2026-08-19,1
com.calm.android,"Calm - Sleep, Meditate, Relax",Stuart Johnson,5,mental health meds work really well...until they don't. Calm gives me the tools to center and focus myself in stressful times when my anxiety makes me feel as if I am going to explode. These techniques are far more reliable (than the meds) In conjunction with a licensed mental health counseling.,2026-08-19,0
com.calm.android,"Calm - Sleep, Meditate, Relax",Heather Watson,5,great features,2026-08-18,0
com.calm.android,"Calm - Sleep, Meditate, Relax",Moussa Nijmeh,1,too much to just run it.,2026-08-18,0
com.calm.android,"Calm - Sleep, Meditate, Relax",Eric Hagen,2,"Constant audio artifacts and warping. I've had this happen on multiple devices and it makes the app unusable. No amount of troubleshooting has made any change, super disappointing.",2026-08-18,3
com.calm.android,"Calm - Sleep, Meditate, Relax",Zohreh Amini,5,the best and only ✨️⚘️,2026-08-18,0
com.calm.android,"Calm - Sleep, Meditate, Relax",Kirk McGrath,1,app freezes consistently and you can delete and reload the app and still doesn't work,2026-08-18,1
com.calm.android,"Calm - Sleep, Meditate, Relax",Candy Pinegar,1,not my cup of tea,2026-08-17,0
com.calm.android,"Calm - Sleep, Meditate, Relax",Alijawad Ladha,3,Recommended default contacts,2026-08-17,0
com.calm.android,"Calm - Sleep, Meditate, Relax",Sandy Wright,3,"Too much background noise. I started Calm from my Galaxy watch which just has Tamara speaking with blessed silence. I subscribed to the App and every session is overwhelmed with birds, water, insects and it contradicts Tamara suggesting to give undivided attention to the breath or a bell. How do I stop the background noise which hiccups periodically as well? Very disappointing.",2026-08-17,0
com.calm.android,"Calm - Sleep, Meditate, Relax",Gerardo,2,"good app but it has too many ads to send guest passes, would be amazing to be able to turn these off.",2026-08-17,0
com.calm.android,"Calm - Sleep, Meditate, Relax",Emmanuel Swarray,5,good,2026-08-17,0
com.calm.android,"Calm - Sleep, Meditate, Relax",A Google user,4,Good just expensive and literally everything is hidden behind the paywall,2026-08-17,2
com.calm.android,"Calm - Sleep, Meditate, Relax",Kristine Jacobson,5,relaxing calming love the sleep stories.,2026-08-17,1
com.calm.android,"Calm - Sleep, Meditate, Relax",Christopher Dinwiddie,5,Best sleep app I've tried. very high quality soundscapes!,2026-08-17,0
com.calm.android,"Calm - Sleep, Meditate, Relax",Daniel,1,"Calm, your app is slow, bloated and poorly designed. FIX THIS PLEASE.",2026-08-17,5
com.calm.android,"Calm - Sleep, Meditate, Relax",Christoffer Petersen,1,"It once was a great app when the content I used was free, now I'm stuck behind a payment wall which is an unreasonable high monthly fee.",2026-08-16,2
com.calm.android,"Calm - Sleep, Meditate, Relax",Chris Bennett,5,I've found the Calm app to be immensely helpful in managing stress and anxiety.,2026-08-16,1
com.calm.android,"Calm - Sleep, Meditate, Relax",Deborah Owen,1,not worththe money,2026-08-16,0
com.calm.android,"Calm - Sleep, Meditate, Relax",Naomi Alexander,5,loving the relaxation sounds and daily guide.,2026-08-16,0
com.calm.android,"Calm - Sleep, Meditate, Relax",Jeff B,1,"Not at all worth the price. Definitely do not recommend, interface is difficult and its overpriced.... with ads",2026-08-16,1
com.calm.android,"Calm - Sleep, Meditate, Relax",D. Ghosh,3,If I only need sounds and no guidance over voice then does this app has anything around that?,2026-08-16,0
com.calm.android,"Calm - Sleep, Meditate, Relax",A V,1,Cancelled a free trial but it still automatically charged me subscription!! I've been trying to get a refund and it keeps asking me to fill in a form? What sort of scam is this!??,2026-08-15,1
com.calm.android,"Calm - Sleep, Meditate, Relax",Anita Wright,5,That did help calm me thank you🩵✌️🤯😜,2026-08-14,1
com.calm.android,"Calm - Sleep, Meditate, Relax",liey,5,I like using Calm when I just want to switch off for a while. The app feels really peaceful and there are plenty of things to listen to depending on what mood I’m in. Simple but nice.,2026-08-14,0
com.calm.android,"Calm - Sleep, Meditate, Relax",Gunit,2,most of it is not free,2026-08-14,2
com.calm.android,"Calm - Sleep, Meditate, Relax",Dawn Holmes,1,I used to love this app and paid many years. however it's suddenly gone up to £49 instead of £30. I cant afford this. gutted. back to managing panic attacks and insomnia a different way.,2026-08-14,0
com.calm.android,"Calm - Sleep, Meditate, Relax",Robin M. Anderson,5,tranquility and peaceful ness,2026-08-13,0
com.calm.android,"Calm - Sleep, Meditate, Relax",Justa Ajuydoingstuff,1,nobody asked for this garbage ai daily update revert the change and put profile back on the dashboard at the bottom terrible change,2026-08-13,1
com.calm.android,"Calm - Sleep, Meditate, Relax",Bala Narasamma,5,Jay Shetty the brilliant man❤️,2026-08-13,0
com.calm.android,"Calm - Sleep, Meditate, Relax",Nurfaezah Naib,5,"I’ve had a really good experience using Calm. The app is simple, relaxing, and easy to use, with a great selection of meditations, sleep stories, and calming sounds. I especially like how it helps create a peaceful atmosphere when I need to relax or unwind. Overall, it’s a useful app for anyone looking for a little more calm and mindfulness in their daily routine. Highly recommended!",2026-08-13,0
com.calm.android,"Calm - Sleep, Meditate, Relax",Jolliette Windsor,4,really needed by those that can't afford it due to alcoholism and retardation from substance abuse.,2026-08-12,0
com.calm.android,"Calm - Sleep, Meditate, Relax",Shanna Bramer,1,I use this nightly to help me sleep and I love it! EDIT After years of a yearly subscription I finally purchased the lifetime subscription. Soon after the pop-up at the end of the sleep story started to block the background noise and I would wake up. I reached out to Calm. I did everything they requested. Reinstalling worked temporarily but the issue was never fully resolved. I'm not going to rein,2026-08-12,2
com.calm.android,"Calm - Sleep, Meditate, Relax",Jennifer Proctor,2,"Ruined. I used to recommend this app to everyone, but the last update made it unusable. Suddenly all the original, simple sounds are locked behind a paywall. It's ridiculous to suddenly expect us to pay for features that have been free for more than a decade.",2026-08-12,2
com.calm.android,"Calm - Sleep, Meditate, Relax",Michael Armstrong (Madman4454),1,is that regardless way too expensive,2026-08-12,0
com.calm.android,"Calm - Sleep, Meditate, Relax",Sarah,1,"Please put a playback speed control on meditations/stories. Or give more quiet space in-between things like ""notice how"", ""feel"" etc. Especially on the anxiety ones. You barely have a chance to align focus on the narrative and start 'noticing' before you're asked to jump to the next feeling. I feel more stressed than when I started!",2026-08-11,1
com.calm.android,"Calm - Sleep, Meditate, Relax",S Brantley,1,"They will keep taking money from your account when you cancel! I canceled within minutes of seeing the price. The app itself states the company cannot stop auto payments, you have to manage payments in Google Play subscriptions. My Google Play subscriptions also show the subscription was canceled in January and no transactions since. Calm has been taking monthly withdrawals anyway despite multiple",2026-08-11,3
com.calm.android,"Calm - Sleep, Meditate, Relax",Travis Brooks,1,"Pixel 10 — audio distortion in Calm Android app Audio in the Calm Android app has persistent scratchiness/distortion during meditation sessions - not just one. Both on Wi-Fi and 5G. Calm sessions play normally on the Calm website using the Brave Chromium browser on same Pixel 10. YouTube audio is completely clean on the Pixel. I have cleared Calm's cache and storage, uninstalled/reinstalled Calm, ",2026-08-11,0
com.calm.android,"Calm - Sleep, Meditate, Relax",Tristan Jake Zian Lagao,1,"This app is TERRIBLE! I used this app to play calming music. And then I realized, if I don't use this app, the music stops! This app is so useless!!! 1/5 stars!",2026-08-11,0
com.calm.android,"Calm - Sleep, Meditate, Relax",Adawiyah Zahari,5,Calm has a really simple and relaxing interface. I like having different audio and mindfulness content available whenever I want to take a short break.,2026-08-11,0
com.calm.android,"Calm - Sleep, Meditate, Relax",Britt Burnett,5,very helpful throughout the day.,2026-08-11,0
com.calm.android,"Calm - Sleep, Meditate, Relax",Christine Lam,4,too expensive,2026-08-11,0
com.calm.android,"Calm - Sleep, Meditate, Relax",Troy Weatherspoon,5,Great App! Absolutely fulfills it's stated purpose in my life.,2026-08-11,0
com.calm.android,"Calm - Sleep, Meditate, Relax",Wendy-Lee Purdy,1,It's not free.,2026-08-11,0
com.calm.android,"Calm - Sleep, Meditate, Relax",Richard Mathews,5,it's comforting to hear so I can relax to get a better sleep,2026-08-11,0
com.calm.android,"Calm - Sleep, Meditate, Relax",Zakiyyah Grant,5,Recommend to anyone,2026-08-11,0
com.calm.android,"Calm - Sleep, Meditate, Relax",Jena Moore,5,very relaxing,2026-08-10,1
com.calm.android,"Calm - Sleep, Meditate, Relax",stephen arthur,1,"Breathing exercises glitched. Cleared data, cleared cache, checked for updates, uninstalled/reinstalled. Still broken. Just stuck on Breath In - sound plays but UI is static.",2026-08-10,0
com.calm.android,"Calm - Sleep, Meditate, Relax",Cathy Levine,5,A good start. the heaviness in my chest has lessened. I recognize more anxiety than I thought was going on . no,2026-08-10,0
com.calm.android,"Calm - Sleep, Meditate, Relax",Lacey Robison,1,I've been enjoying the app until when I was doing a meditative exercise and you interrupted it with a window for rating your app. I might discontinue paying for the app just for that. what a joke. update: I was just charged twice for the subscription and all anything tells me to do is cancel on the web but it doesn't give me a refund. Your organization is terrible.,2026-08-10,1
com.calm.android,"Calm - Sleep, Meditate, Relax",Gina McDaniel,1,"SCAM ....BE CAREFUL! I had installed this app to review it's contents but NEVER used it, not once. Found much cheaper options elsewhere. They charged me $79.00 for a year subscription which I will never use and they are refusing to reimburse me so I'll take it further and further until they do 😡",2026-08-09,5
com.calm.android,"Calm - Sleep, Meditate, Relax",Wyatt Hunt,1,Pay money and create an account or you can't use it...,2026-08-09,0
com.calm.android,"Calm - Sleep, Meditate, Relax",Fasha Rohazid,5,⭐⭐⭐⭐⭐ A relaxing and easy-to-use app with helpful content. The interface is simple and pleasant.,2026-08-08,0
com.calm.android,"Calm - Sleep, Meditate, Relax",Raquel Rodriguez,5,I love this app so far. I've been able sleep better,2026-08-08,0
com.calm.android,"Calm - Sleep, Meditate, Relax",Simone,1,"Despite ongoing attempts to cancel my subscription (which I had no idea I had subscribed to!), I am still being charged monthly subscription fees!!! Very unhappy",2026-08-07,1
com.calm.android,"Calm - Sleep, Meditate, Relax",Mari Kelly,1,"I used to love it but they just updated it and you have to pay for EVERYTHING now, only one option is free. gonna find a new app now, hope y'all enjoy the amount of users you're about to lose. probably won't care, you only care about the people who pay you to listen to content that's free everywhere else",2026-08-07,0
com.calm.android,"Calm - Sleep, Meditate, Relax",Vinod Shikhare,1,worst application take much time to start,2026-08-07,0
com.calm.android,"Calm - Sleep, Meditate, Relax",Chaos,2,the problem I have with this app is it's changed a lot and has become overly complicated. I shouldn't have to scroll through and try to dig through this entirety of this app just to find one scene that I listen to to fall asleep. as well every time I open this app they are bombarding me with an ad to pay for their subscription for the premium I guess. It seems like with every update they're making,2026-08-07,0
com.calm.android,"Calm - Sleep, Meditate, Relax",Tracy Heiser,5,"extremely helpful for multiple reasons. 1st night, out like a light without waking.",2026-08-07,1
com.calm.android,"Calm - Sleep, Meditate, Relax",Chris Harrison,1,"installed this accidentally because it was the sponsored app in place of the actual app I searched for. 1-star for wasting my time. if I search for a specific app, don't pay money to supplant that, you're just encouraging the system (and, ironically, making me less calm).",2026-08-07,0
com.calm.android,"Calm - Sleep, Meditate, Relax",Michelle Checchi,2,"While I love the app I am here to warn you if you accept their offer for a discount subscription, they will charge you once for the discount year and then charge you the full subscription 7 days later. Good luck getting a refund, their support is unresponsive. Currently waiting to hear back from Google support on my refund for the double billing since Calm support won't respond. Would've given the",2026-08-07,2
com.calm.android,"Calm - Sleep, Meditate, Relax",nope,1,almost everything was paywalled & there doesn't exist a filter to show only free content. there is no search button. every category had more locked/subscriber content than anything free. while navigating the app it aggressively pushed setting daily reminders & ads for its paid subscription. it increased my tension immediately after the beginner intro sesh as I tried to find any other meditation th,2026-08-07,1
com.calm.android,"Calm - Sleep, Meditate, Relax",Catorcam,1,I was looking for a free sound therapy app. this was the first on the list and was immediately hit by a very expensive pay wall. immediately uninstalled.,2026-08-07,4
com.calm.android,"Calm - Sleep, Meditate, Relax",Ohmar Kywe,5,very good,2026-08-07,2
com.calm.android,"Calm - Sleep, Meditate, Relax",Mary Marcum,5,love it great app,2026-08-06,0
com.calm.android,"Calm - Sleep, Meditate, Relax",Douglas Meek,5,Peace of mind at last. Love this app and how centered and relaxed I feel,2026-08-06,0
com.calm.android,"Calm - Sleep, Meditate, Relax",Tammy Gitzke,1,I'm trying to cancel my subscription but it's confusing and sending me to all different areas to cancel and those instructions do not work!,2026-08-06,0
com.calm.android,"Calm - Sleep, Meditate, Relax",braelyn,4,I have had this app for 5-10 years (cant Rember exact time) and it is amazing but they barley ever make new stories for my kids. when I first got it there was a new one for kids every week but n ow it is like every moneth or 2 for a new one but if your kid(s) like oneor two then this app is perfect 💯 would recommend,2026-08-06,3
com.calm.android,"Calm - Sleep, Meditate, Relax",James Storstad,5,I enjoy this app. Thank you 😊,2026-08-06,0
com.calm.android,"Calm - Sleep, Meditate, Relax",Ahmad Fadzli,5,"Calm is an excellent wellness and mindfulness app that helps users relax, manage stress, improve sleep, and practice meditation. The app offers a variety of guided meditations, breathing exercises, sleep stories, relaxing sounds, and mindfulness programs.",2026-08-05,4
com.calm.android,"Calm - Sleep, Meditate, Relax",Emily Valentin,1,"Such a scam, biggest POS on the internet. You'll never be able to log in because there's nothing to log into. Then an AI will tell you that you have to log in to cancel your subscription, but there's never actually been a way to log in. No way to cancel future charges without contacting your credit card company to claim fraud. Absolute BS. Do NOT download!!!! Do not sign up for ""free trial""!!!!",2026-08-05,3
com.calm.android,"Calm - Sleep, Meditate, Relax",Sweetlyx Gurl,5,"Calm offers relaxing meditation, sleep stories, breathing exercises, and calming sounds that can help users unwind.",2026-08-05,0
com.calm.android,"Calm - Sleep, Meditate, Relax",Zharfan Kmz,5,"Instant stress relief and better sleep! Beautiful ambient sounds, deep guided meditations, and famous sleep stories that actually work.",2026-08-05,1
com.calm.android,"Calm - Sleep, Meditate, Relax",Juli Hauck,1,wanted something free and you don't know they are going to charge until sign in.,2026-08-05,0
com.calm.android,"Calm - Sleep, Meditate, Relax",Andrew Brunning,1,A con. All require money.,2026-08-05,0
com.calm.android,"Calm - Sleep, Meditate, Relax",Dave Pickering,1,"pay pay pay, uninstalled",2026-08-05,0
com.calm.android,"Calm - Sleep, Meditate, Relax",Christopher DeLongchamp,1,"Dated Interface, and for some reason couldn't claim the thirty day trial in app. support was non-existent. Even when I feigned having actual membership issues the bot just forgot what the problem was.",2026-08-04,1
com.calm.android,"Calm - Sleep, Meditate, Relax",Antonia Goldwater,1,"This terrible because they say I supposedly signed up for a free trial, which I am not aware of, and now they kept charging me every single month for the past few months I was getting charged $20 and not even using the app. It wasn't even in installed on my phone. I was not even being notified that I was being charged, I just found out by looking at my bank statement. I never even used the app one",2026-08-04,4
com.calm.android,"Calm - Sleep, Meditate, Relax",Donna Gudjonson,5,I'm just fully enjoying the options of the app. loving it ..m,2026-08-04,0
com.calm.android,"Calm - Sleep, Meditate, Relax",Clare Arnold,1,stuck on 'take a deep breath' screen! I paid $100 for this!!,2026-08-04,1
com.calm.android,"Calm - Sleep, Meditate, Relax",Kyle Bailey,1,I keep forgetting that this is a paid subscription app and installing it and then realizing it's a subscription app and then uninstalling it.,2026-08-04,1
com.calm.android,"Calm - Sleep, Meditate, Relax",Fawazmakmum,5,"I have been using the Calm app for about six months now, and it has genuinely made a huge difference in my daily routine. Like many people, I struggle with a mind that refuses to quiet down at night and a daily schedule that often feels overwhelming. I originally downloaded Calm hoping it might help me fall asleep a little faster, but it has quickly become my go-to tool for managing stress, improv",2026-08-04,4
com.calm.android,"Calm - Sleep, Meditate, Relax",frinces poh jia qi,5,This apps saved my sleeps life. It brings calm to me and it doesn't hard to use. It was pretty smooth experience and i like it!!,2026-08-04,1
com.calm.android,"Calm - Sleep, Meditate, Relax",Todd Douglas,1,"Instant order to try it, you have to sign up for a year, or just pay $17 for a month. There's a 7-day trial, but only if you give them your card and sign up for the year. but if you are going to try it, back out like you're not willing to pay and you may get an offer for like $50 for the year. I thought there was some basic free content and paid premium content, but it doesn't look like it.",2026-08-04,1
com.calm.android,"Calm - Sleep, Meditate, Relax",Dima,1,INSTANT PAYWALL,2026-08-03,0
com.calm.android,"Calm - Sleep, Meditate, Relax",Kalya Nee,5,"Calm is a wonderful app for relaxation, meditation, and better sleep. The guided sessions are soothing and effective.",2026-08-03,0
com.calm.android,"Calm - Sleep, Meditate, Relax",Stephanie Mayne,5,"New to it, but so far so good!",2026-08-03,0
com.calm.android,"Calm - Sleep, Meditate, Relax",Alex Lebron,1,Can't use unless you pay. Not a free app,2026-08-03,0
com.calm.android,"Calm - Sleep, Meditate, Relax",Janet Broughton,1,"the selection of music is rubbish, and the sound quality is awful, not worth the subscription fee.",2026-08-03,1
com.calm.android,"Calm - Sleep, Meditate, Relax",Kerry Lapp,2,"MORE ACCESSIBLE, please!!! Great app, but yearly only? I've used this app several times in the past and paid monthly. I don't want to pay for a full year and many people cannot pay for a full year. I bet yall make enough to hire an entry level employee to handle this simple task. Please correct.",2026-08-03,0
com.burockgames.timeclocker,StayFree - Screen Time,Jex,5,Total battery hog but so good for self control,2026-08-24,0
com.burockgames.timeclocker,StayFree - Screen Time,Hasanboy Sotvoldiyev,5,Good,2026-08-24,0
com.burockgames.timeclocker,StayFree - Screen Time,A Guy,3,"Good app, but sometimes it just does not block what it says its blocking.",2026-08-24,0
com.burockgames.timeclocker,StayFree - Screen Time,Atharva Agashe,5,good features,2026-08-24,0
com.burockgames.timeclocker,StayFree - Screen Time,Hassan Ayan,5,This app is osam for low devices,2026-08-24,0
com.burockgames.timeclocker,StayFree - Screen Time,Cole Noreen,5,I love this app. it's simple and does exactly what it's supposed to do.,2026-08-24,0
com.burockgames.timeclocker,StayFree - Screen Time,Zander Kennedy,5,This app helps me to manage my time properly and it's 100% free. I hope anyone else that uses this app uses it to get rid or minimize the distractions that is in their lives.,2026-08-23,0
com.burockgames.timeclocker,StayFree - Screen Time,Oliver Corzo,2,"Estoy sencillamente impresionado. No pensé que llegaría a permitirme bloquear los canales de wsp. Y todas las funciones principales están disponibles gratis. Sin publicidad. Si agregaría algo, es que en las sesiones variables cueste dos o tres toques el ""no limitar"". Edit: de 5 estrellas a 2. La inestabilidad creciente no solo impide que cumpla su gran objetivo, sino que se vuelve contraproducente",2026-08-23,0
com.burockgames.timeclocker,StayFree - Screen Time,Yuvraj,5,all things are very good but please make the interface more eco friendly,2026-08-23,0
com.burockgames.timeclocker,StayFree - Screen Time,Ayush Srivastava,5,great app,2026-08-23,0
com.burockgames.timeclocker,StayFree - Screen Time,Ahmet Bilge Uygur,5,super happy. it is hard to understand how they even survive without ads and membership. kudos to them,2026-08-23,0
com.burockgames.timeclocker,StayFree - Screen Time,Tayyab Tareen Muhammad,5,very nice app,2026-08-23,0
com.burockgames.timeclocker,StayFree - Screen Time,Tanuja,5,this is the best app,2026-08-23,0
com.burockgames.timeclocker,StayFree - Screen Time,Nar Singh,5,very good,2026-08-23,0
com.burockgames.timeclocker,StayFree - Screen Time,G.Mohammed Nizamuddin,5,Great aap,2026-08-23,0
com.burockgames.timeclocker,StayFree - Screen Time,Puneet Bhardwaj,5,best experience,2026-08-23,0
com.burockgames.timeclocker,StayFree - Screen Time,Kenan Langat,5,work very yes,2026-08-23,0
com.burockgames.timeclocker,StayFree - Screen Time,Amulya,5,best,2026-08-23,0
com.burockgames.timeclocker,StayFree - Screen Time,Vivek P,5,I've been able to cut doom scrolling because of this app.. thanks.. wish there's an option to block some websitees as well,2026-08-23,0
com.burockgames.timeclocker,StayFree - Screen Time,ANAMA CHARAN PATRA,5,not satisfied,2026-08-23,0
com.burockgames.timeclocker,StayFree - Screen Time,Shindou,5,very effective to me. ⭐⭐⭐⭐⭐,2026-08-23,0
com.burockgames.timeclocker,StayFree - Screen Time,Aliyha Combs,2,didn't really work.,2026-08-23,0
com.burockgames.timeclocker,StayFree - Screen Time,RAMAMOHAN MANAMASA,5,wonderful app and it gives a good usage Analytics.,2026-08-23,0
com.burockgames.timeclocker,StayFree - Screen Time,Nora Nava,2,"this app used to be super user-friendly. they changes the whole layout, and makes no logical sense to me anymore.",2026-08-22,0
com.burockgames.timeclocker,StayFree - Screen Time,BSS stuff,5,"Thank you so much, every other app similar to this requires paid subscriptions or else you are completely restricted to what you can do, while this app allows you to do whatever at no cost.",2026-08-22,0
com.burockgames.timeclocker,StayFree - Screen Time,Arthur Mkwaila,5,It is the best annoying app that fits my behaviour. It makes me laugh and happy mostly.,2026-08-22,0
com.burockgames.timeclocker,StayFree - Screen Time,Michel Lemay,5,very simple and fluid process,2026-08-22,0
com.burockgames.timeclocker,StayFree - Screen Time,Nike star,5,this is very reliable app,2026-08-22,0
com.burockgames.timeclocker,StayFree - Screen Time,joy makau,5,Amazing,2026-08-22,0
com.burockgames.timeclocker,StayFree - Screen Time,Kyl Benjamin,5,great work,2026-08-22,0
com.burockgames.timeclocker,StayFree - Screen Time,Sardor Tursunov,5,it's been 10 days and 10 days since I haven't watched any shorts. great app,2026-08-22,0
com.burockgames.timeclocker,StayFree - Screen Time,Navanath Mali,4,pl add forced uninstall protection facility. app should not be uninstallable even if tempted to uninstall. And pl also give pin pretection to the app. thanks,2026-08-22,0
com.burockgames.timeclocker,StayFree - Screen Time,Jason,2,works well but burns battery life,2026-08-22,0
com.burockgames.timeclocker,StayFree - Screen Time,Balkrishna Mishra,5,This is good app for all devices.,2026-08-22,0
com.burockgames.timeclocker,StayFree - Screen Time,Aryan Singh108,3,good,2026-08-22,0
com.burockgames.timeclocker,StayFree - Screen Time,Thomas Goliberg,1,"It's totally useless. Restrictions work for a few days, and then, all of a sudden, all apps work without restrictions. When apps are blocked after the preferred time, you just have to open and close until the restriction is gone. Most of the time, it's enough to open and close three to five times.",2026-08-22,0
com.burockgames.timeclocker,StayFree - Screen Time,Ryan Payne,5,Very Helpful! Defo try it ☺️,2026-08-22,0
com.burockgames.timeclocker,StayFree - Screen Time,MD. Towfiqul Islam,1,I really like this app. It's the best mobile & social media tracker out there. But recently i am having a problem that it's consuming to much battery 🔋life. I think you guys should look into it. My Device is the Motorola g31. Edited: I changed my 5 star review to 1 Star only because of the battery life problem. it's a big issue for me and that's why i am uninstalling the app. now I am using the go,2026-08-22,0
com.burockgames.timeclocker,StayFree - Screen Time,Arshiya Mansoori,5,it's really workout. I spend time in snapchat spotlight. this is really workout yaawwrrrrr,2026-08-22,0
com.burockgames.timeclocker,StayFree - Screen Time,Fuad Jinnah,5,Awesome,2026-08-22,0
com.burockgames.timeclocker,StayFree - Screen Time,Asha Panday,5,it's pretty good 👍,2026-08-22,0
com.burockgames.timeclocker,StayFree - Screen Time,Basira B,5,great app,2026-08-22,0
com.burockgames.timeclocker,StayFree - Screen Time,Marlow P,5,very helpful,2026-08-22,0
com.burockgames.timeclocker,StayFree - Screen Time,Lore Tsudzuku,3,not bad,2026-08-22,0
com.burockgames.timeclocker,StayFree - Screen Time,Abdur Rahman NEEt fighter,5,awesome,2026-08-22,0
com.burockgames.timeclocker,StayFree - Screen Time,Laxmi Dayma,5,this is a best app,2026-08-21,0
com.burockgames.timeclocker,StayFree - Screen Time,Cody Diehl,5,this app is amazing. it works to curb wasted time looking at a screen,2026-08-21,0
com.burockgames.timeclocker,StayFree - Screen Time,Roy Chadwick,5,Great for helping reducing my screen time!,2026-08-21,0
com.burockgames.timeclocker,StayFree - Screen Time,nanda kumar,4,battery consumption is high,2026-08-21,0
com.burockgames.timeclocker,StayFree - Screen Time,Nilu Dham,5,Helped me a lot in fighting my reel addiction ❤️,2026-08-21,0
com.burockgames.timeclocker,StayFree - Screen Time,Devarsh,5,"to be frank, its one of the best screentime restricting apps.",2026-08-21,0
com.burockgames.timeclocker,StayFree - Screen Time,Elijah Anthony Paras,5,very great to optimize and monitor my screen time,2026-08-21,0
com.burockgames.timeclocker,StayFree - Screen Time,Sarah G.,5,"It was working great but then it stopped working after a month. If this happens to you, then delete the app and reinstall it. I love this app!",2026-08-21,0
com.burockgames.timeclocker,StayFree - Screen Time,Aaqil Thaha,5,"exactly what I needed, blocks reels stories and yt shorts, thanks for making this app, absolutely love this",2026-08-21,0
com.burockgames.timeclocker,StayFree - Screen Time,Bryan Dominic Tupaz,5,does what you expect,2026-08-21,0
com.burockgames.timeclocker,StayFree - Screen Time,Farzana Hadiya Naizan Farzana,5,good app for control phone usage,2026-08-21,0
com.burockgames.timeclocker,StayFree - Screen Time,Another Rapip,5,mantabs,2026-08-21,0
com.burockgames.timeclocker,StayFree - Screen Time,Nelson Terra,1,The app requires a Google account to work and requests permission to read emails.,2026-08-20,1
com.burockgames.timeclocker,StayFree - Screen Time,ahmad fathalla,5,The best app that I have ever seen it decrease your wasting time for free,2026-08-20,0
com.burockgames.timeclocker,StayFree - Screen Time,patrick newton,5,"I love this app, and would definitely recommend it for anyone looking to drastically reduce mindless scrolling and be more intentional about productivity.",2026-08-20,0
com.burockgames.timeclocker,StayFree - Screen Time,Chad Cline,2,You can't set specific websites to limit and instead have to rely on a list of categorized websites that stayfree maintains and does not allow you to audit.,2026-08-20,1
com.burockgames.timeclocker,StayFree - Screen Time,Karthikeya pulijala,1,good,2026-08-20,0
com.burockgames.timeclocker,StayFree - Screen Time,Long Tran,5,this app is so good dude,2026-08-20,0
com.burockgames.timeclocker,StayFree - Screen Time,sivanesan yogaraj,5,very good app i never think i will after 8 to 8 but i did it thank u 🙏,2026-08-20,0
com.burockgames.timeclocker,StayFree - Screen Time,Daniel DeLeon,3,It's a good app for being free. But it needs some fixes with some glitches that it has,2026-08-20,0
com.burockgames.timeclocker,StayFree - Screen Time,Anita Devi,5,Best ⭐⭐⭐⭐🌟.,2026-08-20,0
com.burockgames.timeclocker,StayFree - Screen Time,Róger Agostinho,5,very useful,2026-08-20,0
com.burockgames.timeclocker,StayFree - Screen Time,Sevdalin Georgiev,5,An absolute life-saver in today's day and age.,2026-08-20,0
com.burockgames.timeclocker,StayFree - Screen Time,saira imran,5,Easy way to stop screen addition. Allows u to alter settings without paying!,2026-08-20,0
com.burockgames.timeclocker,StayFree - Screen Time,Bunmi Oluwadare,5,Fire app! I love the fact that in app blocking is a thing. my only gripe is that my phone says it uses a lot of cpu,2026-08-20,0
com.burockgames.timeclocker,StayFree - Screen Time,yeet sweet,5,the apps great but they need to make it harder for you to turn off the limits.,2026-08-20,0
com.burockgames.timeclocker,StayFree - Screen Time,Jemshal Johnpaul,5,this was the app I was searching for years to end my social media addiction,2026-08-20,0
com.burockgames.timeclocker,StayFree - Screen Time,Aish Zackry,5,I like it because it can make me never doom scrolling,2026-08-20,0
com.burockgames.timeclocker,StayFree - Screen Time,Rayen Benhmida,5,good,2026-08-19,0
com.burockgames.timeclocker,StayFree - Screen Time,Shinobu González Olvera,5,"This app does exactly what it says, I really liked it",2026-08-19,0
com.burockgames.timeclocker,StayFree - Screen Time,Azra nur Yılmaz,5,"hey guys, actually i really like this app. its so useful for me, im on my biiig exam year and i need to study but i cant because social media makes my mind busy sooo im using this app to stop use them ^^",2026-08-19,0
com.burockgames.timeclocker,StayFree - Screen Time,mae Anticamara,4,Good,2026-08-19,0
com.burockgames.timeclocker,StayFree - Screen Time,Matija Salamun,5,"Odlična aplikacijo, priporočam",2026-08-19,0
com.burockgames.timeclocker,StayFree - Screen Time,Mithun,4,"Give a feature like strict mode (after setting the limits you can't change it) 2. In time schedules give multiple schedules in a day. These both are in AppBlock app, that's the few things i feel missing",2026-08-19,0
com.burockgames.timeclocker,StayFree - Screen Time,Palak Kumari,5,very nice,2026-08-19,0
com.burockgames.timeclocker,StayFree - Screen Time,Thamira Charudassana Hettiarachchi,3,"Why App is Not blocking Restricted Apps after the time out. When I open this and go back to that app, then it works. If I don't open this and use it, this never block them. This is the best app I found on Play Store. And Best UI. I think you should repair your Background App Running. I think it suddenly stop after not using for few Minutes. Thank You.",2026-08-19,1
com.burockgames.timeclocker,StayFree - Screen Time,Thomas aj,5,helped me reduce my screen time by an hour and helped overcome by boredom,2026-08-19,0
com.burockgames.timeclocker,StayFree - Screen Time,disha,5,just awesome,2026-08-19,0
com.burockgames.timeclocker,StayFree - Screen Time,Knight Miracles,3,"Initially the app was working just fine and smoothly on my phone. But later on, I connected the app to my desktop and it stopped responding on my phone for some reason after a week. I uninstalled and installed it multiple times but it still isn't working. Overall, functions are great but wish my issue could be fixed because it led me to using other screentime apps instead. Update: The app responds",2026-08-19,1
com.burockgames.timeclocker,StayFree - Screen Time,Omar,5,Great app!👍👍👍,2026-08-19,0
com.burockgames.timeclocker,StayFree - Screen Time,ali nayeri,5,capable in preventing unconscious time wasting useful for: - ADHD & Procastination - being over stimulated and not motivated,2026-08-19,0
com.burockgames.timeclocker,StayFree - Screen Time,Ayush sharma Ayush sharma,5,good,2026-08-19,0
com.burockgames.timeclocker,StayFree - Screen Time,Astrally Alex,4,"Minor functional glitches aside, this app is freakin awesome. It's easy to use and it does it's job super well. This has honestly helped me so much. Some glitches I encountered with blocking reels: - If out of screen time, the popup may glitch and force reload Instagram until you close & reopen it - Sometimes mistakes stories for reels - Popup may repeatedly appear until close & reopen (For TikTok",2026-08-19,0
com.burockgames.timeclocker,StayFree - Screen Time,Madhavi Jadhao,5,good for students,2026-08-19,0
com.burockgames.timeclocker,StayFree - Screen Time,Omoroge grace,5,"Really good, helps me to stay focused and easy to understand and use",2026-08-19,0
com.burockgames.timeclocker,StayFree - Screen Time,Shun Macoy Urbano Reyes,4,Please remove the limit of words when prohibiting cheating in usage limits. I should be able to type a Shakespearean Soliloquy everytime I feel tempted so I lose the will to cheat. Also please remove the AI generated motivational texts and replace or add more motivational quotes from actual renowned people.,2026-08-19,0
com.burockgames.timeclocker,StayFree - Screen Time,Elora Johnson,5,"THIS APP AND THE WEB EXTENTION IS SO GOOD!! my screentime went down a lot and it helped me break three addictions! 5 star app!! bro omg I highly reccomend, especially now days. your phone/device isn't healthy for you :( (edit: I just realized I reviewed this twice OMG lol)",2026-08-18,1
com.burockgames.timeclocker,StayFree - Screen Time,Jit Bhowmick,5,ita reliable app u can try 👍👍,2026-08-18,0
com.burockgames.timeclocker,StayFree - Screen Time,Khushi Khushi,5,only review you need to read about this app I usually do not write reviews but hands down to this one I had to I have been using this app from 2 to 3 days Ik it's quite early to write a review but this app is the best I have tried many this kind of apps but some demand subscription or do not have the features for me but this app is completely free and the best part whenever you try to open the app,2026-08-18,0
com.burockgames.timeclocker,StayFree - Screen Time,Mark,5,"the best screen time tracker yet.it has so many feature.i had gotten bored of my phone's digital wellbeing that wasn't so strict but this is a game changer.no more skips,super customizable.low space,I think it's the best app ever",2026-08-18,0
com.burockgames.timeclocker,StayFree - Screen Time,Taki Ibne Duha,2,Please add Facebook lite and other lite Version,2026-08-18,0
com.burockgames.timeclocker,StayFree - Screen Time,Nathaël Guffroy,5,"Mamma mia ! Finally a complete app ! Pretty effective, I use it with ""one sec""",2026-08-18,0
com.burockgames.timeclocker,StayFree - Screen Time,tony lopez,5,Amazing for self regulation and setting boundaries for yourself.,2026-08-18,0
com.burockgames.timeclocker,StayFree - Screen Time,Ana-Maria Stoica,5,It does exactly what you need,2026-08-18,0
com.burockgames.timeclocker,StayFree - Screen Time,Dóra Engloner,3,"I've always found this app super useful, I love the motivational quotes and the in-app blockages. However, even though I've enabled permission for backround-autostart (the app says it should work better with this), it doesn't seem to notice it and always ask for this permission. Because of this it doesn't work at all: I have my blocks set up and it's like they are not even there. I hope this issue",2026-08-17,0
com.despdev.quitsmoking,Quit Tracker: Stop Smoking,kenneth coote,5,"So far, very good and motivating. Trying to quit, I'm on my fourth day now and this app is helping me so much. Thank you for creating this.",2026-08-21,0
com.despdev.quitsmoking,Quit Tracker: Stop Smoking,Hans Sijtsma,5,Great help to see your progress!,2026-08-20,0
com.despdev.quitsmoking,Quit Tracker: Stop Smoking,Kick Ass,4,Nice app,2026-08-20,0
com.despdev.quitsmoking,Quit Tracker: Stop Smoking,Tanmay Warghade,5,this app show how many Rs to save my main problem save money n it's amazing thx for this best app,2026-08-19,0
com.despdev.quitsmoking,Quit Tracker: Stop Smoking,Saurab Tamang,3,it is one of the best quit tracker smoking during using this app motivated me a lot to quit smoking by its feature still need to upgrade this feature such as additional motivation tool and lines currently best for me,2026-08-14,0
com.despdev.quitsmoking,Quit Tracker: Stop Smoking,zinc2zinc2,5,i dont usually install random apps for things. but this one really helped me actually quit smoking.,2026-08-12,0
com.despdev.quitsmoking,Quit Tracker: Stop Smoking,Ali Fouzan,5,"Good tracker. After you've got a good streak going, the number makes it all the more difficult to relapse. recommended",2026-08-12,0
com.despdev.quitsmoking,Quit Tracker: Stop Smoking,Uchiha Slayer,4,best app to keep track of your smoking free day,2026-08-12,0
com.despdev.quitsmoking,Quit Tracker: Stop Smoking,mircea ioan,5,nice and helpful,2026-08-09,0
com.despdev.quitsmoking,Quit Tracker: Stop Smoking,life After,5,It work so well,2026-08-07,0
com.despdev.quitsmoking,Quit Tracker: Stop Smoking,Samuel Nkhata,4,good,2026-08-06,0
com.despdev.quitsmoking,Quit Tracker: Stop Smoking,Maria Khan,5,"Amazing app. it motivates in every sense i.e. money, life, target achievement, smoke free time and how many cigarettes I didn't smoke. love this app.",2026-08-05,0
com.despdev.quitsmoking,Quit Tracker: Stop Smoking,Melissa Sisneros,5,"Ex-smoker after 30+ yrs using this app! I love popping in every once in a while to check my progress & revisit my ""why diary!"" My family also enjoys looking at all of the progress meters & learning new facts about your body. I will keep this app updated and running on any device I own from here on out. It helps me stay locked in on my sobriety & boosts my confidence.",2026-08-04,1
com.despdev.quitsmoking,Quit Tracker: Stop Smoking,Fred Sanderson Jr,5,Really REALLY GOOD APP!!! It has Alot of Positive and Inspirational quotes!!! All you have to do is * SHAKE * YOUR PHONE When you are on the app and a Inspirational/ Positive Quote will POP UP!! SUPER COOL APP! 5***** !!!,2026-08-02,0
com.despdev.quitsmoking,Quit Tracker: Stop Smoking,Parvin Vashist,5,good 👍👍,2026-08-01,0
com.despdev.quitsmoking,Quit Tracker: Stop Smoking,Chantel Dempsey,5,"I love how it set out how many sigarettes you've smoked, and how much money you've waisted... it's a very user-friendly app. And I love the fact that when you're in the app that you can just shake your phone... and ta-da... an Inspirational quote pops up. Great app for 1 st timers.",2026-08-01,0
com.despdev.quitsmoking,Quit Tracker: Stop Smoking,David Bithell,5,good,2026-07-31,0
com.despdev.quitsmoking,Quit Tracker: Stop Smoking,Azmine Rafid,4,it's okay,2026-07-28,0
com.despdev.quitsmoking,Quit Tracker: Stop Smoking,Sudip Saha,5,52 days & ongoing it's a very simple app just to keep track of days but trust me once you see how far along you have come you don't wanna try that again so overall my experience is really great edit- 380 day (finally crossed 1yr mark) will update each year 🤞🏻,2026-07-27,1
com.despdev.quitsmoking,Quit Tracker: Stop Smoking,Keshav Pareek,5,good app,2026-07-27,0
com.despdev.quitsmoking,Quit Tracker: Stop Smoking,John Sillah,4,Such a fantastic app with great features of tracking my progress and giving great tips and encouragement.,2026-07-26,0
com.despdev.quitsmoking,Quit Tracker: Stop Smoking,Sarah Walker,1,"can't even get past the initial setup. it asked me ""when DID you quit smoking?"" well if I have quit smoking I wouldn't be on this app in the first place. i thought it was a grammatical error (maybe it meant ""when do you want to quit smoking?"") so I tried to select the date and true enough I can't select a date after today to set a target date to quit smoking. why make an app to assist the user to ",2026-07-25,0
com.despdev.quitsmoking,Quit Tracker: Stop Smoking,Brian Conway,5,"such a great app. if your really committed to quiting, this is the Free app you need!",2026-07-24,0
com.despdev.quitsmoking,Quit Tracker: Stop Smoking,Chris Vanderpijpen,5,easy to use and motivates,2026-07-24,0
com.despdev.quitsmoking,Quit Tracker: Stop Smoking,R one,5,very helpful,2026-07-23,0
com.despdev.quitsmoking,Quit Tracker: Stop Smoking,Brandon Porter,5,good,2026-07-23,0
com.despdev.quitsmoking,Quit Tracker: Stop Smoking,Luthando Bobotyana,5,loving it,2026-07-17,0
com.despdev.quitsmoking,Quit Tracker: Stop Smoking,Devon Spencer,5,I like the service and the app is free.,2026-07-17,0
com.despdev.quitsmoking,Quit Tracker: Stop Smoking,Sinead Cahill,5,really helpful,2026-07-16,0
com.despdev.quitsmoking,Quit Tracker: Stop Smoking,Rey Abdelmassih,5,very nice useful tips,2026-07-16,0
com.despdev.quitsmoking,Quit Tracker: Stop Smoking,sophie carsenat,4,Simple and easy interface.,2026-07-16,0
com.despdev.quitsmoking,Quit Tracker: Stop Smoking,Albania Geo,5,perfect app,2026-07-15,0
com.despdev.quitsmoking,Quit Tracker: Stop Smoking,Omer,5,it's good,2026-07-14,0
com.despdev.quitsmoking,Quit Tracker: Stop Smoking,Hailey Jordan,5,works well,2026-07-13,0
com.despdev.quitsmoking,Quit Tracker: Stop Smoking,Lisa Paddock,5,I like it because when I want to smoke i go to the app and look at how long I've already gone down to the second.,2026-07-09,0
com.despdev.quitsmoking,Quit Tracker: Stop Smoking,Ika Tsulaia,5,pele აპლიკაციაა,2026-07-08,0
com.despdev.quitsmoking,Quit Tracker: Stop Smoking,C. A.,5,great app! it keeps me motivated because I can see how much money I saved and life I've regained.,2026-07-07,0
com.despdev.quitsmoking,Quit Tracker: Stop Smoking,Vijay R,1,"no option to delete data, device identification started with third party. better options out there to help you quit without selling your data",2026-07-01,1
com.despdev.quitsmoking,Quit Tracker: Stop Smoking,Vivek Jonty,5,useful,2026-06-30,0
com.despdev.quitsmoking,Quit Tracker: Stop Smoking,Lori Yochum,5,helps me a lot. distraction game is good too!,2026-06-30,0
com.despdev.quitsmoking,Quit Tracker: Stop Smoking,Karoke Vibes,5,nice app 😍🥰,2026-06-30,0
com.despdev.quitsmoking,Quit Tracker: Stop Smoking,Mickaela WH,5,"Small price to pay every month to keep a record of my savings and progress I love it, good luck everyone on your journey to becoming smoke free 💕",2026-06-25,0
com.despdev.quitsmoking,Quit Tracker: Stop Smoking,S Brown,1,I quit smoking over 10years ago..I kept this app to remind me how long it's been....today it decides to reset...and wants me to input all info which I already did..so.dont count on this app to keep track of your progress. it may just reset your progress like it did mine. thanks for nothing tracker.,2026-06-24,0
com.despdev.quitsmoking,Quit Tracker: Stop Smoking,Kerry Smith,5,"more features than other free apps ive downloaded, ads are chill. Distractions and treat goals after saving X amount of money by not smoking are great! Love it, easy to use and looking forward to quiting for good this time",2026-06-23,0
com.despdev.quitsmoking,Quit Tracker: Stop Smoking,Hoss,4,good tracker,2026-06-23,0
com.despdev.quitsmoking,Quit Tracker: Stop Smoking,favorites 1109,5,"didn't notice the ads, but I tend to void out during ads so don't usually see them .. if I did I would probably have uninstalled it by now 🙂",2026-06-23,0
com.despdev.quitsmoking,Quit Tracker: Stop Smoking,Soham Chakraborty,5,"minimal, effective, valuable",2026-06-23,0
com.despdev.quitsmoking,Quit Tracker: Stop Smoking,danty maco,5,nice app,2026-06-22,0
com.despdev.quitsmoking,Quit Tracker: Stop Smoking,Deborah BLANDINA,5,easy to use!,2026-06-22,0
com.despdev.quitsmoking,Quit Tracker: Stop Smoking,Wyl Castelino,5,"A very effective app, but more importantly, with all the useless things people can do with tech, whoever designed this should be proud that they made something which helped people improve their lives. Thank you!",2026-06-21,0
com.despdev.quitsmoking,Quit Tracker: Stop Smoking,Brandy Lee,5,It's not free but you can still use it. I enjoy it. It's nice to see how many hours and days go by. They have games too.,2026-06-20,0
com.despdev.quitsmoking,Quit Tracker: Stop Smoking,Ben Weidendorf,3,a helpful reminder,2026-06-20,0
com.despdev.quitsmoking,Quit Tracker: Stop Smoking,Jennifer Baldock,5,95 days,2026-06-19,0
com.despdev.quitsmoking,Quit Tracker: Stop Smoking,Brad H,1,forces current quit date as if already quit. nothin like the description.,2026-06-18,0
com.despdev.quitsmoking,Quit Tracker: Stop Smoking,Gaurav Dhale,4,Good app. The timer on the widget doesn't update unless you open the app which makes it redundant.,2026-06-18,0
com.despdev.quitsmoking,Quit Tracker: Stop Smoking,Blackeyedbastard,1,"Too many ads, bruh. Insane greed..",2026-06-18,0
com.despdev.quitsmoking,Quit Tracker: Stop Smoking,Kabhilan Sudhakaran,5,great app,2026-06-17,0
com.despdev.quitsmoking,Quit Tracker: Stop Smoking,Yuhas Dinsara Balasooriya,5,really helpful app for sure,2026-06-17,0
com.despdev.quitsmoking,Quit Tracker: Stop Smoking,Joseph Stockdale (Sport & Skills),5,Life giving. What more is there to say?,2026-06-17,0
com.despdev.quitsmoking,Quit Tracker: Stop Smoking,Ben Bailey,5,güd,2026-06-15,0
com.despdev.quitsmoking,Quit Tracker: Stop Smoking,Keith Rowley,5,Nice for Stop Smoking 🚬 Try it 😉,2026-06-15,0
com.despdev.quitsmoking,Quit Tracker: Stop Smoking,Rohan R,5,"It does exactly what I need. However, the only thing stopping me from purchasing it is the fact that whenever I try to modify the count or cost of stick, it automatically changes the historical aspect of it. Prices change here and quantity reduction is something people do. I need that option when changing any of the metrics whether this should be applicable on historical data or not. And also an o",2026-06-14,0
com.despdev.quitsmoking,Quit Tracker: Stop Smoking,Peta Ivers,5,good to learn about what's happening to my body each day.,2026-06-12,0
com.despdev.quitsmoking,Quit Tracker: Stop Smoking,Amy Radice,4,good for tracking,2026-06-12,0
com.despdev.quitsmoking,Quit Tracker: Stop Smoking,Pretty_BrownEyes,1,"The ads are RIDICULOUS...just ads, ads, ads, and more ads. Smdh - This app design is also unappealing and feels vintage.",2026-06-12,1
com.despdev.quitsmoking,Quit Tracker: Stop Smoking,lucky nilgade,5,it was installed on my phone for months but I didn't use it since i thought it was useless till i decided and made a solid statement about quitting my smoking habit.. this app helped me a lot specially how it reminds you that small wins do matter and by time it builds your momentum.. it helps you not in just quitting smoking but it also helps you to beleive in yourself again.,2026-06-12,0
com.despdev.quitsmoking,Quit Tracker: Stop Smoking,Sarah Kelly,5,I would be nice to have a free community page to help support each other like other quit apps have,2026-06-11,0
com.despdev.quitsmoking,Quit Tracker: Stop Smoking,Nancy Clark,5,It's very simple to set up and track your progress. Encouragement given constantly to help keep you going.,2026-06-11,0
com.despdev.quitsmoking,Quit Tracker: Stop Smoking,Vag Hsoz,5,helpful,2026-06-11,0
com.despdev.quitsmoking,Quit Tracker: Stop Smoking,Devashish Sarkar,5,nice app to track,2026-06-10,0
com.despdev.quitsmoking,Quit Tracker: Stop Smoking,Janene Z,1,This is only for cigarette smokers. Would've loved to been able to select a vaping option.,2026-06-10,0
com.despdev.quitsmoking,Quit Tracker: Stop Smoking,Stu,5,"I use the free version and its a great way to see what happens to your body after you quit smoking, provides awesome stats such as money saved, amount of cigarettes you havent smoked, which is shocking when you dont think about that stuff when you are smoking. You can do it !",2026-06-08,0
com.despdev.quitsmoking,Quit Tracker: Stop Smoking,Maria,5,the best app for quitting smoking!,2026-06-08,0
com.despdev.quitsmoking,Quit Tracker: Stop Smoking,Ramshad Thrissur,4,good,2026-06-08,0
com.despdev.quitsmoking,Quit Tracker: Stop Smoking,Terra Marie,1,"I loved the app until I got a new phone, and it reset me back to day 1. I can't change it back to my original quit date without having to pay to manually update. Not worth having to pay every time I get a new phone to see my progress.",2026-06-02,0
com.despdev.quitsmoking,Quit Tracker: Stop Smoking,Jill Gardner,5,so far I like the app there's no glitches or anything and I am successfully today 6 days nicotine free and I haven't yet used the premier side of the app but I rest assured it's probably just as good as the introductory,2026-05-30,0
com.despdev.quitsmoking,Quit Tracker: Stop Smoking,Trevor Taliana,5,great app,2026-05-30,0
com.despdev.quitsmoking,Quit Tracker: Stop Smoking,Chirag Soni,5,it helped me,2026-05-29,0
com.despdev.quitsmoking,Quit Tracker: Stop Smoking,Steve E,5,"It's kind of just what you need, no superfluous nonsense. how long have you been off the sticks, how much money have you saved, a couple other things to help keep you motivated and you're on your way. The Distraction tab is a fantastic thing as well. I haven't gotten much use out of it myself as I'm not a huge phone guy but its just the kind of thoughtful addition that makes me want to go out of m",2026-05-29,3
com.despdev.quitsmoking,Quit Tracker: Stop Smoking,Moataz Saleh,5,Awesome app,2026-05-29,0
com.despdev.quitsmoking,Quit Tracker: Stop Smoking,joel wade,4,works well,2026-05-28,0
com.despdev.quitsmoking,Quit Tracker: Stop Smoking,Ari Keihas,4,good enough,2026-05-27,0
com.despdev.quitsmoking,Quit Tracker: Stop Smoking,Viktor Mesaroš,5,"I am not a smoker, never have been but still used this app to beat my other addiction. Of course it wont solve the problem itself but its a nice digital add on to your quitting jorney wathever that may be. Personaly i like the motivation quotes.",2026-05-27,0
com.despdev.quitsmoking,Quit Tracker: Stop Smoking,Steven Wilkins (James),5,Love it it's Helping thanks so much good job,2026-05-26,0
com.despdev.quitsmoking,Quit Tracker: Stop Smoking,Chris Aspey,5,"I have used the app on and off for years. Its does help during tge most difficult time. Anyone who wants to quit, You can do it if you give everything you have. Its the hardest fight of your life, but you are strong.",2026-05-26,1
com.despdev.quitsmoking,Quit Tracker: Stop Smoking,A J,5,Every day i'm winning!,2026-05-25,1
com.despdev.quitsmoking,Quit Tracker: Stop Smoking,Mostafa saad,5,perfect,2026-05-24,0
com.despdev.quitsmoking,Quit Tracker: Stop Smoking,Rachel Gibson,5,it's helpful 😀 I'm at day 828!!,2026-05-24,1
com.despdev.quitsmoking,Quit Tracker: Stop Smoking,Sandy Wetzler,5,"With the help of this app I quit almost 6-1/2 years ago. If improved health isn't enough of an incentive to quit, seeing the many thousand of dollars saved sure is👍",2026-05-23,1
com.despdev.quitsmoking,Quit Tracker: Stop Smoking,Md Rafi,4,when you shake the phone it give you a motivational quote 🤍,2026-05-23,1
com.despdev.quitsmoking,Quit Tracker: Stop Smoking,Asi,5,kudos,2026-05-22,1
com.despdev.quitsmoking,Quit Tracker: Stop Smoking,davie meechan,5,helps alot,2026-05-21,1
com.despdev.quitsmoking,Quit Tracker: Stop Smoking,Binil Joshua,4,App is a kind of motivation to keep away cigarette from your life.,2026-05-20,0
com.despdev.quitsmoking,Quit Tracker: Stop Smoking,gopikrishnan d,5,good 👍,2026-05-20,0
com.despdev.quitsmoking,Quit Tracker: Stop Smoking,clean bold,5,beat ever very helpful in cigarette quiting journey,2026-05-19,0
com.despdev.quitsmoking,Quit Tracker: Stop Smoking,Chris Smith,5,works nice and easy. best of luck. quitting sucks. quitting is great. and quitting sucks!,2026-05-18,0
com.despdev.quitsmoking,Quit Tracker: Stop Smoking,Robin Holloway,5,keeps me motivated to quit,2026-05-18,0
com.despdev.quitsmoking,Quit Tracker: Stop Smoking,Jackie Kerns,3,"Good stop smoking app, only problem is they really should clarify that the ""rewards"" section is actually them expecting you to save the money that you would have spent on smoking. The app itself doesnt give you any type of reward",2026-05-17,0
com.despdev.quitsmoking,Quit Tracker: Stop Smoking,Agigator 7,1,"Takes you through a long winded setup process and is ultimatelly subscription based. Didn't stick around to see if it can be used without a subscription, but the whole idea of paying to quit smoking sounds stupid. If you're reading this, good luck quitting!",2026-05-16,7
com.despdev.quitsmoking,Quit Tracker: Stop Smoking,Ryan Cannon,5,It works great for motivation and a tool to help you see your progress in real time.,2026-05-15,0
com.thehungrywasp.iamsober,I Am Sober,DIEGO RODRIGUEZ,5,Me ayudo mucho,2026-08-24,0
com.thehungrywasp.iamsober,I Am Sober,Ishanvi K,5,"I love this app so much, it actually helps me so well I've been so much better ever since I got this! thank you so much.",2026-08-23,0
com.thehungrywasp.iamsober,I Am Sober,Kyle Riker,5,"Very good app for self reflection, staying motivated, and a great supportive community.",2026-08-23,0
com.thehungrywasp.iamsober,I Am Sober,habbit Cuevas,5,best decision I ever made,2026-08-23,0
com.thehungrywasp.iamsober,I Am Sober,Siegfried Leonhart,5,nice app,2026-08-22,0
com.thehungrywasp.iamsober,I Am Sober,arivu selvan,5,"Using this app for just one week has already made a real difference. I started with the free one-week trial, and it genuinely helped me build and change my habits, so I decided to continue with a subscription. A big thanks to the developers and creators of this app! 🙌",2026-08-22,0
com.thehungrywasp.iamsober,I Am Sober,Peter Wilson,5,Good app keeps you motivated.,2026-08-22,0
com.thehungrywasp.iamsober,I Am Sober,Isobel Oconnor,5,it has helped me through a lot,2026-08-21,0
com.thehungrywasp.iamsober,I Am Sober,Anela Anessa,5,I honestly have nothing more to say this app is the best you'll ever download for ANYTHING anyways keep loving yourself and grow do not let any obstacle that comes in your way inconvenience you in any type of way ❤️🥺,2026-08-21,0
com.thehungrywasp.iamsober,I Am Sober,Rus Z,5,"working on quitting *orn right now , even the free version is keeping me on track and its rewarding to see the counter go up.",2026-08-21,0
com.thehungrywasp.iamsober,I Am Sober,Ariah Sheakley,5,its pretty helpful 🫶 like sometimes I go on the app when I feel like doing smt bad and then I remember I have so much better things to do like basketball🫶🫶,2026-08-21,0
com.thehungrywasp.iamsober,I Am Sober,Ari Turner,5,this is helping me a lot I am so happy I found this app,2026-08-21,0
com.thehungrywasp.iamsober,I Am Sober,Yara Ahmad,5,helps a lot,2026-08-20,0
com.thehungrywasp.iamsober,I Am Sober,Cat,1,"auto moderation sucks. no me saying ""my crab died"" is not encouraging self harm. please let me vent in my only safe space.",2026-08-20,0
com.thehungrywasp.iamsober,I Am Sober,Matīss Salimskis,1,"Obnoxious unskippable onboarding questions, just let me set up basic timers.",2026-08-20,0
com.thehungrywasp.iamsober,I Am Sober,Larry Fisherman,5,Easily the best free app for tracking sobriety or habits. It has everything you need and more and hardly ever bothers you to upgrade to premium and never shows ads.,2026-08-20,0
com.thehungrywasp.iamsober,I Am Sober,Jennifer Kirkland,5,encouraging,2026-08-20,0
com.thehungrywasp.iamsober,I Am Sober,sankit khicher,1,costly.,2026-08-19,0
com.thehungrywasp.iamsober,I Am Sober,Mohamed Nabil,5,Heartfelt thanks to the person who invented this app and I truly appreciate it.,2026-08-19,0
com.thehungrywasp.iamsober,I Am Sober,Label,5,this app has been such a motivational aid in my recovery,2026-08-19,0
com.thehungrywasp.iamsober,I Am Sober,Itumeleng Mbongo,1,Doesn't wanna go through,2026-08-18,0
com.thehungrywasp.iamsober,I Am Sober,Panagiotis Moutsios,5,nice,2026-08-18,0
com.thehungrywasp.iamsober,I Am Sober,Nathaniel Kent,5,this helped me get over my anger issues,2026-08-18,0
com.thehungrywasp.iamsober,I Am Sober,Moonlight Mania,1,"I've been using this app for a little over a year and something I've noticed is I could say the most normal thing in the community post section and it wouldn't let me share in the community most of the things I'd post, and then I got hit with a permanent ban from the community for being underage??? I'm not underage and I used the community to help me cope, and I'm suddenly banned with ZERO warning",2026-08-18,0
com.thehungrywasp.iamsober,I Am Sober,Teo Newsuan,5,I like the notes to yourself feature,2026-08-18,0
com.thehungrywasp.iamsober,I Am Sober,Ігорка,5,subscription for timer? update: did not realize you could skip it and no ads shown.,2026-08-18,0
com.thehungrywasp.iamsober,I Am Sober,Jamie Parr,5,amazing app that provides a lot of support,2026-08-18,0
com.thehungrywasp.iamsober,I Am Sober,Oliver,5,has helped me alot,2026-08-17,0
com.thehungrywasp.iamsober,I Am Sober,jeff mishati,5,best app to help you in your journey of soberness,2026-08-17,0
com.thehungrywasp.iamsober,I Am Sober,Alyssa T,4,"Great app so far, but it pushes the premium features a little too much. This is especially troublesome for people who are using the app to improve their spending habits.",2026-08-17,0
com.thehungrywasp.iamsober,I Am Sober,Juliet Meek,5,works,2026-08-17,0
com.thehungrywasp.iamsober,I Am Sober,Iven,5,nice,2026-08-17,0
com.thehungrywasp.iamsober,I Am Sober,Arden George,5,this app is lovely for any type of addiction,2026-08-17,0
com.thehungrywasp.iamsober,I Am Sober,Reciana Villasis,5,this lowkirkly helped me out genuinely ok lesgo,2026-08-17,0
com.thehungrywasp.iamsober,I Am Sober,Lebogang Ngoasheng,5,I just love it,2026-08-16,0
com.thehungrywasp.iamsober,I Am Sober,Angela Ivanovskiy,5,"Simple and motivating tracker. I like seeing my ""why"" every day. The widgets are good, too.",2026-08-16,0
com.thehungrywasp.iamsober,I Am Sober,luke armstrong,5,"Great app, I'm on my 2nd journey!!",2026-08-16,0
com.thehungrywasp.iamsober,I Am Sober,ErvinVonLustig,5,Helps with everyday urges and it emphasizes every small victory,2026-08-16,0
com.thehungrywasp.iamsober,I Am Sober,Dequilla Althea,5,helpful,2026-08-16,0
com.thehungrywasp.iamsober,I Am Sober,Jio Metri,1,"this app makes me wanna relapse after this app keep crashing after i want to arrange my pledge note, IT CRASH SO MANY TIMES I WANNA RELAPSE AFTER I'M GETTING PISSED BY THIS APP",2026-08-15,0
com.thehungrywasp.iamsober,I Am Sober,Mia Kuhn,3,"good app,achievements,community,milestones and a timer for how long you've been clean,one thing that bothers me though is that if you want techniques to help you manage urges or calm down from them,you have to pay for a subscription,which,sure,maybe it's not that big a deal,Google them,but addictions are serious and it just feels like a cash grab when people seriously need that help,yet need to pa",2026-08-15,0
com.thehungrywasp.iamsober,I Am Sober,Veestro Forever,5,Whoever is reading this review you're not clean you're just taking breaks.,2026-08-15,0
com.thehungrywasp.iamsober,I Am Sober,Nosilla,5,Great free app. I love that there are little milestones often to remind you consistently that every day counts.,2026-08-15,0
com.thehungrywasp.iamsober,I Am Sober,preston pickett (Mr Puzzles),5,helps me alot :),2026-08-14,0
com.thehungrywasp.iamsober,I Am Sober,iva Nušić,5,Great app to challenge myself from quitting cigarettes,2026-08-14,0
com.thehungrywasp.iamsober,I Am Sober,Vianney Conejo,5,it sooo good I would recommend this app,2026-08-14,0
com.thehungrywasp.iamsober,I Am Sober,Anahide Tavitian,5,Great.,2026-08-14,0
com.thehungrywasp.iamsober,I Am Sober,O'Niel Crooks,5,useful,2026-08-14,0
com.thehungrywasp.iamsober,I Am Sober,Melissa Mestre,5,"Helps you maintain accountability, and it's nice to see how many sober days I have accomplished!",2026-08-13,0
com.thehungrywasp.iamsober,I Am Sober,Surya,5,"I really liked this app. Its gree version is also good so far,plus the community makes it more interative and help to focus on goal.",2026-08-13,1
com.thehungrywasp.iamsober,I Am Sober,myrna Romero,5,this helped me this my self harm thank you so much.,2026-08-13,0
com.thehungrywasp.iamsober,I Am Sober,Conner Pocha,5,it has helped me a lot,2026-08-13,0
com.thehungrywasp.iamsober,I Am Sober,Lexangularprism,3,I love this app because it lets you see how long you have been clean and the community is alr just people aren't really being too positive and are just hating on themselves. overall love it a lot just when I do reset it doesn't start at zero or one which really sucks imo,2026-08-13,0
com.thehungrywasp.iamsober,I Am Sober,Mya Baker,5,"it help me in my life ,",2026-08-12,0
com.thehungrywasp.iamsober,I Am Sober,Sebastian Gonzalez,4,it should be all free but it's still helps me,2026-08-12,0
com.thehungrywasp.iamsober,I Am Sober,Isabella Mm,5,I love it. It helps me keep track of my habit of self-harm and it has gotten better since it also gives me motivation!,2026-08-12,0
com.thehungrywasp.iamsober,I Am Sober,Neo Mofokeng,5,nice and consistent,2026-08-12,0
com.thehungrywasp.iamsober,I Am Sober,Chloe Price,2,"it used to be so good with the community n all that, now you have to pay for every little thing. having to pay for logging an urge is crazy. really sad a mental health app is largely locked behind a pay wall",2026-08-12,0
com.thehungrywasp.iamsober,I Am Sober,Erica Wolkenhauer,5,Great app for tracking your sobriety. The calorie saver is what surprised me. I used to drink more calories than double what I eat in maintenance calories per day!,2026-08-11,0
com.thehungrywasp.iamsober,I Am Sober,Ray M,5,this helped me sooo much to keep track of my addiction ^_^,2026-08-11,0
com.thehungrywasp.iamsober,I Am Sober,Elaine La Grange,5,This is The Best App i Ever Used I kove it,2026-08-10,0
com.thehungrywasp.iamsober,I Am Sober,Michiel Verwey,5,"Great to track days, motivation and goals.",2026-08-10,0
com.thehungrywasp.iamsober,I Am Sober,Ellie Motga,5,Good,2026-08-10,0
com.thehungrywasp.iamsober,I Am Sober,Ryelynn,5,Wish you could search other users up though. Overall very good app.,2026-08-10,0
com.thehungrywasp.iamsober,I Am Sober,Eliot,2,"Okay, I used to love this app. Had it since 2020. But, I personally noticed that I can BARELY vent or rant anymore on this app. I used to be able to be more free. Of course, back then, I still censored some stuff. But now, I censor stuff, and it basically shot down immediately. And I recently was making a big ol' post. it had gotten me banned for a day, and every single thing that I mentioned was ",2026-08-10,0
com.thehungrywasp.iamsober,I Am Sober,Marcus Clay,5,I like it,2026-08-10,0
com.thehungrywasp.iamsober,I Am Sober,Ven,5,this helped a lot. only issue I had was fixed in latest update.,2026-08-09,0
com.thehungrywasp.iamsober,I Am Sober,gumba productions,5,so helpful and it keeps you updated and encouraged to be with your fellows who want to do better like you want to do better for yourself,2026-08-09,1
com.thehungrywasp.iamsober,I Am Sober,Cody Jimenez,5,"Very good scheduling and motivating app! I recommend this to others with my same or different addiction, you will get better!",2026-08-09,0
com.thehungrywasp.iamsober,I Am Sober,Daniella Wyllie,5,good,2026-08-09,0
com.thehungrywasp.iamsober,I Am Sober,shawnique moore,4,really great tool,2026-08-09,0
com.thehungrywasp.iamsober,I Am Sober,Stormie Mayo,5,"there, so nice",2026-08-09,0
com.thehungrywasp.iamsober,I Am Sober,Jade Bryant,4,"Honestly not bad, it takes a little bit to load which is fine but it's good for motivation of types and u can get up to 2 ""addictions"" like SH (Self-harm) and 1 more. Would recommend",2026-08-08,0
com.thehungrywasp.iamsober,I Am Sober,Marina,5,The free version of the app is great. Feels like a supportive friend rather than a coach. I love the different ways it tracks streaks and the daily check in.,2026-08-08,0
com.thehungrywasp.iamsober,I Am Sober,Cassy Uhlir,1,"Unfortunately this app fell off.. I used it not just to remember my streaks, but also to vent. I was never detailed, never mean, ALWAYS followed the guidelines. I once must've accidentally broken a rule, for which I got a tempo ban for the community tab and got all my old stories deleted (that were as old as 2021). Since then the ban has passed, but I still cant write anything in the community tab",2026-08-08,1
com.thehungrywasp.iamsober,I Am Sober,Diana Budur,5,It gives me hope,2026-08-08,1
com.thehungrywasp.iamsober,I Am Sober,Emmet,5,i am on it now...and i can say it is really helping me get to my goal...i recommend it to any addict out their who wonnaturn their life around.,2026-08-08,0
com.thehungrywasp.iamsober,I Am Sober,Skylar,5,I love this app so much! I wouldn't recommend for people deep in addiction tho because this app can be a reminder of the addiction.,2026-08-08,0
com.thehungrywasp.iamsober,I Am Sober,Gareth Halkett-Amos,5,"If you are just dealing with one or two addiction, the free version of this app is great. I find the community posts (kind of like social media but for people in recovery) is one of the best additions especially because it shows people who are going through the same thing, around the same time as you, so you can get a better perspective. Loving this app so far. Day 12 today!",2026-08-08,1
com.thehungrywasp.iamsober,I Am Sober,Chase,5,it's pretty good,2026-08-07,0
com.thehungrywasp.iamsober,I Am Sober,Mox Thebe,4,Good app hope it'd help me with my goal,2026-08-07,0
com.thehungrywasp.iamsober,I Am Sober,Alanna Bartlett,5,it helps alot,2026-08-07,0
com.thehungrywasp.iamsober,I Am Sober,Eli Smith,2,i am so annoyed. everything on this app used to be free i only recently downloaded it again as sort of a last resort because ive been having issues and wanted to vent and talk to people on here that experience the same things and when i used to have it when i was younger and it was free i actually got alot of helpfull advice from the other users on here but now i have to pay to actually talk to pe,2026-08-07,0
com.thehungrywasp.iamsober,I Am Sober,Brandy Dubick,5,This app has been so wonderful and helpful. It has been a game changer in my recovery.,2026-08-07,0
com.thehungrywasp.iamsober,I Am Sober,shawn vinson,5,Helps,2026-08-07,0
com.thehungrywasp.iamsober,I Am Sober,Naurah Cat,5,helps me keep being motivated to quit porn,2026-08-07,0
com.thehungrywasp.iamsober,I Am Sober,jilly,5,its really helping me....,2026-08-06,0
com.thehungrywasp.iamsober,I Am Sober,Greydyd Anariba,5,very helpful,2026-08-06,0
com.thehungrywasp.iamsober,I Am Sober,Daniel Morales,4,very nice,2026-08-06,0
com.thehungrywasp.iamsober,I Am Sober,Christo Sundgren,5,"Best recovery/sober app I've tried, hands down!! Love it",2026-08-05,0
com.thehungrywasp.iamsober,I Am Sober,hailey,3,i tried to create a different account with a new email but it will not let me change emails. ive tried redownloading the app and its not working. good app though. worked well. great tracking app.,2026-08-05,0
com.thehungrywasp.iamsober,I Am Sober,Steve Mejia,5,it helps,2026-08-05,0
com.thehungrywasp.iamsober,I Am Sober,Kyren Bakugo,5,helped so much,2026-08-05,0
com.thehungrywasp.iamsober,I Am Sober,Gurdain Singh Madan,5,Great app to deal with different types of addictions on a day-to-day basis. Definitely recommend!,2026-08-05,0
com.thehungrywasp.iamsober,I Am Sober,Dennis Leong,5,Really very useful app. You will be amazed how reminders will help you to reduce or remove drinking totally.,2026-08-05,0
com.thehungrywasp.iamsober,I Am Sober,Chare Roland,5,I love being able to track my progress. This app is full of inspiration for me.,2026-08-04,0
com.thehungrywasp.iamsober,I Am Sober,Nathan Ross,1,"yet again pledge and check-in reminders not always working. even when they do, tapping those notifications does NOT open the app anymore.",2026-08-04,1
com.thehungrywasp.iamsober,I Am Sober,Jacob Noel Goma,5,Easy to use and easy to stick with. I am making some progress thanks to the app.,2026-08-04,0
com.thehungrywasp.iamsober,I Am Sober,Joviš Ito,3,"The design is fine. However, there are too many features locked behind a premium subscription and the communication part is extremely laggy.",2026-08-04,0
com.thehungrywasp.iamsober,I Am Sober,Dian,5,it help me more!,2026-08-04,0
com.despdev.quitzilla,Quitzilla: Quit Habit Tracker,ーー,1,they updated the app and now I can't restore my purchase,2026-08-21,0
com.despdev.quitzilla,Quitzilla: Quit Habit Tracker,KEABETSWE MOKENA,5,Great app,2026-08-16,0
com.despdev.quitzilla,Quitzilla: Quit Habit Tracker,Akhand pratap Singh,5,incredible application for tracking your bad habits 😉,2026-08-16,0
com.despdev.quitzilla,Quitzilla: Quit Habit Tracker,Sam,2,"Was great before the update, now the UI is clunky overcomplicated and it's all just too much. Unfortunately had to uninstall.",2026-08-15,0
com.despdev.quitzilla,Quitzilla: Quit Habit Tracker,Maddy Brobst,5,helpful,2026-08-14,0
com.despdev.quitzilla,Quitzilla: Quit Habit Tracker,Kondwelani Cosmas Kaonga,4,This app is good. it has helped me quit a lot of the bad habits i had. i highly recommend it.,2026-08-14,0
com.despdev.quitzilla,Quitzilla: Quit Habit Tracker,Roger Aragao,5,8 days on SR!,2026-08-10,0
com.despdev.quitzilla,Quitzilla: Quit Habit Tracker,Adam Barentine,3,They are mistaken if they think the recent changes are an improvement. They've made the app more difficult to use and should go back to the way it was,2026-08-08,1
com.despdev.quitzilla,Quitzilla: Quit Habit Tracker,kehinde oshe,4,it so good,2026-08-05,0
com.despdev.quitzilla,Quitzilla: Quit Habit Tracker,Tyler,3,"They finally fixed the milestones issue so that you could pick a milestone instead of jumping straight from 1 to 5 years, but I really wish there was a way to set passed goals as your current goal. I want a screenshot saying 100% of 4 years. I can't find any way to get a screenshot that shows that I achieved that goal, the lowest goal I can set now is 5 years, and it's my 4 year anniversary.",2026-08-04,9
com.despdev.quitzilla,Quitzilla: Quit Habit Tracker,Nandha Kumar B,5,"Hate the app facelift, but it's still the best in the Play Store.",2026-07-30,0
com.despdev.quitzilla,Quitzilla: Quit Habit Tracker,Steven Shaw,1,"This was a fantastic app until the developers started charging monthly to display a widget on your home screen. Not worth the monthly fee. Quitting alcohol was hard, installing this app was easy",2026-07-30,2
com.despdev.quitzilla,Quitzilla: Quit Habit Tracker,Frank Wanjiru,3,no longer a simple ui,2026-07-28,1
com.despdev.quitzilla,Quitzilla: Quit Habit Tracker,James,5,Great app. Devs that care. I mentioned an issue with the app and not only did they respond they seem to have fixed it. highly recommend.,2026-07-28,1
com.despdev.quitzilla,Quitzilla: Quit Habit Tracker,Rachel Speis,2,simple and works well. my only complaint -- which I shouldn't even have -- the banner ads literally are advertising the thing I'm trying to quit. you'd think the ads would be monitored so there aren't any triggers,2026-07-27,1
com.despdev.quitzilla,Quitzilla: Quit Habit Tracker,Benihana Benjamin,5,amazing app im the type of person that really needed something like this to help me visualize my goals and how much money I've wasted and stuff it had been a game changer for me I highly recommend this to anyone that is struggling with quitting a bad habit. 10/10 thank you to the devs for making this it is helping me change my life one day at a time.,2026-07-27,0
com.despdev.quitzilla,Quitzilla: Quit Habit Tracker,MD Ariful Islam,1,"Now it ask more question, just a bad userexperience I got. Last time I used it before update was awesome. Now, feel bored replying there questions. I install last 2 times 2 different days, then Uninstall as quickly as possible for their question. Why you people made update which experience people worst?",2026-07-27,1
com.despdev.quitzilla,Quitzilla: Quit Habit Tracker,james brown,5,"1 year without nicotine edit: update 4.211 years without nicotine! btw I also use this app strangely enough as a reminder to tracker of when was the last time I took my medication, it pretty simple, just feels like I'm trying to quit something each time I am using this as an reminder, I know it wasn't designed for that, but it works for that though strangely enough!",2026-07-18,1
com.despdev.quitzilla,Quitzilla: Quit Habit Tracker,Ulises M.L,5,Great,2026-07-17,0
com.despdev.quitzilla,Quitzilla: Quit Habit Tracker,Michael Brock,4,nice app just learning my way around it.,2026-07-16,0
com.despdev.quitzilla,Quitzilla: Quit Habit Tracker,Juzam Jin,5,"good to track everything. devils and ghosts die in the light, when you are consious that is a start of a better life",2026-07-11,0
com.despdev.quitzilla,Quitzilla: Quit Habit Tracker,Paloma Malagutti Pereira,5,Everything works fine,2026-07-08,1
com.despdev.quitzilla,Quitzilla: Quit Habit Tracker,anonymous user,1,INAPPROPRIATE ADS!,2026-07-08,0
com.despdev.quitzilla,Quitzilla: Quit Habit Tracker,Nora S,3,"It's a nice app to keep track of how long you've been clean, but There's not much. You can only keep 2 goals And",2026-07-07,0
com.despdev.quitzilla,Quitzilla: Quit Habit Tracker,Shamim rahman,5,so useful,2026-07-05,0
com.despdev.quitzilla,Quitzilla: Quit Habit Tracker,Naomi Bobbi,4,the only thing is make the ui somehow better and beautiful.,2026-07-03,0
com.despdev.quitzilla,Quitzilla: Quit Habit Tracker,unlockwall,1,awful after the new update... was perfect before. wants way too much info now. 0-10 do not recommend.,2026-07-01,2
com.despdev.quitzilla,Quitzilla: Quit Habit Tracker,Thazin Myo Khaing,5,Great! Easy to use and convenient for me.,2026-06-30,0
com.despdev.quitzilla,Quitzilla: Quit Habit Tracker,Aleko Omari,4,"Good in doing it's job that's tracking habits, ana some motivational quotes",2026-06-29,0
com.despdev.quitzilla,Quitzilla: Quit Habit Tracker,Duke Lee,1,I hate the new design!,2026-06-27,2
com.despdev.quitzilla,Quitzilla: Quit Habit Tracker,Ayabonga Zuma,4,best app to help you stop your addiction,2026-06-27,0
com.despdev.quitzilla,Quitzilla: Quit Habit Tracker,Hristo Hristov,1,App for significantly worse after rework. I Hate that they removed the top notch widget they had,2026-06-26,2
com.despdev.quitzilla,Quitzilla: Quit Habit Tracker,Stephane Villeneuve,5,"great app that kept me going, give it a try!",2026-06-24,0
com.despdev.quitzilla,Quitzilla: Quit Habit Tracker,Ulla Mentzel,1,"The marketing of this app is deceptive. According to Grok, this is a free app. But once you provide all your input and data, ONLY THEN do you find out, that you only get 7 free days. After those 7 days you must pay. I call this deceptive marketing strategies, and it makes me angry.",2026-06-24,2
com.despdev.quitzilla,Quitzilla: Quit Habit Tracker,Ramūnas Atkočius,1,"5 stars to 1 after the facelift update. terrible update, broke what was right about this app.",2026-06-23,1
com.despdev.quitzilla,Quitzilla: Quit Habit Tracker,Stranger,3,the recent update is not good it feels very heavy to use even simple entry adding feels like heavy work and every when I open app it's showing me progress and a unnecessary share button.please bring simple Ui back.,2026-06-23,2
com.despdev.quitzilla,Quitzilla: Quit Habit Tracker,Ulvi Hamidov,4,I offered to translate the app to azerbaijani but they refuse.,2026-06-23,0
com.despdev.quitzilla,Quitzilla: Quit Habit Tracker,Mian Zohaib Qadir,5,Best app believe me 💞,2026-06-22,0
com.despdev.quitzilla,Quitzilla: Quit Habit Tracker,Magi,5,nice 👍,2026-06-18,0
com.despdev.quitzilla,Quitzilla: Quit Habit Tracker,A Google user,3,I don't like the new time selection format.,2026-06-17,1
com.despdev.quitzilla,Quitzilla: Quit Habit Tracker,AndrewC,2,Ruined by update. Now has an overly complicated interface and notifications no longer work.,2026-06-17,2
com.despdev.quitzilla,Quitzilla: Quit Habit Tracker,Archon James Fernandez,4,its helping me,2026-06-14,0
com.despdev.quitzilla,Quitzilla: Quit Habit Tracker,Justin Hatfield,5,"love the app and the most recent update has some really good quality of life improvements, where there were some small areas it could of improved on, it has in this update, highly recommend.",2026-06-12,0
com.despdev.quitzilla,Quitzilla: Quit Habit Tracker,Rohan Pius,5,"After the recent update, the app has turned out amazing. A real improvement. I've been using Premium for over 2 years now.",2026-06-12,1
com.despdev.quitzilla,Quitzilla: Quit Habit Tracker,A S,4,"App works mostly but the ""inspirational quotes"" are garbage and do not feature actual philosophy or Christian values, just dribble from revolutionaries, freaks, weirdos, and tech",2026-06-10,0
com.despdev.quitzilla,Quitzilla: Quit Habit Tracker,Eegiijamsran Enkhmargad (Enkhmargad),5,great app to see your progress,2026-06-09,0
com.despdev.quitzilla,Quitzilla: Quit Habit Tracker,SARATH SASIKUMAR,5,"This app is a great motivation. Our mind will compel us to go beyond set target. That is actually great. Abstaining from some bad habit, even for a few days is very inspiring and a confidence booster. Eventually our brain will be re-wired, to an extent such that we can live without that particular addiction. It will take some time, So give it a try. Will be thankful to ourselves that we at least g",2026-06-09,2
com.despdev.quitzilla,Quitzilla: Quit Habit Tracker,herndon39,5,Worth every penny,2026-06-07,0
com.despdev.quitzilla,Quitzilla: Quit Habit Tracker,Jordan Bunch,3,most recent update made it overly complex. I miss the simplicity of the old version.,2026-06-06,1
com.despdev.quitzilla,Quitzilla: Quit Habit Tracker,Abhijit Pradhan,5,osm,2026-06-05,0
com.despdev.quitzilla,Quitzilla: Quit Habit Tracker,Arwaa bint Sa`d,5,using for 4 years,2026-06-05,0
com.despdev.quitzilla,Quitzilla: Quit Habit Tracker,Dinand V,3,as much as this app has helped me. the ads are very obnoxious and borderline unethical as they only play after an action like setting a goal or logging a relapse. very helpful but a bit predatory with how theyre trying to squeze revenue out of vulnerable people,2026-06-04,0
com.despdev.quitzilla,Quitzilla: Quit Habit Tracker,Aaron Field,2,"I don't like this new edition of the app, I like the old one better. The color options for this new one are ugly, the other colors were nicer looking.",2026-06-04,1
com.despdev.quitzilla,Quitzilla: Quit Habit Tracker,Jose Abraham Sanchez Ortega,1,"actual advice and tips , can I have my money back pls ? thanks",2026-06-02,1
com.despdev.quitzilla,Quitzilla: Quit Habit Tracker,Maryna Malan,5,Amazing App! The free version allows you to track the quitting of two unhealthy habits. Thank you for this amazing simple and effective app! ☀️🚀,2026-06-02,0
com.despdev.quitzilla,Quitzilla: Quit Habit Tracker,Rhys Paley,5,does the best it can at what it does,2026-06-01,0
com.despdev.quitzilla,Quitzilla: Quit Habit Tracker,Md Alraji Polash,5,good,2026-06-01,0
com.despdev.quitzilla,Quitzilla: Quit Habit Tracker,Liam,1,"they changed it from one time unlock to a subscription fee. I've bought this premium maybe 5 times on different phones and will. or be doing it again, that's simply a joke and taking advantage of people, don't pay a subscription for this app. use the free version on droid called quitter.",2026-06-01,3
com.despdev.quitzilla,Quitzilla: Quit Habit Tracker,Keah Cieslik,5,I've stopped gooning,2026-06-01,0
com.despdev.quitzilla,Quitzilla: Quit Habit Tracker,Fidel,5,"kinda crazy that it expects ypu to remember everything about your past, like excactly how many times a daybhoe much money bit i think the app is great for track you bad habits",2026-05-30,0
com.despdev.quitzilla,Quitzilla: Quit Habit Tracker,Sterling Vanlaere,1,"The user experience was amazing for 7 years. Then, a recent update changed the way you reset and now everything takes multiple fiddly steps. A great case study of a UX failure",2026-05-30,2
com.despdev.quitzilla,Quitzilla: Quit Habit Tracker,bloodraven,4,"в целом, всё очень круто. как раз для тех кто бросает вредные привычки в самый раз. но меня разочаровал новый интерфейс. он очень не удобный и я надеюсь, что вернут старый дизайн. он ужасен",2026-05-30,0
com.despdev.quitzilla,Quitzilla: Quit Habit Tracker,Łukasz Kosma Skibiński,1,What happened? Where is the quick reset timer just for the event? The new tracker became unnecessarily convoluted. Why do I have to disclose an amount? Why set up a goal?! Why asking for money and time spent with when before you just determined at the beginning if it even applies?! You want to be a journal or a tracker? You are making steps backwards... -_- Update: Popups?! Seriously?! I've been a,2026-05-29,12
com.despdev.quitzilla,Quitzilla: Quit Habit Tracker,Flavius Iustin Albu,5,Really great app. Been using it for more than a year now. The premium is really worth it. Bought it straight from the get go. Moreover this new update gave the app a fresh look. Keep it up!,2026-05-29,1
com.despdev.quitzilla,Quitzilla: Quit Habit Tracker,Han Kıdak,1,"With the new update the developer literally locked up the personal data and you cannot take it on your own hands it force you to buy premium package, this is not helpful at all",2026-05-27,3
com.despdev.quitzilla,Quitzilla: Quit Habit Tracker,Ali Kemal İltuş,5,"Great app, (you were right it already grew on me...)",2026-05-26,0
com.despdev.quitzilla,Quitzilla: Quit Habit Tracker,Ansh Gautam,5,The new update is fabulous 😍 However I'll suggest you to work on widgets to make it more appealing.,2026-05-26,0
com.despdev.quitzilla,Quitzilla: Quit Habit Tracker,Habib Ahmad,5,Best for beginners,2026-05-25,0
com.despdev.quitzilla,Quitzilla: Quit Habit Tracker,Adam S,2,loved this app untill the appreance of the widget changed drastically and i do not like it.,2026-05-25,2
com.despdev.quitzilla,Quitzilla: Quit Habit Tracker,William Guimont-Martin,1,"Predatory update locks you out of your own data. I used this app for a long time, but the latest update completely locks access to backups. It is incredibly frustrating and predatory to lock users out of their own historical tracking data after they have spent months or years inputting it. Do not use this application if you value your data or expect to ever export it. Your data is essentially held",2026-05-25,4
com.despdev.quitzilla,Quitzilla: Quit Habit Tracker,Gerson Rapoport,4,It keeps good time of my clean time,2026-05-25,0
com.despdev.quitzilla,Quitzilla: Quit Habit Tracker,Jawad Kh7,5,genuinely a very good app to track your bad habits and quit them,2026-05-24,0
com.despdev.quitzilla,Quitzilla: Quit Habit Tracker,篠田慧,4,Almost Perfect,2026-05-24,0
com.despdev.quitzilla,Quitzilla: Quit Habit Tracker,Joseph Sanchez,5,"good but it needs more updates and quotes edit: This new update was very much needed. This app looks beautiful now. I would say continue to add some new icons here and there, I couldn't find the soda one anymore, just a cup/glass but it works. Just continue little updates like adding new quotes and stuff but thank you for your hard work this app is so much better now.",2026-05-24,2
com.despdev.quitzilla,Quitzilla: Quit Habit Tracker,Jamie Beeman,3,Its nice to see my progress quickly. Having a reminder during a moment of weakness helps me stay sober,2026-05-22,0
com.despdev.quitzilla,Quitzilla: Quit Habit Tracker,Lou Santiago,3,alright,2026-05-21,0
com.despdev.quitzilla,Quitzilla: Quit Habit Tracker,Sabbir Islam,5,Nice app,2026-05-20,0
com.despdev.quitzilla,Quitzilla: Quit Habit Tracker,Noviian,3,"the sobriety timer starts immediately after your last entry. but if my addiction is time-based like video games, which the app acknowledges, this makes it impossible to log down a prolonged period of time spent on video games without it logging that time as ""sober"". there is no ""I spent 1 hour on my addiction"" there is just ""I relapsed just now and only for that one second"" so the counter for tota",2026-05-19,0
com.despdev.quitzilla,Quitzilla: Quit Habit Tracker,Samsen Marak,5,very helpful reminding how much you achieve.,2026-05-18,0
com.despdev.quitzilla,Quitzilla: Quit Habit Tracker,Ayush Shrivastava,4,"my experience has been great, whenever I can I will open the app and check on the progress of how long it has been since I quit my addiction and it will fill me with pride. The one improvement that I would recommend will be to remove the ad below, otherwise its great.",2026-05-17,0
com.despdev.quitzilla,Quitzilla: Quit Habit Tracker,Ahmed Marouf,1,"the average is not real average, it is just the medium between the largest and lowest value, not the sum of values divided by their count, i feel sorry to explain such simple math to engineers. edit: uninstalled, they do not care, found a better one, bye 👋",2026-05-17,1
com.despdev.quitzilla,Quitzilla: Quit Habit Tracker,Brendan N,3,"Useful app, but dark mode is now locked behind premium when it was free before. Not cool.",2026-05-16,0
com.despdev.quitzilla,Quitzilla: Quit Habit Tracker,Ahmad,4,plz add the BDT in currency,2026-05-14,0
com.despdev.quitzilla,Quitzilla: Quit Habit Tracker,Ch Jashwanth,5,better app to track,2026-05-13,0
com.despdev.quitzilla,Quitzilla: Quit Habit Tracker,Abhishek Rajpoot,5,very good app,2026-05-12,0
com.despdev.quitzilla,Quitzilla: Quit Habit Tracker,Ahmad Zaid,1,is just no real purpose,2026-05-12,0
com.despdev.quitzilla,Quitzilla: Quit Habit Tracker,William FAIRCHILD,5,Best app OAT,2026-05-12,0
com.despdev.quitzilla,Quitzilla: Quit Habit Tracker,Isaack Murithi,5,it performs really nice,2026-05-11,0
com.despdev.quitzilla,Quitzilla: Quit Habit Tracker,Omar Zookari,5,dont worry abt what other people say in these comments if you rellay wanted to quit u would quit without looking back,2026-05-11,0
com.despdev.quitzilla,Quitzilla: Quit Habit Tracker,Sumanta Ghosh,3,not bad,2026-05-11,0
com.despdev.quitzilla,Quitzilla: Quit Habit Tracker,kieran dobson,5,have given up numerous time but this app there to help you try again fit for purpose and easy to use,2026-05-10,0
com.despdev.quitzilla,Quitzilla: Quit Habit Tracker,KUTLU,5,helped me quit smoking,2026-05-10,0
com.despdev.quitzilla,Quitzilla: Quit Habit Tracker,Nilesh Pal,5,Helpful,2026-05-09,0
com.despdev.quitzilla,Quitzilla: Quit Habit Tracker,Jennifer VanDuine,4,M limited number oh habits (3),2026-05-08,0
com.despdev.quitzilla,Quitzilla: Quit Habit Tracker,KABBYO IO,5,This is the best app for quit bad habbit,2026-05-08,0
com.despdev.quitzilla,Quitzilla: Quit Habit Tracker,Rohitesh Deka,5,it was really a good experience,2026-05-06,0
com.despdev.quitzilla,Quitzilla: Quit Habit Tracker,A.A.M Sagor,3,good but not much,2026-05-05,0
com.despdev.quitzilla,Quitzilla: Quit Habit Tracker,Yno & Airry Adventure,4,its my day 2 clean,2026-05-04,0
com.despdev.quitzilla,Quitzilla: Quit Habit Tracker,Mesbah Uddin,5,good,2026-05-02,0
com.despdev.quitzilla,Quitzilla: Quit Habit Tracker,Evie,5,insanely helpful,2026-05-01,0
com.mindefy.phoneaddiction.mobilepe,YourHour : Screen Time Control,Omega House,1,couldn't get past the first screen asking me to grant permissions because all of the options were greyed out.,2026-08-20,0
com.mindefy.phoneaddiction.mobilepe,YourHour : Screen Time Control,Md Robiul Haque Imran,4,is time show in lock screen.....? I need it emergency.....,2026-08-18,0
com.mindefy.phoneaddiction.mobilepe,YourHour : Screen Time Control,Saurabh Takalkar,3,Add Option to track the usage over multiple Devices... Just like You have added TV... add Secondary device & TAB...Giving 3⭐️ Just to give my suggestion... Otherwise 5⭐️...,2026-08-16,0
com.mindefy.phoneaddiction.mobilepe,YourHour : Screen Time Control,S Kshitiz,4,"Good app, has most of the features that one wants in Wellbeing. Also, its understandable that devs cannot sustain without ads or subscription. Hence, a few suggestions. 1. App requires good amount of RAM to run in the background. As per my usage it was around 500 MB. 2. Ads are full screen even when randomly using the app. So, if possible the normal ads can be placed in the bottom or on a fixed sc",2026-08-16,0
com.mindefy.phoneaddiction.mobilepe,YourHour : Screen Time Control,siddhant sah,3,"I rarely pay for apps but I bought Premium because I liked the idea but main should be Phone used not tv cloned apps (I use 2 Whatsapp, not Business)aren't tracked or blocked. The daily timer also sometimes fails to block apps after the limit ends. Please fix these bugs. Add Study Mode, strict mode, proper app categories (Productivity, Social,), category limits, better stats, and customizable lock",2026-08-15,0
com.mindefy.phoneaddiction.mobilepe,YourHour : Screen Time Control,علي قاسم,5,انصح من لديه مشكلة ادمان للهاتف وسوشل ميدية تطبيق ساعتني هل تقليل ادمان بشكل ملوحض فقديم كان ما يقارب 8 ساعة في سوشل مدية ام الان قل استخدامي للهاتف بشكل ملوحض جدا واصبح من 8 ساعات الى ساعتين في سوشل ميديا انا اشكر صنعينه على مساعدة,2026-08-14,0
com.mindefy.phoneaddiction.mobilepe,YourHour : Screen Time Control,Avishkar Srivastava,1,don't download it's warning 😔⚠️⚠️⚠️⚠️🚨😔⚠️ 😔⚠️⚠️⚠️🚨⚠️⚠️⚠️🚨,2026-08-14,0
com.mindefy.phoneaddiction.mobilepe,YourHour : Screen Time Control,Tanja Kališnik,3,"Since march app update (20/3/2026) reports are lagging. When I tap on daily report (from notifications inside of an app), for a few seconds nothing happens - report opens after long 8 seconds. If I tap on report multiple times, it then opens multiple times. Devs have ""doubts about my internet stream"". Everything else (on my phone) works fine, but they think my internet connection is bad. 🤦‍♀️",2026-08-14,2
com.mindefy.phoneaddiction.mobilepe,YourHour : Screen Time Control,Krishna Kumar,1,There's the easiest way to bypass the app use time lock by YourHour - open the app whose time limit is crossed - YourHour block screen will appear - then simply click menu button to open recent apps(left bottom button of Android) and select the blocked app. And voila! use the time blocked app freely. Edit: Thanks for reply. Shared the screen recording,2026-08-14,2
com.mindefy.phoneaddiction.mobilepe,YourHour : Screen Time Control,vignesh waran,5,Really helping me,2026-08-13,0
com.mindefy.phoneaddiction.mobilepe,YourHour : Screen Time Control,Purva Maheshwari,5,just one suggestion: if u cud incorporate limit on app visits per day like the unlock count of the phone,2026-08-12,0
com.mindefy.phoneaddiction.mobilepe,YourHour : Screen Time Control,tonni Snikdha,3,nice app,2026-08-11,0
com.mindefy.phoneaddiction.mobilepe,YourHour : Screen Time Control,Alex Dlugosz,1,"ad locked down my whole phone,",2026-08-07,0
com.mindefy.phoneaddiction.mobilepe,YourHour : Screen Time Control,BHANUPRATAP SHEKHAWAT,1,i dont want to give one star. but to draw your attention. this app used to record the time even if i uninstalled instagram but now it doesn't. it just act like digital well being. tho i have premium subscription still then what's the point of having it.,2026-08-07,1
com.mindefy.phoneaddiction.mobilepe,YourHour : Screen Time Control,Aman Verma,1,a waste app,2026-08-06,0
com.mindefy.phoneaddiction.mobilepe,YourHour : Screen Time Control,Obada Alathamneh,1,"Edit: It's even worse now. The app shows the price as 2JD put once I click buy, Google Play shows the amount is 2.35JD. Why???? ---- false discount for the pro version I thought about getting the pro version It was 5JD, and then I got a notification about a discount, and when I checked, they showed the old price is 6JD, and now its 20% 4.99, the same old price???? I had this app for a long time, b",2026-08-01,1
com.mindefy.phoneaddiction.mobilepe,YourHour : Screen Time Control,Aneesha Chaudhary,1,Bought this app long back and was using this for long time. Now I have forgotten the pin and they want us to pay another 360 to reset the password. You can ask for verification but see no reason to pay again. So shifting to other app. Just searched Stay free app with 10 mn download. You forced me to look for alternate.,2026-08-01,1
com.mindefy.phoneaddiction.mobilepe,YourHour : Screen Time Control,Monique Bell,5,*claps*,2026-07-26,3
com.mindefy.phoneaddiction.mobilepe,YourHour : Screen Time Control,Pranav Kankal,5,I brought premium version long time ago and now just changed the phone . I am not able to access my premium account. why is so . could you help me,2026-07-24,0
com.mindefy.phoneaddiction.mobilepe,YourHour : Screen Time Control,Mark Faine,2,"I'm not sure it's helpful. One thing I find very annoying is that it's not very smart. If I set my phone down with the screen on that counts. Even if I don't touch the screen for an hour it still counts that hour. If I briefly switch apps, even the briefest context change, it will increment the counter.",2026-07-23,0
com.mindefy.phoneaddiction.mobilepe,YourHour : Screen Time Control,LOve India,4,good app,2026-07-22,0
com.mindefy.phoneaddiction.mobilepe,YourHour : Screen Time Control,Sadaksh Mahindra,1,really disappointed with you guys even after paying i got flawed features like the lock on restricted apps doesn't work on my device. it can be bypassed I even shared the exact way how it can be bypassed with you guys on email and no reply since April. and you guys didn't even resolved it.,2026-07-19,0
com.mindefy.phoneaddiction.mobilepe,YourHour : Screen Time Control,Abhinav S,1,"i had rated this app at 5 star earlier. but only recently i have understood how flawed this app is. all metrics that is shown in this app is wrong. for example when the inbuilt digital wellbeing feature provided by my samsung phone shows 1hour of phone use, this app shows 2.5hours. also the time tracking for different app is also wrong. sometimes they show 2hours of usage in an app when in the rea",2026-07-17,0
com.mindefy.phoneaddiction.mobilepe,YourHour : Screen Time Control,Ramil Bansagon,5,it is very smooth app for reducing screen time.,2026-07-16,0
com.mindefy.phoneaddiction.mobilepe,YourHour : Screen Time Control,not valzzyyy,5,"New update is amazing, great changes",2026-07-14,0
com.mindefy.phoneaddiction.mobilepe,YourHour : Screen Time Control,K S,2,"I really really love some of the features on here that aren't on other screen time apps, like the challenges. But the ads really clog up the flow of the app. I'm also having a big issue with one of the settings. I accidentally locked the settings to adjust time limits of a specific app, and I can't figure out how to unlock it. The menu is greyed out with a message that says it will unlock at 12am.",2026-07-12,0
com.mindefy.phoneaddiction.mobilepe,YourHour : Screen Time Control,Abi Philip,1,"Disappointing update, core features missing ⭐ After the recent updates, this app has lost its core features. The separate view for whitelisted apps is completely gone. Additionally, the app is now incorrectly counting the usage time of whitelisted apps as well, which defeats their purpose. Please fix these issues and restore the previous functionality. I will gladly change my rating back to 5 star",2026-07-11,0
com.mindefy.phoneaddiction.mobilepe,YourHour : Screen Time Control,GURU SATYA DATTATREYA PANDEETI,1,"I've used this since 2019 and recently became a paid member. Great app, but a critical bug has ruined it. The 'quit' button during challenges fails, keeping the screen permanently locked. I have to completely uninstall the app from my settings just to use my phone, which is terrifying in an emergency. 1 star for visibility; will change to 5 when fixed!",2026-07-07,0
com.mindefy.phoneaddiction.mobilepe,YourHour : Screen Time Control,prachi rohit,4,"Overall, decent experience. Just that it also counts screen time for apps listed under productive apps list. I don't want that since apps like pdf readers etc are used to read books that is productive activity. Can anyone HELP?",2026-07-06,1
com.mindefy.phoneaddiction.mobilepe,YourHour : Screen Time Control,Maresh John Jeshu.A,4,I would rated this app 5 star because it's has better features without premium version. also the premium version is affordable so I purchased but still not access to premium version please solve that issue 😕,2026-07-05,0
com.mindefy.phoneaddiction.mobilepe,YourHour : Screen Time Control,Mohit Soni,2,Actually useful ! initially it is useful but after the ad it become awful that's why uninstalled it.,2026-07-03,0
com.mindefy.phoneaddiction.mobilepe,YourHour : Screen Time Control,Neeraj M,1,useless with to many ads,2026-06-29,0
com.mindefy.phoneaddiction.mobilepe,YourHour : Screen Time Control,Sirajudheen Nellur,1,The app is forcing me to give various permissions on the phone. I only want to limit Android TV usage for my kids. I do not want my own device to get affected by the limit. The request to developers is to keep it simple. Please give the option to user to decide if they want to limit Android phone or Android TV,2026-06-27,2
com.mindefy.phoneaddiction.mobilepe,YourHour : Screen Time Control,Alpha Nzioki,5,GUD app,2026-06-23,5
com.mindefy.phoneaddiction.mobilepe,YourHour : Screen Time Control,Melanie Petersen,1,Heavily drains battery!,2026-06-20,0
com.mindefy.phoneaddiction.mobilepe,YourHour : Screen Time Control,Debjani Roy,1,when I am trying to disable tracking of one app it is not happening,2026-06-07,0
com.mindefy.phoneaddiction.mobilepe,YourHour : Screen Time Control,Aakash,5,very good app just what I was expecting,2026-06-06,0
com.mindefy.phoneaddiction.mobilepe,YourHour : Screen Time Control,Ranveer Solanki,5,good,2026-06-04,0
com.mindefy.phoneaddiction.mobilepe,YourHour : Screen Time Control,Varalu T,1,it is very bad app,2026-06-01,0
com.mindefy.phoneaddiction.mobilepe,YourHour : Screen Time Control,Raghav Missra,5,floting timer feature is excellent.,2026-05-31,0
com.mindefy.phoneaddiction.mobilepe,YourHour : Screen Time Control,Deshraj Kumar,5,"this app asking for subscription without without having login credentials, if i pay for subscription and reinstall app my subscription will be gone",2026-05-28,0
com.mindefy.phoneaddiction.mobilepe,YourHour : Screen Time Control,Fatemeh Foladgar,3,"It was really great but after updating, showing time has problem",2026-05-28,8
com.mindefy.phoneaddiction.mobilepe,YourHour : Screen Time Control,Keren,3,"Good app but since the last update, the notification is at the top and I can't see my other notifications. I prefer when it was at the bottom",2026-05-27,1
com.mindefy.phoneaddiction.mobilepe,YourHour : Screen Time Control,Ultranet Fact,5,excellent changes,2026-05-27,0
com.mindefy.phoneaddiction.mobilepe,YourHour : Screen Time Control,Sk k K,5,यह ऐप बहुत ही महान है,2026-05-24,0
com.mindefy.phoneaddiction.mobilepe,YourHour : Screen Time Control,Scythe Bullet,4,"Hello! The updated features are very good. This app manage to reduce my screen time by 50 percent. Anyways, can you fix the overlay alert notification in landscape. You can't scroll or see the options when you reach the maximum usage, like the options are cut on the screen.",2026-05-20,5
com.mindefy.phoneaddiction.mobilepe,YourHour : Screen Time Control,Nilesh Kumar,1,"I'm a pro user of this app. I like all the stats it gives and all. The only thing lacking here is, no strict lock mode. I'll explain what will make this just one go to place for me: If there was a strict lock mode for the things I want. For example today I don't want to open the instagram app or instagram website till I hit my 5 hour study mark. So let's say I want to lock instagram till 8PM. So I",2026-05-17,1
com.mindefy.phoneaddiction.mobilepe,YourHour : Screen Time Control,Marcel Van der Vyver,2,all it does is push a whole bunch of ads on your notifications not just screen time tracking 😕,2026-05-10,0
com.mindefy.phoneaddiction.mobilepe,YourHour : Screen Time Control,Johana Rodriguez,5,I love it!!!,2026-05-07,0
com.mindefy.phoneaddiction.mobilepe,YourHour : Screen Time Control,L,1,"It stopped collecting data about 2 weeks ago, I used to love it. I've used it for years. I've tried reinstalling it, the permissions, etc ...",2026-05-03,0
com.mindefy.phoneaddiction.mobilepe,YourHour : Screen Time Control,Rareș Alex,5,"Useful app, a lot of tools. The only issue i found is that if u have the lock setting on without the autolock setting on, u cant block your app until the next day.",2026-04-27,2
com.mindefy.phoneaddiction.mobilepe,YourHour : Screen Time Control,Wndering Wnderer,5,"Been using it since 2018. It's still one of the best apps for phone addiction management and for understanding one's usage patterns. If you think you don't have time to upskill, this app will show you that you spend 2 hours on YouTube every day and you can use that to study and get a better job :)",2026-04-26,7
com.mindefy.phoneaddiction.mobilepe,YourHour : Screen Time Control,Ankit Singh,1,One of the worst apps out there on digital detox. I purchased a premium subscription and it stopped working. There is not a single feature in this app which works properly. Customer service is very poor. I emailed them several times about the issue without reply. I have downloaded other apps for my purposes which work better than without any subscription. I would suggest you to refrain from purcha,2026-04-20,5
com.mindefy.phoneaddiction.mobilepe,YourHour : Screen Time Control,soumodip karmakar,3,"This app should also contain delete app, time consumed",2026-04-19,0
com.mindefy.phoneaddiction.mobilepe,YourHour : Screen Time Control,Rachael D.,2,this app had been great for years but the ads are insufferable now it's every single time i go to look at a daily report a giant massive ad in my way and then more once I can finally skip that one. i understand it's hard to keep an app free without using ads but jeez this is atrocious,2026-04-18,2
com.mindefy.phoneaddiction.mobilepe,YourHour : Screen Time Control,Naresh Patel,3,everything is best but it gets deactivate at any time . so on that day use my distracted sources wher much it they should improve this,2026-04-15,0
com.mindefy.phoneaddiction.mobilepe,YourHour : Screen Time Control,SWARUPA DEY,4,Really helpful. it helped me to track my screentime and to reduce it.,2026-04-14,0
com.mindefy.phoneaddiction.mobilepe,YourHour : Screen Time Control,Liz Mathews,1,the scheduled fasts doesn't work anymore,2026-04-09,0
com.mindefy.phoneaddiction.mobilepe,YourHour : Screen Time Control,J. M.,1,Screen time counter doesn't work at all...paid for Pro mode for nothing,2026-04-06,1
com.mindefy.phoneaddiction.mobilepe,YourHour : Screen Time Control,Yu Cheng Chong,5,Amazing,2026-04-06,0
com.mindefy.phoneaddiction.mobilepe,YourHour : Screen Time Control,Samia Bushra,5,ma Sha Allah best app,2026-04-05,0
com.mindefy.phoneaddiction.mobilepe,YourHour : Screen Time Control,Abhishek Dubey,4,"Your app is very good. However, please add one more feature: allow users to set a timer alarm while using the phone within the app. When the user starts using the screen, the timer should run and ring an alarm at the pre-set time. This will help users stay aware of their screen time.",2026-04-04,1
com.mindefy.phoneaddiction.mobilepe,YourHour : Screen Time Control,arif zaman,5,very helpful.,2026-04-02,0
com.mindefy.phoneaddiction.mobilepe,YourHour : Screen Time Control,Hirunitha Wansekara,5,This app is very helpful that even the free pass is also very similar to the premium pass they offer. They give users so much free features.,2026-03-20,1
com.mindefy.phoneaddiction.mobilepe,YourHour : Screen Time Control,Hilton Roche,5,Nice app.,2026-03-19,0
com.mindefy.phoneaddiction.mobilepe,YourHour : Screen Time Control,Samantha Walker,4,"I mostly love this app & the amount of customisation is great. However, the unlock count is inaccurate - it's far too low & the app doesn't seem to register how many times you're actually unlocking your phone each day.",2026-03-15,0
com.mindefy.phoneaddiction.mobilepe,YourHour : Screen Time Control,Sameer Choubey,1,"Every time I need to check the time on my apps, I have to launch this app. This app used to work well before.It's not as good as it used to be. I'm using samsung f14 6,128",2026-03-15,2
com.mindefy.phoneaddiction.mobilepe,YourHour : Screen Time Control,Abhishek Singh,1,the quit button does not work when running no phone challenge.,2026-03-14,1
com.mindefy.phoneaddiction.mobilepe,YourHour : Screen Time Control,Sano Manjiro,5,it's a great app,2026-03-09,1
com.mindefy.phoneaddiction.mobilepe,YourHour : Screen Time Control,D479,5,Thank you very much for adding the auto lock feature.,2026-03-08,0
com.mindefy.phoneaddiction.mobilepe,YourHour : Screen Time Control,Ashok Asok,1,sometimes this app doesn't track the usage of some apps which is really annoying..,2026-03-07,2
com.mindefy.phoneaddiction.mobilepe,YourHour : Screen Time Control,alejandro suarez,3,"Me gusta mucho la aplicación, la he quitado de las restricciones de consumo de batería para que no se interrumpa el overlay y aumentado el umbral de ocultación para que nunca se cierre, sin embargo, hay ocasiones en donde entro a una app y no aparece el overlay, a pesar de tener la app abierta y demás, no sé si sea algún bug, tengo un poco f6 pro y android 16",2026-03-05,0
com.mindefy.phoneaddiction.mobilepe,YourHour : Screen Time Control,Nitin Kumar Yadav,1,Disgusting! I Purchased The premium Version Neither They Gave me Premium Version and Neither they refunded me.,2026-02-27,0
com.mindefy.phoneaddiction.mobilepe,YourHour : Screen Time Control,FIELDMEDIC,4,"The app works well, but the timelimit can be bypassed in low-power mode for android devices and, for example, If I have set (say) a two-hour limit for an app and the timer says 1:17:45 (for example), if I let that timer hit 2:00:00, the app stops with a warning card, but that can also be bypassed by quickly shutting and reopening the app from where we can swipe the apps up to remove them from back",2026-02-27,7
com.mindefy.phoneaddiction.mobilepe,YourHour : Screen Time Control,Ashish Vaidya,1,"App is good, but there's a bug in it. I have to open the app everyday in order to track the usage, which is annoying. pls fix this developers.",2026-02-26,2
com.mindefy.phoneaddiction.mobilepe,YourHour : Screen Time Control,LB,4,Love the app honestly. My only complaint is that it is not available on Apple's App Store.,2026-02-25,3
com.mindefy.phoneaddiction.mobilepe,YourHour : Screen Time Control,Faride,5,very useful app 💜,2026-02-25,0
com.mindefy.phoneaddiction.mobilepe,YourHour : Screen Time Control,Sum Uan,1,"the app locks me out of Facebook and X which were set each for a 30 min limit each, after just 4 or 5 min spent on either one. the app statistics confirm this - the limit is set to 30 min, and usage time registers as 4 min. I dont know how to fix this. tried restarting the phone, tried everything button-wise, i think",2026-02-25,2
com.mindefy.phoneaddiction.mobilepe,YourHour : Screen Time Control,Saniat Ahmed Sazid,4,"This app is undoubtedly better than the other screen-timer apps. As it has the features of unlock counts, specific app timer, addiction level and many more. But, I didn’t rate it 5 because, it can't make difference between monitoring apps and unmonitored apps. Though I have set monitoring for specific apps, it monitors and counts screen time for all the apps. I hope authority will fix this problem",2026-02-25,0
com.mindefy.phoneaddiction.mobilepe,YourHour : Screen Time Control,Wafda Imtinan,5,"just started usng it, no effects yet, but it looks pretty promising. so many free features, till the point that the pro version looks unwanted. its really good, and i can see how it can help with certain physiological issues. im hoping to see actual results regarding my productivity. the app lock also works well, i tried opening tiktok although i reached my daily limit, and it said the grandma wil",2026-02-23,6
com.mindefy.phoneaddiction.mobilepe,YourHour : Screen Time Control,Agni Senthil,4,After some recent updates it works fine. But still some issues are there. Most of the time it's not working in the background.I have disabled the battery optimisation also. but It gets automatically closed. It has no option to block or track the websites.,2026-02-22,0
com.mindefy.phoneaddiction.mobilepe,YourHour : Screen Time Control,Suleman Shaikh,5,I am Using Premium Version... Still I was not able to control my phone usage. I install minimalist launcher now both app working well. I request you must update with basic launcher settings in your app. Please Keep Improving And Keep Updating...,2026-02-15,1
com.mindefy.phoneaddiction.mobilepe,YourHour : Screen Time Control,Sudeeksha,5,"it's worth spending the money. it's features are really helpful in tracking your screen time and seeing the key areas for that are distracting you. i have reduced my screen time from 4-5 he per day to about 1-2 hrs and the change is really good. now I have a lot of time in hand to do things I have always missed out on and tbh my productivity is wayy better now..hope this helps, if you keep being c",2026-02-13,4
com.mindefy.phoneaddiction.mobilepe,YourHour : Screen Time Control,Alex,4,"Worked for a day and then stopped kicking me out of apps after the timer was up so pointless Updated: I reinstalled this app because the time tracking and analytics are honestly the best of any apps. even if you use another app to block, this one is the best if you want to get a handle on exactly when you're on your phone and what you're doing. being able to whitelist productive apps also means yo",2026-02-12,0
com.mindefy.phoneaddiction.mobilepe,YourHour : Screen Time Control,Abhishek Dubey,5,great app to monitor the screen time as well as providers screen lock for thefor the children's,2026-02-12,10
com.mindefy.phoneaddiction.mobilepe,YourHour : Screen Time Control,andrew palmer,3,"I've had this app for a long time with very little positive movement. it turns out I have to put in effort. I'm trying very hard to use the app and reduce my phone usage, but it's very difficult. I didn't realize it was such a strong addiction. this app is helping, I think. one problem is that it seems to be a few steps behind me when I absent mindedly open my phone and start messing around, durin",2026-02-08,0
com.mindefy.phoneaddiction.mobilepe,YourHour : Screen Time Control,Aman Pandey,5,I am a pro user for more than 3 years now.,2026-02-07,0
com.mindefy.phoneaddiction.mobilepe,YourHour : Screen Time Control,Leave it,5,literally the best!!!!!!!!💛💛💛💛,2026-02-05,0
com.mindefy.phoneaddiction.mobilepe,YourHour : Screen Time Control,o lemonqueen o,5,"Beautiful beautiful update YourHour team, thank you! I never blocked YouTube because I have practical uses at times and now I'm forced to think about it for a second. I had another app that had this function but wanted to charge for multiple apps. Now I continue to stick with you guys, thanks :)",2026-02-04,0
com.mindefy.phoneaddiction.mobilepe,YourHour : Screen Time Control,Kiran Kiran,5,It is one of the best applications for tracking time you on your phone and apps and unlock counts. I love the floating clock feature of this application.❤️❤️❤️🙌🏻🙌🏻🙌🏻🥳🥳🥳,2026-02-03,0
com.mindefy.phoneaddiction.mobilepe,YourHour : Screen Time Control,Mohamed Maher,1,"I'm regretful that I paid for the premium version of this App! the idea of the App is super I like it so much. But, a lot of bugs! the unlock count number is not accurate at all, it counts two or three, after 50 unlocks. the no phone challenge started by it self! I did it once, and the next day it run by itself and I couldn't quite! it changed the monitoring settings for the allowed list apps by i",2026-02-03,1
com.mindefy.phoneaddiction.mobilepe,YourHour : Screen Time Control,Rana ahmadi,5,Masterpiece ✨🤝🏻👌🏻,2026-02-02,0
com.mindefy.phoneaddiction.mobilepe,YourHour : Screen Time Control,Rozmehr,5,great 👍😃,2026-02-01,0
com.mindefy.phoneaddiction.mobilepe,YourHour : Screen Time Control,Govind Kumawat,1,there should be way to select multiple app in app block schedule,2026-01-31,0
com.mindefy.phoneaddiction.mobilepe,YourHour : Screen Time Control,Devender Singh,5,Great features and have different options if you are a premium member.,2026-01-28,0
com.mindefy.phoneaddiction.mobilepe,YourHour : Screen Time Control,Radha shlok,1,now it's 1:08 and it's showing I used 1:19 minutes.. how can I use 8 minutes more than time.. I started after 12:30 I have seen time when I started.. 1 day it's showing I used 1668 minutes how can I use 1668.. as per day we only get 1440 minutes.. how can I get 1668 .. this app is not working properly like earlier ..,2026-01-26,0
com.mindefy.phoneaddiction.mobilepe,YourHour : Screen Time Control,Jessica Mafane,1,this app lies about the amount of time you spend on the screen,2026-01-26,1
com.mindefy.phoneaddiction.mobilepe,YourHour : Screen Time Control,Mustafa Joha glass,5,"very nice app for people tryin to control screen time and see how much they can control themselves.also easy to use , go with the flow kind of app",2026-01-25,0
com.mindefy.phoneaddiction.mobilepe,YourHour : Screen Time Control,Tanvir Alam Nabil,5,very important app ❤️,2026-01-25,0
com.mindefy.phoneaddiction.mobilepe,YourHour : Screen Time Control,Akash Mourya,4,"best app, helps me a lot in monitoring my time. it also reminds me not to use much of any application. it has user friendly interface and tools. A lot of love for the app,using for last few years",2026-01-21,0
com.mindgarden.seed,Seed: Gamify No Nut Quit Porn,hardeep singh,5,good,2026-08-24,0
com.mindgarden.seed,Seed: Gamify No Nut Quit Porn,Abdulhamid Isah,5,superb,2026-08-24,0
com.mindgarden.seed,Seed: Gamify No Nut Quit Porn,Aaron Christopher,5,"just join, I pray I find help",2026-08-24,0
com.mindgarden.seed,Seed: Gamify No Nut Quit Porn,Leo Nash,5,I hope that they could really help me,2026-08-24,0
com.mindgarden.seed,Seed: Gamify No Nut Quit Porn,Pasindu Jayasinghe,5,good,2026-08-24,0
com.mindgarden.seed,Seed: Gamify No Nut Quit Porn,AKO DANIEL TAKOH,3,Good for helping my young guys quit this habit,2026-08-24,0
com.mindgarden.seed,Seed: Gamify No Nut Quit Porn,Mohsin khan Khan,5,Amazing App for accountiblity,2026-08-24,0
com.mindgarden.seed,Seed: Gamify No Nut Quit Porn,prajwal meshram,5,I like this aap it's for good,2026-08-24,0
com.mindgarden.seed,Seed: Gamify No Nut Quit Porn,Chika Maxwell,5,it's helpful,2026-08-24,0
com.mindgarden.seed,Seed: Gamify No Nut Quit Porn,Prince Mike,4,good,2026-08-24,0
com.mindgarden.seed,Seed: Gamify No Nut Quit Porn,Precious Okey,4,I love the app 😄,2026-08-23,0
com.mindgarden.seed,Seed: Gamify No Nut Quit Porn,Sire Lincoln,4,i really love this up. it's really helpful.,2026-08-23,0
com.mindgarden.seed,Seed: Gamify No Nut Quit Porn,Abdul Rahman Abubakar,3,so far so good,2026-08-23,0
com.mindgarden.seed,Seed: Gamify No Nut Quit Porn,Osborn Goliat,5,very helpful,2026-08-23,0
com.mindgarden.seed,Seed: Gamify No Nut Quit Porn,Jackson Frazier,4,great for personal health,2026-08-23,0
com.mindgarden.seed,Seed: Gamify No Nut Quit Porn,Kwesi Simon Tettey,5,good,2026-08-23,0
com.mindgarden.seed,Seed: Gamify No Nut Quit Porn,Nikshit Sharma,5,premium ui experience of this amazing app,2026-08-23,0
com.mindgarden.seed,Seed: Gamify No Nut Quit Porn,Haseeb Ahmed 097,4,good,2026-08-23,0
com.mindgarden.seed,Seed: Gamify No Nut Quit Porn,Terama Junior,5,its good,2026-08-23,0
com.mindgarden.seed,Seed: Gamify No Nut Quit Porn,Levitikus Dior,4,still learning the app,2026-08-23,0
com.mindgarden.seed,Seed: Gamify No Nut Quit Porn,Odongo Reagan,5,It's perfect.,2026-08-23,0
com.mindgarden.seed,Seed: Gamify No Nut Quit Porn,zacharia lusenaka,3,ease of use,2026-08-23,0
com.mindgarden.seed,Seed: Gamify No Nut Quit Porn,Kelvin Muhoro,5,Good,2026-08-23,0
com.mindgarden.seed,Seed: Gamify No Nut Quit Porn,BOGA BHUVAN KUMAR,5,ok,2026-08-23,0
com.mindgarden.seed,Seed: Gamify No Nut Quit Porn,Sabbir Hasan Sani,4,Good to see this app.,2026-08-23,0
com.mindgarden.seed,Seed: Gamify No Nut Quit Porn,Kushalsai.kolisetty,5,good,2026-08-23,0
com.mindgarden.seed,Seed: Gamify No Nut Quit Porn,careless,1,"false ads, not reliable, the test they give at first is not even remotely accurate",2026-08-23,0
com.mindgarden.seed,Seed: Gamify No Nut Quit Porn,Sukumar MANDAL,5,let's see,2026-08-23,0
com.mindgarden.seed,Seed: Gamify No Nut Quit Porn,Muanthangi Pachuau,5,recommended,2026-08-23,0
com.mindgarden.seed,Seed: Gamify No Nut Quit Porn,My Gama,5,nice 👍 app,2026-08-23,0
com.mindgarden.seed,Seed: Gamify No Nut Quit Porn,Brahim Brahim,5,its sutch nice app,2026-08-23,0
com.mindgarden.seed,Seed: Gamify No Nut Quit Porn,MUHAMMAD OLIVER DANISH ALI,5,i hpe it work,2026-08-23,0
com.mindgarden.seed,Seed: Gamify No Nut Quit Porn,Senthilkumar M,4,good,2026-08-23,0
com.mindgarden.seed,Seed: Gamify No Nut Quit Porn,chinedu charles,5,good app that helps,2026-08-23,0
com.mindgarden.seed,Seed: Gamify No Nut Quit Porn,Satyam Dubey,5,not bad,2026-08-23,0
com.mindgarden.seed,Seed: Gamify No Nut Quit Porn,Hakeem Temiogbe,4,good,2026-08-23,0
com.mindgarden.seed,Seed: Gamify No Nut Quit Porn,SHUBH RANPARA,3,A very nice and gamified way to stay focused in your life. But it's paid,2026-08-23,0
com.mindgarden.seed,Seed: Gamify No Nut Quit Porn,Nas Ot,4,great,2026-08-23,0
com.mindgarden.seed,Seed: Gamify No Nut Quit Porn,Ashwin . S,3,just trying it out now. ive had a great start.,2026-08-23,0
com.mindgarden.seed,Seed: Gamify No Nut Quit Porn,Jatin kumar,5,best app,2026-08-23,0
com.mindgarden.seed,Seed: Gamify No Nut Quit Porn,Eshwar Poojari,4,very good,2026-08-23,0
com.mindgarden.seed,Seed: Gamify No Nut Quit Porn,Gaurav Kumar Jaiswal,5,really helped a lot,2026-08-23,0
com.mindgarden.seed,Seed: Gamify No Nut Quit Porn,samuel seyilnen,5,👍🏿🆗,2026-08-23,0
com.mindgarden.seed,Seed: Gamify No Nut Quit Porn,Pezavi Rio,5,giod,2026-08-23,0
com.mindgarden.seed,Seed: Gamify No Nut Quit Porn,Bashiru abdulwahab,5,excellent,2026-08-22,0
com.mindgarden.seed,Seed: Gamify No Nut Quit Porn,Angelo David,5,This app is good for you.,2026-08-22,0
com.mindgarden.seed,Seed: Gamify No Nut Quit Porn,Malik Tasawer,4,good,2026-08-22,0
com.mindgarden.seed,Seed: Gamify No Nut Quit Porn,Buddy Parks,5,pretty easy,2026-08-22,0
com.mindgarden.seed,Seed: Gamify No Nut Quit Porn,Pc Gamer,5,good,2026-08-22,0
com.mindgarden.seed,Seed: Gamify No Nut Quit Porn,Yung Sammy,4,good idea,2026-08-22,0
com.mindgarden.seed,Seed: Gamify No Nut Quit Porn,Joshua Miti,5,looks good,2026-08-22,0
com.mindgarden.seed,Seed: Gamify No Nut Quit Porn,Sudarshan B,4,trying at best,2026-08-22,0
com.mindgarden.seed,Seed: Gamify No Nut Quit Porn,Wisdom Igwe,4,"I'm enjoying the app so far, it's gave a defined beginning to starting my new life and quitting bad habits",2026-08-22,0
com.mindgarden.seed,Seed: Gamify No Nut Quit Porn,davidson kipkorir cheruiyot,4,goood one,2026-08-22,0
com.mindgarden.seed,Seed: Gamify No Nut Quit Porn,Abhinav Praveen,5,good,2026-08-22,0
com.mindgarden.seed,Seed: Gamify No Nut Quit Porn,Levi Charles,3,I wanna try it out first before leaving a rate,2026-08-22,0
com.mindgarden.seed,Seed: Gamify No Nut Quit Porn,Shivam Bhatt,5,nice f9r my health,2026-08-22,0
com.mindgarden.seed,Seed: Gamify No Nut Quit Porn,Muhammad Hussein,5,10/10 app,2026-08-22,0
com.mindgarden.seed,Seed: Gamify No Nut Quit Porn,احـمـد,5,Great app,2026-08-22,0
com.mindgarden.seed,Seed: Gamify No Nut Quit Porn,Ab Abdulla,1,It’s not free,2026-08-22,0
com.mindgarden.seed,Seed: Gamify No Nut Quit Porn,Mozespeter Choji,5,it's quite a great experience...,2026-08-22,0
com.mindgarden.seed,Seed: Gamify No Nut Quit Porn,King Jbm,5,a great app,2026-08-22,0
com.mindgarden.seed,Seed: Gamify No Nut Quit Porn,Melfin Manoj,5,improve my stability and weakness,2026-08-22,0
com.mindgarden.seed,Seed: Gamify No Nut Quit Porn,Fathan Keandre,5,"Nice app, helpful for people who is stuck",2026-08-22,0
com.mindgarden.seed,Seed: Gamify No Nut Quit Porn,Nwosu Chinemerem precious,3,just starting ok I will complete it if it useful,2026-08-22,0
com.mindgarden.seed,Seed: Gamify No Nut Quit Porn,Collin Creech,5,good,2026-08-22,0
com.mindgarden.seed,Seed: Gamify No Nut Quit Porn,Selina sitawa,5,best,2026-08-22,0
com.mindgarden.seed,Seed: Gamify No Nut Quit Porn,Dinz Ray,1,Good,2026-08-22,0
com.mindgarden.seed,Seed: Gamify No Nut Quit Porn,Lamecious Musonda,5,good,2026-08-22,0
com.mindgarden.seed,Seed: Gamify No Nut Quit Porn,Sky,4,this is good,2026-08-22,0
com.mindgarden.seed,Seed: Gamify No Nut Quit Porn,Perfect Builder,5,great app,2026-08-22,0
com.mindgarden.seed,Seed: Gamify No Nut Quit Porn,Suraj Barman,5,nis app,2026-08-22,0
com.mindgarden.seed,Seed: Gamify No Nut Quit Porn,DAVOOD,5,i think this app help me,2026-08-22,0
com.mindgarden.seed,Seed: Gamify No Nut Quit Porn,Langton L Mude,3,"not yet experienced anything yet using the application, I have jus installed and registered",2026-08-22,0
com.mindgarden.seed,Seed: Gamify No Nut Quit Porn,Hamza Elgiraoui,5,best app ever,2026-08-22,0
com.mindgarden.seed,Seed: Gamify No Nut Quit Porn,Max Fox,4,Good,2026-08-22,0
com.mindgarden.seed,Seed: Gamify No Nut Quit Porn,Ganiu Jamiu,5,Good app,2026-08-21,0
com.mindgarden.seed,Seed: Gamify No Nut Quit Porn,Blesson Vj,4,nice interface,2026-08-21,0
com.mindgarden.seed,Seed: Gamify No Nut Quit Porn,Roland Adja,5,Good,2026-08-21,0
com.mindgarden.seed,Seed: Gamify No Nut Quit Porn,Ieat Ahh,5,good.,2026-08-21,0
com.mindgarden.seed,Seed: Gamify No Nut Quit Porn,Priyanshu Rajput,5,ok,2026-08-21,0
com.mindgarden.seed,Seed: Gamify No Nut Quit Porn,MADHURJYA DAS,5,Great,2026-08-21,0
com.mindgarden.seed,Seed: Gamify No Nut Quit Porn,Emmanuel Asatola,4,nothing much yet but it's looking like it would be of great help,2026-08-21,0
com.mindgarden.seed,Seed: Gamify No Nut Quit Porn,Arnav Gangwar,2,I am going to try if it works i will get to know,2026-08-21,0
com.mindgarden.seed,Seed: Gamify No Nut Quit Porn,Unwanted Mc,3,"I'm too young to pay all that, and the addiction is secret so I can't tell anyone about it, I can't get help on this app and I know I'm not the only Young person who wants to stop the addiction but can't afford that since we don't have a job as a teens. I wish the app could have an option that can still help you but you can pay for more options if you want. for example like Spotify App.",2026-08-21,0
com.mindgarden.seed,Seed: Gamify No Nut Quit Porn,vijay singh,5,great,2026-08-21,0
com.mindgarden.seed,Seed: Gamify No Nut Quit Porn,Gurpreet Singh,5,the experience is so good,2026-08-21,0
com.mindgarden.seed,Seed: Gamify No Nut Quit Porn,ze Medic,5,it's gonna help a lot,2026-08-21,0
com.mindgarden.seed,Seed: Gamify No Nut Quit Porn,Arian Kafy,1,worst because its not free,2026-08-21,0
com.mindgarden.seed,Seed: Gamify No Nut Quit Porn,Michael Lubangakene,5,"great, the solution I've needed",2026-08-21,0
com.mindgarden.seed,Seed: Gamify No Nut Quit Porn,Omeje Emmanuel,3,motivational,2026-08-21,0
com.mindgarden.seed,Seed: Gamify No Nut Quit Porn,Shimuraxkenshin,1,It's a 1 star because the amount it charges is absolutely instane. How do I know this works why isnt there a free version. It's like you guys just wanted money and nothing else I dont go on others people's ratings. Including a free version would've been amazing for people to see if it works for them and is fit for them not just completely asking for money like what.,2026-08-21,0
com.mindgarden.seed,Seed: Gamify No Nut Quit Porn,Samad Khan,1,I m disappoint he shows me good quiz after he shows a premium,2026-08-21,0
com.mindgarden.seed,Seed: Gamify No Nut Quit Porn,BINDU HARIHARAN,4,goood,2026-08-21,0
com.mindgarden.seed,Seed: Gamify No Nut Quit Porn,Binay Limboo,4,good experience,2026-08-21,0
com.mindgarden.seed,Seed: Gamify No Nut Quit Porn,Thapelo Achita,1,it's not free and it's not helpful at all they just want ur money . So find another alternative and good luck my friend,2026-08-20,0
com.mindgarden.seed,Seed: Gamify No Nut Quit Porn,Patrick Martin,4,Great,2026-08-20,0
com.mindgarden.seed,Seed: Gamify No Nut Quit Porn,Andrej Coric,5,reliable 👍,2026-08-20,0
com.mindgarden.seed,Seed: Gamify No Nut Quit Porn,Aura boy,5,good,2026-08-20,0
com.mindgarden.seed,Seed: Gamify No Nut Quit Porn,Delano Gamaliel,5,my first time trying it and the best,2026-08-19,0
com.actiondash.playstore,ActionDash: Screen Time Helper,Arash Khajeh,1,basest app I ever see,2026-08-17,0
com.actiondash.playstore,ActionDash: Screen Time Helper,S Kshitiz,3,Usage Page setting button crashing the app,2026-08-16,3
com.actiondash.playstore,ActionDash: Screen Time Helper,Avishkar Srivastava,1,worst app plzz don't use plzz don't use ....it's warning ⚠️⚠️⚠️ ⚠️🚨🚨🚨🚨🚨🚨⚠️⚠️⚠️🚨⚠️🚨⚠️⚠️🚨⚠️⚠️🚨⚠️⚠️,2026-08-14,0
com.actiondash.playstore,ActionDash: Screen Time Helper,Jeremy Kalombo,5,I wish there were stricter options but it's good,2026-08-12,0
com.actiondash.playstore,ActionDash: Screen Time Helper,thr El Batoul,3,i haven't even opened Instagram today and its telling me that I've been on it for more than two hours?,2026-08-07,0
com.actiondash.playstore,ActionDash: Screen Time Helper,Faruke Azam,4,"All ok. but, There is no uninstall block or delay. I want this feature, and I want it for free.",2026-08-05,1
com.actiondash.playstore,ActionDash: Screen Time Helper,Rakesh Jha,2,"Hi ActionDash Team, The latest update removed one of the most useful features of the app. I really miss the detailed app usage history that showed exactly what time an app was opened, how long it was used, and the complete timeline of usage. Please bring this feature back in a future update. It was the main reason I used ActionDash and it was extremely helpful for tracking my screen time accuratel",2026-08-03,2
com.actiondash.playstore,ActionDash: Screen Time Helper,David Naylor,1,"It's annoying that the daily minimum usage limit is 5 mins and not 0 mins. I know there is focus mode for blocking apps, but those of us with ADHD prefer to have just one place to do all the adjusting each day for hour many minutes we allow ourselves for each app. Sometimes it's 30 mins sometimes it's 0 mins. But 5 mins is dangerous cos then we're in the cycle again once we're look at the app at a",2026-07-26,1
com.actiondash.playstore,ActionDash: Screen Time Helper,Karwan Jalali,1,are you serious? you want to access my email messages????,2026-07-25,0
com.actiondash.playstore,ActionDash: Screen Time Helper,Salma Amr,4,"Great app. Really. Just one missing feature that would take it to another level. Can y'all add a feature where we can block specific things INSIDE the app and not the whole app? like for example, I could use YouTube but shorts would be blocked, or I can use Instagram but reels would be blocked. Other than that, no changes needed. Amazing app.",2026-07-25,7
com.actiondash.playstore,ActionDash: Screen Time Helper,Imtaiz ahmad Ch muhammad saleem,1,OK LET'S SEE,2026-07-20,0
com.actiondash.playstore,ActionDash: Screen Time Helper,Cedrik Llamado,1,It Can Control My Account Google Protect Me,2026-07-18,0
com.actiondash.playstore,ActionDash: Screen Time Helper,Rameez Malik,2,It's a decent app. I switched from a Samsung to a Oneplus and with it from the Samsung Digital Wellbeing app to the standard Google Digital Wellbeing app. I downloaded this as I needed much more functionality from my wellbeing app like the Samsung one gave me. I'd have given this 5 stars but there's a glaring issue which defeats the whole objective of the app. The focus mode does not block notific,2026-07-13,1
com.actiondash.playstore,ActionDash: Screen Time Helper,Cameron Coppoletta,1,Stopped working. Toggles on / off still not working,2026-07-11,3
com.actiondash.playstore,ActionDash: Screen Time Helper,Palak Bhadouriya,1,good one,2026-07-10,0
com.actiondash.playstore,ActionDash: Screen Time Helper,Goutam,4,The app feels a tad slow recently. it takes quite some time to load all the metrics when I opened the app.,2026-07-07,0
com.actiondash.playstore,ActionDash: Screen Time Helper,Ali,5,i have seen other app blocker but they all were a waste of time some were asking for premium memberships and all but this one is made by google and especially for people with older android version and need zero money and easy to use and you can allow permissions to it bcs it is made by google,2026-07-05,9
com.actiondash.playstore,ActionDash: Screen Time Helper,Hosein Hassanzadeh,1,not good,2026-07-02,0
com.actiondash.playstore,ActionDash: Screen Time Helper,LIGHT and PEACE,5,tight app. strict for my gaming behavior.,2026-06-22,0
com.actiondash.playstore,ActionDash: Screen Time Helper,avinash varma pulakala,5,it's very useful to see insights about phone usage.,2026-06-22,0
com.actiondash.playstore,ActionDash: Screen Time Helper,Keel Dude,3,I've been experiencing intermittent memory Leakes where the RAM usage balloons to 4GB. Google Pixel 6A. otherwise the app is pretty good.,2026-06-18,2
com.actiondash.playstore,ActionDash: Screen Time Helper,Op Dj,4,"This is actually a very detailed Screen Time tracking app. However, a few days ago, the widget suddenly stopped sorting apps by screen-on time from highest to lowest. It used to work correctly, but now the order is incorrect. Other than this issue, the app is excellent.",2026-06-18,5
com.actiondash.playstore,ActionDash: Screen Time Helper,Asad Akhtar,3,Time calculation problems ever since last update when you change start of day time.,2026-06-17,1
com.actiondash.playstore,ActionDash: Screen Time Helper,Sonia Tasnim Putul,5,ok,2026-06-13,0
com.actiondash.playstore,ActionDash: Screen Time Helper,Sahil Shaikh,3,Basically I've reached top level just my keeping it installed on my phone and for over a year now I don't even know where the global comparison section even exists,2026-06-06,0
com.actiondash.playstore,ActionDash: Screen Time Helper,choaeb ma,5,good 👍🏻😊,2026-06-06,0
com.actiondash.playstore,ActionDash: Screen Time Helper,Mohammod Tajdid,1,this is very bad.app,2026-06-02,0
com.actiondash.playstore,ActionDash: Screen Time Helper,Reda Purwakanda,5,Sangat membantu tracking screen time.,2026-06-01,1
com.actiondash.playstore,ActionDash: Screen Time Helper,Chirath Chathushmika,4,this app is the best,2026-06-01,1
com.actiondash.playstore,ActionDash: Screen Time Helper,Natty Boy,5,amazing app,2026-05-31,0
com.actiondash.playstore,ActionDash: Screen Time Helper,Mamun Khan,5,Super app,2026-05-26,0
com.actiondash.playstore,ActionDash: Screen Time Helper,Mostafa Fathy,1,v baaad,2026-05-22,0
com.actiondash.playstore,ActionDash: Screen Time Helper,Usama Iqbal,2,"When the dark theme of mobile is on, the graph bars become black from light blue, this is very disgusting. Make sure until I don't change appearance within the app its color scheme is not affected by the dark theme of the mobile's OS I'm using Redmi Note 13 with MIUI 14",2026-05-16,1
com.actiondash.playstore,ActionDash: Screen Time Helper,Muneeb Muzammil,3,this app lagg my phone,2026-05-13,0
com.actiondash.playstore,ActionDash: Screen Time Helper,Alyan Ahmad,1,bad app,2026-05-11,0
com.actiondash.playstore,ActionDash: Screen Time Helper,Md Mahamodur Rahman Rifat,5,Great app.,2026-05-11,0
com.actiondash.playstore,ActionDash: Screen Time Helper,Rob Bl,5,"No interest in focus mode & app limits, but this app has 3 killer features: Setting your own “midnight” (my days don't end at 00:00), including/excluding apps (w/ blanket options for system apps, launchers, diagnostics, & uninstalled), and the option to LIST excluded apps even when not included in stats & graphs. Great UI/UX (although some graphs are confusing). One shortcoming: No % bars in usage",2026-05-08,22
com.actiondash.playstore,ActionDash: Screen Time Helper,Diya Irshad,5,incredible 😍,2026-04-25,0
com.actiondash.playstore,ActionDash: Screen Time Helper,The North Willow,1,This app has so many times it just shuts down and i am unable to see my screentime breakdown. It is unbelievably annoying and makes the whole user experience terrible,2026-04-25,8
com.actiondash.playstore,ActionDash: Screen Time Helper,Prem Aher,1,lagging a lot .....not recommended,2026-04-24,0
com.actiondash.playstore,ActionDash: Screen Time Helper,Pattmike Arboleda,5,We loved it,2026-04-24,0
com.actiondash.playstore,ActionDash: Screen Time Helper,Helen Jones,3,Not bad,2026-04-19,0
com.actiondash.playstore,ActionDash: Screen Time Helper,Soron Khan,3,this wont work well as per direction...I installed the app and give all permission but it didn’t work time waste,2026-04-18,0
com.actiondash.playstore,ActionDash: Screen Time Helper,Farida Deif,1,very bad and it gave me a virus in my phone,2026-04-16,0
com.actiondash.playstore,ActionDash: Screen Time Helper,ROBERT NEXEN,4,I love this app bcz of it's display and also it gives u tasks to complete,2026-04-16,0
com.actiondash.playstore,ActionDash: Screen Time Helper,Awais Aslam,1,It just keep giving you notification that this app is about to be blocked by action dash but never blocks it lol.,2026-04-14,0
com.actiondash.playstore,ActionDash: Screen Time Helper,FastTurtle015,5,Best app for screentime stats!,2026-04-13,0
com.actiondash.playstore,ActionDash: Screen Time Helper,OmiTae,5,"everything is fine but I wish there was an option to set a specific time for an app. suppose,I choose 6pm for mssngr. Then I would be able to use mssngr at 6pm,not before. and keep using it until the limit I've set,like 15 mins. Could u do that? i find myslf going back to mssngr and wp tons of time. plzz would u add a feature like I said?",2026-04-11,23
com.actiondash.playstore,ActionDash: Screen Time Helper,Kevin,1,Freezes after a few clicks in the app. I'm using an galaxy phone.,2026-04-10,7
com.actiondash.playstore,ActionDash: Screen Time Helper,Kobe,4,"I’m really sorry that I can’t give this the 5 stars. Everything is great, the UI is neat and it works well, but I don’t see an option to group apps on “Usage Limit”? I’m not sure if I’m just not looking for it hard enough lol but I feel like it’s a very important feature that an app like this should have.",2026-04-07,8
com.actiondash.playstore,ActionDash: Screen Time Helper,Sanit Nishad,5,it is best app in Play Store action – and minutes fit reading typing apps and other reading apps minutes set no Instagram Facebook only reading best app thank u📚📚📚,2026-04-05,2
com.actiondash.playstore,ActionDash: Screen Time Helper,Badge17,5,this is amazing app 😍 Because the screen is hold on this app it is performed well and better to other app suggestion😅😅😅😅😅😅😅😅😅😅😅😅,2026-03-30,0
com.actiondash.playstore,ActionDash: Screen Time Helper,Vishal Ghoshi,5,very good,2026-03-27,0
com.actiondash.playstore,ActionDash: Screen Time Helper,Ganna Eldesokey,4,"great app , but it does bug sometimes would be cool if you fix it! appreciate it",2026-03-26,1
com.actiondash.playstore,ActionDash: Screen Time Helper,Amanda Stammford,5,lovely,2026-03-24,0
com.actiondash.playstore,ActionDash: Screen Time Helper,Lumpia Lifeafter,5,"Well done, the features are easy to use and navigate. I had no problems so far. Its definitely my go-to app for time management. Keep it up and hope you won't change ActionDash!!",2026-03-20,12
com.actiondash.playstore,ActionDash: Screen Time Helper,Charuka Ashen,5,verrygood.♥️,2026-03-16,0
com.actiondash.playstore,ActionDash: Screen Time Helper,Jay Johnson,1,pos won't leave my screen,2026-03-14,0
com.actiondash.playstore,ActionDash: Screen Time Helper,Kumara guru rajan Elamaran,4,"This app is very useful for me, I request you to add some more features to it, add a feature to control the time used while using an app with one click",2026-03-12,4
com.actiondash.playstore,ActionDash: Screen Time Helper,Mujahid khan,1,digital wellbeing,2026-03-09,0
com.actiondash.playstore,ActionDash: Screen Time Helper,Chiraz Hamouda,5,"Wow, absolutely amazing! 🤩🤩🤩",2026-03-05,0
com.actiondash.playstore,ActionDash: Screen Time Helper,Ara Nald,1,this app gave me a life long trauma as my parents used it to always keep me in check.site showing feature especially made my life unbearable as they discovered you know.just barely survived that hell i used to call home 🙂,2026-03-02,2
com.actiondash.playstore,ActionDash: Screen Time Helper,Farzana Ahmed,1,lagging,2026-03-02,1
com.actiondash.playstore,ActionDash: Screen Time Helper,Jacque,3,"This tracker is OK for the most part, but I ended up deleting it because it stalls and freezes way too often. If they could fix that I would've kept it.",2026-02-15,2
com.actiondash.playstore,ActionDash: Screen Time Helper,Zaw Myo Tun,1,"Count Gemini Usage as Google, confused.",2026-02-13,1
com.actiondash.playstore,ActionDash: Screen Time Helper,Wafi Aslamardika Asfara,5,please Add more widget size like 2x2 and also matetial you theme widget to match my other widget apps,2026-02-03,0
com.actiondash.playstore,ActionDash: Screen Time Helper,CanYu Tsai,1,"The ui is stupid, seeing circle, fire the person came out this idea please",2026-02-02,0
com.actiondash.playstore,ActionDash: Screen Time Helper,Elite Nari,5,Great app! helped me reduce my screen time and actually lowkey works better than app lockers... such an execuite breakdown analysis of data! I am just shocked and happy... Cheers to.the developers and team!!❤❤❤❤❤❤❤❤Loved it!!!,2026-02-02,6
com.actiondash.playstore,ActionDash: Screen Time Helper,Shwet Kumar,1,"worst app , it seems blank , no option for group",2026-01-28,2
com.actiondash.playstore,ActionDash: Screen Time Helper,Michelle,4,"A very amazing app that has a wide vairety of graphs and data on screen usage,notifications and much more which i totally love,it gives soo much deatail which i really.Ive beeen using it for 5 years now which is prettyy amazing,i dont regret my choice of picking this specific app to track my phone usage.However,when i got a nee phone i was upset how i lost some of my data and there wasntt a way to",2026-01-24,13
com.actiondash.playstore,ActionDash: Screen Time Helper,Fakhrulfaisal01_ 01,5,good app,2026-01-19,0
com.actiondash.playstore,ActionDash: Screen Time Helper,jay sarangkar,5,"Presents details without complicating the data. Simple, Efficient ,Good",2026-01-17,0
com.actiondash.playstore,ActionDash: Screen Time Helper,bfk2027,1,"It does not count screen time accurately at all... it's not even consistent. 2 1/2 hours marked as 15 min, 4 hours marked as 2 hours, 1 1/2 hours marked as 2 min, TWO HOURS MARKED AS SEVENTEEN HOURS... etc. I cannot think of a reason for this. All necessary permissions are on.",2026-01-17,10
com.actiondash.playstore,ActionDash: Screen Time Helper,Sammy Akharaz,1,this used to be a good app. i just noticed that it stopped working for a while now. (notifications are very rare except for occasional one that i reached a high level) i tried to open it today and look at my statistics but pressing anything just makes it hang and freeze up,2026-01-15,9
com.actiondash.playstore,ActionDash: Screen Time Helper,Welcome India,4,Overall good app but give more sizes in terms of home screen widget,2026-01-10,0
com.actiondash.playstore,ActionDash: Screen Time Helper,Shantanu Slok,4,good,2026-01-09,0
com.actiondash.playstore,ActionDash: Screen Time Helper,23 j,4,no timeline,2026-01-07,0
com.actiondash.playstore,ActionDash: Screen Time Helper,harsh kamble,3,Great application but after using this app in older phones for some time it only shows white screen,2026-01-06,1
com.actiondash.playstore,ActionDash: Screen Time Helper,Ahmet Emir Erdinc,5,4 Ocak 2026 Saat 18:28 tarihinde indirdiğim bu uygulama bilgilerimden herhangi bi tanesini yayarsa bunun sorumlusu ActionDash yetkilileri ve Google Play Store yetkilileridir.,2026-01-04,0
com.actiondash.playstore,ActionDash: Screen Time Helper,Ксения,4,This app is the best!! Can you please add something like PIN lock for apps?,2026-01-04,2
com.actiondash.playstore,ActionDash: Screen Time Helper,james,4,"it works well for its intended purpose. it isn't exceptional, but it is as expected",2025-12-27,0
com.actiondash.playstore,ActionDash: Screen Time Helper,Deepak Takkar,5,👍,2025-12-17,0
com.actiondash.playstore,ActionDash: Screen Time Helper,Mohammed Shamil,5,"I CAN'T SEE THE ICONS BELOW THE DAILY USAGE GRAPH, ALSO HOURLY BREAKDOWN OF INDIVIDUAL APPS IS BROKEN",2025-12-09,1
com.actiondash.playstore,ActionDash: Screen Time Helper,VICTOR AD,5,Cool 😎,2025-12-08,0
com.actiondash.playstore,ActionDash: Screen Time Helper,Mishal Zahra,5,it helped a lot,2025-12-06,0
com.actiondash.playstore,ActionDash: Screen Time Helper,Mehfuz,5,"It will meet ur expectations. it's really good app ,",2025-11-28,0
com.actiondash.playstore,ActionDash: Screen Time Helper,sylvia m,5,"Love it. My question now is, is there a way to exclude pwa apps from the limits? For instance, I have a couple pwa apps, that I'm not able to use when I've run out of time on my browser. The browser is the app with a 10-minute limit, but I would like my pwa apps to be able to run, and not be included in the 10 minutes.",2025-11-28,32
com.actiondash.playstore,ActionDash: Screen Time Helper,Asma Shahid,1,not a good experience,2025-11-22,0
com.actiondash.playstore,ActionDash: Screen Time Helper,Tuoyo Palmer,5,"Exceptional, One of a Kind, Astute! Just what I was looking for. The developers of this app are outliers!",2025-11-21,2
com.actiondash.playstore,ActionDash: Screen Time Helper,Oliver Spiler,5,"For the developers: if you ever decide to merge ActionDash into StayFree, make sure to integrate ALL of the characteristic functionalities of ActionDash into StayFree and to fix the problems with app blocks that both apps currently have (MIUI). That includes: a radar chart for hourly and daily usage breakdown, total time used daily/weekly BELOW the bar chart, all app stats currently available in A",2025-11-18,9
com.actiondash.playstore,ActionDash: Screen Time Helper,Disha Maheshwari,5,good,2025-11-04,0
com.actiondash.playstore,ActionDash: Screen Time Helper,Safayet Milkan,5,Good,2025-11-04,0
com.actiondash.playstore,ActionDash: Screen Time Helper,Preetham Sp,1,worst,2025-10-28,0
com.actiondash.playstore,ActionDash: Screen Time Helper,Gurdeep Singh,2,Feature Request: 1. Reels and Shorts blocker 2. Keep phone at safe distance from eyes by using phone camera or some other sensor.,2025-10-26,1
com.actiondash.playstore,ActionDash: Screen Time Helper,Itumeleng Tshebesebe,5,The best the only problem is that after setting it you can't reset had to Uninstall then Install.,2025-10-22,0
com.actiondash.playstore,ActionDash: Screen Time Helper,Fatumata DIARRASSOUBA,3,Ça bug beaucoup ces derniers jours.,2025-10-21,0
com.actiondash.playstore,ActionDash: Screen Time Helper,Amit Jatin,5,in minimum storage this is a perfect app,2025-10-21,0
com.actiondash.playstore,ActionDash: Screen Time Helper,Eman Eman,5,It is the best app I use,2025-10-13,0
com.actiondash.playstore,ActionDash: Screen Time Helper,кунталь ゴーシュ,5,Best digital welbelbing app for me thanks developers,2025-10-11,0
com.actiondash.playstore,ActionDash: Screen Time Helper,Vrishabhanu Dasa,5,Stats visuals is good.,2025-10-10,0
com.EAGINsoftware.dejaloYa,QuitNow: Quit smoking for good,Rafael Rodrigues da Silva,1,"Not worth it. The free version is practically useless, locking away real health tools behind a paywall and flooding you with basic time stats. The ""free upgrade"" notification is completely fake, and the subscription cost is way too high for what you get—especially for an app carrying the WHO name. Save your money.",2026-08-21,16
com.EAGINsoftware.dejaloYa,QuitNow: Quit smoking for good,Ala Madiouni,1,restart zero button plz,2026-08-18,0
com.EAGINsoftware.dejaloYa,QuitNow: Quit smoking for good,mohamadhosein asghari,5,really usefull,2026-08-17,0
com.EAGINsoftware.dejaloYa,QuitNow: Quit smoking for good,Stacy Erickson,5,The Progress counts are very motivating & the tips are helpful.,2026-08-08,0
com.EAGINsoftware.dejaloYa,QuitNow: Quit smoking for good,Mohamad Panahi,5,✨♥️,2026-08-02,0
com.EAGINsoftware.dejaloYa,QuitNow: Quit smoking for good,Dean Ohanlon,5,amazing,2026-07-31,0
com.EAGINsoftware.dejaloYa,QuitNow: Quit smoking for good,Jerome Allouche,3,it's ok. I bought it for tracking the health improvement timeline and it has very little information on each step and missing a bunch. for example it doesn't even say when nicotine is fully out of your system. I regret purchasing a membership,2026-07-22,0
com.EAGINsoftware.dejaloYa,QuitNow: Quit smoking for good,Rajan Sharma,5,its good,2026-07-18,0
com.EAGINsoftware.dejaloYa,QuitNow: Quit smoking for good,Ilyas Zidani,5,apsulotly cinema ✅,2026-07-13,0
com.EAGINsoftware.dejaloYa,QuitNow: Quit smoking for good,Ramiz Jalilli,5,👍,2026-07-11,0
com.EAGINsoftware.dejaloYa,QuitNow: Quit smoking for good,TH,1,it won't reset my start date. and the ask bot goes to insecure site,2026-07-07,0
com.EAGINsoftware.dejaloYa,QuitNow: Quit smoking for good,Geraldine Wallace,1,"These people bugged the Hell out of me, if I was at the doctors and they called when I call back, it's never nothing new to ask or try. same question over and over..",2026-07-06,1
com.EAGINsoftware.dejaloYa,QuitNow: Quit smoking for good,Sumon Chakravorty,5,"I quit smoking today, Sunday 05.07.26, at 04:10 PM.",2026-07-05,0
com.EAGINsoftware.dejaloYa,QuitNow: Quit smoking for good,Hamidreza Zarei,5,perfect and useful,2026-07-04,0
com.EAGINsoftware.dejaloYa,QuitNow: Quit smoking for good,Venny's thoughts,5,very helpful,2026-06-30,0
com.EAGINsoftware.dejaloYa,QuitNow: Quit smoking for good,Roseann Hirschinger,1,be careful. they will start charging you every week. Response: Then why are you charging me repeatedly when I told you I could not use this app?,2026-06-30,0
com.EAGINsoftware.dejaloYa,QuitNow: Quit smoking for good,Lindsay Garside,5,motivating to stay off the cigs,2026-06-29,0
com.EAGINsoftware.dejaloYa,QuitNow: Quit smoking for good,Raymond Kitaresku,5,lot of tool and resources that are inspiring and helping to live smoke free,2026-06-29,0
com.EAGINsoftware.dejaloYa,QuitNow: Quit smoking for good,Gaming Sayadul,5,good,2026-06-26,0
com.EAGINsoftware.dejaloYa,QuitNow: Quit smoking for good,Pretty_BrownEyes,3,Nothing to it really...huge banner at the bottom begging for a paid upgrade EVERY TIME I open the app...Little annoying but not terrible. Pretty basic app...but the bells and whistles aren't always necessary...especially if this isn't your first time trying to quit.,2026-06-12,1
com.EAGINsoftware.dejaloYa,QuitNow: Quit smoking for good,Youth Programmer,5,quitting smoking from today onwards. help ne lord!!,2026-06-11,0
com.EAGINsoftware.dejaloYa,QuitNow: Quit smoking for good,Audri Troughton,1,Only for smokers. Can't get past how many cigs per day,2026-06-10,0
com.EAGINsoftware.dejaloYa,QuitNow: Quit smoking for good,L,5,great,2026-06-06,0
com.EAGINsoftware.dejaloYa,QuitNow: Quit smoking for good,din sham,5,Good,2026-06-03,0
com.EAGINsoftware.dejaloYa,QuitNow: Quit smoking for good,Latoya Contee,5,I love the app and how it calculates my progress. but the community is not so accepting of new people. I no longer enter the chat. I have a different support group that I use. but this overall app is amazing,2026-05-31,6
com.EAGINsoftware.dejaloYa,QuitNow: Quit smoking for good,Suleiman Mashaleh,4,V good app.,2026-05-31,0
com.EAGINsoftware.dejaloYa,QuitNow: Quit smoking for good,Greg Hanes,5,"Used this app to quit 6 years ago. I've saved $15,000 and years of my life.",2026-05-30,1
com.EAGINsoftware.dejaloYa,QuitNow: Quit smoking for good,احمد سلیمانی,5,🎓,2026-05-29,0
com.EAGINsoftware.dejaloYa,QuitNow: Quit smoking for good,Sunil peter,5,"very good app, it really works",2026-05-26,0
com.EAGINsoftware.dejaloYa,QuitNow: Quit smoking for good,Skmahid sharia,5,good,2026-05-26,0
com.EAGINsoftware.dejaloYa,QuitNow: Quit smoking for good,Helen Jones,3,Not bad,2026-05-19,0
com.EAGINsoftware.dejaloYa,QuitNow: Quit smoking for good,Luis Portela,5,excelente,2026-05-14,0
com.EAGINsoftware.dejaloYa,QuitNow: Quit smoking for good,Milanov Čarapoa,5,❤❤,2026-05-13,0
com.EAGINsoftware.dejaloYa,QuitNow: Quit smoking for good,Suman Khadka,4,it helped me a lot to motivate and focus,2026-04-18,2
com.EAGINsoftware.dejaloYa,QuitNow: Quit smoking for good,Xedice Huseynova,5,great app. thanks for motivation and hard work 🙏🏻🙏🏻. God bless you all,2026-04-12,0
com.EAGINsoftware.dejaloYa,QuitNow: Quit smoking for good,Marlo Glover,5,I Love it!,2026-04-12,0
com.EAGINsoftware.dejaloYa,QuitNow: Quit smoking for good,David Michael Gibble,5,Great app.,2026-03-20,1
com.EAGINsoftware.dejaloYa,QuitNow: Quit smoking for good,Diana Morales,4,Es un seguimiento general para las personas que quieren dejar de fumar. Hay conferencias y videos llenos de información valiosa que brindan profesionales de la salud. Excelente aplicación.,2026-03-19,0
com.EAGINsoftware.dejaloYa,QuitNow: Quit smoking for good,siv28,5,Very helpful,2026-03-16,0
com.EAGINsoftware.dejaloYa,QuitNow: Quit smoking for good,Rachel Dixon,5,love it!! very easy to navigate and the milestones you can achieve are great!,2026-03-10,5
com.EAGINsoftware.dejaloYa,QuitNow: Quit smoking for good,Gerog Mol,1,"The list of vendors and data this app sells to is longer than a supermarket receipt after you accidentally go shopping while hungry. Alarming! especially for an app that claims to help with your health. Edit: The developer clarified that data isn’t sold but shared with partners. However, the list of partners is long, many ""legitimate interest"" purposes are enabled by default, and there’s no simple",2026-03-06,10
com.EAGINsoftware.dejaloYa,QuitNow: Quit smoking for good,Trade Coach,5,brilliant. thanks team. owe you big one,2026-03-04,0
com.EAGINsoftware.dejaloYa,QuitNow: Quit smoking for good,hamzeh karamy,5,great,2026-02-27,0
com.EAGINsoftware.dejaloYa,QuitNow: Quit smoking for good,BristolBrook,5,Accurate and a good reminder,2026-02-26,0
com.EAGINsoftware.dejaloYa,QuitNow: Quit smoking for good,Cristian,5,utila,2026-02-23,0
com.EAGINsoftware.dejaloYa,QuitNow: Quit smoking for good,Witches Hour,5,it's worth. it. good luck out there,2026-02-19,0
com.EAGINsoftware.dejaloYa,QuitNow: Quit smoking for good,Archil Khachidze,5,Very Good app,2026-02-19,0
com.EAGINsoftware.dejaloYa,QuitNow: Quit smoking for good,Susan,5,Really helpful for keeping track of the journey.,2026-02-16,1
com.EAGINsoftware.dejaloYa,QuitNow: Quit smoking for good,Tim Grabach,5,"works really well, no crashes",2026-02-06,1
com.EAGINsoftware.dejaloYa,QuitNow: Quit smoking for good,harshil pathania,4,good,2026-02-06,0
com.EAGINsoftware.dejaloYa,QuitNow: Quit smoking for good,nikole ole,5,"One year without smoking — and most importantly, it’s been going smoothly. I still don’t want to smoke, and I know how to stick with it.",2026-02-04,3
com.EAGINsoftware.dejaloYa,QuitNow: Quit smoking for good,MEDNADJIB KHELIL,5,excellent app for me,2026-02-04,0
com.EAGINsoftware.dejaloYa,QuitNow: Quit smoking for good,rh2469,5,awesome free app.,2026-02-04,0
com.EAGINsoftware.dejaloYa,QuitNow: Quit smoking for good,Heaven,5,inspired me to quit ! I'm 6 years clean now !,2026-02-04,0
com.EAGINsoftware.dejaloYa,QuitNow: Quit smoking for good,TANIM,5,It was very helpful application.I love this application.,2026-01-28,0
com.EAGINsoftware.dejaloYa,QuitNow: Quit smoking for good,Joe Volpe,5,I love this application. It gives me an incentive to stay on track.,2026-01-21,0
com.EAGINsoftware.dejaloYa,QuitNow: Quit smoking for good,Hrishikesh Bhardwaj,5,"I have no words to accurately express my gratitude. It helped me in quitting cigarettes which indirectly/directly implies that it gave me a second chance in life which is a huge gift. Thank you, team QuitNow. May God bless you all.",2026-01-20,1
com.EAGINsoftware.dejaloYa,QuitNow: Quit smoking for good,john joseph,5,"highly recommend to all smokers who really want to quit the habit, this app will let you track all the essential data you need for your quit journey 👍🏼",2026-01-19,6
com.EAGINsoftware.dejaloYa,QuitNow: Quit smoking for good,Evan_2812,5,All the statistics that it gives you are really nice. I also love the fact that you get to talk to other people and support each other. The variety of regions is also really nice,2026-01-19,6
com.EAGINsoftware.dejaloYa,QuitNow: Quit smoking for good,Jessica Cremmins,5,"love it, very helpful",2026-01-18,0
com.EAGINsoftware.dejaloYa,QuitNow: Quit smoking for good,Kennedy Kithia,1,🙏,2026-01-16,0
com.EAGINsoftware.dejaloYa,QuitNow: Quit smoking for good,Denise Freudenstein,5,Helped immensely,2026-01-11,0
com.EAGINsoftware.dejaloYa,QuitNow: Quit smoking for good,Kevin Macaringue,5,"Absolutely love it, help me",2026-01-10,0
com.EAGINsoftware.dejaloYa,QuitNow: Quit smoking for good,Marc “Valley Locksmith” Rosenthal,5,Great Tool to QUIT Smoking 🚭 🚬 ....,2026-01-05,0
com.EAGINsoftware.dejaloYa,QuitNow: Quit smoking for good,Milad Aron,5,ممنوم,2026-01-03,0
com.EAGINsoftware.dejaloYa,QuitNow: Quit smoking for good,mohammad kian,5,perfect,2025-12-31,0
com.EAGINsoftware.dejaloYa,QuitNow: Quit smoking for good,Alireza Tavassoli,5,useful,2025-12-31,0
com.EAGINsoftware.dejaloYa,QuitNow: Quit smoking for good,Fadi Jaar,5,Great App supported by WHO facts.,2025-12-28,0
com.EAGINsoftware.dejaloYa,QuitNow: Quit smoking for good,Betty Rojas,5,every time I get a craving I think twice. Resetting to 0 days is not an option. Over a year NICOTINE FREE!,2025-12-15,4
com.EAGINsoftware.dejaloYa,QuitNow: Quit smoking for good,hamidreza akrami,5,excellent way,2025-12-11,0
com.EAGINsoftware.dejaloYa,QuitNow: Quit smoking for good,Mostafa Hussien,5,كويس جدا .. ربنا يثبتنا,2025-12-10,0
com.EAGINsoftware.dejaloYa,QuitNow: Quit smoking for good,Murad Hasan,1,Hello team. i would likely to have my money back because in app it says unlock all health achievements but there is no more. and i think its money swindling. please. hello again team. no response soo far from the mail i have sent to you. please refund my money,2025-12-09,2
com.EAGINsoftware.dejaloYa,QuitNow: Quit smoking for good,Cherif MENAD,5,good one,2025-12-09,0
com.EAGINsoftware.dejaloYa,QuitNow: Quit smoking for good,Natasha Thomas,5,Helpful in aiding me on my smoke free journey,2025-11-28,0
com.EAGINsoftware.dejaloYa,QuitNow: Quit smoking for good,Andrei-Catalin Armanu,5,good tracking,2025-11-21,0
com.EAGINsoftware.dejaloYa,QuitNow: Quit smoking for good,David Bellavita,5,Perfecto,2025-11-20,0
com.EAGINsoftware.dejaloYa,QuitNow: Quit smoking for good,Keith McCarthy,5,"very helpful to keep a follow-up on your progress, I often return to the app to see just how long I've been without a cigarette.",2025-11-14,11
com.EAGINsoftware.dejaloYa,QuitNow: Quit smoking for good,Asim Halder,5,amazing,2025-11-11,0
com.EAGINsoftware.dejaloYa,QuitNow: Quit smoking for good,Grace Rowe,5,"great app , helps me to keep pushing forward!",2025-11-08,0
com.EAGINsoftware.dejaloYa,QuitNow: Quit smoking for good,Arpan Tirkey,5,good app but it's helpful for control your urges,2025-11-07,0
com.EAGINsoftware.dejaloYa,QuitNow: Quit smoking for good,Victoria Beaty,5,love this,2025-11-06,0
com.EAGINsoftware.dejaloYa,QuitNow: Quit smoking for good,Tony Henderson,5,Love it,2025-11-03,0
com.EAGINsoftware.dejaloYa,QuitNow: Quit smoking for good,N8T1V3_5F,5,Most amazed at the amount of time I've saved not smoking. I like this because it gives me the time the money saved the number of cigarettes I didn't smoke plus the amount of time I got to do something else which again is crazy. they have a paid version but a lot of neat things for the free version also,2025-11-02,2
com.EAGINsoftware.dejaloYa,QuitNow: Quit smoking for good,Md Sayem Islam,5,This is not just a app. This is your good friend. it suggests you how to quit smoking and how can it possible. it's help us to see the next life of quit smoking.,2025-10-26,7
com.EAGINsoftware.dejaloYa,QuitNow: Quit smoking for good,samy noser,5,the best app i use for quit smoke,2025-10-24,0
com.EAGINsoftware.dejaloYa,QuitNow: Quit smoking for good,suraj gangwani,5,"QuitNow has been a big help in my journey to quit smoking. The app keeps me motivated with daily progress tracking, health milestones, and a very supportive community. The community section is amazing — reading and sharing experiences with others makes the commitment even stronger. It’s simple, clean, and truly inspiring. For anyone who seriously wants to quit smoking, QuitNow is like a real frien",2025-10-24,14
com.EAGINsoftware.dejaloYa,QuitNow: Quit smoking for good,M L,1,you should put the reset button in visible area not buzzles,2025-10-23,0
com.EAGINsoftware.dejaloYa,QuitNow: Quit smoking for good,Isaac Sutcliffe,1,subscription nagware,2025-10-16,0
com.EAGINsoftware.dejaloYa,QuitNow: Quit smoking for good,Au Sabaw,1,It keeos saying something bad happened when I try to sign up.,2025-10-16,0
com.EAGINsoftware.dejaloYa,QuitNow: Quit smoking for good,Grady Fisher,5,The app provides enlightening and encouarging imformarion for quitting each day. Focuses on today. Love it!,2025-10-15,6
com.EAGINsoftware.dejaloYa,QuitNow: Quit smoking for good,Palo Letshwiti,2,never smoked just did it for fun,2025-10-15,0
com.EAGINsoftware.dejaloYa,QuitNow: Quit smoking for good,Anil Samuel,5,very good app,2025-10-11,0
com.EAGINsoftware.dejaloYa,QuitNow: Quit smoking for good,요셉,1,The widget (the most important part) sucks,2025-10-05,0
com.EAGINsoftware.dejaloYa,QuitNow: Quit smoking for good,Ar M,5,very good 💯,2025-10-04,0
com.EAGINsoftware.dejaloYa,QuitNow: Quit smoking for good,lana kafoure,2,I have looked and tried to find a way to get my completion certificate off site and it's absolutely impossible. it keeps saying look for dashboard. I don't see any dashboards,2025-10-03,0
com.EAGINsoftware.dejaloYa,QuitNow: Quit smoking for good,Joe Dorman,3,Good app and charts your progress so worth getting,2025-10-02,2
com.EAGINsoftware.dejaloYa,QuitNow: Quit smoking for good,Lazar Gorenc,1,This is how much you'll save by quitting. Now pay us.,2025-09-28,0
com.EAGINsoftware.dejaloYa,QuitNow: Quit smoking for good,Ab,5,"best quit smoking app to date simple easy to use tells you exsact days, hours & minutes. great app",2025-09-20,3
com.EAGINsoftware.dejaloYa,QuitNow: Quit smoking for good,Jl T,4,nice app. Please add a feature to stop tracking during night time sleep hours. you are calculating at night time too which is not realistic.,2025-09-18,2
com.EAGINsoftware.dejaloYa,QuitNow: Quit smoking for good,Imran ulhaq,5,best app,2025-09-13,0
com.gen.bettermeditation,BetterMe: Mental Health,Nhlanhla Mthethwa,5,great application to relief yourself embrace inner peace an release any tension you had,2026-08-15,0
com.gen.bettermeditation,BetterMe: Mental Health,Alisha and Dua,5,this makes me feel so nice,2026-08-14,0
com.gen.bettermeditation,BetterMe: Mental Health,Anshifcm,1,so much peace . i don't suggest for who depressed. this app won't lrt you die . 📉,2026-08-13,0
com.gen.bettermeditation,BetterMe: Mental Health,pushan kumar jena samant,5,Great,2026-08-13,0
com.gen.bettermeditation,BetterMe: Mental Health,Ankit Pal,5,"i can't express how mund blowing this app is, i just tried it and it doesn't hav videos ads to interrupt in between, and ui is so simple, and the app is soo useful the sounds, the music and the exercises everything is just amazing keep it up",2026-08-10,1
com.gen.bettermeditation,BetterMe: Mental Health,Alone Boy,5,Simple and awesome 😌,2026-08-09,0
com.gen.bettermeditation,BetterMe: Mental Health,Kea Mlungu,5,helpful,2026-08-08,0
com.gen.bettermeditation,BetterMe: Mental Health,Arumugam Sixface,5,its good and refreshes my mind!💗,2026-08-08,0
com.gen.bettermeditation,BetterMe: Mental Health,amit limbu,5,so relaxable,2026-08-03,0
com.gen.bettermeditation,BetterMe: Mental Health,Debra D. Klatt,3,not sure yet,2026-07-24,0
com.gen.bettermeditation,BetterMe: Mental Health,Tisha Harris,2,good app,2026-07-23,0
com.gen.bettermeditation,BetterMe: Mental Health,sara munir,5,Amazing app,2026-07-18,0
com.gen.bettermeditation,BetterMe: Mental Health,Liyabona Ndiliso,5,best of the best,2026-07-14,0
com.gen.bettermeditation,BetterMe: Mental Health,Rihan Ricky,5,thanks for the free trial,2026-07-12,2
com.gen.bettermeditation,BetterMe: Mental Health,pravin londhe,5,awsome,2026-07-09,3
com.gen.bettermeditation,BetterMe: Mental Health,Emil Hummatov,1,Scammers,2026-07-01,0
com.gen.bettermeditation,BetterMe: Mental Health,Harshita Vishwakarma,5,amazing,2026-06-26,2
com.gen.bettermeditation,BetterMe: Mental Health,Gs,1,it's a total fraud took every month 6 euro from my account for nothing,2026-06-22,0
com.gen.bettermeditation,BetterMe: Mental Health,Kundan Bhagat,5,it's a good 👍🏻 and better app for tension free and irritation problems people 😑 very nice app,2026-06-21,2
com.gen.bettermeditation,BetterMe: Mental Health,Lisa Harden,4,I'm working on getting the routine down to where I am capable of seeing an positive outcome.,2026-06-10,2
com.gen.bettermeditation,BetterMe: Mental Health,din sham,5,Good,2026-06-03,1
com.gen.bettermeditation,BetterMe: Mental Health,Jenny Cox,5,love the app,2026-05-27,2
com.gen.bettermeditation,BetterMe: Mental Health,Divya Parab,5,wow very good 😊,2026-05-20,1
com.gen.bettermeditation,BetterMe: Mental Health,Michael Renton,5,I love the breathing exercise.,2026-05-16,6
com.gen.bettermeditation,BetterMe: Mental Health,Writer Yadav,5,if you never tried breathing start with this app 🙏,2026-05-10,0
com.gen.bettermeditation,BetterMe: Mental Health,Asha arsha Arshad,5,Delete,2026-04-29,0
com.gen.bettermeditation,BetterMe: Mental Health,Yamini Adgaonkar,1,very bad and very poor ekdam phaltu,2026-04-13,0
com.gen.bettermeditation,BetterMe: Mental Health,Adalynn Crosbyy,5,I like this app I think it was something that helped my stress alot and my trauma,2026-04-09,1
com.gen.bettermeditation,BetterMe: Mental Health,Aaron Brown,5,good,2026-03-24,0
com.gen.bettermeditation,BetterMe: Mental Health,James Horton,1,"They don't care about your mental health, just your wallet. Average app at best. Dont forget to cancel your trial subscription! Havent used the app in months, and it automatically renewed. I asked for a refund and was told it couldn't happen. Imagine if your current mental state was linked to cost of living and you couldn't get your money back for something you're not using? Had a few things I’ve ",2026-03-15,1
com.gen.bettermeditation,BetterMe: Mental Health,Nokubonga Mcube,5,"best , the app helps alot",2026-03-11,0
com.gen.bettermeditation,BetterMe: Mental Health,Raza Karim,5,great 👍,2026-02-23,0
com.gen.bettermeditation,BetterMe: Mental Health,Monmohini Majumdar,4,Very beautiful app.,2026-02-20,0
com.gen.bettermeditation,BetterMe: Mental Health,Prajith Sudheer,5,Nice app,2026-02-05,0
com.gen.bettermeditation,BetterMe: Mental Health,Jammie Spangler,3,I've been trying to get a hold of someone I need luck,2026-02-02,0
com.gen.bettermeditation,BetterMe: Mental Health,Naushin Ara,5,this app is so nice.... i will highly appreciate it👏🏻😊,2026-02-01,0
com.gen.bettermeditation,BetterMe: Mental Health,Denise Xuereb Micallef,5,A wonderful app that helps you in mental health. I gave it a five star rating because it helps me to feel calm and relaxed. You must try this app you will feel much more better in your life. Thank you to all the people that created this wonderful app which made everyone feel calm and happy.,2026-01-28,2
com.gen.bettermeditation,BetterMe: Mental Health,Lonnie Cashion,5,a great tool for relaxing and resetting the mind.,2026-01-20,1
com.gen.bettermeditation,BetterMe: Mental Health,Joanne Hackett,1,"not great, robotic voices for meditation 😞😞 distracting and not relaxing. It takes a large amount of time which is not always possible - constant throughout the day. I didn't get what I thought I was signing up for - customer support not good, no refund",2026-01-20,2
com.gen.bettermeditation,BetterMe: Mental Health,SAKSHAM Xalxo,5,very good app,2026-01-11,0
com.gen.bettermeditation,BetterMe: Mental Health,Aman Kumar Patel,5,best,2026-01-07,0
com.gen.bettermeditation,BetterMe: Mental Health,Omayra Vedbraaten,1,I want to cancel this subscription. Why is it so difficult to find how to cancel it. I'll appreciate any help with this.,2025-12-28,5
com.gen.bettermeditation,BetterMe: Mental Health,Liane Oans,3,enjoying the changes,2025-12-26,1
com.gen.bettermeditation,BetterMe: Mental Health,Songden Daniel,5,Peace like a river,2025-12-21,0
com.gen.bettermeditation,BetterMe: Mental Health,John A. BleuWaterOne967 (BuddhaOne967),5,Great App for people looking to heal and better themselves and more...,2025-12-16,0
com.gen.bettermeditation,BetterMe: Mental Health,Phard Yg Umm,5,A good distraction. A moment to stop.,2025-12-13,0
com.gen.bettermeditation,BetterMe: Mental Health,Adam,1,waste of money,2025-12-11,0
com.gen.bettermeditation,BetterMe: Mental Health,NANDHA GOPAL M,5,found it my new therapist ☺️,2025-12-01,0
com.gen.bettermeditation,BetterMe: Mental Health,Harsh,5,super app,2025-11-15,0
com.gen.bettermeditation,BetterMe: Mental Health,Shiyam peter,5,perfect. i really love it. don't miss this app,2025-11-12,0
com.gen.bettermeditation,BetterMe: Mental Health,Charlann Jones,5,very unpacking,2025-11-10,0
com.gen.bettermeditation,BetterMe: Mental Health,Tammie Lawson,5,Great,2025-11-06,0
com.gen.bettermeditation,BetterMe: Mental Health,julie shearer,5,content very easy to follow and understand. Friendly and easy to relate to advice. Good to do some of the practices before sleep.,2025-11-06,6
com.gen.bettermeditation,BetterMe: Mental Health,Martie Meyer,5,"I love this app. It makes me more relaxed, make me stronger and help my mind to focus.",2025-11-01,3
com.gen.bettermeditation,BetterMe: Mental Health,Sylvia Friend,5,it's really AMAZING,2025-10-29,0
com.gen.bettermeditation,BetterMe: Mental Health,Cătălin Crudu,1,"After initially having an issue which I thought to be big, I emailed them telling my complaint, not thinking I would go anywhere with it. But the customer support was understanding, in fact I didn't expect how fast they solved the issues. Thank you! I'm looking forward to explore the app, maybe it will do me good. I'm still at the beginning with it. Fingers crossed! I'll come back later with my pr",2025-10-25,0
com.gen.bettermeditation,BetterMe: Mental Health,Neelam Devi,4,itsss an amazing app but from my pov i didn't like the subscription thing like they'll ask you for money that I don't like so yess but all tho it too nice guyss give it a tryyy,2025-10-25,0
com.gen.bettermeditation,BetterMe: Mental Health,Matt Heuer,5,better me changed my life cant wait to work on the mental health portion,2025-10-23,0
com.gen.bettermeditation,BetterMe: Mental Health,Jennifer,5,Great App! 👍,2025-10-20,0
com.gen.bettermeditation,BetterMe: Mental Health,Trisha Webb,3,loved the app but my son accidentally bought it on my phone and now I can't find anywhere to unsubscribe,2025-10-16,0
com.gen.bettermeditation,BetterMe: Mental Health,кαяυηα яσѕє,4,"I love the app and I enjoy using the features like guided meditations and the micro-courses — both insightful and empowering. However, the voices used sound too monotone, which makes it kind of difficult to retain focus in the meditation. A journaling feature would be helpful, too.",2025-10-14,13
com.gen.bettermeditation,BetterMe: Mental Health,Bernard Visser,2,"A nice app, but unfortunately they have aggressive marketing. Fake timers on deals, promotional notifications in the middle of a breathing exercise, no in app way to mange notifications, no in app way to delete an account.... Mental health apps across the platform have very aggressive in app marketing. Please be careful and don't be taken advantage of.",2025-10-09,2
com.gen.bettermeditation,BetterMe: Mental Health,Abeer Kalkhanda,5,best mental health app,2025-10-08,1
com.gen.bettermeditation,BetterMe: Mental Health,Kevin Archambault,2,What happened to the daily notifications? I liked being able to post them on socials.,2025-10-05,1
com.gen.bettermeditation,BetterMe: Mental Health,Eden Gresham,5,i definitely have been more relaxed and less depressed than usual,2025-09-24,1
com.gen.bettermeditation,BetterMe: Mental Health,Mercy Salu,1,"This app actually good but I pad for a year, but the full service only last for 6 months, really I am dissapointed",2025-09-20,0
com.gen.bettermeditation,BetterMe: Mental Health,Stevey Mc,5,10 mins of using the app.IM LOVING ITT 🥰🥰🥰🥰🥰💞💞💞,2025-09-12,1
com.gen.bettermeditation,BetterMe: Mental Health,douceurs d'ivoire,1,"too much troubleshoot for a paid app! hence the topics are the same and never change! I made it all and nothing changes. I have to listen to the same courses again and again, and juggle between the same old topics! good at the beginning, but after 2 months, you are done with it all :((",2025-09-09,8
com.gen.bettermeditation,BetterMe: Mental Health,Leya Miller,5,amazing,2025-09-07,1
com.gen.bettermeditation,BetterMe: Mental Health,Joe Portorsnok,1,its no good if i have to sign up for you to automatically charge my card when the free trial runs out just to see what the app is like and whether or not its worth the money.,2025-08-27,7
com.gen.bettermeditation,BetterMe: Mental Health,Edah Godwin,4,good,2025-08-21,1
com.gen.bettermeditation,BetterMe: Mental Health,Lonnie,4,I really need this app for me today I'm going to be hydrated and don't forget we're I'm at in the app working on my phone is verry hard navigate I'm exited to try this is real time testing and reporting how app works I'll start rite away thank you for this appreciate the help navigating my business with the application,2025-08-19,1
com.gen.bettermeditation,BetterMe: Mental Health,Anatolii Binkovskyi,5,"amazing app, removed my mood swings",2025-08-14,0
com.gen.bettermeditation,BetterMe: Mental Health,LaCandice Lee,5,"Wow, the wonders of this work! I let it all in, then let it all out!!",2025-08-05,0
com.gen.bettermeditation,BetterMe: Mental Health,JAKE JECK3L,1,way overpriced. hardly any content. got charged $40 then they immediately canceled my membership. SCAM,2025-08-04,0
com.gen.bettermeditation,BetterMe: Mental Health,Victoria Cannell,2,Started yesterday and now cannot use the meditation section at all everything I spelt crashes the app. I'm really not happy is this not a main feature of the app? And no website to be able to use instead Uninstalled and reinstalled the app only now to find it has also lost my progress,2025-07-28,0
com.gen.bettermeditation,BetterMe: Mental Health,Jenn Goss,5,"This app is EXCELLENT in helping me face the past and finally taking the steps towards perception, reflection and finding self confidence! You get real lessons w assignments that are practical and super healthy to perform. Not overwhelming as it is broken down into daily lessons. I highly recommend this program:)",2025-07-22,3
com.gen.bettermeditation,BetterMe: Mental Health,Sara Phillips,1,"DO NOT DOWNLOAD!!! This app charges me monthly. It should be easy to cancel, but when I try, the app insists I don't have auto renew (on the same screen where it shows it's charging me $25/month).",2025-07-17,0
com.gen.bettermeditation,BetterMe: Mental Health,Refiloe Ramorena,5,it helps,2025-07-16,0
com.gen.bettermeditation,BetterMe: Mental Health,Sreenivasan Natanasabapathy,1,I purchased this app on card and my card details was missed used by the hackers,2025-07-16,0
com.gen.bettermeditation,BetterMe: Mental Health,T M,3,"Edit: breath exercises only seem to work when selecting the Anxiety timer from the menu. The rest of the options cause a crash. It's helpful, but keeps crashing every day. having to reinstall it is making it hard to have the energy to keep using it.",2025-06-29,0
com.gen.bettermeditation,BetterMe: Mental Health,Fabian,5,nice,2025-06-25,0
com.gen.bettermeditation,BetterMe: Mental Health,Ami Aldrich,1,you have to pay to get help do not recommend,2025-06-12,0
com.gen.bettermeditation,BetterMe: Mental Health,Dk 97,4,Las meditaciones que quiero solo se desbloquean pagando :c,2025-06-10,0
com.gen.bettermeditation,BetterMe: Mental Health,Anthony Gill,5,"So far so good, early days. I like the layout, quite easy to use. It also sends you affirmations through the day occasionally, which are quite useful.",2025-06-10,1
com.gen.bettermeditation,BetterMe: Mental Health,Jen Cecil,3,like it,2025-06-01,0
com.gen.bettermeditation,BetterMe: Mental Health,Chasidy,5,"therapy on my schedule. when I feel silly talking about something with a person, the bot messages are great",2025-05-29,0
com.gen.bettermeditation,BetterMe: Mental Health,Sonia Taylor,5,loved it liked it durable do-a-able,2025-05-25,0
com.gen.bettermeditation,BetterMe: Mental Health,Adam Ngoyo,5,the app is brilliant has changed my mental health very quickly,2025-05-22,0
com.gen.bettermeditation,BetterMe: Mental Health,Suzzanne Saniel,1,I'm placing one star for making me pay subscription even after I unscribe. I still have the email confirmation of unscribing but has charged triple the price the day after... please give do give my money back for services i havent even used... 🤬🤬🤬,2025-05-17,0
com.gen.bettermeditation,BetterMe: Mental Health,klowny,5,Wow!,2025-05-13,0
com.gen.bettermeditation,BetterMe: Mental Health,NATASHA JOSETTE SEBRO EDWARDS,5,hi gn this app is a very very great app and I'm recommending thus app to anyone else who wants to download this app and to used it as I fave said it's a very very great app download it and see for yourself OK hv a bless night god bless?,2025-05-13,0
com.gen.bettermeditation,BetterMe: Mental Health,Katie B,5,I'm seriously loving this app!! It's user-friendly and very easy to navigate!,2025-05-11,0
com.gen.bettermeditation,BetterMe: Mental Health,Natasha Yap,1,"two years ago I downloaded this app as I hear good reviews but as soon as I signed up and selected the next option I was kicked out of the app and couldn't enter the app again , I noticed they have been charging my account for something that I didn't choose and got kicked out from.",2025-05-08,0
com.gen.bettermeditation,BetterMe: Mental Health,Vita Mercy,5,I tried it and feel a bit better. thanks,2025-05-07,0
com.gen.bettermeditation,BetterMe: Mental Health,Re Mo,1,"Very basic and shallow, nothing that I didn't already know, even the dumbest pop psychology videos on YouTube have more information than this app. Very disappointed.",2025-05-04,0
com.gen.bettermeditation,BetterMe: Mental Health,Lim,1,"Not recommend at all. It's a scamming app. It doesn't provide any courses towards a relationship at all. Paid for the courses, nothing in return 😡",2025-04-29,0
com.gen.bettermeditation,BetterMe: Mental Health,Akam Prayer IMONIN,1,nice but I don't have money for the remaining time of using the app,2025-04-25,0
com.gen.bettermeditation,BetterMe: Mental Health,T. Peterson,3,I liked it but too expensive,2025-04-23,0
com.gen.bettermeditation,BetterMe: Mental Health,Marcus,5,"I have used a couple of features on this app, and I think they were very good. The meditation has encouraged me to keep a positive mindset and taught me to start identifying and process my emotions gracefully.",2025-04-22,3
com.betterhelp,BetterHelp - Therapy,Amanda Martinez,1,"I was confirmed for $35, but received a charge for over $1800. I tried to reach support, but it took multiple days to even hear back and I eventually had to file a charge back and update my card everywhere else. This was the opposite of helpful for my stress and burnout issues.",2026-08-22,0
com.betterhelp,BetterHelp - Therapy,Rich Parker,5,Great therapist and support tools,2026-08-20,0
com.betterhelp,BetterHelp - Therapy,PaNdA1o7,1,I payed for the better help but it wanted more money on top of what I payed for to do therapy 90$ or 100$ for a session every week he'll no,2026-08-19,0
com.betterhelp,BetterHelp - Therapy,Lisa McGowen,5,Perfect Option!,2026-08-19,0
com.betterhelp,BetterHelp - Therapy,Tania Williams,5,My therapist Ingrid is amazing.,2026-08-18,0
com.betterhelp,BetterHelp - Therapy,Philip Shatto,1,"horrible, scam DO NOT GIVE THEM MONEY. ITS A SCAM. couldn't schedule for almost a week then the so called therapist started rescheduling and cancelled. save your money. it is a scam",2026-08-17,0
com.betterhelp,BetterHelp - Therapy,Solivagant,3,The section at the very top of the chat that used to let you describe your problem in more detail has disappeared. There's no way to edit or update this information anymore.,2026-08-16,3
com.betterhelp,BetterHelp - Therapy,Christopher Payne,1,Complete Scam do not fall for it. It costs almost £200 a month and you can only get one appointment a month. A counsellor is usually £50 a month.,2026-08-15,1
com.betterhelp,BetterHelp - Therapy,Thomas McCoy,1,"Horrible experience. Trying this app again after the horrendous experience last time. it first would not let me use my info to sign up, so my wife used her email, now they will only talk to he or let her sign in. but I keep getting changed for an app I can't even sign into. I tried talking to customer support. they sounded more concerned that I even found a number in the first place. no matter wha",2026-08-15,2
com.betterhelp,BetterHelp - Therapy,Amelia,3,keeps signing me out,2026-08-15,0
com.betterhelp,BetterHelp - Therapy,Rory Nolan,1,"this app scared me away from therapy. asked me to input the info about why I'm seeking therapy, and I stated I was a survivor of domestic abuse by a woman and was being excluded by my peers thanks to her smear campaigns. 1st therapist to be assigned to me was a female who specialized in domestic abuse FOR women, not BY women. I was looking to finally be understood and helped, not pay someone who s",2026-08-13,2
com.betterhelp,BetterHelp - Therapy,Jo Weegar,5,"I absolutely love this, not having to actually voice talk to someone has helped me a lot, I text my therapist and it has helped me feel much better!",2026-08-13,0
com.betterhelp,BetterHelp - Therapy,Christopher Kalama,5,Can't recommend it enough,2026-08-12,0
com.betterhelp,BetterHelp - Therapy,ClairvoyantKuzusouda,3,connection issues constantly,2026-08-12,0
com.betterhelp,BetterHelp - Therapy,Jim Auteri,1,You have to reset your password every time you log in. EVERY SINGLE TIME.,2026-08-12,1
com.betterhelp,BetterHelp - Therapy,Mike,3,to expensive. when you need some one to talk to when you are lonely or need certain things then 45 minutes just isn't enough and journaling idk do your councilor even look at it. idk.,2026-08-12,0
com.betterhelp,BetterHelp - Therapy,NC,2,It was more than what I was told it would be during recommendation. I can't afford $90 a week. I'd rather struggle now without the extra bill that is going to make things worse.,2026-08-12,1
com.betterhelp,BetterHelp - Therapy,Gbemi,1,Would be great if the app wasn't stuck in Spanish.,2026-08-12,1
com.betterhelp,BetterHelp - Therapy,Megan Dzwieleski,5,"I love it, makes therapy convenient.",2026-08-11,0
com.betterhelp,BetterHelp - Therapy,Nikita H,5,Kavitha is a very knowledgeable and kind Psychologist. I am grateful for her help.,2026-08-11,0
com.betterhelp,BetterHelp - Therapy,Andrew Kesler,5,"This app really is so easy to use and find the right therapist, lucky it's covered by my insurance, which makes it even better! I love it and will continue to use it!",2026-08-09,0
com.betterhelp,BetterHelp - Therapy,Nicole Fischer,1,"would have given a 5 star, but you never truly know an app until you've had to deal with their support. over last month, i lost my therapist because I clicked a button that didnt tell me I would be forcibly rematched; it took WEEKS to get a response from support, as my stress levels quickly rose; when I finally rematched after 4 missed sessions, I was told to re-upload my insurance information (fo",2026-08-09,3
com.betterhelp,BetterHelp - Therapy,Sergio Ruiz Moreno,1,"This was giving me hope, but they're so picky on what insurances they take.",2026-08-07,1
com.betterhelp,BetterHelp - Therapy,Chaney Dale,1,"App is trash. Taking forever to verify insurance, just stuck on the screen pending for over an hour, wheel just spinning. Caused my anxiety to rise even more, thanks",2026-08-06,1
com.betterhelp,BetterHelp - Therapy,Rose Guillen,1,"Be aware this app will steal your money. I have insurance,yet they charged me 320.00 for a monthly subscription plus 45.00 dollars each session!!! who in the world is paying this much for therapy? Find a better app somewhere else!!!!!!",2026-08-06,1
com.betterhelp,BetterHelp - Therapy,Patrick Fowler,5,The best therapy app!!!,2026-08-06,0
com.betterhelp,BetterHelp - Therapy,Moe F,5,"The support and speaking to one who listens with care and understanding, helps so much.",2026-08-06,0
com.betterhelp,BetterHelp - Therapy,Nicholas Balestrieri,1,"Most that I know about the service this app provides is from my experience onboarding. I filled out a long questionnaire, which was thoughtfully worded. At the end, I'm asked to select my insurance provider from a relatively short list. Instead, I'm offered 20% off, but off of what? I was frustrated and couldn't tell, so I'm just taking 20% off of this star rating.",2026-08-04,5
com.betterhelp,BetterHelp - Therapy,Michael Kincaid,1,"This is a data mining app built around using licensed professionals, but not allowing them to do more than talk therapy.",2026-08-02,2
com.betterhelp,BetterHelp - Therapy,luna 2020,5,"professional, flexible, helpful and insightful",2026-08-01,0
com.betterhelp,BetterHelp - Therapy,Will,1,"Unfortunately, this is not sufficient. Did not place well nor work through a scientifically sound process, more just someone to talk to about stuff in your life, great. I wouldn't call this therapy, in my experience, that is misleading. Obviously my experience may not reflect those of others who seem to get something out of this app but just bear in mind that this service is not beholden to the sa",2026-07-31,1
com.betterhelp,BetterHelp - Therapy,Royale,5,It's easy and affordable. It gives me a place to track my mood and write journal entries that can be immediately shared with my therapist.,2026-07-30,0
com.betterhelp,BetterHelp - Therapy,Nathaniel Rivers,1,"Good experience with therapist i was referred to, declined automatic pairing by questionairre (which can be a problematic method of brokering a connection between a client and a ""therapist""). Unexpected/ uncommunicated charges will occur. Customer service will take over a week to respond and provide obscure and slow, if any, assistance. I highly recommend communicating with your insurance provider",2026-07-30,1
com.betterhelp,BetterHelp - Therapy,Jazz Moo,5,This has honestly helped me a lot in my healing journey ❤️,2026-07-29,0
com.betterhelp,BetterHelp - Therapy,Scottie Corley,1,"I've been waiting for them to pair me with a queer, non-religious therapist. They matched me with a breeder christian. TWICE.",2026-07-27,3
com.betterhelp,BetterHelp - Therapy,Inspiring Reads,1,"Scammy. Expensive and prey on people with mental health issues. I've heard bad stories about the ""therapists."" Also, lately, I've seen ads on Pinterest of them now advertising workouts or something. Good grief!",2026-07-26,3
com.betterhelp,BetterHelp - Therapy,Okuhle Ndlela,1,"Went onto this app and had a session with a therapist. During our first session, she asked me to share a traumatic event that made me seek therapy. As I was sharing the most traumatic part of it, she laughed. i was outraged and deleted this app. I cannot believe the lack of professionalism.",2026-07-25,4
com.betterhelp,BetterHelp - Therapy,Vyacheslav Ladischenski (Slava),5,easy to get started,2026-07-25,0
com.betterhelp,BetterHelp - Therapy,Teigyn Stackhouse,3,I wish that that it was more affordable for people with low income.,2026-07-23,1
com.betterhelp,BetterHelp - Therapy,Mariano Davila,5,Exceptional therapists and easy to use!,2026-07-21,0
com.betterhelp,BetterHelp - Therapy,Amber Frazier,5,"At first not all of the features were working, but they seem to have fixed it now and everything rings smoothly. I like that they're are Journal promos you can cycle through or you can just free write, and is optional to send then to your therapist, or set them to auto send. I wish the goal setting feature was a little more nuanced somehow. I can't put my finger on exactly what's missing, but it j",2026-07-21,3
com.betterhelp,BetterHelp - Therapy,Matt “Huh?” Hall,3,"Takes a long time to begin trying to select an option but I'm almost there. Just at an unknown risk factor giving my insurance out after my drivers license was sourced falsely for something I can't figure out, yet. Because x was delayed from necessary healthcare provisions. Publix Pharmacy was put in the middle of my safety and who's the guardian of it. Using a kid as the one who talks to me again",2026-07-21,0
com.betterhelp,BetterHelp - Therapy,Allee Cooper,2,Doesn't allow cancelation unless the card used to pay is canceled. Im charged $65.00 weekly despite proof of cancelation repeatedly.,2026-07-21,2
com.betterhelp,BetterHelp - Therapy,Tisha Harris,5,great idea,2026-07-19,0
com.betterhelp,BetterHelp - Therapy,Marc Wahl,5,"really helpful. I recommend to anyone who needs to speak to someone about their struggles in life. my therapist is very knowledgeable, caring and encouraging. loads of good tools on the app and different classes to join too.",2026-07-19,0
com.betterhelp,BetterHelp - Therapy,Nancy Kimmel,5,"Therapist are those who come along side you in life to help keep the mentality from being overwhelmed. Sometimes you just need a little time to deal with the daily grind, other times there's there's a lifetime. I've never been happier with my Therapist and I can visit right from home.",2026-07-19,0
com.betterhelp,BetterHelp - Therapy,Caitlin Lamb,1,"While the enrollment process is straightforward, Betterhelp has demonstrated that they care more about pushing a subscription cost than patient care. After connecting me with an in-network provider, suddenly the therapist was out of network and I was informed that I would either need to pay the subscription cost or they'd switch my provider that I had built trust with. I received no response to my",2026-07-18,9
com.betterhelp,BetterHelp - Therapy,Christopher Merritt,2,having a hard time getting past the insurance page.,2026-07-18,2
com.betterhelp,BetterHelp - Therapy,Candice Kearney,5,"My therapist is awesome! She listens and also gives great feedback. Even though I didn't feel like I had much to discuss when I initially started therapy, she's opened up different perspectives to things that I hadn't given much thought about before. I look forward to every session and feel so much better about myself because I know that I'm taking the right steps to become the best version of mys",2026-07-18,3
com.betterhelp,BetterHelp - Therapy,Aren Marotte,5,"I tried 2 therapists, one was a man who used book smarts and science/medical lenses to approach problems i.e he used what some person wrote in a book to justify his perspective on my personal intimate life. The second listened and definitely heard my needs and accommodated with a calm and nurturing mindset that helped me realize what I've been missing my entire life, support. Don't worry if the fi",2026-07-18,0
com.betterhelp,BetterHelp - Therapy,Outlaw Merlin,1,"It's a scam. May as well use chatGPT, all the therapists on here are.",2026-07-17,3
com.betterhelp,BetterHelp - Therapy,Ellie Peters,5,"I have a great therapist, that can fit around my times.",2026-07-17,1
com.betterhelp,BetterHelp - Therapy,Simoné Scholtz,5,I would 100% recommend this. They have soo many resources and are wayy cheaper than normal therapy if you consider everything you're getting. It's real value for your money,2026-07-17,0
com.betterhelp,BetterHelp - Therapy,Andrew Moore,1,"Another service that only wants your money. The first time using this service, I had a therapist that wouldn't show up and when she did, she was working on household chores. The second attempt was worse, couldn't even get through setting the service up through the app before it glitched and stopped working. When you reach out to customer service, it's radio silence. They say someone will be in con",2026-07-17,8
com.betterhelp,BetterHelp - Therapy,Natalia Krause,2,"this app/Service didnt help me at all. I ended up relying on Cerebral for a year, instead (which also didnt help much... Just a lot of judgement..) this service is too expensive, the counselors are scripted, & no one helped me. I was juggled between 3 counselors before I left. I dont recommend it unless you're desperate & dont have other options. sure, I connected with someone - but it didnt help ",2026-07-17,2
com.betterhelp,BetterHelp - Therapy,Tiya Sims,5,Great App and service you receive,2026-07-17,0
com.betterhelp,BetterHelp - Therapy,Alexis Lusk,5,Hey I like your app it really helped last time like I said thanks for the app,2026-07-16,0
com.betterhelp,BetterHelp - Therapy,Mars,1,"Money Hungry. Charged my four times (Weekly) when I was only able to schedule with the therapist once. yeah that's right, weekly charges. not charges based on sessions with your therapist or having the chance to actually get help but completely taking advantage of you and charging you when you aren't getting anything in return at all.",2026-07-16,2
com.betterhelp,BetterHelp - Therapy,Kris Cameron,5,"it's exactly what I needed and if you don't try you'll never know. Personally though this has worked wonders for myself and my loved ones, even just talking to a stranger and being given the tools to make positive changes is life changing",2026-07-16,0
com.betterhelp,BetterHelp - Therapy,George Miller,5,It's therapeutic.,2026-07-14,0
com.betterhelp,BetterHelp - Therapy,Mike Greer,4,good app but it has bugs with streaming some times,2026-07-14,0
com.betterhelp,BetterHelp - Therapy,lezleilovesturtles,4,I've found it very helpful to me dealing with my mental health issues and I love that the therapist check up on you!,2026-07-13,0
com.betterhelp,BetterHelp - Therapy,Ahni,2,"the begining was a good start, after awhile the therapists made snarky and condescending remarks to where I wasn't getting anywhere. as for suggestions or recommendations, there were no other than grounding. not any therapists suggested reiki therapy or anything. it was like I was being forced to go back to the public free organization of certified counselors instead of liscensed and degreed profe",2026-07-13,1
com.betterhelp,BetterHelp - Therapy,Liliy Mateu,5,very good,2026-07-13,0
com.betterhelp,BetterHelp - Therapy,Angus Mcbumfarty,1,all the adds leads you to therapy,2026-07-12,2
com.betterhelp,BetterHelp - Therapy,Emilie Sivers,4,its fine good,2026-07-12,0
com.betterhelp,BetterHelp - Therapy,Cici Cobbs,1,"do not use this company !!!! they pre-authorized my insurance telling me my sessions would be $10 each. then I randomly was charged $60 per session. reaching out to billing is A JOKE! you can only communicate through email and they say they'll respond in 24-48 business days but from my experience its weeks if at all. I never received a statement for what I owed ,no due date on when to pay my balan",2026-07-12,2
com.betterhelp,BetterHelp - Therapy,Gamzee Makara,1,this is the darkest sht I've ever seen a blatant scam. the therapists are incredibly unprofessional and seemingly don't know what their talking about past basic advice I could give you and the site has no way of cancelling your account so it'll just keep billing you seemingly forever. never download this your ACTUALLY better off just being depressed than depressed and broke,2026-07-11,3
com.betterhelp,BetterHelp - Therapy,Audrey Brust,5,"able to do therapy fast. I was able to find someone that helps me with my specific needs. They understand me, and help me through most of my hardships. They give me tools to use. thank you..",2026-07-11,0
com.betterhelp,BetterHelp - Therapy,Zoey W,4,Great app. Hate when they review hound you so removing a star.,2026-07-10,0
com.betterhelp,BetterHelp - Therapy,Renee Broom,5,So far so good. You have to find a therapist that fits you,2026-07-10,0
com.betterhelp,BetterHelp - Therapy,Bud_ Bud_,3,its stuck loading on verification,2026-07-10,0
com.betterhelp,BetterHelp - Therapy,Pamela Redding,5,it is helpful to have someone to talk to without being judged.,2026-07-10,0
com.betterhelp,BetterHelp - Therapy,Desirae Games,5,great service,2026-07-10,0
com.betterhelp,BetterHelp - Therapy,Sami Elalem,1,horrible app worse company,2026-07-10,2
com.betterhelp,BetterHelp - Therapy,rickcorkum89,1,"this app is greasy at best if not down right exploitative. Said my insurance covered it then charged me for all of my sessions at once. No prior statement, email, text or massage in the app at any point to tell me my insurance was not covering sessions or i would be accumulating any fees. logging into the app right now says my expected payment is $0 with my insurance. A copay was expected but this",2026-07-09,1
com.betterhelp,BetterHelp - Therapy,Hans,1,getting really tired of hearing your condescending ads on podcasts.,2026-07-09,1
com.betterhelp,BetterHelp - Therapy,Robin Cannon,5,"Professional help in the privacy of my home (or wherever your phone is) My therapist is experienced, knowledgeable and friendly. I recommend this service.",2026-07-08,0
com.betterhelp,BetterHelp - Therapy,Sonic and Toadette Fan,2,"I give this 2 stars, because almost every time I had a therapy session with my last therapist, the video call would freeze and I wouldn't be able to hear what my last therapist says and my last therapist wouldn't be able to hear me and theb the therapy sessions wouldn't get done with because if that, it's annoying. My mom paid like $60 dollars or more and all of her money went to waste.",2026-07-08,1
com.betterhelp,BetterHelp - Therapy,Max Navy (maxnavy66),3,"$90 a week, $360 a month. Giving a 3 because I couldn't afford it and never used the product. I applied for a discounted rate and they gave me 10% off (better than nothing ig but still not in my budget)",2026-07-07,0
com.betterhelp,BetterHelp - Therapy,Ekayah Williams,3,"Therapist was cool...just...didn't connect really well and wasn't able to utilize the other aspects of the app. Its not a bad app, just not for me.",2026-07-05,0
com.betterhelp,BetterHelp - Therapy,jacob paterson,1,doesn't give me a chance to explore options before paying for it,2026-07-05,1
com.betterhelp,BetterHelp - Therapy,Kenny Brittain,1,haven't used their services in 6 months and still being billed after they claimed that there was an issue with my insurance company,2026-07-01,1
com.betterhelp,BetterHelp - Therapy,Shannon Sullivan,5,"Excellent services, very thankful.",2026-06-28,0
com.betterhelp,BetterHelp - Therapy,hannah stephenson,2,"they take my insurance so thats a plus but after specifically saying I need in person sessions it matched me with a therapist 2hrs away that only offers virtual, and very limited availability. I cant be sure but i beleive they use AI in their set up process to clarify your answers which I personally dont care for. If youre ok with virtual appointments and not too picky about your appointment times",2026-06-27,1
com.betterhelp,BetterHelp - Therapy,Emma Birch,1,It's insane that I have to pay like $200 a week with insurance. It's insanely expensive and u have to pay for a week to be able to use ur insurance. what a scam.,2026-06-26,1
com.betterhelp,BetterHelp - Therapy,Stephanie Pearlman,5,Love everything about it. So much easier than going out and finding someone yourself and you can always contact them. Fantastic,2026-06-25,0
com.betterhelp,BetterHelp - Therapy,Matthew Walters,1,I stopped making sessions then about a month later started to get fees when my insurance was listed at $0. person I would meet with would always end meetings short.,2026-06-24,2
com.betterhelp,BetterHelp - Therapy,Daniel Shern,1,What a joke. I emptied my soul to them and it took 2 weeks for them to assign a so-called therapist to me who had no training whatsoever in the issues which I disclosed. Obviously more harm than good is how I must summarize them.,2026-06-24,1
com.betterhelp,BetterHelp - Therapy,jeremy whatton,1,not helping,2026-06-24,1
com.betterhelp,BetterHelp - Therapy,Eric Fenimore,5,"I've always been skeptical of therapy, but BetterHelp matched me with someone who I can bounce my thoughts off of and get neutral, unbiased feedback.",2026-06-23,0
com.betterhelp,BetterHelp - Therapy,David Hilton,5,very helpful with dealing with long time events in my past and mental health,2026-06-23,0
com.betterhelp,BetterHelp - Therapy,Garrett Reid,5,easy conversation and very easy to not feel self conscious using it,2026-06-23,0
com.betterhelp,BetterHelp - Therapy,Maxine Page,4,wish you guys took Fidelis-Medicaid,2026-06-21,0
com.betterhelp,BetterHelp - Therapy,Heather McClelland,5,The best place to find a therapist!,2026-06-19,0
com.betterhelp,BetterHelp - Therapy,david stiller,1,This is a scam. They take your money maybe they ll connect you with a person who would like to speak maybe not. thise people do not have license to be therapist. be aware. if you tell your address they ll come to your home and rob you. and they ll take your sim card.. be carefully with who do you share personal information on the internet. anybody can say he or she is a therapist. they listen your,2026-06-19,2
com.betterhelp,BetterHelp - Therapy,Deven,1,"I'm not typically someone who ever leaves comments or reviews on things, but I had to make an exception this time. I was attempting to get back into therapy and wanted to try something new, so imagine my disappointment when my therapist started putting my information and messages into Chat GBT, copied its responses, and sent them to me like I wouldn't know the difference?! I don't even know what t",2026-06-18,2
com.betterhelp,BetterHelp - Therapy,Anna S,2,Donna San Salvador. 1 session. Awful therapist who needed therapy. I told BH about my experience as left the app a few years ago. There were several things wrong with how she handled me but the thing that sticks out the most is her question about my boyfriend's and my money as I expressed my problems. After leaving a complaint I checked her social media and found a post about being tired of financ,2026-06-18,2
com.betterhelp,BetterHelp - Therapy,Joseph Zazzara,5,Really Great!,2026-06-18,0
com.betterhelp,BetterHelp - Therapy,Ashley Jackson,5,Great therapist,2026-06-18,0
com.sociosoft.sobertime,Sober Time - Sober Day Counter,Richard Vespoli,5,it's such a great app because you can post how you feeling and to hear from other people and to be able to help them cuz that's what it's all about helping each other,2026-08-23,0
com.sociosoft.sobertime,Sober Time - Sober Day Counter,Briankeith Mallon,4,I like the app it not what I was looking for I was looking for one that counted year months day and hour but it's a good app I like,2026-08-23,0
com.sociosoft.sobertime,Sober Time - Sober Day Counter,Catie Hudson,5,love this,2026-08-23,0
com.sociosoft.sobertime,Sober Time - Sober Day Counter,Kenneth Pesonen,3,good,2026-08-22,0
com.sociosoft.sobertime,Sober Time - Sober Day Counter,Ayla Helms,2,can't use widget without paying lame,2026-08-22,0
com.sociosoft.sobertime,Sober Time - Sober Day Counter,Dean Sheridan,5,excellent,2026-08-22,0
com.sociosoft.sobertime,Sober Time - Sober Day Counter,Stevie Harker,5,brilliant,2026-08-21,0
com.sociosoft.sobertime,Sober Time - Sober Day Counter,Breanna Morales,5,i like how it lets me know how far I am from being 60 days,2026-08-21,0
com.sociosoft.sobertime,Sober Time - Sober Day Counter,Julie Hodgdon,5,I like how it tells me what to expect at each stage. mom,2026-08-20,0
com.sociosoft.sobertime,Sober Time - Sober Day Counter,Chris Clarke,5,"newly sober, and haven't been able to keep track of how long it's been until I got this!",2026-08-20,0
com.sociosoft.sobertime,Sober Time - Sober Day Counter,Johan Du toit,5,just makes it easy to remember my sober date and it makes it even better to be able to see how far i have come also gives alot of other goodies so definitely recommend this app,2026-08-20,0
com.sociosoft.sobertime,Sober Time - Sober Day Counter,Alfred-Amey Parker,5,greeeaaattt,2026-08-20,0
com.sociosoft.sobertime,Sober Time - Sober Day Counter,Charlie Gonzalez,5,it's good I like the journaling prompts because I forget to journal sometimes and the app won't let me forget,2026-08-20,0
com.sociosoft.sobertime,Sober Time - Sober Day Counter,Alex Landsaw,5,keeps me sober,2026-08-19,0
com.sociosoft.sobertime,Sober Time - Sober Day Counter,Wildland Fire85,5,love this app!!,2026-08-19,0
com.sociosoft.sobertime,Sober Time - Sober Day Counter,Rorie Vertucci,5,I like Sober Time because counts the years months days hours minutes and time So it reminds me how long it's been But just one day at a time Thanks,2026-08-19,0
com.sociosoft.sobertime,Sober Time - Sober Day Counter,Michael Hill,5,good app,2026-08-18,0
com.sociosoft.sobertime,Sober Time - Sober Day Counter,Daron,1,"The app carried my data for 8 years across multiple devices. That's all gone as of the reboot. There are now more ads, and they are more invasive.",2026-08-18,0
com.sociosoft.sobertime,Sober Time - Sober Day Counter,Tia Bidlack,5,This has been an amazing addition to my tablet! It not only helps me count and stay motivated but the daily inspirational quotes give me the encouragement I need to keep pushing forward in my journey to get sober and stay sober... one day at a time. In time it will also help me count days when I quit smoking. Right now it's helping me count down days to my quit date. I love it!!,2026-08-18,0
com.sociosoft.sobertime,Sober Time - Sober Day Counter,Julie,5,"UPDATE: After trying several other apps through the year, this is the one I always come back to. I use this for clean eating, not sobriety. Does everything I need. Lots of modifications and options. No complaints.",2026-08-18,0
com.sociosoft.sobertime,Sober Time - Sober Day Counter,Thomas Dean,5,"great app, very precise.",2026-08-18,0
com.sociosoft.sobertime,Sober Time - Sober Day Counter,rebecca wangoi,5,Gives you a space to journal. Amazing,2026-08-18,0
com.sociosoft.sobertime,Sober Time - Sober Day Counter,Mat Creager,5,I love this app it reminds me to journal tells me how many days I've got clean and sober down to the second I'm fully impressed,2026-08-18,0
com.sociosoft.sobertime,Sober Time - Sober Day Counter,Torrey Watkins,5,great app,2026-08-17,0
com.sociosoft.sobertime,Sober Time - Sober Day Counter,ethan mastache,5,"helping me stay sober, honestly I feel great.",2026-08-17,0
com.sociosoft.sobertime,Sober Time - Sober Day Counter,Nonajane Martin,5,love it,2026-08-17,0
com.sociosoft.sobertime,Sober Time - Sober Day Counter,Conrad Hees,5,good app,2026-08-16,0
com.sociosoft.sobertime,Sober Time - Sober Day Counter,Kim Bolton,4,I want to change to days not months and having trouble,2026-08-15,0
com.sociosoft.sobertime,Sober Time - Sober Day Counter,Ro Raq R,5,Thank you for this Wonderful App. I finally hit 30 Days...,2026-08-15,0
com.sociosoft.sobertime,Sober Time - Sober Day Counter,Don Smith,5,I have had more fun in 33 days than I had in 47 years,2026-08-14,0
com.sociosoft.sobertime,Sober Time - Sober Day Counter,Michael Newell,5,It was great,2026-08-14,0
com.sociosoft.sobertime,Sober Time - Sober Day Counter,Brian Agpalo,5,"love it, day by day journaling sober dates, info etc.. great app",2026-08-13,0
com.sociosoft.sobertime,Sober Time - Sober Day Counter,Lee,5,It works if you let it.,2026-08-13,0
com.sociosoft.sobertime,Sober Time - Sober Day Counter,christian brennan,5,it's a great tool .,2026-08-13,0
com.sociosoft.sobertime,Sober Time - Sober Day Counter,Chad B.,5,has a lot of personal tools and ways to look at sobriety has good tips for sure. also I like how it allows you track multiple sober dates,2026-08-13,0
com.sociosoft.sobertime,Sober Time - Sober Day Counter,Aklilu Kahsai,5,Recovery is a miracle 🙏.,2026-08-11,0
com.sociosoft.sobertime,Sober Time - Sober Day Counter,Marissa Rangel,5,great,2026-08-10,0
com.sociosoft.sobertime,Sober Time - Sober Day Counter,Patrick C.,2,widget costs money,2026-08-10,1
com.sociosoft.sobertime,Sober Time - Sober Day Counter,Chris Mikulenka,5,great & motivational,2026-08-10,0
com.sociosoft.sobertime,Sober Time - Sober Day Counter,Toby O'Donnell,5,"a great app, I like that you can track multiple things. great to see what health benefits from quitting certain substances can do too. would be nice if subscription was a one off cost and maybe slightly cheaper",2026-08-10,0
com.sociosoft.sobertime,Sober Time - Sober Day Counter,Destinee,5,"Seems good so far, only been using it for a few days but I love seeing the little awards for different milestones. Soberity is a really difficult thing to do sometimes and its quite encouraging to see the counter going up. I also like that you can change the background.",2026-08-09,0
com.sociosoft.sobertime,Sober Time - Sober Day Counter,Chidiadi Enyinnaya,5,it's better,2026-08-07,0
com.sociosoft.sobertime,Sober Time - Sober Day Counter,Jarrod Jones,5,love these app,2026-08-06,0
com.sociosoft.sobertime,Sober Time - Sober Day Counter,punky juicer,5,it's a cool app just wish they would give the sober time in days or have the option to pick how it is presented.... okay well I just found the way to view seconds so 5 stars you get,2026-08-05,0
com.sociosoft.sobertime,Sober Time - Sober Day Counter,Bridget witbeck,5,I like this app so much because it not only counts your months and days but also the hours minutes and seconds as well great app to track your recovery ❤️,2026-08-04,0
com.sociosoft.sobertime,Sober Time - Sober Day Counter,Brenda Thomas,5,I truly love this app it's great for those in recovery,2026-08-03,0
com.sociosoft.sobertime,Sober Time - Sober Day Counter,Joey Treace,5,so far so good,2026-08-03,0
com.sociosoft.sobertime,Sober Time - Sober Day Counter,Elisha Griffin,5,I love this app and the milestones it recognizes as well as the daily inspiration,2026-08-03,0
com.sociosoft.sobertime,Sober Time - Sober Day Counter,Timothy Mohney,5,I love this app.,2026-08-03,0
com.sociosoft.sobertime,Sober Time - Sober Day Counter,Phillip Cruz,5,day one and it's a big help already,2026-08-02,0
com.sociosoft.sobertime,Sober Time - Sober Day Counter,Paul Hirndorf,1,to many adds,2026-08-02,0
com.sociosoft.sobertime,Sober Time - Sober Day Counter,Timmy Keller,5,i love this app,2026-08-01,0
com.sociosoft.sobertime,Sober Time - Sober Day Counter,Sunshine,5,Simple and sweet.,2026-07-31,0
com.sociosoft.sobertime,Sober Time - Sober Day Counter,John Krakau,5,amazing well guided though my addiction,2026-07-31,0
com.sociosoft.sobertime,Sober Time - Sober Day Counter,Cacy Bending,5,always there when needed And it has daily reminders to check in with yourself,2026-07-31,0
com.sociosoft.sobertime,Sober Time - Sober Day Counter,Phillip Jackson,5,I love being able to see my progression,2026-07-30,0
com.sociosoft.sobertime,Sober Time - Sober Day Counter,imransabir511 khan,5,v good. I trying to save us,2026-07-30,0
com.sociosoft.sobertime,Sober Time - Sober Day Counter,Mine Theron,5,love it,2026-07-29,0
com.sociosoft.sobertime,Sober Time - Sober Day Counter,Anthony Frazier,5,Nice to keep track of all my sober time!,2026-07-29,0
com.sociosoft.sobertime,Sober Time - Sober Day Counter,Trevor Jacobson,5,"Solid app with a fair pricing model! instead expecting drunks to cough up an annual subscription, ads for those who don't and a donate option for those who succeed. Great job!",2026-07-29,0
com.sociosoft.sobertime,Sober Time - Sober Day Counter,Brandon Smith,5,I love this app. It helps me stay on the right path,2026-07-29,0
com.sociosoft.sobertime,Sober Time - Sober Day Counter,August Mansfield,5,Its how I keep track of all my peeps in recovery and their clean time. it makes that easy.,2026-07-29,0
com.sociosoft.sobertime,Sober Time - Sober Day Counter,Russell Johnson,5,new to the app excited to see progress,2026-07-28,0
com.sociosoft.sobertime,Sober Time - Sober Day Counter,Veronica E,5,nice app!,2026-07-28,0
com.sociosoft.sobertime,Sober Time - Sober Day Counter,Olegs Parsins,5,Easy to use,2026-07-27,0
com.sociosoft.sobertime,Sober Time - Sober Day Counter,Erika Estrada,5,best app!,2026-07-27,0
com.sociosoft.sobertime,Sober Time - Sober Day Counter,Nick Swarts,5,Great app. Love the daily quotes.,2026-07-25,0
com.sociosoft.sobertime,Sober Time - Sober Day Counter,Brian Macho,5,Excellent app. I love the sober time counter!,2026-07-25,0
com.sociosoft.sobertime,Sober Time - Sober Day Counter,Amanda Lincoln,5,doesnt cost money and very helpful,2026-07-25,0
com.sociosoft.sobertime,Sober Time - Sober Day Counter,Justice V8,5,Best Counter Ever!!,2026-07-25,0
com.sociosoft.sobertime,Sober Time - Sober Day Counter,Layton Patterson,5,I like it !,2026-07-24,0
com.sociosoft.sobertime,Sober Time - Sober Day Counter,Jakaria mahmud Jibon,5,good,2026-07-24,0
com.sociosoft.sobertime,Sober Time - Sober Day Counter,Barek Wentworth,5,Great app. Simple and quick and I so far have nothing bad to say of it at all. Even the commercials are as tame as can be for a free version of an app.,2026-07-24,0
com.sociosoft.sobertime,Sober Time - Sober Day Counter,Gerard Hoornweg,5,"I appreciate having a vision board for my daily pledge. It helps me see my ""why"", my ideals and values, and most importantly: where I come from. Symbols and memories of my powerlessness. And more diverse support and motivational quotes as a member. I do not use the community support, as I have my own meetings /12 step program I take, but allround: great addition to give form to my recovery",2026-07-24,0
com.sociosoft.sobertime,Sober Time - Sober Day Counter,inkprint40,4,Awesome,2026-07-24,0
com.sociosoft.sobertime,Sober Time - Sober Day Counter,Cody Reid,5,I've been using it for months and it works for me almost 10 months sober,2026-07-24,1
com.sociosoft.sobertime,Sober Time - Sober Day Counter,Mooney,5,"Great app, very positive",2026-07-23,0
com.sociosoft.sobertime,Sober Time - Sober Day Counter,Corey Kelley,5,great app!!!!,2026-07-23,0
com.sociosoft.sobertime,Sober Time - Sober Day Counter,Yolanda Hensley,5,this is a great way to keep a reminder in my phone about my sober clean time. I get excited everyday when the number changes,2026-07-23,0
com.sociosoft.sobertime,Sober Time - Sober Day Counter,Steven King,5,its pretty cool for real I like it,2026-07-23,0
com.sociosoft.sobertime,Sober Time - Sober Day Counter,Todd Nathan,5,I enjoy the app,2026-07-21,0
com.sociosoft.sobertime,Sober Time - Sober Day Counter,Rodney Khonyongwa,5,"it's nice, but remove the adds",2026-07-20,0
com.sociosoft.sobertime,Sober Time - Sober Day Counter,Adam Brown,5,​I have used this app for the entire three years and five days I have been sober. It is spot on for keeping track of your streak. I highly recommend it to stay inspired and focused on the future. Good Luck 💪😁,2026-07-20,1
com.sociosoft.sobertime,Sober Time - Sober Day Counter,Ashley Cannon,5,amazing feels great to have a tracker,2026-07-20,0
com.sociosoft.sobertime,Sober Time - Sober Day Counter,Eryc Kowalczyk,5,a great way too keep track,2026-07-20,0
com.sociosoft.sobertime,Sober Time - Sober Day Counter,Kenneth Boyle,5,one day at a time,2026-07-19,0
com.sociosoft.sobertime,Sober Time - Sober Day Counter,John,5,"Absolutely love it, layout is great and you can set personal goals as well!",2026-07-18,0
com.sociosoft.sobertime,Sober Time - Sober Day Counter,Matthew Hart (just_junior7),5,keep doing it.,2026-07-17,0
com.sociosoft.sobertime,Sober Time - Sober Day Counter,Steven Mackenzie,5,"had a lower rating at first as was getting annoyed at adverts but it was just me getting use to it, actually quite good.",2026-07-17,0
com.sociosoft.sobertime,Sober Time - Sober Day Counter,Atomic Valkyrie,5,stay sober guys 👦 🙂 😌 and girls 👧,2026-07-16,0
com.sociosoft.sobertime,Sober Time - Sober Day Counter,Anthony Westmoreland,5,great,2026-07-16,0
com.sociosoft.sobertime,Sober Time - Sober Day Counter,Michele E,5,good app so far I've had it for a day,2026-07-16,0
com.sociosoft.sobertime,Sober Time - Sober Day Counter,Eric,1,"nothing made me want to start drinking more, than receiving an ad while trying to seriously think about my life and drinking. Today was a bad day...PLAY CLASH CLANS NOWWW 🎶🎶🎶🎸🎸",2026-07-15,1
com.sociosoft.sobertime,Sober Time - Sober Day Counter,Peter Davis,5,very helpful!,2026-07-15,0
com.sociosoft.sobertime,Sober Time - Sober Day Counter,Tom Viilo,5,simple and straightforward,2026-07-15,0
com.sociosoft.sobertime,Sober Time - Sober Day Counter,Dazai “Dazai” Armstrong,4,"I love this even more than the ""I am sober"" app because I can costumize my app and the icon thingy, too bad about the ads but worth it for making my app pink and white !!",2026-07-15,0
com.sociosoft.sobertime,Sober Time - Sober Day Counter,Jennifer Neighbors,5,simple. easy. perfect.,2026-07-14,0
com.sociosoft.sobertime,Sober Time - Sober Day Counter,That Guy You Aren't,4,"Downloaded this app a few weeks ago, and whilst I've been loving it, I'm having a real issue with it: The phone I downloaded it on is dying. I took out a premium membership so I could sync across devices. Don't wanna lose my journal entries or anything. Stuff from my original device isn't showing in ""Auto backups,"" so I hit the upload button for Slot 1 under ""Manual backups."" 10 hours later, it's ",2026-07-14,0
com.sociosoft.sobertime,Sober Time - Sober Day Counter,Nick Cmerek,5,great,2026-07-13,0
com.sociosoft.sobertime,Sober Time - Sober Day Counter,Christina Smith,5,love it,2026-07-13,0
org.isoron.uhabits,Loop Habit Tracker,Hiếu Nguyễn Kim,5,king of habit tracker,2026-08-24,0
org.isoron.uhabits,Loop Habit Tracker,Miodrag Yelenkovich,5,"Simple has notifications, that's why it's the best",2026-08-24,0
org.isoron.uhabits,Loop Habit Tracker,M. Majharul Islam Riaj,5,Awesome app,2026-08-23,0
org.isoron.uhabits,Loop Habit Tracker,Aiz Says,5,the best,2026-08-23,0
org.isoron.uhabits,Loop Habit Tracker,Mohammed Riyaz,5,Really the best one,2026-08-23,0
org.isoron.uhabits,Loop Habit Tracker,AMGLOW 138,5,"simple, light, effective",2026-08-22,0
org.isoron.uhabits,Loop Habit Tracker,Tursinboyev Shohzodbek,5,"Very simple and minimalistic, yet doesnt lack any functionality at all, love this app",2026-08-22,0
org.isoron.uhabits,Loop Habit Tracker,Derek Morris,5,"simple, gets job done with widget that makes progress visual",2026-08-22,0
org.isoron.uhabits,Loop Habit Tracker,Yash Yadav,4,best of best habit tracker app,2026-08-21,0
org.isoron.uhabits,Loop Habit Tracker,Almas Hussain,5,Have been using this for alot now. The only problem is it's not available on iOS. could you please make the same version for iOS with a bit more overall analytics?,2026-08-21,0
org.isoron.uhabits,Loop Habit Tracker,Joel Greyling,5,Hell yea,2026-08-20,0
org.isoron.uhabits,Loop Habit Tracker,Raju Das,4,it's too good but it's text is small,2026-08-20,0
org.isoron.uhabits,Loop Habit Tracker,loay gaming,5,"Free, Open source, and efficient, need I say more?",2026-08-20,0
org.isoron.uhabits,Loop Habit Tracker,Geetansh Korde,5,This is a no nonsense app for someone who wants to build a habit or break one. clean interface with easy to understand functions.,2026-08-19,0
org.isoron.uhabits,Loop Habit Tracker,Nihar Pawar,5,The goat. I have been using it since 1st jan 26 and its really helpful easy and works really well. Not saying can't be improved but rn in market its free and almost good enough to keep track of things you do everyday. Thanks devs,2026-08-19,0
org.isoron.uhabits,Loop Habit Tracker,Ishu,5,"It’s a really great habit tracker app! The best thing is that there are no ads, and I really love how simple, clean, and easy to use it is. It makes tracking habits effortless and enjoyable. Highly recommended!💜",2026-08-19,0
org.isoron.uhabits,Loop Habit Tracker,Mithesh M,4,"I liked the Minimalistic design. overall, it has quite some useful features. One improvement I can suggest is to add a different color in the Calendar for the ""No"" ticks. That way we can differentiate easily in the Calendar when we have done or not done a Habit. As of now, all the ticks are of the same color.",2026-08-19,0
org.isoron.uhabits,Loop Habit Tracker,Night Street,5,"Simple and really helpful as it provides data of streaks and goals that need measurement. This is the best one, and that confetti touch is cherry on top",2026-08-18,0
org.isoron.uhabits,Loop Habit Tracker,Amy Fortier,5,"straightforward, not complicated, super helpful!",2026-08-17,0
org.isoron.uhabits,Loop Habit Tracker,Syed Haider,5,"The best app ever created to track habits, no extra fluff just straight on work",2026-08-17,0
org.isoron.uhabits,Loop Habit Tracker,JENNY THOMAS,5,Great app. Widgets encouraged me to continue habits daily. Helped lot to improve myself. Thankful to the developer team for such a wonderful productive app.,2026-08-17,0
org.isoron.uhabits,Loop Habit Tracker,Q (白挪),4,simple and easy to use,2026-08-17,0
org.isoron.uhabits,Loop Habit Tracker,D. Salazar,5,one week and is working for me.,2026-08-16,0
org.isoron.uhabits,Loop Habit Tracker,Ruthanne Bowers,4,"One of the best habit apps I have found, it has a lot of features that others are lacking. Two wishes though: 1) If there was an easy way to see the next time we have to do something, it would help with planning ahead. and 2) if we could have a frequency of every x weeks instead of just every x days. right now I might have some thing set to every 84 days, but it would be nice if it could be a simp",2026-08-16,0
org.isoron.uhabits,Loop Habit Tracker,rahul nair,4,"Hi,It would be great to have an auto-save feature so text isn't lost if you accidentally click away without saving. Additionally, please consider adding a feature to schedule or set up notes for future dates.",2026-08-16,0
org.isoron.uhabits,Loop Habit Tracker,Sumit Sharma,5,The best habit-tracking app so far,2026-08-16,0
org.isoron.uhabits,Loop Habit Tracker,Fabian Dudda,5,"Love the app but I'd like an auto completion feature everyday, to track bad habits too. Habits you'd only track when you fail.",2026-08-15,1
org.isoron.uhabits,Loop Habit Tracker,Bereket Gintamo,5,"Best app i ever use , thanks team !",2026-08-13,0
org.isoron.uhabits,Loop Habit Tracker,Abrar Shaikh,4,"Honestly a really solid app,its got all the features you'd need that too for free ,although there is one thing, there needs to be a feature where you can see all the habits together for like an entire month just like a notebook where you can see everything together",2026-08-13,0
org.isoron.uhabits,Loop Habit Tracker,Viet Harvey,5,excellent,2026-08-12,0
org.isoron.uhabits,Loop Habit Tracker,Vaseeq Mehraj,5,Superb,2026-08-12,0
org.isoron.uhabits,Loop Habit Tracker,Lizz Holland,3,loved this app but my phone broke and I have now lost all the old data and can't sync it to a new phone,2026-08-12,0
org.isoron.uhabits,Loop Habit Tracker,Christi Sibley,5,it's perfect,2026-08-12,0
org.isoron.uhabits,Loop Habit Tracker,Zanko,5,The best and most user friendly habits tracker app out there 10/10,2026-08-12,0
org.isoron.uhabits,Loop Habit Tracker,Lifo Industries,5,very good,2026-08-11,0
org.isoron.uhabits,Loop Habit Tracker,Manohar Singh Chouhan,5,"Just Say Amazing,, Koi heavy interface nhi , koi advertisement nhi just simple and sober. Good Job",2026-08-11,0
org.isoron.uhabits,Loop Habit Tracker,Kat R,5,simple and useful,2026-08-10,0
org.isoron.uhabits,Loop Habit Tracker,nithin b,5,Awesome app for daily habit followers,2026-08-10,1
org.isoron.uhabits,Loop Habit Tracker,Umesh,5,"Best ad-free habit tracker! Request to the developer: Please add Auto-sync between Mobile & PC, a Web/PC version, and a daily completion percentage metric. That would make it 10/10!""",2026-08-10,1
org.isoron.uhabits,Loop Habit Tracker,Hutesh Vidhate,5,best,2026-08-09,0
org.isoron.uhabits,Loop Habit Tracker,Purushotham Reddy,5,a very great app..must recommended,2026-08-09,0
org.isoron.uhabits,Loop Habit Tracker,Parth Jain,5,"Great app, awesome UI",2026-08-09,0
org.isoron.uhabits,Loop Habit Tracker,Parth Arora,5,very good app. it helps build consistent habits. clean interface with no ads. very good graphs and charts.,2026-08-09,0
org.isoron.uhabits,Loop Habit Tracker,Harsh Talele,5,very nice app,2026-08-09,0
org.isoron.uhabits,Loop Habit Tracker,Mai Mohamed,5,Life changer App ♥️♥️♥️♥️♥️♥️♥️,2026-08-09,0
org.isoron.uhabits,Loop Habit Tracker,Abhyudit Joshi,5,God Bless you App Developer. This App is a Gift!,2026-08-08,0
org.isoron.uhabits,Loop Habit Tracker,Rukmini Lilaras Devi Dasi,5,"useful , but i wish it could show history",2026-08-08,0
org.isoron.uhabits,Loop Habit Tracker,Doug Hensch,5,I use it every day. I wish it could save to the cloud so I could import my data when I switch phones...,2026-08-08,1
org.isoron.uhabits,Loop Habit Tracker,ABHAY RAINA,5,Minimal. Engaging. Useful. Mindful. Thanks for this one dev :),2026-08-07,1
org.isoron.uhabits,Loop Habit Tracker,Mostafa Soltanian,5,"It's great, it's light, minimalist, simple, practical, and beautiful. I just wish it had an Iranian calendar, a category feature, and the ability to leave notes for each habit every day.",2026-08-07,0
org.isoron.uhabits,Loop Habit Tracker,M. Badreddin,5,Very helpfull,2026-08-07,0
org.isoron.uhabits,Loop Habit Tracker,Ruth Ansell,5,"Easy to set up and use, clean graphics and good user experience.",2026-08-07,0
org.isoron.uhabits,Loop Habit Tracker,Mehreen Hasan,5,hands down best habit tracker. keep coming back to it.,2026-08-06,0
org.isoron.uhabits,Loop Habit Tracker,Atish Sagavakar,5,great app i don't see anything like this one,2026-08-06,0
org.isoron.uhabits,Loop Habit Tracker,Labamba,5,"Simple, good UI, everything is working, no ads. A rare find. I wish there was a option to share habits with friends.",2026-08-06,1
org.isoron.uhabits,Loop Habit Tracker,Swayam Singh,4,have an option to reset the checklist.,2026-08-05,0
org.isoron.uhabits,Loop Habit Tracker,Shari Gg,5,"Great app! Can we check why the home screen widget doesn't show measurable ""At most"" habits as completed",2026-08-05,0
org.isoron.uhabits,Loop Habit Tracker,Vijeta Tantry,5,the best one out there honestly. no mess drama or extra stuff. just perfect. thank you for keeping it free. truly appreciate,2026-08-05,0
org.isoron.uhabits,Loop Habit Tracker,عصمت الله,5,perfect,2026-08-05,0
org.isoron.uhabits,Loop Habit Tracker,Ahmed KDP,5,"Amazing. I can't describe how happy I'm that I found this app. Simple, elegant and easy to use. The UI is very good. ***** Important Request***** I would like the developer of this app to please add the things like, TO-DO-LIST Reminders Journals (notes) I think by adding these additional features, this will be a perfect app that will fulfill entire things like journaling, habit tracking and remind",2026-08-04,0
org.isoron.uhabits,Loop Habit Tracker,meta Corp,5,perfect and practical; I would like to suggest addition of custom picture to each habit for more UX enhancements and visual engagement . thanks devs.,2026-08-03,0
org.isoron.uhabits,Loop Habit Tracker,Joseph Hansen,5,Went out of my way to give 5 stars because of the awesome Tasker integration.,2026-08-03,0
org.isoron.uhabits,Loop Habit Tracker,Mohamed Ali Elhenedy,5,can you add groups . for example Sport ( gym - running - cardio ) when tap on sport open its contents,2026-08-03,0
org.isoron.uhabits,Loop Habit Tracker,Ismail N,5,great app 😁👍🏻 but should more time on ui .if this gets ui update it is gonna be massive.. Thanks 🙏🏻👍🏻,2026-08-02,0
org.isoron.uhabits,Loop Habit Tracker,Kevin Turnbull,5,perfectly simple and effective !,2026-08-01,0
org.isoron.uhabits,Loop Habit Tracker,Anjanamma,5,nice,2026-08-01,0
org.isoron.uhabits,Loop Habit Tracker,Youtuber Boss,5,Great app Better than any habit tracker apps I think I just found pure Gold 🪙,2026-08-01,0
org.isoron.uhabits,Loop Habit Tracker,Montasir,4,great,2026-07-31,0
org.isoron.uhabits,Loop Habit Tracker,Vamsi Yandapalli,5,Simple and very useful.,2026-07-30,0
org.isoron.uhabits,Loop Habit Tracker,Ananya Tanticharoensin,5,"Free, No Ads, And Good",2026-07-29,1
org.isoron.uhabits,Loop Habit Tracker,Elliot Ignatyev (Chance),5,This app is a very simple and straightforward habit tracker app - you can modify how often you need to do certain things and it's been really helpful to keep track of things for me. I also really like how once you have enough data it gives you the breakdown of what days you do things more often and you can set alerts for specific things.,2026-07-29,3
org.isoron.uhabits,Loop Habit Tracker,Brixter Tabun,1,"This app has been abandoned. The developer doesn't update it anymore. I use ""Chrono.me"" habit tracker now.",2026-07-29,2
org.isoron.uhabits,Loop Habit Tracker,Krishna Gupta,5,"hey v good app , but can u just add one feature when we click on tick it gets green or whatever color we chose similarly there is option for choosing either tick or cross and cross shows like this when chosen ❌ . because something imes as being busy I would like to apply cross by choice instead of thinking i missed something . i subconscious pushes mind I did something by choice only . it would be",2026-07-28,0
org.isoron.uhabits,Loop Habit Tracker,Aditi Bansal,5,"It's an amazing quick, minimal app. And it's really help me to stay on track without overwhelming me.",2026-07-27,0
org.isoron.uhabits,Loop Habit Tracker,Azan Shi,5,this app is amazing,2026-07-27,0
org.isoron.uhabits,Loop Habit Tracker,Ravi Sammangi,5,good for daily routine and discipline,2026-07-27,0
org.isoron.uhabits,Loop Habit Tracker,Unreal Paulo,5,"excellent, customisable and reliable",2026-07-26,0
org.isoron.uhabits,Loop Habit Tracker,Sarthak Peepra,4,It's a great app privacy focused and no pay wall but i have just one complaint the multi month calendar view seems bit cluttered i would be nice if there was a option to to view each month separately,2026-07-26,0
org.isoron.uhabits,Loop Habit Tracker,Abdayah,3,"This app has helped me realize my inconsistency in areas. Using this app has held me accountable. Those are amazing things, but i'm giving the app 3 stars just because i really hate the hollow check marks feature. With the hollow check marks, it makes it difficult to tell whether a task was completed for the day or not. I can't sort the tasks out via completion (the app sees it as ""complete""), & I",2026-07-25,0
org.isoron.uhabits,Loop Habit Tracker,Hardik Bansal,5,Great app. simple and minimal,2026-07-25,0
org.isoron.uhabits,Loop Habit Tracker,Manikanta Reddy Gudla,5,"Great Work, Very Helpful",2026-07-25,0
org.isoron.uhabits,Loop Habit Tracker,ANAS,5,Best app i love it. i wish if it had an option to add a background image from my gallery 😅,2026-07-24,0
org.isoron.uhabits,Loop Habit Tracker,D. L. Masters,5,I've installed/uninstalled this app a few times as needed. It keeps getting better each time. It's simple and free to use. ♥️,2026-07-24,0
org.isoron.uhabits,Loop Habit Tracker,Nekear,5,The best habit tracking app on the market. The only thing that's missing is an ability to specify the exact days when something should be done.,2026-07-24,0
org.isoron.uhabits,Loop Habit Tracker,Hari Haran S S,5,best app for charcter re development,2026-07-23,0
org.isoron.uhabits,Loop Habit Tracker,Anakin Fox,5,"fast, lightweight, free, no limits, aesthetic design, customizable, open-source. literally no reason to use any other app.",2026-07-23,0
org.isoron.uhabits,Loop Habit Tracker,Redouane R1,5,"Perfect, I need it but for pc",2026-07-22,0
org.isoron.uhabits,Loop Habit Tracker,Natalia Balwicka,5,as a perfectionist with one million interests i find this app truly perfect. its not reminding me i didnt do smth and doesnt make me feel quilty abt it. perfect!,2026-07-22,0
org.isoron.uhabits,Loop Habit Tracker,Logan Pauli,5,I never rate any apps but this was so good that i had to.,2026-07-22,0
org.isoron.uhabits,Loop Habit Tracker,Yawar Ali,5,Wonderful app without ads. Love it.,2026-07-22,0
org.isoron.uhabits,Loop Habit Tracker,Laith,5,great,2026-07-21,0
org.isoron.uhabits,Loop Habit Tracker,Esra Karaoğlu,3,"Great app, but I think it needs a home page first. There should be folders/categories there—for example, when I open a folder titled 'School,' my tasks for school should be listed, or when I open 'Health,' my health tasks should be listed. ​Currently, I want to add around 50 items, but some of them get lost far down the list. If we had the option to categorize and file them into folders, this woul",2026-07-20,0
org.isoron.uhabits,Loop Habit Tracker,Dani R,5,this app is amazing. highly recommend,2026-07-20,0
org.isoron.uhabits,Loop Habit Tracker,Somi,5,"the best app for tracking habit. its easiest to use,useful features and has no adds !!!!",2026-07-20,0
org.isoron.uhabits,Loop Habit Tracker,Ibrahim Zauroh Abdullahi,5,"simple, straightforward and intuitive",2026-07-19,0
org.isoron.uhabits,Loop Habit Tracker,rudra mangukiya,5,whole tech ers this app is best for ourself because habit tracking id so easy I tried so many different apps for habit tracking and also hold records organise way but I didn't get desired result after I get this app and lovely simple ui interface holds record perfect and also each habit has data charts like in percentage how many days etc also Counting like if I set 10 pushup habit list it will sh,2026-07-19,0
org.isoron.uhabits,Loop Habit Tracker,Mohammed Gomaa,5,I Really Recommend this app to anyone who wants a professional habit tracker app without paying money 🤑,2026-07-19,0
org.isoron.uhabits,Loop Habit Tracker,VRUTHIK,5,"Best simple app for tracking habits, but i we don't have the option transfer the data into iPhone so im requesting to make ios version of this",2026-07-18,0
org.isoron.uhabits,Loop Habit Tracker,chinmoykumar tirtho,5,Love this app! It's minimal & fast. The best part is it's AD free. Kudos to the developer.,2026-07-18,0
org.isoron.uhabits,Loop Habit Tracker,Sohil,5,"You're a real one for not putting a pay wall and helping millions with managing their habits. It would be cool if you could also set a 24-hour format as unit? so you can track time for when you woke/sleep. I'm also a developer, so along with making this suggestion, I'd like to contribute to this app if that's something you're open to?",2026-07-17,0
com.portablepixels.smokefree,Smoke Free - quit smoking now,Harriet Guy,5,Really helpful app and great encouragement from community and support from app. I've had set backs but the encouragement on here gets me back on track,2026-08-23,0
com.portablepixels.smokefree,Smoke Free - quit smoking now,Marko Rakic,1,"Latest app have loss of data. Interface modified, diary data loss. Not logical feature with crawings, not connected with diary.",2026-08-23,0
com.portablepixels.smokefree,Smoke Free - quit smoking now,Allainah Ramirez,5,original July 2025 I like the reason why as it helps me remember when I'm struggling what I am really doing this for. the achievements are a gun touch too 💜 and the daily diary reminders are nice in helping me be present in my choice to quit every day update Aug 2026 I am a year and 2 months smoke free and forever grateful to be where I am today. this app was a great help in me quitting and stayin,2026-08-22,0
com.portablepixels.smokefree,Smoke Free - quit smoking now,Kumar Ujjwal,5,"This is my first time leaving a review on the Play Store. I just had to, because I couldn't have quit without this app.",2026-08-21,0
com.portablepixels.smokefree,Smoke Free - quit smoking now,MOHAMED BESSEKRI,1,why in hell would I create an account for advices,2026-08-20,0
com.portablepixels.smokefree,Smoke Free - quit smoking now,AKMAL HUSSAIN & Co.,5,this is helping me a lot and plus it has a subscription model but you can also use it free.,2026-08-19,0
com.portablepixels.smokefree,Smoke Free - quit smoking now,Whitney Welker,5,actually finally quit. im the last person anyone would ever think to do it. but I did. the stats on smoke-free are really cool and helpful.,2026-08-19,0
com.portablepixels.smokefree,Smoke Free - quit smoking now,Shannon Foote,5,This helped me stay on track when I quit smoking 5 years ago. I still frequently check my progress and am always amazed to see how many cigarettes I haven't smoked! Such a great app!,2026-08-19,0
com.portablepixels.smokefree,Smoke Free - quit smoking now,James Meckler,1,"thought you could log your cigs and create a plan to step down , this app basically just calculations when you will be smoke free and tell you stuff to do other than smoking",2026-08-18,0
com.portablepixels.smokefree,Smoke Free - quit smoking now,geoffrey said,5,just nice to know support is there 24/7,2026-08-17,0
com.portablepixels.smokefree,Smoke Free - quit smoking now,N J,1,Unfortunately wouldn't allow me to verify email so had to delete as it wouldn't let me finish setting up. Was receiving verification email on same device but kept telling me to open it on the same device as app and follow instructions (I was opening it on the same device!). Disappointing!,2026-08-17,0
com.portablepixels.smokefree,Smoke Free - quit smoking now,Robert Therrien,5,Really helps me keep focused and my progress,2026-08-12,0
com.portablepixels.smokefree,Smoke Free - quit smoking now,Lisa Cross,5,this app is amazing.its helping me i would recommend this app if u wannna give smoking/vaping up as ive been quit smoking 5 days through this app gd work keep up the gd work,2026-08-11,0
com.portablepixels.smokefree,Smoke Free - quit smoking now,Brittany Bowhart,5,I came looking for an app to help me track how long it has been since I quit. to keep me motivated to not pick up again. I found so much more. I wish I had this sooner for my quitting journey. Here is a community. Goal setting! Like minded folks. Come quit with us!,2026-08-11,0
com.portablepixels.smokefree,Smoke Free - quit smoking now,Neil Stove,5,5 days no tobacco so far...... im hopeful,2026-08-10,0
com.portablepixels.smokefree,Smoke Free - quit smoking now,Zeynep Emek Akman,1,"This app has helped me quit smoking, but its community safety is seriously inadequate. Users can be banned, yet there appear to be no robust safeguards against them returning under new accounts, and moderation is not always available when problems arise. In a smoking-cessation community, where users may already be vulnerable and struggling with relapse, safety cannot depend on office hours. The co",2026-08-10,0
com.portablepixels.smokefree,Smoke Free - quit smoking now,Rabqa Ghafoor,5,"I’ve been using Smoke Free for a few weeks now and it has genuinely made quitting easier. What I love most is the day counter — seeing how many days I’ve gone without smoking keeps me motivated every single morning. The app also tracks health improvements, money saved, and milestones which makes the whole journey feel rewarding. The reminders and tips are simple but they really help during craving",2026-08-10,0
com.portablepixels.smokefree,Smoke Free - quit smoking now,Bella P. Arganbright,5,quitting smoking is for everyone who needs to Quit smoking!!! 👍🏽💕,2026-08-09,0
com.portablepixels.smokefree,Smoke Free - quit smoking now,Victoria Rigdon,5,It's nice to have something or someone to tell you how well you are doing. It's really helped me. Thank you❤️,2026-08-08,0
com.portablepixels.smokefree,Smoke Free - quit smoking now,jenny Billman,4,"very helpful, honest numbers to keep you inspired. I really enjoy the daily goals very introspective and kept me honest to the core reason I want to quit.",2026-08-07,0
com.portablepixels.smokefree,Smoke Free - quit smoking now,Katie Savage,5,Great app,2026-08-07,0
com.portablepixels.smokefree,Smoke Free - quit smoking now,vishal sharma,5,great app and thank you,2026-08-07,0
com.portablepixels.smokefree,Smoke Free - quit smoking now,Teresa Tank,5,The support both medically and mentally has been outstanding. Been smoke free for over a year now.,2026-08-07,0
com.portablepixels.smokefree,Smoke Free - quit smoking now,Jane Rogers,5,"helped me so much at the start, just the simple things like seeing the days go by, the money saved, 5 years smoke free. feel amazing, best thing I ever done 👌",2026-08-07,0
com.portablepixels.smokefree,Smoke Free - quit smoking now,Syeda Misbah,5,This is an amazing application for building positive daily habits and breaking old routines. The built-in day counter is extremely helpful for tracking progress and staying motivated every single day. Highly recommended for anyone wanting a healthier lifestyle!,2026-08-06,0
com.portablepixels.smokefree,Smoke Free - quit smoking now,Linda Cort,5,"easy to use, very helpful app",2026-08-05,0
com.portablepixels.smokefree,Smoke Free - quit smoking now,CLINTON GREEN,5,Amazing,2026-08-05,0
com.portablepixels.smokefree,Smoke Free - quit smoking now,nick waters,5,good app to help stop smoking,2026-08-05,0
com.portablepixels.smokefree,Smoke Free - quit smoking now,litutje,5,would recommend above other quitting apps,2026-08-05,0
com.portablepixels.smokefree,Smoke Free - quit smoking now,Lisa Jacques,5,I've used this app for a while and it's one of the best quit smoking apps around. would recommend it to anyone,2026-08-04,0
com.portablepixels.smokefree,Smoke Free - quit smoking now,avi singh,4,gets motivated every day to do more,2026-08-03,0
com.portablepixels.smokefree,Smoke Free - quit smoking now,Andrew Georgiou,5,excellent help to quit smoking,2026-08-02,0
com.portablepixels.smokefree,Smoke Free - quit smoking now,Lucian Toma,5,helped me quit,2026-08-02,0
com.portablepixels.smokefree,Smoke Free - quit smoking now,paula jackson,5,"the app is brilliant, lovely people on there to chat too, the only thing I have to say is that there seems to a be an issue with people struggling to accept requests to follow iv had a few requests but unable to accept due to some technical issues other than that the app is brilliant I love it",2026-08-01,0
com.portablepixels.smokefree,Smoke Free - quit smoking now,Noha El-Defrawy,5,"very supportive, helpful and informative,and inspiring",2026-08-01,0
com.portablepixels.smokefree,Smoke Free - quit smoking now,Harshit Bewal,5,Good app to keep track of your smoke free journey,2026-07-31,0
com.portablepixels.smokefree,Smoke Free - quit smoking now,Kyle Parkinson,5,very useful app and supportive,2026-07-31,0
com.portablepixels.smokefree,Smoke Free - quit smoking now,Adrian Stubergh Stensrud,1,"App is lying. I stopped smoking, then smoked. I added it as an entry in the cravings, and marked it as having smoked. The dashboard still says I have been smoke free since the start, which is clearly a lie. EDIT: Imagine telling the customer they are wrong in what makes sense to them or not.. 😅🤦🤡",2026-07-30,1
com.portablepixels.smokefree,Smoke Free - quit smoking now,Bob Sandor,5,simple app that motivates by showing you gains being made regarding health and money saved.,2026-07-30,0
com.portablepixels.smokefree,Smoke Free - quit smoking now,Anthony m Petrillo,5,"its been almost 10 years since l quit 🚬 smoking time flies ,I was 1 pack a day this app gave me statistics like how many cigarettes you have not smoked and when that starts adding up its mind blowing,or how much money you saved the app helps in alot of ways ! if you quit bank your money into a etf account for retirement!! money saved over a 10 year period is 36,000 dollars add intrest and compound",2026-07-29,0
com.portablepixels.smokefree,Smoke Free - quit smoking now,Imran Hossain,4,Easy and helpful somehow,2026-07-29,0
com.portablepixels.smokefree,Smoke Free - quit smoking now,Vanessa Rios,5,"Great, amazing. Full excellent support 24/7. Never been so easy to quit for me!! I recommend it a 1000% 🙌💫👌💯🎉🎉🎉🎉",2026-07-28,0
com.portablepixels.smokefree,Smoke Free - quit smoking now,Lynn Fairbairn,5,Very helpful,2026-07-26,0
com.portablepixels.smokefree,Smoke Free - quit smoking now,Phil catling,5,"amazing, it really works and is not hard when you have experienced on the chat 24 hours a day.",2026-07-25,0
com.portablepixels.smokefree,Smoke Free - quit smoking now,Heather Painting,5,motivational!,2026-07-25,0
com.portablepixels.smokefree,Smoke Free - quit smoking now,Janet Romain,5,stopped smoking after 60 years all with help from Smoke Free. i am so happy and proud,2026-07-24,0
com.portablepixels.smokefree,Smoke Free - quit smoking now,Darren Knapman,5,it's an all round good app .,2026-07-23,0
com.portablepixels.smokefree,Smoke Free - quit smoking now,Sayanjit Sarkar,5,Excellent application,2026-07-22,0
com.portablepixels.smokefree,Smoke Free - quit smoking now,Lucia Molnarova,5,it is very helpful,2026-07-22,0
com.portablepixels.smokefree,Smoke Free - quit smoking now,Michael Medina,5,Helps me feel like I've accomplished something.,2026-07-21,1
com.portablepixels.smokefree,Smoke Free - quit smoking now,Rei Leka,5,great app. look no further. you can also pay for the great work they've done to support them. I'd recommend supporting.,2026-07-19,0
com.portablepixels.smokefree,Smoke Free - quit smoking now,Deborah Johnson,5,"1 month smoke free, dont think i could have done it on my own",2026-07-18,0
com.portablepixels.smokefree,Smoke Free - quit smoking now,Lee Craddock,5,amazing best app ever 1 month 2 cigarettes thanks to smoke free xx,2026-07-18,0
com.portablepixels.smokefree,Smoke Free - quit smoking now,Kevin Woods,4,Finally I don't have to close ads just to see how long my smoke free life has been.,2026-07-17,0
com.portablepixels.smokefree,Smoke Free - quit smoking now,Dhiru Patel,5,nice,2026-07-16,0
com.portablepixels.smokefree,Smoke Free - quit smoking now,Yashwanth,5,helped me alot,2026-07-16,0
com.portablepixels.smokefree,Smoke Free - quit smoking now,Shikhar Bhatt,5,very very good app,2026-07-15,0
com.portablepixels.smokefree,Smoke Free - quit smoking now,Yusuf,1,"Collects and sells info by default, even when you select not to. If you check the app settings after install, it's still set to sell your data. Shouldn't show at the top search when searching for the official Nicorette app. Deleted and requested they delete my data.",2026-07-14,1
com.portablepixels.smokefree,Smoke Free - quit smoking now,Jodie sweeney,4,ive struggled to quit smoking but thanks to this app ive made a good start. the support is good and the info to read. i dont think i would of got this far without it,2026-07-13,1
com.portablepixels.smokefree,Smoke Free - quit smoking now,morchilla morchilla (Vani Gorey),5,It was helpful in keeping track of how long it had been since I quit smoking nicotine. I kept checking back to see what health improvements I had achieved as time went on which was pretty motivating. I would definitely recommend this app if you're thinking about quitting.,2026-07-12,1
com.portablepixels.smokefree,Smoke Free - quit smoking now,Maira Tayyaba,5,"This is a very useful day counter app that helps me stay motivated on my quit smoking journey. The interface is simple, easy to understand, and keeps track of my progress every day. Seeing the days and achievements encourages me to continue my healthy habits. I highly recommend this app to anyone who wants to quit bad habits and stay focused on their goals.",2026-07-12,3
com.portablepixels.smokefree,Smoke Free - quit smoking now,Jay Glynn,5,best quit app!,2026-07-11,0
com.portablepixels.smokefree,Smoke Free - quit smoking now,Regina Knee,5,So much help and support! 3 weeks clear and feeling great! Thank you.,2026-07-10,0
com.portablepixels.smokefree,Smoke Free - quit smoking now,Marc Collins,5,Excellent all round. A great help to anyone trying to quit,2026-07-09,0
com.portablepixels.smokefree,Smoke Free - quit smoking now,Amanda Davis,5,Very motivating app to monitor progress and keep you moving forward.,2026-07-08,0
com.portablepixels.smokefree,Smoke Free - quit smoking now,Dean Bayford,5,Really helped me quit,2026-07-08,0
com.portablepixels.smokefree,Smoke Free - quit smoking now,Anita Munoz,5,helps to keep track of my quit time and money saved for me. look at it every day 😁,2026-07-08,0
com.portablepixels.smokefree,Smoke Free - quit smoking now,Devadeep Mittra,5,Very helpful,2026-07-07,0
com.portablepixels.smokefree,Smoke Free - quit smoking now,Cathy Jones-Hatcher,5,The timer for how long since one's LAST cigarette was something I could check often to reinforce my desire and commitment to quit. I highly recommend it. The quit tips are helpful too.,2026-07-07,1
com.portablepixels.smokefree,Smoke Free - quit smoking now,Earl Henningham,5,"since I started the stop smoking (vape ) program nearly two weeks ago, ther has been no urge for any tobacco of any sort. although its early days I am quite confident in reaching my goal, to quitting.",2026-07-06,0
com.portablepixels.smokefree,Smoke Free - quit smoking now,Adam Guidroz,5,I've used this app in the past. it's most helpful I find.,2026-07-04,0
com.portablepixels.smokefree,Smoke Free - quit smoking now,Syed Misbah,5,"This is a fantastic app for anyone who wants to quit smoking and build better habits. It helps me track my daily progress easily, and the interface is very user-friendly. Highly recommended for anyone trying to stay motivated.""",2026-07-04,1
com.portablepixels.smokefree,Smoke Free - quit smoking now,Mark ricketts,5,Brilliant way to help stop smoking and you are able to talk to other people as well as the bot if you want,2026-07-02,0
com.portablepixels.smokefree,Smoke Free - quit smoking now,Amanda Fay,5,Motivational but realistic quit smoking app!,2026-07-01,0
com.portablepixels.smokefree,Smoke Free - quit smoking now,Katherine Lawrence,5,Very helpful - great to see progress expressed on so many different ways,2026-06-30,0
com.portablepixels.smokefree,Smoke Free - quit smoking now,Kyra Kuppens,5,"what a fun way to help us focus on quitting, very helpful and motivating",2026-06-30,0
com.portablepixels.smokefree,Smoke Free - quit smoking now,Dxb Faisal,5,helpfull apps,2026-06-29,0
com.portablepixels.smokefree,Smoke Free - quit smoking now,john van iersel,5,very good help,2026-06-29,0
com.portablepixels.smokefree,Smoke Free - quit smoking now,Sajjat Hossin,5,This is an amazing app that genuinely helps to track and build good habits. It provides great motivation to quit smoking and maintain a healthy lifestyle. Highly recommended for everyone,2026-06-27,1
com.portablepixels.smokefree,Smoke Free - quit smoking now,Eziz Tashli,5,nice to have,2026-06-26,0
com.portablepixels.smokefree,Smoke Free - quit smoking now,Siera Hesse,5,"Very helpful. This is my 3rd time trying to quit and having regular updates on health improvements, money saved and how far I've come really helps",2026-06-26,0
com.portablepixels.smokefree,Smoke Free - quit smoking now,J,4,"I appreciate having it but the widget doesn't stay current, nor have a refresh button, so the going down is pointless. I like the names on some of the other apps better, but these are useful and without ads on the free version. widgets could be more useful with more features and auto refreshing.",2026-06-25,2
com.portablepixels.smokefree,Smoke Free - quit smoking now,Adele Keen,5,very good smoked for 35 years and not had one cigarette since I started with this app,2026-06-25,0
com.portablepixels.smokefree,Smoke Free - quit smoking now,Cindy,5,Very helpful to keep track of your success and reasons for quitting. The app encouraged me to stop smoking!!,2026-06-24,0
com.portablepixels.smokefree,Smoke Free - quit smoking now,Martin Heasman,5,very helpful,2026-06-23,0
com.portablepixels.smokefree,Smoke Free - quit smoking now,Sol,5,"This app makes my progress measurable especially in factors that I wouldn't be able to easily monitor. I highly recommend it if you're serious about quitting. Clearly the app can't ""slap"" a cigarette out of your hand but seeing the progress and continuous benefits of quitting serves as a great motivator. So far I've saved a fair amount of money by not smoking, amazingly my blood sugar has gone dow",2026-06-23,1
com.portablepixels.smokefree,Smoke Free - quit smoking now,Chelc Ryan,5,this app is simple and easy to use and one of the biggest reasons I could quit cold turkey,2026-06-22,0
com.portablepixels.smokefree,Smoke Free - quit smoking now,Jaime Krolak,5,Truly helpful.,2026-06-22,0
com.portablepixels.smokefree,Smoke Free - quit smoking now,Jose da Cruz,5,Best app in my opinion to help quit or in my case change to vaping. Daily health benefit and savings updates keeps a person motivated.,2026-06-22,0
com.portablepixels.smokefree,Smoke Free - quit smoking now,Christopher Sanford,5,the visual aspects of the app have encouraged me to make my life better with updates on savings and improvements to life couldn't ask for a better app.,2026-06-22,0
com.portablepixels.smokefree,Smoke Free - quit smoking now,Sue Grantley,5,found this app really helpful over the last few weeks while stopping smoking,2026-06-22,0
com.portablepixels.smokefree,Smoke Free - quit smoking now,Alanna Reeves,5,I find it very helpful in tracking my cravings and my money savings. it gives me something to do when I'm looking for a cigarette. I open the app instead.,2026-06-21,1
com.portablepixels.smokefree,Smoke Free - quit smoking now,Andy Trenco,5,it helped me to push on as I see how much I'm recovering and how good I feel physically. I do want to say that the app didn't give me the will power I did that with the help of Jesus. I did a lot of praying.,2026-06-20,0
com.portablepixels.smokefree,Smoke Free - quit smoking now,Ralphopolos Cider Junction,5,I found everyone I messaged was very helpful and helped me with my cravings now I tell people I don't smoke,2026-06-20,0
com.portablepixels.smokefree,Smoke Free - quit smoking now,Duncan Stokes,5,"brilliant, easiest give up I have ever done, help with patches and vape and milestone rewards etc, made my life better, thank you, really",2026-06-18,1
com.portablepixels.smokefree,Smoke Free - quit smoking now,Rasel Mahmud,1,Bad app. Can’t give less than 1 pack a day.,2026-06-16,0
com.portablepixels.smokefree,Smoke Free - quit smoking now,Jennifer LaPlante,5,The SmokeFree App has been a delightful surprise in my journey to being a Past Smoker. The counter that pinpoints my time smoke-free down to an actual second is thrilling and humbling at the same time. it's easy to share my progress with my family and friends. The app provides So much information regarding my health and how my body is repairing itself day-by-day. SmokeFree App became and IS my FAV,2026-06-15,1
com.portablepixels.smokefree,Smoke Free - quit smoking now,Michele Pirie,5,it helps alot to see my progress,2026-06-13,0
com.portablepixels.smokefree,Smoke Free - quit smoking now,alistair Khamisa,4,App has helped me a lot I'm now 40days smoke free,2026-06-13,0
com.portablepixels.smokefree,Smoke Free - quit smoking now,Justin Bullan,5,Nearly 4 years smoke free. This app has been an incredible assist over the years. Highly recommend.,2026-06-13,0
com.herzberg.easyquitsdrinking,Sobriety Counter - EasyQuit,Ryan Hartley,1,no escaping the ads. you get no value before you are just stuck in an ad you can't get out of.,2026-08-20,0
com.herzberg.easyquitsdrinking,Sobriety Counter - EasyQuit,Zacharie Cadieux,5,helps me a lot to track my goals,2026-08-18,0
com.herzberg.easyquitsdrinking,Sobriety Counter - EasyQuit,Kel Fitz,3,transition from free to paid version feels like you have to redownload the app every time. not a smooth process,2026-08-16,0
com.herzberg.easyquitsdrinking,Sobriety Counter - EasyQuit,Lana Poirier,5,"This app keep track of how long since you last alcoholic beverage, so you don't need to think about it and do any calculating. It also gives you an estimate of how your health is progressing taking into account how much you drank in the past and how much money you'll save.",2026-08-12,0
com.herzberg.easyquitsdrinking,Sobriety Counter - EasyQuit,Boston Mass,5,great app.... helps alot to keep yrack of my sobriety,2026-08-08,0
com.herzberg.easyquitsdrinking,Sobriety Counter - EasyQuit,Joe Bell,1,Too many adds im afraid.,2026-08-02,0
com.herzberg.easyquitsdrinking,Sobriety Counter - EasyQuit,Millar Ericksen,5,Fantastic App,2026-07-29,0
com.herzberg.easyquitsdrinking,Sobriety Counter - EasyQuit,Heather Fuller,5,Nice app,2026-07-27,0
com.herzberg.easyquitsdrinking,Sobriety Counter - EasyQuit,Adele,5,I love this app and the feedback the different categories give on how health and wallet are improving really helps.,2026-07-27,0
com.herzberg.easyquitsdrinking,Sobriety Counter - EasyQuit,Burr,5,"simple, does exactly what I need & a little more. I've tried out a couple different sobriety tracking apps and this is the only one I've kept",2026-07-23,0
com.herzberg.easyquitsdrinking,Sobriety Counter - EasyQuit,Jarrod Haughton,1,Ads you can't exit. ruined what could have been a good app,2026-07-18,0
com.herzberg.easyquitsdrinking,Sobriety Counter - EasyQuit,Helen Jones,2,Where are the widgets this app is supposed to have?,2026-07-18,0
com.herzberg.easyquitsdrinking,Sobriety Counter - EasyQuit,CranialRock,1,adz that won't stop,2026-07-14,0
com.herzberg.easyquitsdrinking,Sobriety Counter - EasyQuit,Ryan Dunham,1,Ads becoming too much. Some never give the option to dismiss so you have to close the app to try again.,2026-07-13,0
com.herzberg.easyquitsdrinking,Sobriety Counter - EasyQuit,Russell Hubbard,1,the ads are obnoxious.,2026-07-10,0
com.herzberg.easyquitsdrinking,Sobriety Counter - EasyQuit,Justin Hagerman,1,Ridiculous un-skippable ads make this app useless now. It's a real shame - it helped me for years track my sobriety milestones and now it's been reduced to a vehicle for pushing stupid mobile games. I hope whatever revenue you're getting is worth ruining the app for.,2026-07-10,1
com.herzberg.easyquitsdrinking,Sobriety Counter - EasyQuit,Brian Headley,3,"nice app, but the adds are ridiculous unless you pay the $10 for the pro version.",2026-06-30,1
com.herzberg.easyquitsdrinking,Sobriety Counter - EasyQuit,louis alves,5,my son sent me a link to this app shortly after I stopped drinking it's been a great tool to monitor my progress and achievements. 8 months sober,2026-06-30,0
com.herzberg.easyquitsdrinking,Sobriety Counter - EasyQuit,Юлиан Миланов,1,The most aggressive add ever...,2026-06-30,0
com.herzberg.easyquitsdrinking,Sobriety Counter - EasyQuit,Mark Reynolds,5,"good positive app, like that I can share my accomplishments with family and friends",2026-06-28,0
com.herzberg.easyquitsdrinking,Sobriety Counter - EasyQuit,Cassidy Tarpy,5,this app has helped me on many a hard day- im reminded how far I've come,2026-06-26,0
com.herzberg.easyquitsdrinking,Sobriety Counter - EasyQuit,Andy Peterson,1,Used to be awesome but the looooonnggg ads make you want to delete it everytime...Sad because it used to so great!!,2026-06-23,0
com.herzberg.easyquitsdrinking,Sobriety Counter - EasyQuit,Matt Hart,5,used to have more free stuff. now I gotta pay for it which of course I won't.,2026-06-20,0
com.herzberg.easyquitsdrinking,Sobriety Counter - EasyQuit,David Ryan,2,ads make you want to drink. every icon you click brings up ads you can't skip. the stress this causes is counter-productive to trying to stop drinking. overall its ok but I keep shutting it down due to ads.,2026-06-14,2
com.herzberg.easyquitsdrinking,Sobriety Counter - EasyQuit,Kelly McHenry,5,"Love the features on this app! Only negative thing is the ads on the free version, but otherwise great function, information relating to health, and user friendly!",2026-06-11,0
com.herzberg.easyquitsdrinking,Sobriety Counter - EasyQuit,Dignan “Lenny” Zero,1,Just a bunch of ads. App sucks.,2026-06-07,2
com.herzberg.easyquitsdrinking,Sobriety Counter - EasyQuit,Listar Wayne,5,it's helping,2026-06-04,0
com.herzberg.easyquitsdrinking,Sobriety Counter - EasyQuit,Karen E. Wissing,3,"edit in 2026: I paid for the previously free features, and all my data is lost. Great app. My only disappointment was when I changed devices after I damaged the phone I originally installed it on, my trigger history did not copy over like everything else.",2026-06-04,1
com.herzberg.easyquitsdrinking,Sobriety Counter - EasyQuit,Davis Winston,1,don't buy this app. It is just a bunch of loosely strung suggestions. does not help you quit. also the money is not refundable.,2026-06-03,1
com.herzberg.easyquitsdrinking,Sobriety Counter - EasyQuit,RM S,1,"As soon as I click anything info on app, goes to game advertisement and won't let me back to app.",2026-06-01,3
com.herzberg.easyquitsdrinking,Sobriety Counter - EasyQuit,Joe F,1,ads are extremely long and take away most functionality,2026-05-31,3
com.herzberg.easyquitsdrinking,Sobriety Counter - EasyQuit,SANDY O,2,The ads have gotten worse,2026-05-28,2
com.herzberg.easyquitsdrinking,Sobriety Counter - EasyQuit,Brian,5,Makes you think of all the benefits of staying sober.,2026-05-27,0
com.herzberg.easyquitsdrinking,Sobriety Counter - EasyQuit,Shaun Wessels,5,Simple and no need to pay to use functions,2026-05-26,0
com.herzberg.easyquitsdrinking,Sobriety Counter - EasyQuit,Maria Ribeiro,5,great app,2026-05-26,0
com.herzberg.easyquitsdrinking,Sobriety Counter - EasyQuit,ARNOLD MUHUMUZA,5,Really helpful app,2026-05-25,0
com.herzberg.easyquitsdrinking,Sobriety Counter - EasyQuit,Raymond Kuschert,5,it's good.. not intrusive but allows you to qualify you progress. I m 6 months off the beers last week,2026-05-18,0
com.herzberg.easyquitsdrinking,Sobriety Counter - EasyQuit,Azhmaliyyih Teal,5,The updates on what the progress for health outcomes is - is motivating and informative. Also a good way to keep track of sobriety time,2026-05-15,0
com.herzberg.easyquitsdrinking,Sobriety Counter - EasyQuit,Penny Thompson,5,this is a great app it does exactly what it says it does and easy to use,2026-05-04,0
com.herzberg.easyquitsdrinking,Sobriety Counter - EasyQuit,Randy Van Poecke,1,great app. Would recommend however the ad set-up is appallingly lame that it renders the app almost useless and it is a frustrating battle to use the features.,2026-05-03,1
com.herzberg.easyquitsdrinking,Sobriety Counter - EasyQuit,Kodie Coblentz,5,"definitely felt good to be able to track my progress. And the information along the journey, was inspiring.",2026-04-25,0
com.herzberg.easyquitsdrinking,Sobriety Counter - EasyQuit,Kerry,5,great app! it adds extra fun to keep track of everything you have accomplished!,2026-04-24,0
com.herzberg.easyquitsdrinking,Sobriety Counter - EasyQuit,Greg Hill,5,Great app! *Update: This was a great app but now there's so many ads its not worth the trouble.,2026-04-24,0
com.herzberg.easyquitsdrinking,Sobriety Counter - EasyQuit,Ian Loveridge,5,"Love this counter. It doesn't need you to register every day like others, but does let you know where you are on your sobriety journey e.g. memory back to that of a non-drinker, heart, liver health etc. Some interesting little metrics to remind you that things have improved, but not yet the same as someone that didn't drink at all. I like it as it suits me, so I paid for it.",2026-04-20,1
com.herzberg.easyquitsdrinking,Sobriety Counter - EasyQuit,Destiny Vaughn,5,I like how straight forward this is. it's cute too,2026-04-15,0
com.herzberg.easyquitsdrinking,Sobriety Counter - EasyQuit,Heather Mo,5,It is very informative about health benefits while quitting. It really helps motivate you to say no when an urge arises.,2026-04-12,0
com.herzberg.easyquitsdrinking,Sobriety Counter - EasyQuit,Noelle Lomanto,5,"I've used this app eaxh time I've had a detox. I love how motivati g it is, the information about how my body should be responding is brilliant.",2026-04-10,0
com.herzberg.easyquitsdrinking,Sobriety Counter - EasyQuit,Mark C,5,A great app that informs you of your progress in detail.,2026-04-10,0
com.herzberg.easyquitsdrinking,Sobriety Counter - EasyQuit,Abram Inman,2,lots of adds and it does not show an update option for when you did drink. more of an add prop if you ask me.,2026-03-31,0
com.herzberg.easyquitsdrinking,Sobriety Counter - EasyQuit,M,2,the calories is not correct at all. 7 drinks of wine will be closer to 600 calories. you say its over 2000 calories for 10 drinks of wine? no way. please fix it. I paid for this app expecting it to be more accurate,2026-03-28,0
com.herzberg.easyquitsdrinking,Sobriety Counter - EasyQuit,Ryan,2,ad after ad. got to be too damn many ads. hard to even use,2026-03-22,1
com.herzberg.easyquitsdrinking,Sobriety Counter - EasyQuit,Amanda Burbridge,5,easy to use and keeps me motivated to stay healthy and sober!,2026-03-18,0
com.herzberg.easyquitsdrinking,Sobriety Counter - EasyQuit,Mandi Myers,1,All I get are ads that I can't close. Super.,2026-03-16,1
com.herzberg.easyquitsdrinking,Sobriety Counter - EasyQuit,louis Torres,5,I like it works good for me. I have not had a drink. but am am sure it works different for everyone,2026-03-12,0
com.herzberg.easyquitsdrinking,Sobriety Counter - EasyQuit,Tao Walpole,5,awesome app works for me!,2026-03-11,0
com.herzberg.easyquitsdrinking,Sobriety Counter - EasyQuit,Laura Ponto,5,So easy to use. Great tools and a no-guilt way to track reduction and sobriety!,2026-03-11,0
com.herzberg.easyquitsdrinking,Sobriety Counter - EasyQuit,Judy Andrews,1,"I used to love it, now it is showing in Arabic or some other language and I canr read it to figure out how to get it back to english",2026-03-08,0
com.herzberg.easyquitsdrinking,Sobriety Counter - EasyQuit,Rebecca Conwell,1,To many ads.,2026-03-03,0
com.herzberg.easyquitsdrinking,Sobriety Counter - EasyQuit,Ben Pullins,1,Scrapped the widgets.,2026-03-03,0
com.herzberg.easyquitsdrinking,Sobriety Counter - EasyQuit,Amanda Wickens,1,I really wanted to try this app but can't even do anything due to the insane number if ads. it's awful.,2026-03-01,1
com.herzberg.easyquitsdrinking,Sobriety Counter - EasyQuit,Doug Greene,5,thank you!,2026-02-27,0
com.herzberg.easyquitsdrinking,Sobriety Counter - EasyQuit,Amanda Durand,5,very easy to use and lots of features,2026-02-26,0
com.herzberg.easyquitsdrinking,Sobriety Counter - EasyQuit,kOriiz Ortega,5,buena,2026-02-25,0
com.herzberg.easyquitsdrinking,Sobriety Counter - EasyQuit,Michaela Howard,5,"I have been using this app since my alcohol quit date: 1/11/21. The app has been great! Easy interface, I love the badges that you receive, especially in the beginning. It gives you goals to reach and look forward to. Even though I'm now over 5 sober, I still check on the app on occasion to see my progress in numbers and it helps me appreciate my continued journey. I have recommended this app to o",2026-02-22,1
com.herzberg.easyquitsdrinking,Sobriety Counter - EasyQuit,S Grossley,4,Like the different detailed metrics.,2026-02-21,0
com.herzberg.easyquitsdrinking,Sobriety Counter - EasyQuit,Connor Ferguson,2,ads ruin it. can't open any menu without an ad or membership,2026-02-21,0
com.herzberg.easyquitsdrinking,Sobriety Counter - EasyQuit,Rebecca Mackey,5,loved it 😄😊,2026-02-19,0
com.herzberg.easyquitsdrinking,Sobriety Counter - EasyQuit,Tony Mosey,5,loads of positive motivation,2026-02-18,0
com.herzberg.easyquitsdrinking,Sobriety Counter - EasyQuit,Mike McGovern,2,"Personally, I think this app is difficult to use. Despite turning on my notifications, I get no notifications. Words of encouragement would be awesome",2026-02-15,0
com.herzberg.easyquitsdrinking,Sobriety Counter - EasyQuit,Dylan Wright,1,"tooooo many ads... didnt used to be like this. there are better counters without ads. do you really think somebody trying to check their progress wants to see an ad everytime they click your app? once a day maybe, not everytime",2026-02-14,2
com.herzberg.easyquitsdrinking,Sobriety Counter - EasyQuit,Adelaide MM A,5,It's simple and efficient,2026-02-10,0
com.herzberg.easyquitsdrinking,Sobriety Counter - EasyQuit,Natasha Cooke,1,Too many ads and available areas,2026-02-09,0
com.herzberg.easyquitsdrinking,Sobriety Counter - EasyQuit,Frits van Soldt,4,Very good and complete. Advertisements are too intrusive,2026-02-07,0
com.herzberg.easyquitsdrinking,Sobriety Counter - EasyQuit,R D,1,It'd be cool to let you log a little relapse (1-2 drinks etc) to see how it affects your health progression when you get back on track.,2026-02-07,1
com.herzberg.easyquitsdrinking,Sobriety Counter - EasyQuit,Arnold Downey,2,"Had to edit my review because their ads have gotten much more aggressive. They try to force you to go through playing a game before you can go to adjust your settings. I end up closing the app and reopening it just to get around it, very annoying.",2026-02-03,1
com.herzberg.easyquitsdrinking,Sobriety Counter - EasyQuit,Emma Ward,5,"user friendly, tracking financial and health benefits, which are really motivating",2026-01-30,0
com.herzberg.easyquitsdrinking,Sobriety Counter - EasyQuit,Michele Seddon,2,"2 star because it's full of adverts, never use to be,",2026-01-30,1
com.herzberg.easyquitsdrinking,Sobriety Counter - EasyQuit,Edvards Treijs,4,"it's a cool app, but devolers, please dile down on adds, or at least make them easy to cancell, the hunt for Hiden ""X"" is super annoying",2026-01-28,1
com.herzberg.easyquitsdrinking,Sobriety Counter - EasyQuit,Sarah Jones,5,Super!,2026-01-27,0
com.herzberg.easyquitsdrinking,Sobriety Counter - EasyQuit,Jackie Green,5,2nd time using this app to track sobriety. the ads are a bit much compared to the last time I used it but still a great tool,2026-01-27,0
com.herzberg.easyquitsdrinking,Sobriety Counter - EasyQuit,Vitalij Vodněv,1,"too much promotion, unusable",2026-01-27,1
com.herzberg.easyquitsdrinking,Sobriety Counter - EasyQuit,Elizabeth Pfeuti,5,Really helpful and easy to use app. The game to help you beat the urge also (unexpectedly) helps too. Even the ads aren't too annoying.,2026-01-26,0
com.herzberg.easyquitsdrinking,Sobriety Counter - EasyQuit,David O,1,The amount of ads in this app is going to drive me to drink again. I refuse to recommend this app to anyone anymore. absolute trash.,2026-01-25,2
com.herzberg.easyquitsdrinking,Sobriety Counter - EasyQuit,Mr & Mrs LaClair,5,Does what I need it to do,2026-01-25,0
com.herzberg.easyquitsdrinking,Sobriety Counter - EasyQuit,Dipeesh A,5,I truly appreciate your feedback regarding the application's effectiveness and your acknowledgment of the development team's efforts.,2026-01-24,0
com.herzberg.easyquitsdrinking,Sobriety Counter - EasyQuit,John Hughes,5,"I have tried other apps, but this one looks like what I need. I haven't upgraded to the premium version yet as it's early days. I will update my review later.",2026-01-23,0
com.herzberg.easyquitsdrinking,Sobriety Counter - EasyQuit,Vanja Bulajic,4,too many adds. great otherwise,2026-01-22,0
com.herzberg.easyquitsdrinking,Sobriety Counter - EasyQuit,rajesh gohel,5,good,2026-01-21,0
com.herzberg.easyquitsdrinking,Sobriety Counter - EasyQuit,RHYTHM OBSCURA,5,"I'm 2 weeks in, this is a super little app! highly recommended, easy to navigate.",2026-01-20,0
com.herzberg.easyquitsdrinking,Sobriety Counter - EasyQuit,Hasan Shammout,5,Great app very helpful just hope you can reduce the ads timing a bit,2026-01-20,0
com.herzberg.easyquitsdrinking,Sobriety Counter - EasyQuit,Danika Blake,4,"love the app, so helpful with my recovery. I just wish there were less ads!",2026-01-20,0
com.herzberg.easyquitsdrinking,Sobriety Counter - EasyQuit,Sarah Barrett,5,Great reminders to keep you motivated. easy to use,2026-01-19,0
com.herzberg.easyquitsdrinking,Sobriety Counter - EasyQuit,Ben Murphy,1,"Adds, Adds, adds",2026-01-19,1
com.herzberg.easyquitsdrinking,Sobriety Counter - EasyQuit,Christy Kennedy,5,"Badges are encouraging. Made my 4 years. There are a lot of badges at first, which you need, then less as you go. Still fun to look at how much I've saved and how long it has been.",2026-01-19,0
com.herzberg.easyquitsdrinking,Sobriety Counter - EasyQuit,Robert Eason,5,It's exciting to see your progress! It's is super cool 😎 to wake up and get your rewards when you get them!!,2026-01-17,0
com.herzberg.easyquitsdrinking,Sobriety Counter - EasyQuit,Jason Martinez,5,awesome,2026-01-13,0
com.herzberg.easyquitsdrinking,Sobriety Counter - EasyQuit,Jayne O`Meara,5,Really useful tool,2026-01-08,0
com.herzberg.easyquitsdrinking,Sobriety Counter - EasyQuit,Georgie Butler,5,Really helpful,2026-01-06,0
com.herzberg.easyquitsdrinking,Sobriety Counter - EasyQuit,Barbara Brown,4,so far so good! I love the sobriety counter.,2026-01-05,0
com.herzberg.easyquitsdrinking,Sobriety Counter - EasyQuit,Gina Smith,2,"your ads are out of control ! every time I click on anything there is an ad and I have to close the whole app down to get out of it , not great at all",2026-01-05,2
com.qqlabs.minimalistlauncher,minimalist phone® Screen Time,Crystal Harper,5,If it can help me that's saying alot I'm mean ALOT,2026-08-24,0
com.qqlabs.minimalistlauncher,minimalist phone® Screen Time,Erik Kundro,5,This app really did help me get a handle on my phone usage. I think it should be mandatory and default on all phones. Don't let the tech companies steal your attention and time. This app works.,2026-08-24,0
com.qqlabs.minimalistlauncher,minimalist phone® Screen Time,Bryan Sinclair,5,Works well. Definitely works to break doom scrolling.,2026-08-24,0
com.qqlabs.minimalistlauncher,minimalist phone® Screen Time,[NAME REDACTED],3,Unfortunately this doesn't work for the 10%. IMO it's overpriced to consolidate features you'd get from installing 2 or 3 third party apps and still have a lower monthly payment. There's a few apps just like this and has a few more detox features unfortunately i can't share those here. Edit: the are half a dozen other launchers do the same thing you're is just slightly prettier.,2026-08-23,1
com.qqlabs.minimalistlauncher,minimalist phone® Screen Time,J T,5,Genuinely very helpful,2026-08-23,0
com.qqlabs.minimalistlauncher,minimalist phone® Screen Time,Peter Panayiotis Karanikas,5,works a treat,2026-08-23,0
com.qqlabs.minimalistlauncher,minimalist phone® Screen Time,aagu vuu,1,don't do it. it changes your entire layout afterwards.,2026-08-23,0
com.qqlabs.minimalistlauncher,minimalist phone® Screen Time,Scarlett Sullivan,5,"excellent way to go back to living like a human and not obsessed with your phone. Love the feature of denying ""short"" videos",2026-08-23,0
com.qqlabs.minimalistlauncher,minimalist phone® Screen Time,C Don,1,"Really liked it but it's starting to glitch and I can't get on to the apps list or swipe up for my browser for some reason. just won't open either drawer. I'm going to uninstall and reinstall... it doesn't work, was almost locked onto my home screen, had to restart device to jog it. Had to delete for now, looking forward to response from their team because I'd love to use the app.",2026-08-22,1
com.qqlabs.minimalistlauncher,minimalist phone® Screen Time,Parker Saari,5,"Easy to use, helps a lot!",2026-08-22,0
com.qqlabs.minimalistlauncher,minimalist phone® Screen Time,Kevin L,5,"Great app, one of very few I have paid money for. I have reduced the amount of time that I spend on my phone significantly.",2026-08-21,0
com.qqlabs.minimalistlauncher,minimalist phone® Screen Time,Elise Weaver,5,"It simplified my phone and made it less desirable or accessible to go on social media. everytime I opened my phone I'd click on social media apps unconsciously out of habit, but with minimalist I get on the phone to do the task I intended. Plus, I haven't used social media in a whole week!",2026-08-21,0
com.qqlabs.minimalistlauncher,minimalist phone® Screen Time,Ariel Lynn,5,I love this UI! I have used nearly all of the features and it has absolutely changed the way I use my phone. I feel far less attached and interested in apps and no more doom scrolling!,2026-08-21,0
com.qqlabs.minimalistlauncher,minimalist phone® Screen Time,Luke Fore,5,Solid minimalist app. I had an issue that was caused by a new android version and they fixed it very promptly.,2026-08-21,1
com.qqlabs.minimalistlauncher,minimalist phone® Screen Time,Jon “Zenoja” Sen,5,amazing,2026-08-21,0
com.qqlabs.minimalistlauncher,minimalist phone® Screen Time,Mohammed Saeid,5,"just works, the best solution i ever used, my scrolling craving are gone, it's easy to use, i only use my phone for communication and emergency browser, and play games at free time (not too often) , the select time before entering the app is brilliant idea, worth every penny.",2026-08-21,0
com.qqlabs.minimalistlauncher,minimalist phone® Screen Time,JT,3,Really liking this app but please please allow for more & better font selection!,2026-08-20,0
com.qqlabs.minimalistlauncher,minimalist phone® Screen Time,Anna Hermann,4,"Though it might work for some, I use my phone for work, so I need instant notification on top and quick access to different apps organized on my home screen. It also hid my calender that I'd love to see straight away when unlocking my phone. But my biggest stress was when I didn't know how to switch it back, please, add it to the tutorial",2026-08-20,0
com.qqlabs.minimalistlauncher,minimalist phone® Screen Time,Linda Pello,5,"I love the app! I found myself using my phone less randomly. I am a business owner, though, and I needed access to more apps than I thought, so I had to cancel. Sadly 😥",2026-08-20,0
com.qqlabs.minimalistlauncher,minimalist phone® Screen Time,Schtela Kowatsch,3,"I have been using this app for over a year and an very happy with it. but the last week I lost the home ""short cut"" for my phone. and no matter how often I update to display the symbol in my home screen and no matter how often I restart my phone. the little phone symbol is lost. this annoys me so much, I am thinking of canceling my subscription.",2026-08-20,0
com.qqlabs.minimalistlauncher,minimalist phone® Screen Time,Alec Caley,2,egregious unnecessary permission grabbing - no opt out of more aggressive monitoring,2026-08-19,0
com.qqlabs.minimalistlauncher,minimalist phone® Screen Time,Trevor Mercer,5,it forces you to be accountable for your initial intentions. its a great way to take control of your life again,2026-08-19,0
com.qqlabs.minimalistlauncher,minimalist phone® Screen Time,Dylan James,5,"its the best app blocker yet. you won't ever feel the need to delete the app, and it does just make your phone less fun and more of a hassle so it lollies Doom scrolling. you still can do it, but like I think over time it might work super well, this is just the first week for me.",2026-08-19,0
com.qqlabs.minimalistlauncher,minimalist phone® Screen Time,Nîpin T,5,"I wish the subscription was cheaper, however I think ~$30/year is worth getting back all the time I would've mindlessly wasted addicted to my phone. Edit!! I love the newer features and scroll blocking! However, it would help if the function was broader and blocked scrolling on apps such as Snapchat, Facebook, etc. and the niche-r ones Additionally, I would love to be able to customize the blockin",2026-08-18,0
com.qqlabs.minimalistlauncher,minimalist phone® Screen Time,Han F,5,"Can't believe I've had this app for a year! It takes time and getting used to, but I've only spent about 20 minutes on Facebook/Instagram per day for the last week. Even when I first got it and used it less ""aggressively"" I was able to cut back to an hour or two each day on social media. Absolutely life changing app for me.",2026-08-18,0
com.qqlabs.minimalistlauncher,minimalist phone® Screen Time,Gurpreet B,4,"Love it, I like the yellowish background but I wish there was a way to set the black background on automatically in the evening. Seems you can only do that with system themes that are only black and white. Another thing on the side app drawer there should be shortcuts to apps like chrome if I want to open incognito there's no option. Other than that it's great, I've spent less time scrolling and t",2026-08-17,0
com.qqlabs.minimalistlauncher,minimalist phone® Screen Time,King Soloman,5,"Extremely helpful, and easy to use. I've gotten a lot more productivity out of my phone use and life because of this application.",2026-08-17,0
com.qqlabs.minimalistlauncher,minimalist phone® Screen Time,Shaun Dugan,3,"I was planning on purchasing the to have access forever because I really enjoyed not having the constant bombardment of stimulation on my phone. But a day before my trial period ended, the screen locked on me and I couldn't get back to the home screen. The screen was stuck half blue(my background color) on the bottom with the pull down menu on the upper half. Had to restart to resolve. It is a sha",2026-08-16,0
com.qqlabs.minimalistlauncher,minimalist phone® Screen Time,Joed Lopez,5,"I'm super impressed. Now I get why it's a paid app. Game changer. I've tried on and off to use dumb phones for focus and had to come crawling back due to being a father and working at a tech company. This app literally gives me the best of both worlds. the easy setup of scheduling and the consciousness messaging for launch delay, blocks, timers, etc is executed perfectly. If you are on the fence a",2026-08-16,0
com.qqlabs.minimalistlauncher,minimalist phone® Screen Time,Dominic Atkins,5,"Have been using this for over a year now and bought the lifetime subscription. Absolutely love that it has a light mode as someone who struggles with white text on a black background, too many apps only have dark mode so this is really appreciated!",2026-08-16,0
com.qqlabs.minimalistlauncher,minimalist phone® Screen Time,Andie Reneau,4,"sometimes glitches and I have to go into my settings and toggle the app back on, but completely fullfils it's purpose",2026-08-15,0
com.qqlabs.minimalistlauncher,minimalist phone® Screen Time,Jenn Stephens,5,I'm still on the 7 day trial but I am loving it so far. I will definitely buy the lifetime subscription. The app has worked flawlessly and I love how clean the home screen is. I have AuDHD and I often would pick up my phone and get so distracted by app icons that I would forget why I picked up my phone. The app has already minimized my Instagram and Facebook time to less than 5 min a day and based,2026-08-13,0
com.qqlabs.minimalistlauncher,minimalist phone® Screen Time,Laura Anne Schneider-Spencer,5,has already helped me a lot in under a week!!,2026-08-13,0
com.qqlabs.minimalistlauncher,minimalist phone® Screen Time,Chris MacIntyre,4,"The app worked well to block some applications, and the recent update to block short form content is even better. my only issue is I have trouble viewing emails as sometimes they open a link and since I have chrome blocked I can't view the email preview for items like order status.",2026-08-12,0
com.qqlabs.minimalistlauncher,minimalist phone® Screen Time,Travis Dearinger,4,"This app does a great job at what it is designed to do. It allows me to be more mindful of screen use, to focus on more important things. I like the blocking schedules, it allows me to limit mindless scrolling when I know its likely to occur, like before bed. My only criticism is that certain default apps, such as the default weather app are hidden and cannot be searched for without disabling mini",2026-08-12,0
com.qqlabs.minimalistlauncher,minimalist phone® Screen Time,Ola Bergström,4,"Loving it! Stopped doomscrolling from day one with this. Interface is clean and easy to use. The notification filter is a godsend. For custom fonts, you can change font in android regular settings and choose ""default"" in minimalist phone. Could perhaps be mentioned in app or have option to select from installed fonts. Folders do not seem to work, would be useful to keep the favorite list manageabl",2026-08-12,0
com.qqlabs.minimalistlauncher,minimalist phone® Screen Time,Robert G,2,"Thought I would like this but I was already starting to use my phone less, this just created too much friction in normal use patterns. I was looking for minimalist style not function. My fault, need a better trial period hate paying to try something i am not sure about.",2026-08-12,0
com.qqlabs.minimalistlauncher,minimalist phone® Screen Time,greggsandler,5,loving it,2026-08-11,0
com.qqlabs.minimalistlauncher,minimalist phone® Screen Time,Dzaner Dzafik,5,Should be a standard option on every phone. I've had for years with every device ive had and will continue to do so.,2026-08-11,0
com.qqlabs.minimalistlauncher,minimalist phone® Screen Time,Selena Brinegar,5,Very helpful in decreasing distraction and overuse of phone,2026-08-11,0
com.qqlabs.minimalistlauncher,minimalist phone® Screen Time,Jeroen Elsen,5,It doesn't allow much but I find that being able to deactivate some features has kept me from of uninstalling the app. It recently got a forced shorts/reels blocker. Which is annoying when you see a short you want to see but so far it's kept me away from wasting hours swiping videos. Which has given me time to write this review.,2026-08-11,0
com.qqlabs.minimalistlauncher,minimalist phone® Screen Time,Robert Calco,5,"makes trying to use social media more painful, just what the doctor ordered for chronic distraction management disorders! lol",2026-08-10,0
com.qqlabs.minimalistlauncher,minimalist phone® Screen Time,Keith Petersen,5,actual helps... not like the other tools I've used out there. Loving it and want to buy lifetime but hard to change from monthly is only criticism.,2026-08-10,0
com.qqlabs.minimalistlauncher,minimalist phone® Screen Time,Jaren,5,"This is the only app blocking/screen time reducing app I've ever tried that has actually worked. It completely changes the interface of your phone so that you don't get that instant hit of dopamine just by opening up your home screen. I was skeptical at first because I've tried other systems with no lasting success, but I actually can't believe how well minimalist phone has worked for me. & it's a",2026-08-10,0
com.qqlabs.minimalistlauncher,minimalist phone® Screen Time,Gregg Hutchings,5,"self aware, no shiny icons, brain sorted",2026-08-10,0
com.qqlabs.minimalistlauncher,minimalist phone® Screen Time,Ry Day,3,Awesome app but I dislike how now minimalist phone is showing me notifications on my screen asking me to rate it. Score would be higher otherwise...,2026-08-09,0
com.qqlabs.minimalistlauncher,minimalist phone® Screen Time,Jonah McConnell,5,"It really has helped curb my mindless floating to using apps. I had my doubts going in, but it's managed to help me stay more conscious, especially with the app launch delays, all while not getting in the way of me using whatever app I actually NEED to on my phone.",2026-08-08,0
com.qqlabs.minimalistlauncher,minimalist phone® Screen Time,Catherine Aldana,5,best app ever,2026-08-08,0
com.qqlabs.minimalistlauncher,minimalist phone® Screen Time,Nhan Phan,1,asking for payment as soon as I logged in. always money driven,2026-08-08,0
com.qqlabs.minimalistlauncher,minimalist phone® Screen Time,Jacob V,1,"Absolute garbage. The concept is great but it renders your phone unusable, and filters itself out of the app list so you need to go through settings to uninstall it. Also makes use of AI art.",2026-08-08,0
com.qqlabs.minimalistlauncher,minimalist phone® Screen Time,Gabriel Friederichs,5,"The newest update is amazing. A thin progress bar across the top shows how much allotted time is left on each limited app, which helps me take control and exit early.",2026-08-08,0
com.qqlabs.minimalistlauncher,minimalist phone® Screen Time,Arash Shams,5,awesome tool to reduce distraction and social media scroll,2026-08-08,0
com.qqlabs.minimalistlauncher,minimalist phone® Screen Time,Maegan insertlastnamehere,3,"Don't like the new update for the app timer, it's not working right and I don't like the new design, it's distracting and less intuitive.",2026-08-08,0
com.qqlabs.minimalistlauncher,minimalist phone® Screen Time,Michael Herrera-Teran,5,this app makes using my phone simple and non-addictive.,2026-08-07,0
com.qqlabs.minimalistlauncher,minimalist phone® Screen Time,Evan,3,"I've had this app for quite awhile and I don't think I'd ever want to go back to the original launcher, however I'm starting to get very sick and tired of the app telling me to purchase a license even tho I did so just because I have multiple accounts on my phone if this doesn't change soon I'll end up just using a cracked version of the app for convenience. edit still having the exact same proble",2026-08-07,0
com.qqlabs.minimalistlauncher,minimalist phone® Screen Time,Bliss Dariush,5,Great app. Saves me a lot of decision fatigue stress of getting into the phone. Got the lifetime deal 👌,2026-08-07,0
com.qqlabs.minimalistlauncher,minimalist phone® Screen Time,Lucas Gauci,5,"EDIT: Thank you to the team for listening to feature requests, I'm absolutely loving the his and it's genuinely saved me weeks of my life. the new short videos block is hopeful too. In some other universe I spent 5hr+ a day on my phone, in this one max 2hr",2026-08-07,41
com.qqlabs.minimalistlauncher,minimalist phone® Screen Time,Ashley Kind,5,If you're tired of opening the same three apps every single time you unlock your phone and forgetting what you actually picked up your phone to do then this is the app for you. This app broke my doom scrolling habit and I deleted all of my social media accounts five months ago and literally never looked back. If I have one complaint I wish the notification for the app wouldn't populate so often. I,2026-08-07,1
com.qqlabs.minimalistlauncher,minimalist phone® Screen Time,Ramses Di Fafi,5,New shorts blocker is absolutely beautiful 🔥,2026-08-06,0
com.qqlabs.minimalistlauncher,minimalist phone® Screen Time,Danni Robinson,5,Wasn't sure what to think. But this was surprisingly affective. Helped change my habits very quickly.,2026-08-06,0
com.qqlabs.minimalistlauncher,minimalist phone® Screen Time,Brother In Christ,5,I like this app because it helps me deal with phone addiction.,2026-08-05,0
com.qqlabs.minimalistlauncher,minimalist phone® Screen Time,Julia Butler,5,They added a feature to block short videos on YouTube and Instagram but there's no way to unblock them.,2026-08-05,1
com.qqlabs.minimalistlauncher,minimalist phone® Screen Time,Samuel Flores,4,"some issues/update potential I've found: * having monochrome enabled consistently causes apps to crash when switching between monochrome and non-monochrome apps. can monochrome be disabled during app switches? * Found a workaround for when I enable a timer + 5min kill switch. I relaunch the app before the timer expires, which resets the timer. Overall the app has done wonders for reducing my scree",2026-08-05,0
com.qqlabs.minimalistlauncher,minimalist phone® Screen Time,Anna N.,1,Wish I could get my money back. It works well for it's purpose BUT it ruins battery. I've already did a battery replacement once. After switching back to using this a few months ago and realized recently how hot the phone gets and how fast the battery drains. Sometimes causing the phone to completely freeze. Eventually I came to the conclusion it could be this app....it was. The difference was imm,2026-08-04,1
com.qqlabs.minimalistlauncher,minimalist phone® Screen Time,Andrew,2,"app is cool and is a great idea, locking everything behind a subscription after a day or two is insane though.",2026-08-04,0
com.qqlabs.minimalistlauncher,minimalist phone® Screen Time,P Williams,1,"Unfortunately very buggy some times it kicks you out of non blocked apps, and will not let you block Google so just search any apps just pop up anyway.",2026-08-04,1
com.qqlabs.minimalistlauncher,minimalist phone® Screen Time,Jacob B,5,"love this app! I just noticed it blocks short form content now, like YT shorts & reels. However, this doesn't work if you open the same short form content on a browser. Please add this functionality! Updates like these are why I cherish this app :). Been here since 2023!",2026-08-04,0
com.qqlabs.minimalistlauncher,minimalist phone® Screen Time,Jesse F,5,It has actually solved my really problematic screen addiction loop,2026-08-04,0
com.qqlabs.minimalistlauncher,minimalist phone® Screen Time,Matthew Pennington,1,I purchased lifetime subscription and worked well for about a year. then randomly switched off and can't get it back on. had to redownload it still haven't figured out how to get back the subscription I paid for.,2026-08-03,1
com.qqlabs.minimalistlauncher,minimalist phone® Screen Time,Simeon Payne,5,"The app says what it does, and does it well. It allows your phone to become a clean uncluttered Android phone and helps to overcome the bloatware that Android has become. I really like the clean crisp black and white feel. After a week, decided the AU$49 for the app is worth it. Email support to answer question was also prompt which is commendable. This app is recommended.",2026-08-02,0
com.qqlabs.minimalistlauncher,minimalist phone® Screen Time,T S,5,works pretty well. the app timer is well designed. cost is fair.,2026-08-02,0
com.qqlabs.minimalistlauncher,minimalist phone® Screen Time,Paul Wilson,1,this is immature and needs some serious usability work. why can't I add an app to favourites when it is in a folder? why can't I create a folder with the same name as an app? and more. at this point I'm definitely not proceeding past the 7 day trial.,2026-08-02,2
com.qqlabs.minimalistlauncher,minimalist phone® Screen Time,John Ashley,5,love this app,2026-08-01,0
com.qqlabs.minimalistlauncher,minimalist phone® Screen Time,J W,5,"I actually love this app. Favorite features: Website blocking, and now short form content blocking. It's a new feature and is AWESOME. but is there a way to turn it off..... I wanna restrict my memes, but not all the time lol",2026-08-01,0
com.qqlabs.minimalistlauncher,minimalist phone® Screen Time,said Muhammed,5,Intuitive. Quick. Effective,2026-08-01,0
com.qqlabs.minimalistlauncher,minimalist phone® Screen Time,Michael Murray,3,"had to update my review from five stars to 3 three. I really love this app but the new update to the pixel security prevents minimalist from using the accessibility feature in the phone , limiting minimalists capacity substantially . do you have a plan to fix this? here is my original review: is an incredible app! I've been trying for years to spend less time on my phone with varying degrees of su",2026-08-01,0
com.qqlabs.minimalistlauncher,minimalist phone® Screen Time,Sophia Goodwin,5,Best app ever. I bought the lifetime subscription. It now blocks short form content and social media on your web browser. It really does help with phone addiction and has decreased my screen time significantly. 10/10,2026-08-01,0
com.qqlabs.minimalistlauncher,minimalist phone® Screen Time,Rising Wanabe,5,"The new update is fire, finally an app that blocks shorts without closing the youtube app entirely",2026-07-31,0
com.qqlabs.minimalistlauncher,minimalist phone® Screen Time,Esther Ruth Haycraft,1,"DO NOT DOWNLOAD THIS APP IF YOU'RE NOT PREPARED TO PAY!!! IT TAKES YOUR PHONE HOSTAGE AND FORCES YOU TO COMPLETE THE TRANSACTION TO RESTORE THE OPTION TO LEAVE THE APP!! LITERALLY EVIL WHY WOULD YOU DO THIS, I MIGHT HAVE WILLINGLY GIVEN YOU MONEY BEFORE YOU PULLED THIS STUNT! update for whoever on your team had the gall. I'm not an idiot, I know it's a launcher. what I'm saying is IT LOCKED ON THE",2026-07-31,2
com.qqlabs.minimalistlauncher,minimalist phone® Screen Time,Bob Green,2,Looks like a good app but just way too expensive. Hard to justify spending £30 on lifetime usage of an app which reduces the functionality of your device,2026-07-31,0
com.qqlabs.minimalistlauncher,minimalist phone® Screen Time,Steve Barber,1,I get it but this doesnt function by making it so you not want to use your phone naturaly. It pisses you off by making it extremely difficult to use your phone for basc tasks. Not the same. Lumping everything and treating it like its all the same and unnecessary is stupid. If all people wanted was just a phone thats what they would by. A happy median and more controle would be a step in the right ,2026-07-31,1
com.qqlabs.minimalistlauncher,minimalist phone® Screen Time,James Charapata,5,"Love this launcher, been using it for 3 years now with the lifetime subscription. They've implemented features that I've asked for, and recently their short video blocking was a very welcome surprise. Thanks project team!",2026-07-30,0
com.qqlabs.minimalistlauncher,minimalist phone® Screen Time,Martin Ferdinand,5,helps a lot,2026-07-30,0
com.qqlabs.minimalistlauncher,minimalist phone® Screen Time,Derek Adams,5,fighting phone addiction is a real struggle. with the help of this app and using monochrome within my first week im more intentional about use of my phone.,2026-07-30,0
com.qqlabs.minimalistlauncher,minimalist phone® Screen Time,Glory Legaspi,3,It would be perfect if I could add wallpaper. Just the option alone would be great.,2026-07-30,0
com.qqlabs.minimalistlauncher,minimalist phone® Screen Time,Matt Shaw,5,this app has saved me so much time and really helps defeat procrastination,2026-07-30,0
com.qqlabs.minimalistlauncher,minimalist phone® Screen Time,Jakob Grundnig,5,The blocking of short videos is an absolute gamechanger for me. Thank you :),2026-07-30,0
com.qqlabs.minimalistlauncher,minimalist phone® Screen Time,Anes MX,4,"very good , but how can se the weather i can not find the app",2026-07-30,0
com.qqlabs.minimalistlauncher,minimalist phone® Screen Time,Ian The Buchan,5,works. 👍,2026-07-30,0
com.qqlabs.minimalistlauncher,minimalist phone® Screen Time,Matt Mallinson,5,"This app has changed my relationship with my phone for the better. I'm saving at least an hour each day by avoiding distractions. I'm doing more of what I want, and am feeling more restful. I've tried to reach this balance before in many other ways, and this is the easiest and most effective tool I've used.",2026-07-29,0
com.qqlabs.minimalistlauncher,minimalist phone® Screen Time,Colette Henderson,5,"I've used Minimalist Phone for over a year. It cut down my phone usage drastically. But man, now having the option to block short form media from apps I love (YouTube) is phenomenal. One little toggle and I've got hours of my day back while still getting to use the less addictive features and watch my favorite long-form creators. Its so seamless but so beneficial.",2026-07-29,2
com.qqlabs.minimalistlauncher,minimalist phone® Screen Time,Shazib Vijlee,5,"I gave it 5 stars originally, and now I want to give it 5 more. the new update can block short videos (YouTube Short, Instagram Reels, etc.). I've been looking for a feature like this. I want to use Social Media platforms but not with the short video algorithm keeping me hooked. so thankful!",2026-07-29,0
com.qqlabs.minimalistlauncher,minimalist phone® Screen Time,Dan Tasty,4,"Worth the cash, optimised and intuitive (room for improvement in QOL)",2026-07-29,0
com.qqlabs.minimalistlauncher,minimalist phone® Screen Time,Gustavo Vazquez,5,Best minimalist launcher. I use this with an app blocker to simulate having a modified dumb phone. Solid combo!,2026-07-28,0
com.qqlabs.minimalistlauncher,minimalist phone® Screen Time,Lynoure Braakman,5,"Using it for limits only rules! I set the limits there, then switched back to my manufacturer's launcher due to widgets. The result is a time limit that is extra difficult to change.",2026-07-28,0
com.qqlabs.minimalistlauncher,minimalist phone® Screen Time,Cody Howell,5,"big fan of the app, my biggest complaint is that I can't switch the swipe up and swipe left options so that I can keep the standard swipe up for applications. absolutely fantastic for productivity and breaking the doom scroll habits though! edit - I previously mentioned battery issues. this was resolved via enabling the feature recommended by the dev. kudos!",2026-07-28,0
com.qqlabs.minimalistlauncher,minimalist phone® Screen Time,Martin Speirs,3,takes getting used too,2026-07-27,1
com.qqlabs.minimalistlauncher,minimalist phone® Screen Time,Max MacDonald,2,"This app used to have a good free version that you could actually use but this has been removed and it now asks you to pay for their premium subscription model after only a single day (replacing your home screen with an ad). If you're happy to have another monthly vampire on your bank account, or pay £60 then the app works well (25% the cost of the phone I'm writing this on). Otherwise just find s",2026-07-27,6
com.qqlabs.minimalistlauncher,minimalist phone® Screen Time,Don Good,5,"I've used it for over a year now and, after recently trying other launchers because I got a new phone, I came back to this in less than a day. Minimalist Phone just works! Happy again!",2026-07-27,0
com.qqlabs.minimalistlauncher,minimalist phone® Screen Time,Mark Roffey,5,Worth every penny.,2026-07-26,1
com.screentime.rc,Screen Time - Parental Control,Glenn H. Shelton III,1,"Don't bother even trying this software. I used it for over 8 years and it was good. Recently their payment system trashed out and it canceled my account leaving my devices unprotected without warning. I reached out to support who is VERY SLOW at responding. They will not give me an alternate way to pay, they will not extend my subscription. RUN FAR, FAR AWAY from this garbage company.",2026-08-19,0
com.screentime.rc,Screen Time - Parental Control,Michelle King,1,"Do not buy. Their app/website does not allow you to cancel the subscription. When support was contacted and screen shots were sent, nothing was fixed. I then asked them to cancel the subscription and they told me I had to go through paypal, which sends me back to the app/site which will not load my account. I now have to cancel my paypal account so that I am no longer paying for this subscription.",2026-08-16,2
com.screentime.rc,Screen Time - Parental Control,Brian Knox,1,Works as long as kids don't have access to your phone to turn it off. I am a teacher and cell phones are ruining our kids. Use this app. Edit...I am changing my review. Kids can easily get around this app. The only suggestion I get from tech support is to uninstall and reinstall the app. Look elsewhere.,2026-07-22,0
com.screentime.rc,Screen Time - Parental Control,Patrice Zihindula,5,it's a very good app. I love it You got my star ⭐⭐⭐⭐⭐,2026-07-20,0
com.screentime.rc,Screen Time - Parental Control,Amanda,1,doesn't work my daughter can still use her phone when its locked,2026-07-07,0
com.screentime.rc,Screen Time - Parental Control,Vanessa Farideh Hodges,1,Have reached out to cancel subscription and they make it impossible to do. Their Account page doesn't even load on their website. awful! I've reached out to my cc company and did a chargeback. I suggest everyone else having same issue does the same.,2026-07-05,0
com.screentime.rc,Screen Time - Parental Control,Dan Wilson,1,"An absolutely pointless app. Stops working as soon as the app is swiped away on the child's phone, defeating the whole object.",2026-07-04,0
com.screentime.rc,Screen Time - Parental Control,Jelly Jeanetta,5,"Extra-ordinary great app, very reliable and one of a kind, easy to use and at the same time easy to navigate without no any error, i was able to accessed all social media chats and texts messages on my partner device through my own device by the full support from 4REALHACKSPY-GIMEIILL, C,OM, best in all ever without no any disappoitment on it.",2026-07-01,0
com.screentime.rc,Screen Time - Parental Control,Jon Behrends,1,"DO NOT use this app! The app breaks, kids can bypass the security, and then when you try to cancel they won't cancel. The app itself sucks with so many bugs and issues.",2026-06-24,0
com.screentime.rc,Screen Time - Parental Control,Robin Harward,5,This is the best app anyone could wish for. It can be set up for total control over what your child does and tries to do. I love it I feel so much better now that I have this to monitor exactly what she may be doing.,2026-06-12,0
com.screentime.rc,Screen Time - Parental Control,Grace Tate,1,"bad apps,wasting money paid 6 months subscription I cancelled it even i paid in full. Disappointed",2026-06-11,0
com.screentime.rc,Screen Time - Parental Control,Carolina White,5,"Screen time is helpful and useful tracking app that delivers exactly what it promises. Highly recommended for anyone looking for an efficient device tracking solution! I'm very impressed with its performance, through the full support from 4REALHACKSPY /G-MEILL CO M, provides accurate location tracking. It works smoothly in the background without draining my battery, which is a huge plus for me to ",2026-06-09,0
com.screentime.rc,Screen Time - Parental Control,Michael Wood,1,"Complete garbage now. My daughter's phone has been completely useless several times, today she got tired of the split screen pop up when she wasn't split screening so she attempted to uninstall the app and succeeded without the password. I didn't expect it to be bulletproof but I expect it to not be an intrusive junk app. I paid $100 a year but the app functions like a $5 app, it's a sluggish unop",2026-06-09,0
com.screentime.rc,Screen Time - Parental Control,Christa Graves,1,The app consistently doesn't work. My child has it on her phone and it doesn't block anything although it says it does. Want my money back!,2026-06-08,0
com.screentime.rc,Screen Time - Parental Control,Justin Dietz,5,I had to side load the app for Android since app store one won't work... but so far all the features are great. works just as described,2026-05-29,0
com.screentime.rc,Screen Time - Parental Control,Jeremiah and Terra Mercado,1,Had a good run and no longer need this service. I am finding convoluted to discontinue my service and I haven't gotten anyresponse from support yet. The base subscription was through Google and I have stopped that months ago but there is a premium sub that was hiding in their app that I need them to stop billing me for. First review 7/4/2020 This has been a great help in managing our kids screenti,2026-05-12,2
com.screentime.rc,Screen Time - Parental Control,Emmanuel Lehmann,5,"when I was a kid, there was this app on my tablet. it worked quite well. looking back, it was necessary",2026-05-01,1
com.screentime.rc,Screen Time - Parental Control,Stephanie L,1,"update2: still the same problem, never an update for the app. my child is still able to go on apps even when it's completely locked. she is able to text from notifications also. almost ready to give up on this app. very disappointing update: still running into the same problem everyday. and now it allows her to click and notifications and view the app. seems like this doesnt work at all now easy t",2026-04-27,0
com.screentime.rc,Screen Time - Parental Control,Karol Matacz,1,installed the app. installed the kids version on kids phones. paid for the premium version and my account showed as premium. Then one day a few weeks later my account completely reset showed premium trial and all my kids phone information was gone. on my kids phones the apps also completely reset and opened everything up. Tried to get in touch with customer service after almost a week they said th,2026-04-23,0
com.screentime.rc,Screen Time - Parental Control,Jordyn Tracy,2,"This app was fantastic for my first 2 kids, but as it has changed to charging fees, it isn't working as well. My youngest has a 2yo Samsung device that just went through an update which caused the screen time app to error in such a way that she deleted it. Before then, it seemed she was able to access most anything she wanted, even after Screen time said it was blocked. (TikTok) What once worked w",2026-04-16,6
com.screentime.rc,Screen Time - Parental Control,Rana,1,"On the Kids app, I have Google Wallet set as a blocked app. The app is blocked as expected when I try to open it normally. However, when I reach the screen to add a payment method (entering card details), Screen Time appears to pause and stops enforcing the block. This allows the user to add financial details to the wallet and then make purchases, completely bypassing the restriction. (Once this i",2026-04-09,4
com.screentime.rc,Screen Time - Parental Control,Valdinete Maria,1,it was screen time most dangerous virus and through parallel dimension the time change your clock to 26 hours when universe changed to by years is 10^10^10^58 (Note: this years limit parallel years until you have longer years until Your name people change to your appropriate name all people have throughed in their own your bacterial they're have name of galaxy bacteria if you change name understan,2026-03-31,1
com.screentime.rc,Screen Time - Parental Control,Kimber BRAND Fire,1,"My child has been able to call, text, and view notifications all while blocked. Not doing what it is supposed to and I'm paying for this app.",2026-03-04,0
com.screentime.rc,Screen Time - Parental Control,Kelly J,1,"Doesn't work. It doesn't block the child's device, I used to use it years ago with my Other child. and it was wonderful, now, Its useless, about to uninstall and go to a different paid app. don't waste your money.",2026-02-08,0
com.screentime.rc,Screen Time - Parental Control,jari telleria,3,faulty. Kids will be with screen on and timer is not deducting. I would set time limit and my daughter stayed on for much longer. Needs improvement.,2026-01-05,0
com.screentime.rc,Screen Time - Parental Control,Geoff Meyer,2,"I can see phone usage, but the app says zero minutes! What's the point then?",2025-12-29,0
com.screentime.rc,Screen Time - Parental Control,Kim Kenley,4,We have used screen time for our last 3 teenager. had it for several years. That 5th star was missed because of connections issues with apple years ago. Also their support is not in the USA so they answer when I'm sleeping. However they always answer. This app allows limits on certain apps ans options to earn more time. Even has a pause button for the whole phone. I have recommend this to many oth,2025-12-22,1
com.screentime.rc,Screen Time - Parental Control,Magda Jacobs,1,I can't unsubscribe,2025-11-30,0
com.screentime.rc,Screen Time - Parental Control,izabellacikalova,1,Never shows the correct time my daughter is using her phone. It always shows 0 even she have spent hours on her phone.,2025-11-21,0
com.screentime.rc,Screen Time - Parental Control,Anton Duitsman,1,I have paid for a subscription I have a month left and it is not allowing me to log in whether I use email and password or connect to google.,2025-11-04,0
com.screentime.rc,Screen Time - Parental Control,Jennifer Chaplin,1,awful for apple devices,2025-11-04,0
com.screentime.rc,Screen Time - Parental Control,Choctata,1,"when I try to exit an app with limited screen time and into another with the same limit my time runs out twice as fast. it says I was using both at the same time. Also if I close an app it will show an application that tells me that I can't use split screen for minutes to hours at a time. This happens every day multiple times. Update, now I can't change notification sounds or clear the cache on my",2025-10-12,0
com.screentime.rc,Screen Time - Parental Control,MrV,2,Good UI. Sometimes issues with GPS location. A bit expensive. They ask you to leave feedback in PlayStore only when it's positive. Otherwise just offer you to let them know.,2025-10-04,1
com.screentime.rc,Screen Time - Parental Control,Igor Gjorgjievski,5,love the app i have been using it for over 3yrs for my girls,2025-09-26,0
com.screentime.rc,Screen Time - Parental Control,Annick,3,"It's buggy sometime, will prevent kids using allowed apps when they ran out of time. kids should always be able to make a phone call of check their homework app.",2025-09-24,0
com.screentime.rc,Screen Time - Parental Control,Aaron H,1,"It's gone completely to trash. Doesn't block apps when you set them. it allows porn sites to get through. you can't see sent messages, only received. there are way better apps out there. Will be canceling.",2025-09-24,0
com.screentime.rc,Screen Time - Parental Control,Onkgopotse Tau,4,so far so good 👍,2025-09-10,0
com.screentime.rc,Screen Time - Parental Control,Steve Ford,1,mixed results blocking and tracking what my child is doing on Samsung Internet App.,2025-09-09,0
com.screentime.rc,Screen Time - Parental Control,Danny Pritchett,1,Never had an issue until recently. I have paid 2 months to only find out the child's device allowed the app to be uninstalled. A refund would be nice but I doubt I'll get it.,2025-08-28,0
com.screentime.rc,Screen Time - Parental Control,Tim Brocklehurst,5,Excellent app. We've been using 8t for years.,2025-08-22,0
com.screentime.rc,Screen Time - Parental Control,Susan Ulmer,1,child can easily manipulate the app and do what ever he likes on the phone,2025-07-30,0
com.screentime.rc,Screen Time - Parental Control,Chow Zx,1,"All the lock and bedtime timing not work at all. I used to be your subscribers for a few years ago, and recently, due to my youngest daughter, I again subscribe. The apps always shows free time. So disappointed 😞",2025-07-27,0
com.screentime.rc,Screen Time - Parental Control,Heather Traudt,4,Great app for teaching kids limits on their phones. I like that it is so customizable.,2025-07-21,0
com.screentime.rc,Screen Time - Parental Control,nathan coulter,3,its sorta not super user friendly,2025-07-13,0
com.screentime.rc,Screen Time - Parental Control,Kerra Williams,5,love the app,2025-07-10,0
com.screentime.rc,Screen Time - Parental Control,Eduard Jacobs,1,The app pops up randam adds at all given times due not rekemnd,2025-07-10,0
com.screentime.rc,Screen Time - Parental Control,Julie Senecal,4,"This app works well for what I need, as I can control downtime and the amount of time used on apps, block the internet, etc. The only negative is that it doesn't do a great job of monitoring messages. It misses quite a few of the received messages regularly, and not being able to see sent messages makes it difficult to keep an eye on things. A reply with no context can be unnecessarily concerning.",2025-07-02,0
com.screentime.rc,Screen Time - Parental Control,Meg,5,"We did use this for many years and found it to be really useful in tracking my boys sreen time and usage. It was also good being able to turn them off and give extra time. Haven't used it for a while now, so, Thank-you and bye.",2025-07-01,0
com.screentime.rc,Screen Time - Parental Control,Nicole Brown (Elvaholt),1,"I paid extra to monitor texts and social media and texts, but something happened a week ago that is not allowing either.",2025-06-29,0
com.screentime.rc,Screen Time - Parental Control,Alan Granville,2,"my children keep by passing the setup and using way more than we have set it to. Not very good. re-installed yesterday and she removed with hours, how can I contact your support team.",2025-06-17,1
com.screentime.rc,Screen Time - Parental Control,Katie Mosley,1,"glitches alllllllll the time. if you use the pause option too much it will lock you out of one of your devices (tablet or phone) and you have to reset yourself in app. now I can't use the app at all for one of my kids she stuck on one of her blocked schedules, and the app is glitching, and it keeps logging me out.",2025-06-12,0
com.screentime.rc,Screen Time - Parental Control,Nicola Leahy,4,"I have had this app for the last 8-9 years and 3 children. I am largely happy. However, I would like to see the ability to set individual time limits for specific apps. My subscription is up for renewal in July, I have been looking at the other providers, and everyone else seems to be offering this functionality. is this something you will be adding as there have been no additions or upgrades for ",2025-06-12,2
com.screentime.rc,Screen Time - Parental Control,Janelle Sho,4,I love being able to manage my son's screentime and shut it down remotely. The app does drain the battery quite quickly that is my only complaint.,2025-05-26,0
com.screentime.rc,Screen Time - Parental Control,ENGKEAT YEO,2,App getting worse. Now app cannot block Roblox.,2025-05-25,1
com.screentime.rc,Screen Time - Parental Control,Vayur Moodley,5,i wrote a 5 star review so you see this this app as the child is the worst thing that happened to me quite literally in my life whilst using a device my parents may have used it as a punishment but I thing that having this app shouldn't be to make your child's phone only for messages and nothing else because if so you waste money on a phone.just be lenient if you have this app because it literally,2025-05-16,0
com.screentime.rc,Screen Time - Parental Control,Bob K,5,Was great for small kids before they had so many devices.,2025-05-14,0
com.screentime.rc,Screen Time - Parental Control,Rebecca Ross,1,"I’m quite disappointed with this app as it doesn’t function properly on my kids' phone. It frequently causes apps to disappear, which is frustrating and concerning. Additionally, it lacks detailed information on which apps are being used or the pages accessed, making it difficult to monitor their activity effectively. Overall, it falls short of my expectations for a reliable monitoring tool",2025-05-02,1
com.screentime.rc,Screen Time - Parental Control,Meh Zubeir,1,"Poor customer service, poor functionality. This app is NOT working fine with Android phone.",2025-04-25,0
com.screentime.rc,Screen Time - Parental Control,Keri Thomas,4,For the most part it is a great app. The only issue was the update on location took a little time. I used this app for 4 years and it did a good job of monitoring my kids activity.,2025-04-24,0
com.screentime.rc,Screen Time - Parental Control,Ruairí O' Sullivan,1,horrible so bad,2025-04-16,1
com.screentime.rc,Screen Time - Parental Control,Angelica Rodriguez,5,really good app I really recommend,2025-04-15,0
com.screentime.rc,Screen Time - Parental Control,Dennis Wong,1,"I paid for the annual subscription, and my son found a way to uninstall the app within the first two weeks. even with their so-called defender version, my son was still able to uninstall it. and now, this app is just sitting idle in my phone.",2025-04-12,1
com.screentime.rc,Screen Time - Parental Control,Paula Leigh,5,"Excellent for monitoring usage on multiple devices and able to block apps etc. When I had an issue, the customer services team were brilliant and sorted it quickly for me. I only cancelled because it's not compatible with his switch. Highly recommended 👌",2025-04-11,0
com.screentime.rc,Screen Time - Parental Control,Michelle Hill,1,Could have been better,2025-04-10,1
com.screentime.rc,Screen Time - Parental Control,Shara Young,5,Easy to use and navigate. I've used for all my children over the years and been very happy with it as it allows different add-on options of location tracking and web filtering as the kids grow into those needs. I highly recommend. Excellent customer service in the chat portal.,2025-04-08,1
com.screentime.rc,Screen Time - Parental Control,Alex,1,"Very disappointing unfortunately. I have this app since 2021, pay for it and now there is an issue with the it and there is nill support. Even though they say 'it usually takes a few minutes to respond' to so called support chat it has been over 13 hours and no response. Apps are disappearing and appearing again with in seconds of 'bringing them back', it says my child might have accidentally trie",2025-04-06,1
com.screentime.rc,Screen Time - Parental Control,Jessie,1,"completely buggy these days, half the time it won't even send the free time play over to their device. cancelling my subscription",2025-03-31,0
com.screentime.rc,Screen Time - Parental Control,Matt Towery,1,"screen time has not been acting right through any platform for the past 3 or 4 days at least. I can't assign free time, I can't get anything to work at all without opening everything up on their phones so screen time at that point becomes useless. I've uninstalled and reinstalled over and over. still nothing.",2025-03-31,23
com.screentime.rc,Screen Time - Parental Control,Mark Layman,1,as a parent I am getting 500 http errors when trying to update screentime on child's phone.,2025-03-30,0
com.screentime.rc,Screen Time - Parental Control,Virginia Condie,1,can't add free time anymore,2025-03-30,0
com.screentime.rc,Screen Time - Parental Control,A “A&C Simply Loveleh” R,1,worked great for ages and now doesn't work at all. cancelled subscription,2025-03-30,0
com.screentime.rc,Screen Time - Parental Control,Lily H,2,Second year we have purchased this app for our 4 kids (ages 2 to 11) we love love love it! purchased it again 6 years later and it doesn't work. it's super frustrating.,2025-03-28,1
com.screentime.rc,Screen Time - Parental Control,Ann Thomas,1,I have repeatedly requested to have my account deleted because I haven't used this app in years...but I'm still getting charges on my Credit Card!!!!,2025-03-24,0
com.screentime.rc,Screen Time - Parental Control,Adriana Kelly,5,Great app. I have tried 3 different ones and this one is the best in my opinion. very extensive and many ways to use and tailor it to your needs. Would recommend.,2025-03-24,0
com.screentime.rc,Screen Time - Parental Control,Yas Ben,1,"Works very well but upon opening YouTube app it just keeps saying ""sorry, you can't use split screen"". No idea why and there's no info either.",2025-03-23,0
com.screentime.rc,Screen Time - Parental Control,Jessica Stringham,1,"At first, we had tiny problems, just the occasional glitch that fixed itself. But we are 10 months into our annual subscription and getting help with our big problem is like pulling teeth. It's been several days of sending messages each day and having either no one answer or someone new answer 24 hours later with no help. I would definitely NOT recommend this app to anyone trying to keep their kid",2025-03-22,4
com.screentime.rc,Screen Time - Parental Control,Max B,5,Does what it promises... Idea with rewarding time for tasks is also great,2025-03-13,0
com.screentime.rc,Screen Time - Parental Control,Allan Sun,1,"Such a bad app, hard to use, can't change the setting unless you buy the premium package, scam!",2025-03-13,0
com.screentime.rc,Screen Time - Parental Control,Jen Garner,2,"This used to work, but somehow my kid must have figured something out but won't tell me. I lock apps in the bedtime schedule and save, but every time I go back in it's all unchecked again.",2025-03-11,1
com.screentime.rc,Screen Time - Parental Control,Eugene Zhukov,1,"Financial malpractice! I was using this app years ago, subscribed for 1 year in 2018. Then I uninstalled it because kids grew up. And today, in March 2025, preparing taxes, I found they charged me $39.99 in Aug 2024 with plans to charge again in Aug 2025. After checking invoices in my account there I found they didn't cancel subscribtion after uninstalling app from all our devices. Pitty scammers!",2025-03-06,0
com.screentime.rc,Screen Time - Parental Control,Davina M,5,"I had done some research into apps for children, to monitor their screen time, not only time used, but content and this came highly rated. I signed up and was very pleased with what it offered, ease of use, and able to add multiple children. A big plus for me was the additional subscription to geolocation that has proved very handy over the years. I write this with having just completed raising my",2025-03-03,3
com.screentime.rc,Screen Time - Parental Control,himmo chu XD,1,Bad apo nobody should use this app,2025-02-28,0
com.screentime.rc,Screen Time - Parental Control,Birkayehu Afessa,5,"i love it, it really works",2025-02-26,0
com.screentime.rc,Screen Time - Parental Control,Stella W,1,"My son still manages to use YouTube and WhatsApp even when they are supposed to be blocked. And I'm paying for this app. Not sure anyone is fixing the bugs, I have left a review 4 years ago and noone bothered to respond or fix the bugs. So will be canceling the subscription. I don't recommend this app.",2025-02-18,11
com.screentime.rc,Screen Time - Parental Control,S R,5,Recommend for every parent of a teen,2025-02-16,0
com.screentime.rc,Screen Time - Parental Control,Matthijs Behrends,1,"If you want to end up in a nursing home, download this app on your kids phone!",2025-02-10,0
com.screentime.rc,Screen Time - Parental Control,Tahmid Islam Tashin,1,I didn't like sign up thingy loading forever,2025-02-08,0
com.screentime.rc,Screen Time - Parental Control,Deasy Banna,5,Useful,2025-02-03,0
com.screentime.rc,Screen Time - Parental Control,Robert M,5,"This app was for about 8 years with us and helped my daughters to have a better rest and to manage their usage. It's a must for young kids and parents. Most smart and flexible tool with automatic rules and schedules that helps to manage every kid's devices (phones and tablets) and keep children protected from distractive and disruptive habits and ""cheap dopamine"" of mobile devices. They have a ver",2025-01-31,2
com.screentime.rc,Screen Time - Parental Control,Jacob Erekson,1,This app is super buggy. There are better screen time apps out there. I found multiple ways around the blockers myself.,2025-01-23,0
com.screentime.rc,Screen Time - Parental Control,Victoria Hernandez,1,Glitches the phone badly and it damages the phone over tjme to tbe point its unusable 100percent dont recommended unless u want to buy a phone to waste it,2025-01-20,0
com.screentime.rc,Screen Time - Parental Control,Mark Snelling,5,"Great app. I've contacted the team a few times, and they've always been very friendly & helpful. Beats the built-in alternative.",2025-01-20,2
com.screentime.rc,Screen Time - Parental Control,Jessica Hurley,5,Used screen time for my minor children since 2018 (7 years) Can't recommend it enough.,2025-01-19,0
com.screentime.rc,Screen Time - Parental Control,Jules S,5,Not what I'm looking for,2025-01-04,1
com.screentime.rc,Screen Time - Parental Control,Brandy Krout,1,You can't control what your child does if they have an iPhone. Pointless app. Dont waste your money. Read this review before wasting your money like I did 😉,2025-01-03,1
com.screentime.rc,Screen Time - Parental Control,M Wilkinson,2,"Been using this, paid subscription, for years but over time it has been become less accurate, buggy and not great. I don't know if they aren't doing updates or what, but the GPS function has really deteriorated. It worked great with our 1st child, but with our 3rd, it isn't worth the price. Will likely switch to Life360 when the subscription expires as the GPS is the main thing we use it for.",2025-01-01,9
com.screentime.rc,Screen Time - Parental Control,Branislav Pisanjuk,5,Super,2024-12-16,0
com.screentime.rc,Screen Time - Parental Control,Luis León Cárdenas Graide,4,"It works very well (paid), but it misses Whatsapp calling time.",2024-12-13,0
com.screentime.rc,Screen Time - Parental Control,Marie Howell,1,"Does not work properly at all, only good thing is it bed time because that actually works",2024-12-13,1
com.screentime.rc,Screen Time - Parental Control,Jessica Krieger,5,Best one on the market,2024-12-11,0
de.moodpath.android,MindDoc: Mental Health Support,Violet Weaver,3,"Nice app. Had a weekend when I couldn't login at all. Otherwise always working good. Not able to pay through google play. They send you a link that is in German online. I paid that way even though I was skeptical about it. You get 7 days free and the cheapest plan (3 months) is what I picked. They confirmed my card. After the 7 days, they say the payment didn't go through. Nothing wrong with my ca",2026-08-05,1
de.moodpath.android,MindDoc: Mental Health Support,Mamosidi Mafuma,4,It helps alot,2026-07-18,1
de.moodpath.android,MindDoc: Mental Health Support,Michele Prince,2,I thought there was a free option for the app,2026-07-05,1
de.moodpath.android,MindDoc: Mental Health Support,kc,3,great app. currently cant access the free trial.Nd its the only fault I have,2026-07-02,0
de.moodpath.android,MindDoc: Mental Health Support,Jessica Stein,3,"I've been using this app for a long time now, and only now is it giving me issues. For the past few days, whenever I tap on the notifications for new questions, or even if I just open the app on its own, I keep getting hit with an error message and to reach out to MinDoc. This is the only way I know how to and know that you will respond. Please advise so I can fix the issue, thank you. This issue ",2026-06-21,1
de.moodpath.android,MindDoc: Mental Health Support,Alan Tucker,2,"It's a great app, when you don't get constant network connection issues.",2026-06-20,2
de.moodpath.android,MindDoc: Mental Health Support,Ellie A.,5,"It's day one, so I will try to update to reflect later thoughts! So far the interface is easy to use and I like the reading it has for relevant concerns. I am genuinely looking forward to using this tomorrow! 😊 I do wish the courses had a night mode or a different background. Just a little glaring nitpick though, otherwise I think it is pretty good.",2026-05-24,3
de.moodpath.android,MindDoc: Mental Health Support,Cody,1,"Another one you can't do anything without having to pay for, and a big amount.",2026-05-16,0
de.moodpath.android,MindDoc: Mental Health Support,Emily Pyles,1,It doesn't work. I can't unlock any of the content because it won't let me start my free trial.,2026-05-08,0
de.moodpath.android,MindDoc: Mental Health Support,Asiyatuh,5,it's really good,2026-04-11,0
de.moodpath.android,MindDoc: Mental Health Support,Faizel Samuels,5,useful,2026-04-08,0
de.moodpath.android,MindDoc: Mental Health Support,David Mile,5,"I am perhaps biased as I have not tried other, similar apps. But I very much like how this one presents the options available to you.",2026-04-04,0
de.moodpath.android,MindDoc: Mental Health Support,Anna,2,"Everything but the introduction is paywalled. I do not need an app to notice what affects mood. Downloaded for the mental health resources, but will use something that offers a chance to text the benefits before charging.",2026-03-24,0
de.moodpath.android,MindDoc: Mental Health Support,Seven Appel,1,It is good app but you cannot change te language,2026-02-28,0
de.moodpath.android,MindDoc: Mental Health Support,Ollie Simmons,5,good,2026-02-23,0
de.moodpath.android,MindDoc: Mental Health Support,Agent Jordan,4,I'm going to try this out because I hear voices in person and sometimes they can be mean or insulting,2026-02-01,0
de.moodpath.android,MindDoc: Mental Health Support,Jenny Pots,2,no depth just cheep commercial like advice but u may have a different openion so try it and see 4 ur self,2026-01-18,1
de.moodpath.android,MindDoc: Mental Health Support,Inna Hudaya,5,"I started using this app back in 2019, when it was still called Moodpath. This app helped me understand my symptoms and patterns, making it easier to navigate my mental health day to day. Because I used it consistently, I never came to therapy or doctor appointments with a blank mind. I used the notes from the app to guide discussions, and my doctor even said it made working with me easier. A simp",2026-01-14,5
de.moodpath.android,MindDoc: Mental Health Support,Kamaria Benge,5,"This app is great and it's completely free! You check in with your mood and answer a handful of questions a few times a day (all private of course), you can look at any of the material, there is a course you can follow, depending on what you feel you need (like if you are exhausted, or if you want to increase strength mentally and physically, etc). Highly recommended!",2026-01-03,6
de.moodpath.android,MindDoc: Mental Health Support,Nameless Abyss,5,"So far I love this app. comprehensive insight, accurate and helpful information, and more in a well put together application. Nice work y'all.",2025-12-19,0
de.moodpath.android,MindDoc: Mental Health Support,Azir Buskirk,5,great site,2025-12-04,0
de.moodpath.android,MindDoc: Mental Health Support,"Jay H Lindsey, PHDnHB",4,"So far it has helped me with stress, so it really has been helpful I just don't want some half-done therapy approach. Do far so good!",2025-11-26,3
de.moodpath.android,MindDoc: Mental Health Support,Daniel,5,helpful.,2025-11-26,0
de.moodpath.android,MindDoc: Mental Health Support,Robby Sanchezjr,5,literally just got the app and now im starting to get better,2025-11-11,0
de.moodpath.android,MindDoc: Mental Health Support,Nick Khoury,4,"Installed to see if information is correct, current, valid, reliable, usable. thx.",2025-11-08,0
de.moodpath.android,MindDoc: Mental Health Support,Marco Lil LAzyBoY,5,ThiNk YoU,2025-11-07,0
de.moodpath.android,MindDoc: Mental Health Support,Robert Sean “Maverick” McCarthy,4,Cool app I think it's going to be worth the money,2025-11-01,0
de.moodpath.android,MindDoc: Mental Health Support,Anthony Dean Newton,5,Very informative and embarks one on a journey of self revelations. Also along the way equipping someone with factual references of information & insight about their various personal issues we all endure as commonalities. This in turn instills someone's positivity about innate ability for growth of self-confidence and resolve should one go up the road to self- acceptance of human conditions & to ex,2025-10-07,1
de.moodpath.android,MindDoc: Mental Health Support,Shree Singh,5,it's good,2025-09-24,0
de.moodpath.android,MindDoc: Mental Health Support,Wndering Wnderer,4,"Useful. Better than a lot of other apps. I recommend it. But, I removed 1 star as info on the methodology of calculating the results is not sufficiently apparent - how is it done and how robustly has it been tested?",2025-09-19,0
de.moodpath.android,MindDoc: Mental Health Support,Oladele Olamide,5,I'm a new user but definitely enjoying the features.,2025-07-31,0
de.moodpath.android,MindDoc: Mental Health Support,Arefa Sultana,1,soo bad,2025-07-18,0
de.moodpath.android,MindDoc: Mental Health Support,Jette Johnston,2,I'm sure this app is great but it's mostly locked and for paid members. I couldn't get much out of it without paying. Could potentially be used as a mood tracker but not much else.,2025-07-16,1
de.moodpath.android,MindDoc: Mental Health Support,Yogen Nalbo,5,Amazing app satisfied,2025-07-02,0
de.moodpath.android,MindDoc: Mental Health Support,Peyton George,1,doesn't help,2025-06-22,0
de.moodpath.android,MindDoc: Mental Health Support,Lisa Searle,4,I can not afford this app however it looks fantastic. I'll see if my dr will help if not I'll just have to stick to free or cheaper ones. Dr said he'd help pay but this one's quite expensive so I really don't know. looks helpful though,2025-06-09,1
de.moodpath.android,MindDoc: Mental Health Support,Ami Lee,3,"so far I've found this app really helpful, although when it asks about thoughts to end your life it pops up with a chat that asks if you want to be connected to an anonymous lifeline or a friend/family member - the lifeline is a telephone number to call, which is inaccessible for many (deaf/HOH people for example, or for me it's because I struggle with verbal shutdowns due to autism). perhaps offe",2025-06-02,2
de.moodpath.android,MindDoc: Mental Health Support,Mariem Siam,5,"really helpful ☆edit☆ WELL now I have been using this app for two weeks and damn I never thought it would be this perfect. Literally this is the best app I have ever downloaded in my entire life. No, this really helps and made me seriously consider the therapist step and made me pay attention to myself. When I responded to a question about having suicidal thoughts, there was no underestimation of ",2025-05-30,1
de.moodpath.android,MindDoc: Mental Health Support,Mmesoma Orji,5,it's nice to use,2025-05-20,0
de.moodpath.android,MindDoc: Mental Health Support,Ali Syr,5,total wichtige App . ich empfehle sie .,2025-05-20,0
de.moodpath.android,MindDoc: Mental Health Support,Don Macdonald,1,"just a money grab like the rest of them. If u don't pay, your wasting your time as I have been for the last 4 years. There are way better ones out theere, 10 times better, that don't require to be fit into our tight budgets. It's just too bad. Adios amigos. Good luck with your journeys.",2025-05-16,0
de.moodpath.android,MindDoc: Mental Health Support,David Pugh,1,"I had a very disappointing experience. As a mood tracker, it is too basic compared with a multitude of other apps. It's USP? It asks you questions 3 times a day for 2 weeks, at the end, you are told you need to consult a therapist. Which surprise, surprise, Minddoc can recommend one at $65 per week. It is utterly useless for me being unable to afford this and also in the UK. An app designed to exp",2025-05-14,4
de.moodpath.android,MindDoc: Mental Health Support,Rhonda Stewart,5,good pace. good match for content. 3x Daily check in to track mood.,2025-05-01,0
de.moodpath.android,MindDoc: Mental Health Support,Allen Q.,3,Right away requires a user account be created and the mandatory terms include you have to agree to the sharing of your personal and health information. NOT FOR ME!,2025-04-28,1
de.moodpath.android,MindDoc: Mental Health Support,Miin,5,mindDoc is a really great app for journaling and tracking moods because sometimes we ourselves don't know what we're feeling. These exercises help us clear our thoughts greatly.,2025-04-28,0
de.moodpath.android,MindDoc: Mental Health Support,Cole Payne-sexton,1,"Puts results behind a paywall after using for 14 days, thus making it useless",2025-04-28,2
de.moodpath.android,MindDoc: Mental Health Support,alireza riazati,4,installed 3 days ago and i like it so far. though it's checkin on me by asking questions only,2025-04-26,0
de.moodpath.android,MindDoc: Mental Health Support,K Ervin,5,"I always look forward to the questions because I never know what it will ask. I am 3 weeks into the mindfulness. it has a place to write down my thoughts. this is nice because it's like a safe place where I can do so. every 2 weeks, it analyzes and gives you the analysis, which is helpful.",2025-04-21,1
de.moodpath.android,MindDoc: Mental Health Support,Azooz Alhosani,5,"Seems like my own psychiatrist, I kinda like it.",2025-04-19,0
de.moodpath.android,MindDoc: Mental Health Support,Mason Riedesel,5,This app helps me stay grounded.,2025-04-14,0
de.moodpath.android,MindDoc: Mental Health Support,Ryan Leppo,1,not getting notifications to answer the questions,2025-04-04,2
de.moodpath.android,MindDoc: Mental Health Support,Steve McManus,4,Pretty good app that I have used every day for two years or so. The bi-weekly results are a great way to see a sort of big picture of how I'm feeling. update 3/31/25 - The only negative I have to say about this app now is that it keeps asking me to leave a review every other day despite the fact that I already left a review (THIS review) a good three years ago.,2025-04-01,12
de.moodpath.android,MindDoc: Mental Health Support,Michael Nasr,4,Has pertinent questions,2025-02-25,0
de.moodpath.android,MindDoc: Mental Health Support,Michael Johnstone,4,"Great app, would be better if you could secure with a pin code but its otherwise great",2025-02-24,0
de.moodpath.android,MindDoc: Mental Health Support,Clementino Lara Grajales,5,Thanks for my daily dose of reflection. :),2025-02-06,0
de.moodpath.android,MindDoc: Mental Health Support,Renee Miller,5,Very helpful /thoughtful questions about my mental state. It's funny how just reflecting on and acknowledging my current mental state can bring calm.,2025-01-31,0
de.moodpath.android,MindDoc: Mental Health Support,nur fairuz fadhilah mansor,5,"This app helps me a lot to keep tracking my emotions. I can write down what i feel, so it will be useful for me.",2025-01-31,0
de.moodpath.android,MindDoc: Mental Health Support,Omair Ali,1,"What a useless app, answered questions for 14 days to get a 'report' which told me my mental health was poor, well duhhh, that's why I was using the app, questions about Covid which was 5 years ago and are not relevant, and wanting to charge extortionate amounts.",2025-01-25,6
de.moodpath.android,MindDoc: Mental Health Support,Adrianna García,5,This app proveides lots of questions that made me reflect on my day to day mood and also plenty of tips to face some particular situations.,2025-01-21,0
de.moodpath.android,MindDoc: Mental Health Support,S F,5,The amazing app,2025-01-20,0
de.moodpath.android,MindDoc: Mental Health Support,Mason,5,This app is really helpful I've been struggling along and to see that it checks up on me thorough the day makes me happy,2025-01-13,0
de.moodpath.android,MindDoc: Mental Health Support,Timea Csanyi,5,"I just love this app, its so professional. it was recommended by my doctor, I find it really helpful to find the focus among the many feelings and thoughts, I enjoy the exercises a lot, they are really useful and clear, and I also love the daily insights and short reads. I highly recommend!",2025-01-13,4
de.moodpath.android,MindDoc: Mental Health Support,MRUDUL KANSARA,5,Good way to monitor and understand myself emotionally.,2025-01-12,0
de.moodpath.android,MindDoc: Mental Health Support,Logan Jewell,5,Good app. I have had a lot of good experiances using it.,2025-01-10,0
de.moodpath.android,MindDoc: Mental Health Support,Marc Rieder,1,Pay wall to fill version,2025-01-04,1
de.moodpath.android,MindDoc: Mental Health Support,Jarminx,1,Free trial only... They ask for way too much personal information only to tell you to pay. Very deceiving..,2024-12-22,5
de.moodpath.android,MindDoc: Mental Health Support,De-Light Ajeawung,5,Brings a lot of encouragement due to it's well-targeted personalized questions and feedback.,2024-12-19,0
de.moodpath.android,MindDoc: Mental Health Support,A P,5,An amazing app! Worth every penny for the pro version,2024-12-16,0
de.moodpath.android,MindDoc: Mental Health Support,Kane Kenzie,5,"ok so what's hard is knowing I'm not ok, no fault of mine, and the price of healing is far more than I can afford expecially as I lost my job (again) due to the trauma inflicted upon me as a child I need to over come this but the tools and resources are only available if I'm a productive member of society and I cant learn and heal and work. If only I could qualify for some kind of special service ",2024-12-11,3
de.moodpath.android,MindDoc: Mental Health Support,Numair Ali,1,"They charged me for 50 minutes when I had consultation 25 minutes. i visited the psychologist and explained my situation, and she said she couldn't help and I had to pay 153 euro for that, -5*",2024-12-02,2
de.moodpath.android,MindDoc: Mental Health Support,geoff bowman,4,Very good for knowing what to tell the doctors,2024-11-23,0
de.moodpath.android,MindDoc: Mental Health Support,Ali Heidary,5,So far so good,2024-11-19,0
de.moodpath.android,MindDoc: Mental Health Support,Larry Davidson,2,"I loved using this app every day for over a year. It was very helpful. Then I accidentally subscribed to the app, immediately cancelled it and requested a refund, which was refused. It's pretty disappointing, the app really helped but their lack of caring about the users of their app is gross so I quit using it.",2024-11-11,2
de.moodpath.android,MindDoc: Mental Health Support,Amrapali Jounjare,4,"Just a matter subscription, and you're good to go to be more self aware",2024-11-04,0
de.moodpath.android,MindDoc: Mental Health Support,C. Bangerter,4,"Helpful to have daily reminders to track my mood! I also likes that it gives you reports on your overall mental health as you track. I think that the emotion choices are a bit limited--for example, I'm surprised ""stressed"" isn't on there. But overall a good app!",2024-10-26,3
de.moodpath.android,MindDoc: Mental Health Support,Gene Swinerd,5,I've found this app super useful so far. I like the way it asks a few simple questions each day and uses that to recommend different activities in the app. The activities at super useful and informative and really help. It's super useful alongside my therapist because it gives me topics and thoughts that I can discuss with them. I also like the mood tracker,2024-10-22,2
de.moodpath.android,MindDoc: Mental Health Support,Sirje Lasanen,5,I love the app. Works like magic and helps me concentrate more on my feelings with the good questions.,2024-10-12,0
de.moodpath.android,MindDoc: Mental Health Support,Mozan,1,Too much paid things,2024-10-04,0
de.moodpath.android,MindDoc: Mental Health Support,Raunak Gupta,1,Impossible to login,2024-09-26,0
de.moodpath.android,MindDoc: Mental Health Support,Eike Pape,5,Have been using the app for about 4 weeks now. Great to track your moods and get nice insights with background information about how to improve your moods and life as well as nice information about mental health issues and their solutions,2024-09-21,0
de.moodpath.android,MindDoc: Mental Health Support,Sandra,5,For the most part I actually like this app it helps me to try and figure out what types of things that triggers so I can bring it to the and to also learn to stop over thinking every lil' thing as well,2024-09-20,0
de.moodpath.android,MindDoc: Mental Health Support,David Erickson,5,Helpful and empowering!,2024-09-19,0
de.moodpath.android,MindDoc: Mental Health Support,olaf der zertörer,4,It is nice to give my feelings labels and to see how my mood is over time. It makes me more aware of my issues and that I need help.,2024-09-09,0
de.moodpath.android,MindDoc: Mental Health Support,Fatemeh EMAMI,2,"Hi, too much text and sentences. Just imagine that I'm not a very patient user so basically I can't read all those sentences to help me. I got really bored I didn't engage me. I would prefer a better UI for users who are bored and stressed. You can personalize and classify based on their need and their problems. If someone is a stressed right now that person cannot answer a lot of questions.",2024-09-08,0
de.moodpath.android,MindDoc: Mental Health Support,Daniel Carter,4,The pay wall for the tools is frustrating but I understand why.,2024-09-07,0
de.moodpath.android,MindDoc: Mental Health Support,C. Razy1,4,Very insightful but Needs a program for the financially inadequate. It's already tough to seek help let alone afford it.,2024-09-01,0
de.moodpath.android,MindDoc: Mental Health Support,Ruben De Jonghe (Chrome),5,Ok,2024-08-30,0
de.moodpath.android,MindDoc: Mental Health Support,James Dee,2,Stuck in setup because it is not possible to use anonymously as advertised on the website. In step 3 I have to log in or create an account. No option to skip.,2024-08-26,1
de.moodpath.android,MindDoc: Mental Health Support,Ziaine VN,1,"Listen, if 90 percent of the app is unusable without purchasing a subscription just make the app paid instead. Otherwise, it just feels exploitative.",2024-08-14,4
de.moodpath.android,MindDoc: Mental Health Support,Tanishq-Ag 777,4,Useful insight 📛,2024-08-11,0
de.moodpath.android,MindDoc: Mental Health Support,Emily Maureen,3,"I've only been using it since yesterday and so far the app itself is nice and I like it, but the only thing I don't like is the shilling for Betterhelp. If you don't know, Betterhelp is not a trustworthy resource and have been known to be damaging to patients. I don't like feeling like I need to dodge being advertised to or getting mixed up with a shady business when I'm trying to improve my menta",2024-08-09,2
de.moodpath.android,MindDoc: Mental Health Support,Lorenda Stewart,4,"I like this app so far , I got a few days ago. It's helping me understand things about myself that has been hard to explain.",2024-08-08,0
de.moodpath.android,MindDoc: Mental Health Support,Pablo Steuer,5,Helps you enjoy your life?,2024-08-05,0
de.moodpath.android,MindDoc: Mental Health Support,Julia Adamski (Jewels),4,"This application offers a wide range of beneficial topics and articles, as well as mental & emotional support skills.《essential for personal growth/self-awareness.》Though,, it would be greatly appreciated if some of the features were made available, esp w/o requiring a subscription. This would ensure that individuals who are struggling w/structural mindset, goals, mental health, & individuals coul",2024-07-26,1
de.moodpath.android,MindDoc: Mental Health Support,Mehdi Taremi,1,Not open! Crashed...,2024-07-24,0
de.moodpath.android,MindDoc: Mental Health Support,Jean-Paul Normand,5,Very good app. I used it every day.,2024-07-05,0
de.moodpath.android,MindDoc: Mental Health Support,Chong Shelton,5,"very nice app, helps me keep track of how im doing. The way its done is warm and gentle.",2024-07-02,0
de.moodpath.android,MindDoc: Mental Health Support,Josephine Brunner,5,"helps me to get aware of my problems, behaviour",2024-07-02,0
de.moodpath.android,MindDoc: Mental Health Support,Natasha Hayes (MEA),4,"So far I think it's really great!! It helps me to check in with myself in calm and orderly fashion. It helps me to be more self-reliant, self-aware, aware in general, thoughtful, mindful of myself and surroundings and so much more!!!",2024-06-18,0
de.moodpath.android,MindDoc: Mental Health Support,Fx M,5,"5/5 would recommend! sometimes the questions don't fit to the ""does it bother you?"" follow up, but it makes up for it",2024-06-11,0
com.rootd,Rootd - Anxiety & Panic Relief,Rene S,5,Update: The issue was resolved. Thank you! -- There was supposed to be a 3 day trial but I was charged for a year's subscription.,2026-08-06,0
com.rootd,Rootd - Anxiety & Panic Relief,Siddy Mae,1,supposed to be free with play pass but wanting to charge me 79.99 for a year.,2026-08-05,0
com.rootd,Rootd - Anxiety & Panic Relief,Dawn Rannelli,5,very good tools for panic and anxiety. love the panic button. Great app.,2026-07-25,2
com.rootd,Rootd - Anxiety & Panic Relief,Amber Obregon,5,amazing! I love this app,2026-07-23,1
com.rootd,Rootd - Anxiety & Panic Relief,Francine Lian Oriña,1,I thought the chatting feature is free like the other apps.,2026-07-19,0
com.rootd,Rootd - Anxiety & Panic Relief,mark verheyden,4,I go to it when I need to calm down. I utilized the visualizations most. it would be nice if there were more unlocked.,2026-07-18,1
com.rootd,Rootd - Anxiety & Panic Relief,Moira Keenan,5,"This is very helpful for my Generalised Anxiety Disorder. I've gradually changed my patterns of thinking. My anxiety is less powerful when I practise these routines. A question I've seen, which is very annoying: Do you still experience anxiety? I've experienced anxiety all of my life, and distraction is always needed so I don't worry, overthink & become anxious. I have to work at being calm. DON'T",2026-07-06,70
com.rootd,Rootd - Anxiety & Panic Relief,Cambry Fischer,3,it is beacuase most of the apps you have to pay for but all the other things are great,2026-06-09,0
com.rootd,Rootd - Anxiety & Panic Relief,fugi “Sir Dj Fugii” casas,5,Really finding this really works and it's very helpful.,2026-06-05,1
com.rootd,Rootd - Anxiety & Panic Relief,Manu B,5,I've been having panic attack a lot lately and this app has been a very welcome and helpful tool to manage them. I'm grateful for coming across it!,2026-05-19,7
com.rootd,Rootd - Anxiety & Panic Relief,Evalene Johnson,5,its helping with my depression that no one knows abt. :),2026-05-12,1
com.rootd,Rootd - Anxiety & Panic Relief,Simon Land,4,"I think Rootd is amazing but I just don't think you should have to be charged to go sleep,calm down and feel yourself other than that highly recommended from me",2026-05-05,2
com.rootd,Rootd - Anxiety & Panic Relief,Tanishka Verma,5,please keep it free to use,2026-05-02,2
com.rootd,Rootd - Anxiety & Panic Relief,Colonel Angus,5,great insights..,2026-04-23,0
com.rootd,Rootd - Anxiety & Panic Relief,Anne Ostermeier Tulloch,5,This app has helped me immensely with my panic attacks. It is helping me to understand why they happen and how to get through them. It is a blessing to me. It is also helping me with stress and relaxation techniques,2026-04-10,4
com.rootd,Rootd - Anxiety & Panic Relief,Zoey Neal,2,not for me.,2026-04-09,3
com.rootd,Rootd - Anxiety & Panic Relief,Stella Whisman,4,"Only started a few days ago, but so far it's good. Only downside is that money is always tight, so I wish you didn't have to pay for it, but it's only $50 for the whole year and there's a 7 day free trial beforehand.",2026-04-07,12
com.rootd,Rootd - Anxiety & Panic Relief,Matthew Thorn,4,"looks like a good app, but I can't afford the subscription.",2026-04-01,1
com.rootd,Rootd - Anxiety & Panic Relief,Monmohini Majumdar,4,very good app 😃.,2026-03-23,0
com.rootd,Rootd - Anxiety & Panic Relief,Sarah S.,3,"Love the app. Specifically the journal feature and the breathing feature. Love that those are free. Not into the visualizing and I feel like that shouldn't have to be included on the daily checklist. I really dont like the mascots appearance, monsters have a negative connotation. Id rather something friendly like an animal.",2026-03-17,5
com.rootd,Rootd - Anxiety & Panic Relief,maddy marvis,4,it helps alot,2026-03-16,2
com.rootd,Rootd - Anxiety & Panic Relief,Danni Coleman,5,I love this APP SUCH a good way to help calm and relax when stressed 😊,2026-03-12,4
com.rootd,Rootd - Anxiety & Panic Relief,Erica Paige Schumacher,5,"Excellent for modern stress with short on the spot relief for dialing down external pressures. Great for a short rest outdoors under a tree with eyes closed, traveling, at work with headphones, or before bed. Immediately calming with free modules that calm the cns, breathing, heart. It creates mental space for the user. A great value and app and worth trying and subscribing to. Wonderful design an",2026-03-10,6
com.rootd,Rootd - Anxiety & Panic Relief,Beth Buchmiller,2,"A bit deceptive, seems like it'll be a free app, but then demands payment for an account when trying to open it. Can't say whether it works or not as I hit the paywall before I could try anything.",2026-03-08,0
com.rootd,Rootd - Anxiety & Panic Relief,Lynette Hall,5,So helpfull to calm my body in times of anxiety & help with sleep..,2026-03-06,0
com.rootd,Rootd - Anxiety & Panic Relief,Simone S.,3,Weird and Confusing. You're supposed to choose an icon to record your daily mood. problem is they use a toothy monster w no labels and no way to go back and change mistakes. This gives me anxiety 😬,2026-03-05,1
com.rootd,Rootd - Anxiety & Panic Relief,VORTEX STAR,2,"the games to occupy my mind were really quickly made and are finnicky, which only makes my anxiety worse. also cant darken the layout without a subscription. cant do anything but listen to some stuff and play some stuff without a subscription actually. even though most of it is half baked and not subscription-worthy lol. two stars for the attempt",2026-03-05,1
com.rootd,Rootd - Anxiety & Panic Relief,Guusta van Sante,5,"absolutely perfect app, i love it so much! saved me a lot of times already and it even works offline✊ also no ads or subscription! cannot thank the team enough 🫶🫶 Only complaint, maybe some more voicelines for the panic button? they get a bit repetitive. maybe that's just because I have more panic attacks than average?",2026-02-25,16
com.rootd,Rootd - Anxiety & Panic Relief,Katalaya,5,it really keeps me happy I use to have really bad panic attacks and anxiety now I don't,2026-02-17,0
com.rootd,Rootd - Anxiety & Panic Relief,Tyler Jones,3,"I'm trying.I got the app and I answered the questions , and after it told me to make that promise it's not letting me continue to say one day street and it's not like we do anything else",2026-02-16,1
com.rootd,Rootd - Anxiety & Panic Relief,Tim Berberich,2,"Games are just ok. The maze is ""sticky"" when you're on a wall. The zen garden's colours are terrible. The panic attack button is just feel good statements that you tap through and it asks if your panic attack is over. The rest of it is fine, but everything feels a little clunky.",2026-02-15,4
com.rootd,Rootd - Anxiety & Panic Relief,Alesia Smith,2,app will not allow me to log in using my Google account,2026-02-03,0
com.rootd,Rootd - Anxiety & Panic Relief,travis campsen,1,"Imagine calling a crisis line and being told to swipe a card before they listen. That’s the experience here. Rootd targets people in mid-panic—a state where you can’t think straight—and hits them with a $79.99 paywall. It’s a predatory bait-and-switch. They lure you with relief, then leverage your distress to force a high-ticket sub. If you have $80 to spare, you aren't who this hurts. For everyon",2026-02-02,2
com.rootd,Rootd - Anxiety & Panic Relief,Bryony Potter,5,helped me alot,2026-01-25,0
com.rootd,Rootd - Anxiety & Panic Relief,Natasha Hoyos,5,wonderful app,2026-01-20,0
com.rootd,Rootd - Anxiety & Panic Relief,Dave S,3,keep getting in a stupid loop of daily activities when doing multiple learning sessions,2026-01-10,0
com.rootd,Rootd - Anxiety & Panic Relief,Johannes Ian Cardona,5,very Helpfull...,2026-01-04,0
com.rootd,Rootd - Anxiety & Panic Relief,jennifer decoteau,5,great to calm me Down,2026-01-03,0
com.rootd,Rootd - Anxiety & Panic Relief,Sydney Nebby,3,"It seems okay, but the games are really glitchy which isn't relaxing at all, just frustrating.",2026-01-02,6
com.rootd,Rootd - Anxiety & Panic Relief,Sambodhi Chimurkar,5,a perfect app to relax....,2026-01-01,0
com.rootd,Rootd - Anxiety & Panic Relief,Greg Hunt,5,An excellent app. very well set up and easy to understand.,2025-12-27,2
com.rootd,Rootd - Anxiety & Panic Relief,Chelsea Lynn,3,"I like the panic button, I like the facts it gives. I've used this for about 3 years almost, I don't feel like I should have to pay for premium to turn on dark mode so I'm not blinded at night time. Even with my night light mode on, it's absolutely bright and you do not charge monthly, only yearly.",2025-12-20,17
com.rootd,Rootd - Anxiety & Panic Relief,Elias O'Sullivan,2,the app is super bare bones on the unpaid plan. you can do the journal and games. but anything that aids in helping you learn to cope or calm down is behind a paywall.,2025-12-18,3
com.rootd,Rootd - Anxiety & Panic Relief,agent porscha T,5,very good app try it yourself,2025-12-15,0
com.rootd,Rootd - Anxiety & Panic Relief,E. M. Dawson,2,Misleading and it is not free,2025-12-10,0
com.rootd,Rootd - Anxiety & Panic Relief,Marian Hernandez,5,its good to learn its relaxing,2025-12-08,0
com.rootd,Rootd - Anxiety & Panic Relief,Karimah M. Bennett,1,"I downloaded this app again, as it still shows up on play pass. This time there was no trial period pay wall.... until you sign up/in. The dev response is inaccurate, not me. The unprofessional/rude response to my review is inappropriate of your company. I've now got receipts. 8/2/25 - needed this app for panic attacks and bought the Google Play Pass thinking that I would be able to use this app f",2025-12-06,9
com.rootd,Rootd - Anxiety & Panic Relief,hell knight123,3,worrying,2025-12-03,0
com.rootd,Rootd - Anxiety & Panic Relief,Enslee Watt,4,this app works amazing it is so fun I am now not having anxiety attacks and my life is sooooo organized!!!,2025-11-29,15
com.rootd,Rootd - Anxiety & Panic Relief,Kat Martin,5,"Excellent app for stress, anxiety and depression! Has honestly helped me feel back on track with managing my mental health. Isn't complicated, very simple, peaceful and basic which is needed for a chaotic mind.",2025-11-25,4
com.rootd,Rootd - Anxiety & Panic Relief,ISAAC N.,5,"Great experience, good for sleep and relaxation",2025-11-24,1
com.rootd,Rootd - Anxiety & Panic Relief,Mooresy,5,really good app that helps manage anxiety and panic,2025-11-23,1
com.rootd,Rootd - Anxiety & Panic Relief,Beverly Brennan,5,this is the best app. im so glad i found it.,2025-11-20,0
com.rootd,Rootd - Anxiety & Panic Relief,Antony Copland,1,screw this app. charged me 49 after a free trial. refund me. now.,2025-11-18,1
com.rootd,Rootd - Anxiety & Panic Relief,Lana Knight,3,Why is this on play pass listed as not having in app purchases when I'm the app they want you to pay for the chat feature. Seems like a good app so far but i don't like the bait and switch,2025-11-17,1
com.rootd,Rootd - Anxiety & Panic Relief,Moon,5,it's such a helpful app for when u feel stressed & anxious. It does really help me! I love the guided meditations as well.,2025-11-17,0
com.rootd,Rootd - Anxiety & Panic Relief,Eric Hoskinson,3,I use the app a lot and it's another one of my tools to help me get thru my panic attacks. the only problem is since the new update it doesn't save my points when I do the breathing exercises. please fix this issue. I tried uninstalling and reinstalling and nothing help resolve the issue.,2025-10-30,3
com.rootd,Rootd - Anxiety & Panic Relief,Selina Nye-Hopper,5,good,2025-10-22,1
com.rootd,Rootd - Anxiety & Panic Relief,Louisa,3,I was a little disappointed when you couldn't talk to him but pretty good app except for that deleted it though but thank you for helping other people,2025-10-21,0
com.rootd,Rootd - Anxiety & Panic Relief,Lucy Kay,5,Only used for 1 day so far and I already love the app. I hope it improves my mental health over time and leads to a healthier me.,2025-10-20,1
com.rootd,Rootd - Anxiety & Panic Relief,Gina Wall,5,Nice,2025-10-11,0
com.rootd,Rootd - Anxiety & Panic Relief,heela,5,"I have started using this app for a while, certainly one of the app can come through, I really like the life quotes pop up daily in my notification and the we can read , learn and visualize with no ads, highly recommended it will be your comfort app :)",2025-10-07,7
com.rootd,Rootd - Anxiety & Panic Relief,Jason Guthridge,1,I'm a clinician and it is supposed to be free for our clients. They have difficulty getting through the paywall. I tried to download it myself with a clinician code to try it. I can't get through the paywall. Total garbage. Trying to downwload this anxiety app causes huge amounts of anxiety. I would not recommend this to another client ever. Waste of time and effort.,2025-10-04,15
com.rootd,Rootd - Anxiety & Panic Relief,Adriana Reyes,5,helped me with many stresses and helped calm panic attacks♡,2025-10-02,0
com.rootd,Rootd - Anxiety & Panic Relief,RichardBe Sings,1,The french translation is terrible.....,2025-09-26,1
com.rootd,Rootd - Anxiety & Panic Relief,Play Stoned,5,thank you so much for putting this app on play pass. beautifully made.,2025-09-23,0
com.rootd,Rootd - Anxiety & Panic Relief,Katelynn Toll,3,it's a good app and really helped with sleep and breathing. at night is the hardest for me and roots helped with it. I just can't make payments to listen to the visuals like I used to and that was what I did every night. if the app was all the way free I'd definitely give five stars but for now no,2025-09-20,4
com.rootd,Rootd - Anxiety & Panic Relief,VECTOR S.C ツ Українська душа.,5,thank you!,2025-09-13,0
com.rootd,Rootd - Anxiety & Panic Relief,candise reed,3,it's honestly not that good because like it always kicks me out and it never helps my problems I only do better when I talk about it in my defense 😅.,2025-09-12,1
com.rootd,Rootd - Anxiety & Panic Relief,Trevor Freeman,3,"Some parts of the app do not work properly. For example, The 'Breathe' tool alternates between inhale and exhale about 4 times per second (I can't even hyperventilate that fast). Another example; all of the 'Sleep' tool songs speed through the timer. A 2 minute soundscape is finished in 8 seconds (the soundscape sounds normal, otherwise). I've cleared cache and data, reinstalled the app, and also ",2025-09-10,9
com.rootd,Rootd - Anxiety & Panic Relief,Enceladus Jin,5,This app helps to ease my anxiety & my tension headache that comes with it. Thanks,2025-09-08,0
com.rootd,Rootd - Anxiety & Panic Relief,Ed S,5,This is a great little app with many tools to help keep you focused on the current moment. it has mindful components as well. if you're feeling a little stressed or anxious it's a nice approach with all different methods to bring you back to center.,2025-09-03,9
com.rootd,Rootd - Anxiety & Panic Relief,Jenifer Ludwig,5,"As a mental health clinician, I can see how these guided exercises would be very helpful to anyone struggling with anxiety and or panic.",2025-09-03,2
com.rootd,Rootd - Anxiety & Panic Relief,Pink Elephant,5,Very good!,2025-09-02,0
com.rootd,Rootd - Anxiety & Panic Relief,Tabitha,5,This is absolutely amazing app. it's been a real life saver already,2025-08-30,0
com.rootd,Rootd - Anxiety & Panic Relief,Lovas Flóra,5,Love it..some of the meditations only available if u pay but there are many for free which is pretty cool,2025-08-25,1
com.rootd,Rootd - Anxiety & Panic Relief,Jay B (Jay),5,"seems silly, it works if used regularly.",2025-08-24,1
com.rootd,Rootd - Anxiety & Panic Relief,Kristalyn Piza,5,"I really love this app, it helps me a lot coping with my anxiety 👍",2025-08-22,6
com.rootd,Rootd - Anxiety & Panic Relief,M Gamble,5,love just wish you didn't have to get pre mium,2025-08-17,1
com.rootd,Rootd - Anxiety & Panic Relief,April Eversole,5,I'm all about panic,2025-08-13,1
com.rootd,Rootd - Anxiety & Panic Relief,K AG,5,Useful app. It's really helpful 😉,2025-08-12,1
com.rootd,Rootd - Anxiety & Panic Relief,Pam VanRaden,5,It has really been helping me to focus on key aspects of what is going on and also helps with breathing and visualization techniques when I need help calming down or just want to reset a bit. I love it.,2025-08-05,4
com.rootd,Rootd - Anxiety & Panic Relief,Noelle Coulter,3,Good idea but the app has so many glitches. I can't scroll on most of the pages. sometimes I can't even click something.,2025-07-31,1
com.rootd,Rootd - Anxiety & Panic Relief,Joshua Daniels,4,"Good. But explain why 10 Minutes is 10 Seconds, 1 Hour is 60 Seconds, etc... for sleep tab items (even for non-padlock ones). I know the padlock ones are in-app purchase.",2025-07-25,8
com.rootd,Rootd - Anxiety & Panic Relief,Tizz Dion,1,says it's compatible with my device but after installing it it doesn't open and just sits there with a black screen. help would be greatly appreciated as I just wanted some help with my panick attacks,2025-07-23,1
com.rootd,Rootd - Anxiety & Panic Relief,Xara D'Karn,2,"I hate the floating ""start here"" sign on the main page. it's driving me crazy and I don't even want to use the app because of it. I keep thinking I need to click on it and it never goes away.",2025-07-23,0
com.rootd,Rootd - Anxiety & Panic Relief,Алёна Филиппова,5,Very cute and comforting! 🥹❤️,2025-07-16,0
com.rootd,Rootd - Anxiety & Panic Relief,Jolea Peters,4,"wish it wasn't so much money, I wouldn't mind watching commercials on some parts of this app for it be free.",2025-07-07,0
com.rootd,Rootd - Anxiety & Panic Relief,Lisann,5,helps alot with panic and anxiety attacks,2025-07-04,0
com.rootd,Rootd - Anxiety & Panic Relief,Qasim Khan,5,best app for anxiety relief ☺️😀☺️😀☺️😀,2025-06-21,0
com.rootd,Rootd - Anxiety & Panic Relief,Kieran Fleming,4,"I have asked this company to refund my subscription as I cancelled it before it was due I have sent them emails but nothing yet, as soon as I sent them an email about cancelling my sub , literally a few minutes later they said my free trail was up and took €49 . i will update this review if they do the right thing. update ...they have refunded me today . so bumped up stars for 1 to 4 . as we didn'",2025-06-18,45
com.rootd,Rootd - Anxiety & Panic Relief,Maddy,1,"I have a cromebook and that may be the problem but when i was doing the questions for the start, on the: ""what do you whant your dayliy streak to be?"" question, i put 14 days, then it glitched and the screan whent green with a little fire emoji and it seemed all zoomed in, so i whent back and clicked 14 days, and it did then same thing. please fix and make it avalible for crombooks. IT IS TERIBLE.",2025-06-14,3
com.rootd,Rootd - Anxiety & Panic Relief,Bj Brown,5,great,2025-06-13,0
com.rootd,Rootd - Anxiety & Panic Relief,Eric Hoskinson,3,it has helped me through some serious uncomfortable times and it convinces me over and over that I am safe and I am not in danger and that every time I've had a panic attack I've made it through it and it is true and doing the daily thing does kind of keep it in check a little bit even when it wants to go off the rails,2025-06-13,1
com.rootd,Rootd - Anxiety & Panic Relief,Adam Morris,5,Seems to help with general calm. I haven't tried it with an active panic attack yet.,2025-06-12,0
com.rootd,Rootd - Anxiety & Panic Relief,Camden Hall,5,life changing,2025-06-07,0
com.rootd,Rootd - Anxiety & Panic Relief,Renato Francia,5,"simple meditations, but the system works. Downloaded this because I was having constant anxiety attacks. It has helped a lot. Would love to see more reaffirming messages and meditations.",2025-05-27,4
com.rootd,Rootd - Anxiety & Panic Relief,Family Account,4,only doing 4 out of 5 stars because NONE of the visualizers(day or sleep ones) work. In 2 months they've successfully played twice.,2025-05-24,1
com.rootd,Rootd - Anxiety & Panic Relief,Griffith Ferrell III,5,"I've had this on my phone for awhile, just started using it this past month. it has helped me. of course ymmv",2025-05-14,0
com.rootd,Rootd - Anxiety & Panic Relief,Tess Chiamparino,5,"it is amazing and comforting when you need to feel better about something and to let everything go ,if you have a panic attack it will help with the problem",2025-05-12,0
com.applostudio.Unchaind,Unchaind: Quit Porn with Faith,Declin James,5,"It's my first time using Unchaind, and I feel like I am going to do better and follow in ing the path of God, and turn away from temptation.",2026-08-24,0
com.applostudio.Unchaind,Unchaind: Quit Porn with Faith,Christopher Charley,1,it makes you pay 1 dollar every day,2026-08-24,0
com.applostudio.Unchaind,Unchaind: Quit Porn with Faith,Ethan Houpe,5,I am so happy I can strengthen my faith in God,2026-08-24,0
com.applostudio.Unchaind,Unchaind: Quit Porn with Faith,Kyle Colvin,5,"so far so good, but God.",2026-08-24,0
com.applostudio.Unchaind,Unchaind: Quit Porn with Faith,Derek,5,good app,2026-08-23,0
com.applostudio.Unchaind,Unchaind: Quit Porn with Faith,Caleb Connolly,5,Seems pretty legit,2026-08-23,0
com.applostudio.Unchaind,Unchaind: Quit Porn with Faith,Kevin Verster,5,Already feel happy again,2026-08-23,0
com.applostudio.Unchaind,Unchaind: Quit Porn with Faith,Chase Mishio,3,Just got the app today. So far so good!,2026-08-23,0
com.applostudio.Unchaind,Unchaind: Quit Porn with Faith,Manuel Saavedra,5,Being a lifesaver. Highly recommended.,2026-08-23,0
com.applostudio.Unchaind,Unchaind: Quit Porn with Faith,Brian Clouse,5,"I am rating this 5 stars based on the Mission God has put on the hearts of this team. By the grace of the Almighty God I hereby pledge to fight against the evil one, not by my own strength, but through the Strength of the Lord God Almighty. Like in the hellfire of combat God protected me. And now as I face the literal spiritual hellfire, I pledge to fight with more fury than I did in combat. Throu",2026-08-22,0
com.applostudio.Unchaind,Unchaind: Quit Porn with Faith,Nicholas McClaine,1,Not helpful to CHARGE people that need help!!!! Very un-christain!!!,2026-08-22,0
com.applostudio.Unchaind,Unchaind: Quit Porn with Faith,Jae,1,"Edit: I understand that people need payment, but for something like this, it just doesn't feel right. You're asking for $40.00 for every three months. That's... pretty steep for something that could be so helpful.",2026-08-21,0
com.applostudio.Unchaind,Unchaind: Quit Porn with Faith,James Lyons,5,"I came across this app on Instagram. I use Instagram to laugh and get my mind away from the temptations that I have plagued myself with. I believe Unchained found me in a divine manner, and I will use this application faithfully.",2026-08-21,0
com.applostudio.Unchaind,Unchaind: Quit Porn with Faith,Christopher Meagher,5,"I just started.. but man it feels good just finally have mustered the strength to hit install, and making the pledges. im hopeful.. a bit nervous, and excited. Thankyou to this team who brought us this app, things like this really do help in making one want to start the journey.",2026-08-21,0
com.applostudio.Unchaind,Unchaind: Quit Porn with Faith,Lilly Maria,5,"I will overcome lust, and you will too",2026-08-21,0
com.applostudio.Unchaind,Unchaind: Quit Porn with Faith,Matthew Gilmore,1,doesn't block sites like they claim,2026-08-21,0
com.applostudio.Unchaind,Unchaind: Quit Porn with Faith,Myself Me,5,this is a very good app and teaches me how to cope with look lust,2026-08-20,0
com.applostudio.Unchaind,Unchaind: Quit Porn with Faith,George Anthony,5,Jesus words help me overcome this temptation I recommend those who struggle to use this app 😇🙏🏼,2026-08-20,0
com.applostudio.Unchaind,Unchaind: Quit Porn with Faith,Email Veng,1,seems that the only option is $money. No free option.,2026-08-20,0
com.applostudio.Unchaind,Unchaind: Quit Porn with Faith,Meltis Laurentiu,5,i love this app,2026-08-20,0
com.applostudio.Unchaind,Unchaind: Quit Porn with Faith,Glow Allen,4,"havent gotten into the app without it asking me to review, it seems promising",2026-08-20,0
com.applostudio.Unchaind,Unchaind: Quit Porn with Faith,Shaun Anthony Washam,5,👍,2026-08-19,0
com.applostudio.Unchaind,Unchaind: Quit Porn with Faith,Ilove Jesus,5,"great app, great potential, i hope the devs keep at it, my fight with lust has been long and painfull but this is helping",2026-08-19,0
com.applostudio.Unchaind,Unchaind: Quit Porn with Faith,Alexander Cordts,4,"Quitting is tough, this is something that helps your stay focused and motivated.",2026-08-19,0
com.applostudio.Unchaind,Unchaind: Quit Porn with Faith,Thomas Flores,1,"Update 2: It has been a month since they replied, and I still have not heard back. Incredibly frustrating. ""User Is Blocked."" I don't know how this happened. I have been spiraling back and forth with my addiction. I had deleted the app off and on for a few weeks. Reinstalled last week, went to log in, and was met with ""User is blocked"". I also paid for a year's subscription",2026-08-17,2
com.applostudio.Unchaind,Unchaind: Quit Porn with Faith,Stella Shyna,5,I love this app and may God bless the person who made it,2026-08-17,0
com.applostudio.Unchaind,Unchaind: Quit Porn with Faith,Andrew Trout,2,I haven't experienced the app yet but it probably has a pay wall,2026-08-17,0
com.applostudio.Unchaind,Unchaind: Quit Porn with Faith,Noreen Noreen,5,So far I feel batter and it's easier not to fall into lust,2026-08-17,0
com.applostudio.Unchaind,Unchaind: Quit Porn with Faith,Vishu Daimary,5,amazing app,2026-08-17,0
com.applostudio.Unchaind,Unchaind: Quit Porn with Faith,Vince_Mae Vlog,5,the beggining,2026-08-16,0
com.applostudio.Unchaind,Unchaind: Quit Porn with Faith,Luhkc,5,"This app has help me, have more self control and connection with god.",2026-08-16,0
com.applostudio.Unchaind,Unchaind: Quit Porn with Faith,Jake McCracken,5,great,2026-08-16,0
com.applostudio.Unchaind,Unchaind: Quit Porn with Faith,Raymaire Langam,5,Men it's make my discipline grow stronger,2026-08-15,0
com.applostudio.Unchaind,Unchaind: Quit Porn with Faith,Chris Fales,1,There is no content blocker for android devices. so why even advertise it if it isn't available. This was a rug pull and a waste of money. it cant even deliver the one thing its needed for.,2026-08-15,1
com.applostudio.Unchaind,Unchaind: Quit Porn with Faith,Growth Modx,5,"A Fantastic app and a perfect app for regain the discipline,belive,and make our life worthful I would suggest anyone who want to change their life to start a wonderful journey with unchained ✨💗🕊️",2026-08-14,0
com.applostudio.Unchaind,Unchaind: Quit Porn with Faith,Riley McGuigan,1,absolutely AWFUL! I never signed up for any subscription what so ever and I just saw that I had 17 dollars taken OUT of my account for a subscription to this app. They take money out of your account without you knowing and its awful!!,2026-08-14,0
com.applostudio.Unchaind,Unchaind: Quit Porn with Faith,Christopher Honeycutt,5,Great app. I just wish it had a free tier.,2026-08-14,0
com.applostudio.Unchaind,Unchaind: Quit Porn with Faith,Aaron Sanchez,5,I haven't used it yet but I know it's gonna help me,2026-08-13,0
com.applostudio.Unchaind,Unchaind: Quit Porn with Faith,daian freire,5,"perfect, simply perfect",2026-08-13,0
com.applostudio.Unchaind,Unchaind: Quit Porn with Faith,Kyle Rustman,5,it good to help with struggle in life,2026-08-13,0
com.applostudio.Unchaind,Unchaind: Quit Porn with Faith,Cesar gerardo Flores osorio,5,incredible,2026-08-12,0
com.applostudio.Unchaind,Unchaind: Quit Porn with Faith,The Man,5,"I haven't used it but I plan on doing so, I feel I could go the distance with this.",2026-08-12,0
com.applostudio.Unchaind,Unchaind: Quit Porn with Faith,Caleob Anthony,1,"How are you going to claim to represent God and try to help people break away from sin, but still try to charge them a fee? This service should be free, I understand that creating and designing an app costs money but that shouldn't be a legit reason to charge people to help them in a Godly manner.",2026-08-12,0
com.applostudio.Unchaind,Unchaind: Quit Porn with Faith,Timothy Chama,5,This is an amazing app,2026-08-12,0
com.applostudio.Unchaind,Unchaind: Quit Porn with Faith,Juan Lopez,4,it a good app to stop u from sin,2026-08-12,0
com.applostudio.Unchaind,Unchaind: Quit Porn with Faith,Javy “J Bravado” F,5,This app is truly great and keeps you accountable while strengthening your faith,2026-08-11,0
com.applostudio.Unchaind,Unchaind: Quit Porn with Faith,Christopher Mcgurren,5,"No one is meant to go through this battle of lust alone. I just signed up for unchained, and I feel like there is hope.",2026-08-11,0
com.applostudio.Unchaind,Unchaind: Quit Porn with Faith,Lawrence Norris (orange norris),1,this used to be free. :/ just another money grab app.,2026-08-11,0
com.applostudio.Unchaind,Unchaind: Quit Porn with Faith,Woods The Wolf,5,This app may help me along my journey of breaking free from earthly desire.,2026-08-11,0
com.applostudio.Unchaind,Unchaind: Quit Porn with Faith,Miguel Juarez,1,They just want your money,2026-08-11,0
com.applostudio.Unchaind,Unchaind: Quit Porn with Faith,Gift Osim,5,I think this is gonna be fruitful I wanna break free,2026-08-10,0
com.applostudio.Unchaind,Unchaind: Quit Porn with Faith,Brooklyn,4,I'm just trying to be more like our Father,2026-08-10,0
com.applostudio.Unchaind,Unchaind: Quit Porn with Faith,Dominic,5,Just so powerful and that Its going to change the way I see people and feel more spiritually connected to the lord,2026-08-10,0
com.applostudio.Unchaind,Unchaind: Quit Porn with Faith,Will Stiehl,2,You dont charge people when it comes to God,2026-08-09,0
com.applostudio.Unchaind,Unchaind: Quit Porn with Faith,Luke Kullman,1,"they want you to pay $40 to be closer to God. personally if I made an app for something like this, I would market it as free.... I'd be down if there were even ads. but no, I gotta pay a subscription service for this 😭",2026-08-09,0
com.applostudio.Unchaind,Unchaind: Quit Porn with Faith,Sierra Milner,5,nice,2026-08-09,0
com.applostudio.Unchaind,Unchaind: Quit Porn with Faith,Tyler,5,this helped me realize I don't have to do it alone. I can have a sense of accountability,2026-08-09,0
com.applostudio.Unchaind,Unchaind: Quit Porn with Faith,Damien Berry,5,it is good,2026-08-08,0
com.applostudio.Unchaind,Unchaind: Quit Porn with Faith,Godfred Agyemang,5,perfect,2026-08-08,0
com.applostudio.Unchaind,Unchaind: Quit Porn with Faith,Biju John,5,great app to focus on your goals,2026-08-08,0
com.applostudio.Unchaind,Unchaind: Quit Porn with Faith,mr.potato,1,have to pay,2026-08-08,0
com.applostudio.Unchaind,Unchaind: Quit Porn with Faith,Ashaita Romoke,5,"I'm getting to know it, but I can tell it's really helpful",2026-08-08,0
com.applostudio.Unchaind,Unchaind: Quit Porn with Faith,Youtube Family,1,ridiculous to require a subscription. as a faith based company it looks bad.,2026-08-08,0
com.applostudio.Unchaind,Unchaind: Quit Porn with Faith,Santos Diaz perez,5,"Just found out of this app, I was doing something I shouldn't and this randomly appears saying that God loves me even though I spit on him by my actions. It said that I can stop doing through God. I just started and it already has helped me overall a great app",2026-08-07,0
com.applostudio.Unchaind,Unchaind: Quit Porn with Faith,Marlin Ram,5,really looking to strength my faith come back to the Lord my God tired feeling shame tried of be filthy in this world wanna have the same strong relationship when I was 8 so happy so much joy so overwhelmed with love I prayed for help need help wanna be closer next thing I know this app popped up and had to click on it I'm so glad can't wait to strength my faith my love,2026-08-07,0
com.applostudio.Unchaind,Unchaind: Quit Porn with Faith,Sergio Kenay Olvera,5,I hope in God.,2026-08-07,0
com.applostudio.Unchaind,Unchaind: Quit Porn with Faith,John Sabik,5,highly recommend this app,2026-08-07,0
com.applostudio.Unchaind,Unchaind: Quit Porn with Faith,David Wade,5,I look forward to this journey.,2026-08-06,0
com.applostudio.Unchaind,Unchaind: Quit Porn with Faith,David Ayala,5,very much thanks,2026-08-05,0
com.applostudio.Unchaind,Unchaind: Quit Porn with Faith,Adam Kazort,5,I pray it works.,2026-08-05,0
com.applostudio.Unchaind,Unchaind: Quit Porn with Faith,Esther Ezeh,5,Nice 🙂,2026-08-05,0
com.applostudio.Unchaind,Unchaind: Quit Porn with Faith,Rob Eccles,3,asking me to rate the app all ive done is answer questions haven't even had a chance to look thru the app,2026-08-05,0
com.applostudio.Unchaind,Unchaind: Quit Porn with Faith,Eric Stephens,5,"It's great but you should have site blockers so you can enforce it. Like when somebody tries to look up a site a Bible verse pops up saying ""Get away Satan, flee, in Jesus Christ's Name!""",2026-08-05,3
com.applostudio.Unchaind,Unchaind: Quit Porn with Faith,Benny Cantu,5,im ready to break free,2026-08-04,0
com.applostudio.Unchaind,Unchaind: Quit Porn with Faith,Mark Glunt,4,just started but we'll see how it goes,2026-08-04,0
com.applostudio.Unchaind,Unchaind: Quit Porn with Faith,Zachary Fields,5,now I quit watching the p**n stuff and I believe in God love you,2026-08-04,0
com.applostudio.Unchaind,Unchaind: Quit Porn with Faith,Justin,5,I'm struggling with lust thank you,2026-08-04,0
com.applostudio.Unchaind,Unchaind: Quit Porn with Faith,Kenny McDaniel,5,"Taking that first step is hard, but not being present in your life because you're glued to your phone and the stimulation is worse. I struggle with being mindful and I'm going to try to break the cycle.",2026-08-04,0
com.applostudio.Unchaind,Unchaind: Quit Porn with Faith,KioloSage,1,I have a huge issue with pay walling an app meant to guide people in faith.,2026-08-03,0
com.applostudio.Unchaind,Unchaind: Quit Porn with Faith,Angry Man,4,try. it,2026-08-03,0
com.applostudio.Unchaind,Unchaind: Quit Porn with Faith,Timothy Emerson,3,So farso good. Just started it.,2026-08-03,0
com.applostudio.Unchaind,Unchaind: Quit Porn with Faith,Jose Ayala,5,wonderful app I think its going to a good app,2026-08-03,0
com.applostudio.Unchaind,Unchaind: Quit Porn with Faith,Pancake Lil syrup,5,been helping me with lusting amen,2026-08-03,0
com.applostudio.Unchaind,Unchaind: Quit Porn with Faith,David Reisinger,2,they ask for a review before they ask for your money,2026-08-03,0
com.applostudio.Unchaind,Unchaind: Quit Porn with Faith,Charles Scott,5,so far it's good,2026-08-02,0
com.applostudio.Unchaind,Unchaind: Quit Porn with Faith,Walter Suarez,5,It's a very practical app that helps to focus on the importance of living according to God's plan.,2026-08-02,0
com.applostudio.Unchaind,Unchaind: Quit Porn with Faith,James Nnamdi Agoh,5,life changing 🙌,2026-08-02,0
com.applostudio.Unchaind,Unchaind: Quit Porn with Faith,Mike Rousseau,5,good tool,2026-08-02,0
com.applostudio.Unchaind,Unchaind: Quit Porn with Faith,Collins Hunter,5,I'm hoping that this works. I have been waiting for freedom for a long time.,2026-08-01,0
com.applostudio.Unchaind,Unchaind: Quit Porn with Faith,Jacob Slater,5,I need this so badly. our own power only goes so far. These tools are a big help,2026-08-01,0
com.applostudio.Unchaind,Unchaind: Quit Porn with Faith,Donald Koon,5,I am just getting started breaking a cycle I have been in for 50 years,2026-08-01,0
com.applostudio.Unchaind,Unchaind: Quit Porn with Faith,Kevin Usuga,5,incrdible,2026-08-01,0
com.applostudio.Unchaind,Unchaind: Quit Porn with Faith,navarro evans,5,helps me with repentance,2026-08-01,0
com.applostudio.Unchaind,Unchaind: Quit Porn with Faith,Jose Solis,5,I just got the app and I've committed...I need to end the cycle,2026-08-01,0
com.applostudio.Unchaind,Unchaind: Quit Porn with Faith,Lazaro Garcia (El LEÓN),5,"I have dedicated my life, especially when no one is watching, to please and serve GOD!!!",2026-08-01,0
com.applostudio.Unchaind,Unchaind: Quit Porn with Faith,Justin Trillet,5,I hope this app helps me,2026-08-01,0
com.applostudio.Unchaind,Unchaind: Quit Porn with Faith,Alejandro Mago,5,Good,2026-07-31,0
com.applostudio.Unchaind,Unchaind: Quit Porn with Faith,Telly Wells,5,I found an app where I don't feel alone in my struggle.,2026-07-31,0
com.applostudio.Unchaind,Unchaind: Quit Porn with Faith,Proletariat Man,3,I just started the app and telling me to rate I have no idea how it works so far. the app should give me a chance to use it first .,2026-07-30,0
com.applostudio.Unchaind,Unchaind: Quit Porn with Faith,Randall Hicks,5,so far so good I've struggled for years I pray this works for me.,2026-07-30,0
com.screenzen,ScreenZen・Screen Time Control,Saman Jalili,5,perfect,2026-08-24,0
com.screenzen,ScreenZen・Screen Time Control,Danielle Holland,5,"Truly amazing, useful app for free! and if you want to support them by paying a few dollars, you can have it for life. Customizable blocks and pauses for whatever apps you choose. I prefer not to have it block me, but instead have me do breathing exercises. It's been retraining my nervous system through pauses. I feel a shift! Just wish breathing could be customized. I might like 4-6-8 breathing, ",2026-08-24,0
com.screenzen,ScreenZen・Screen Time Control,Valerie Neske,2,I love the concept of this app and its features but its genuinely so buggy,2026-08-24,0
com.screenzen,ScreenZen・Screen Time Control,NW,1,the app is good but I find it too easy to disable even with deletion and timer block by simply removing it's permissions from settings,2026-08-23,0
com.screenzen,ScreenZen・Screen Time Control,Aayuush,5,my screen. time reduced like a lot I felt so happy and i could commit toy goals even more would highly recommend and it's free i would like to thank the developer for keeping it free,2026-08-23,0
com.screenzen,ScreenZen・Screen Time Control,Safayet Mahmood Nihan,5,5 star from me. core features which i love free 1)uninstall protection. 2)Timers 3)Unlimeted website app and keawords blocking. pair it up with private dns and maybe anothe blocker app like blocker hero for more protection. development areas: 1)Needs a reboot protection so that you cant do factory reset.,2026-08-23,0
com.screenzen,ScreenZen・Screen Time Control,Tomoriba Shira,5,it's quite good,2026-08-23,0
com.screenzen,ScreenZen・Screen Time Control,Sdek,5,very good to keep distractions away,2026-08-23,0
com.screenzen,ScreenZen・Screen Time Control,Joris van Almenkerk,4,"Works well when it works. My phone keeps asking me to renew the permissions, though...",2026-08-23,0
com.screenzen,ScreenZen・Screen Time Control,Pallabi Srivastav,3,there's a bug in the tab. you can easily delete this app even after you are on the option to prevent installation you can easily delete this application because there is this glitch idk why,2026-08-23,0
com.screenzen,ScreenZen・Screen Time Control,Aarsh,5,incredible!!,2026-08-22,0
com.screenzen,ScreenZen・Screen Time Control,Ocelotsin Santin kehewin,5,"really good, although it needs a freshen up. not aking too much because its free and that makes it 100x better.",2026-08-22,0
com.screenzen,ScreenZen・Screen Time Control,omni biblio,5,"W app. W for its concern for customer satisfaction and not solely money. The features are amazing! If you want an app that will help you with screen time, this is it!",2026-08-22,0
com.screenzen,ScreenZen・Screen Time Control,Sobhana Rajesh,5,Amazing app....,2026-08-22,0
com.screenzen,ScreenZen・Screen Time Control,Kevin Esquivel,5,Highly reliable and easy to set up amd use. seeing how many days you can go without breaking your record is a sense of accomplishment,2026-08-22,0
com.screenzen,ScreenZen・Screen Time Control,Molly,5,"this is EXACTLY what I've been looking for!! it's fully customizable and it's helped me reduce my daily screentime by 2-4 hours each day, bringing me down to an average of about 2½ hours. with a one time donation of about 5 bucks, I was able to customize my block screen and put a theme that was more true to my personal style! it gives you the option to choose a breathing exercise, a timer, and mor",2026-08-21,0
com.screenzen,ScreenZen・Screen Time Control,Md Amir (Khan),5,INSHORT this is useful if you know how to use it and you are going to need determination,2026-08-21,0
com.screenzen,ScreenZen・Screen Time Control,Joakim Wriedt,4,"Amazing app, really helps to reduce screen time and super customizable to your liking. The only thing that is a bit challenging, is that it is a battery hog, it is the app that by far consumes the most battery on my phone. Hope this is somehow fixable",2026-08-21,0
com.screenzen,ScreenZen・Screen Time Control,harman ng,5,good,2026-08-21,0
com.screenzen,ScreenZen・Screen Time Control,Mohammed Ali,5,love. this. app.,2026-08-21,0
com.screenzen,ScreenZen・Screen Time Control,Paul Herve,5,freeeeeeeee and ethic,2026-08-21,0
com.screenzen,ScreenZen・Screen Time Control,Sarah Helwig,4,"This app does what I need it to but it also CONSTANTLY asks me to review and recommend it because it's free. It's not free - on opening, it asks for a $5 donation, which I gave before even using it for the first time. I wish I just got the default pause message when I opened facebook, instead of the constant requests to rate or share it with friends. Otherwise, it does help me use less facebook.",2026-08-20,0
com.screenzen,ScreenZen・Screen Time Control,Cristian,5,Unexpectedly effective,2026-08-20,0
com.screenzen,ScreenZen・Screen Time Control,Neil Chhabra,5,amazing for stopping doom scrolling!,2026-08-20,0
com.screenzen,ScreenZen・Screen Time Control,alex goldberg,5,Extremely helpful! The ability to individually block Instagram REELS and YouTube SHORTS while leaving the rest of the apps is incredibly useful. The existence of a streak for how many days I didn't open an app makes NOT using social media a dopamine hit! GENIUS!!!,2026-08-20,0
com.screenzen,ScreenZen・Screen Time Control,Luis Jiacheng liu,5,"Es gratis y cumple su función. 👍 He probado otras aplicaciones, y esta es sin duda la MEJOR, es gratis y sólo te pide de manera opcional una propina. Puedo decir con seguridad que ya no uso el móvil por las noches. Mi recomendación es no poner las restricciones tan altas al principio (me paso una vez y me frustré mucho, pero ya me acostumbré poco a poco).",2026-08-20,0
com.screenzen,ScreenZen・Screen Time Control,Victoria Buskuhl,5,has really helped cut down my screen time!,2026-08-20,0
com.screenzen,ScreenZen・Screen Time Control,dylan joão pedro azevedo (3ds #1 fan),5,this app is SO GOOD i uninstalled it. i swear to god i love the personalization and this saved me Hours of my day i'd spend doomscrolling ✌️✌️ i was getting really mad though and i was starting to use split screen to get around it so i just uhh uninstalled it,2026-08-19,0
com.screenzen,ScreenZen・Screen Time Control,Active Tutorial,5,"Love it. It helps a lot to observe my own behavior. Because the tip message mentioned it, if the app switches to paid ill just stop using it 😉",2026-08-19,0
com.screenzen,ScreenZen・Screen Time Control,Bethany Puleston,5,"This app changed my life, I wanted to find a way to block youtube shorts without blocking long form youtube content, and this was the perfect solution. I have manged to cut down screen time significantly as no longer getting stuck doomscrolling. I have completely deleted tik tok, blocked youtube shorts and have limited time on instagram and instagram reels. Find myself only using instagram for a c",2026-08-19,0
com.screenzen,ScreenZen・Screen Time Control,YASH REGAR,5,this is a life saving app... Genuinely I don't even remember how many hours this app has saved oh mine... One of the most productive apps I have used and will be using for my entire life... Thanks for this...,2026-08-19,0
com.screenzen,ScreenZen・Screen Time Control,Mustafa Arshad,1,"I really liked this app initially and if it does the job it's there for, I still would. It's super unreliable and doesn't actually block any of the apps I need it to. There's no point of an app like this if it only does the job it's supposed to 50% of the time.",2026-08-19,0
com.screenzen,ScreenZen・Screen Time Control,Testbe Art,2,"Amazing app, verging on life changing, but currently there's an infuriating bug where the unlock countdown timer stops after 2 seconds. The overlay closes, and you have to reopen the blocked app to restart the countdown timer. But it closes again after 2 seconds. And you do that over and over again, and Screen Zen crashes after 2 seconds every time, making it literally impossible to open the app a",2026-08-19,0
com.screenzen,ScreenZen・Screen Time Control,RollingSir,5,very good,2026-08-19,0
com.screenzen,ScreenZen・Screen Time Control,Yughawin DEMON,4,the app shuts down sometimes when the count down is counting. screenzen closes the actual app that we're trying to access,2026-08-19,0
com.screenzen,ScreenZen・Screen Time Control,Vicente Andrés de la Cruz Schulz,5,"really useful, i love you so much, when I have money i will definitely pay some retribution to you, thank you",2026-08-19,0
com.screenzen,ScreenZen・Screen Time Control,Bablu Kumar,5,always better than regain 💖,2026-08-19,0
com.screenzen,ScreenZen・Screen Time Control,Mixia Oli,1,"on moto g power, the ""lock uninstall"" function doesn't work. when I click ""uninstall"" it takes me to a admin panel that says deactivate service and uninstall. clicking it does exactly that.",2026-08-18,0
com.screenzen,ScreenZen・Screen Time Control,Yasmeen Rasheed,1,"used to be an amazing app, then they updated several months ago and it became garbage. way too easy to bypass, they don't have the payment deterrent anymore, and it doesn't block websites (never worked even before the update). I switched to Lock Me Out and it's way better, highly recommend",2026-08-18,0
com.screenzen,ScreenZen・Screen Time Control,Leen B.,3,"I just downloaded this app because I use the Twitter website a lot on my phone, but it's not working for me.. is there a specific way to set it up to work?",2026-08-18,1
com.screenzen,ScreenZen・Screen Time Control,Sreekanth,5,"now , if i add an app group and and use per app, not all combined. save. if i use insta. each app in the group also use the same time. . is it any bug. plz help",2026-08-18,0
com.screenzen,ScreenZen・Screen Time Control,Chodokiv Bekuliv,5,An amazing app I've been using it for about a month and this helped me to quit my YouTube short addiction before that I would waste about an hour a day just watching shorts.,2026-08-18,0
com.screenzen,ScreenZen・Screen Time Control,Anirban Chatterjee,1,"asks for too many permissions, very suspicious",2026-08-18,0
com.screenzen,ScreenZen・Screen Time Control,baseballman486,5,was looking for something to minimize my screen time and this does it. I really like the timer to prevent implusevly turning off the blocks as well,2026-08-18,0
com.screenzen,ScreenZen・Screen Time Control,Kira MagCalen,5,really helping me limit my screen time!,2026-08-18,0
com.screenzen,ScreenZen・Screen Time Control,Jayden Montgomery,5,"overall a really amazing app blocker even though it is easy to turn off, it is very versatile and even blocks specifically shorts from YouTube Instagram Facebook",2026-08-18,0
com.screenzen,ScreenZen・Screen Time Control,Adiraj,1,IT'S NOT BLOCKING THE WEBSITES I ENTERED. PLEASE CHECK,2026-08-18,0
com.screenzen,ScreenZen・Screen Time Control,Vera W.,4,"A really good app that helps me get some grip on my doomscrolling habits. I like the amount of control I have on limiting my apps and the clean interface. The only downside: I have to keep switching the permissions on/off, sometimes multiple times a day. I find that very annoying. If it got fixed, I'd give this app 5 stars for sure!",2026-08-17,0
com.screenzen,ScreenZen・Screen Time Control,Emma Barrera,5,"Genuinely all I could ask for in a screentime app. Simple, easy to configure, has a variety of options for distractions, and has significantly helped me with scrolling.",2026-08-17,0
com.screenzen,ScreenZen・Screen Time Control,Megan,1,cant get into app because its not recognizing permission granted to display over everything,2026-08-17,0
com.screenzen,ScreenZen・Screen Time Control,Anna Walton,5,Broke my Instagram reels habit in literally one day. It's now been about 2 months & still going strong.,2026-08-17,0
com.screenzen,ScreenZen・Screen Time Control,Shivansh Tyagi,5,free and very good,2026-08-17,0
com.screenzen,ScreenZen・Screen Time Control,;/,5,"Love it. This has single handedly helped with at least 4 personal issues. This being free and having such amazing free features like preventing your settings from being changed for a certain time period is a literal gem. 10/10, would buy it.",2026-08-17,0
com.screenzen,ScreenZen・Screen Time Control,Aimi Sofea,3,"have loved it for aaages, recommended it to many people, and supported by payment too, but keeps telling me my Accessibility Service is disabled no matter how many times i have turned it off and back on for the app 😭 i'm tired 🫩 plsplspls fix it i'm so tired of the notification bugging me every 5 seconds",2026-08-17,2
com.screenzen,ScreenZen・Screen Time Control,Johnathan Whitehead,5,This app is perfect for me. It lets you limit how long per day per app and how many times you can open said app. It also lets you choose what time each day the apps can be used. This is an amazing free support and I can't recommend it enough.,2026-08-17,0
com.screenzen,ScreenZen・Screen Time Control,Chandu Rasan,5,Great,2026-08-17,0
com.screenzen,ScreenZen・Screen Time Control,Angel Daniel,5,Beautiful,2026-08-16,0
com.screenzen,ScreenZen・Screen Time Control,Pavle Mladjenovic,4,It is good but not the best,2026-08-16,0
com.screenzen,ScreenZen・Screen Time Control,Emilis B qwertyuiopasdfghjklzxcvbnm,5,"absolutely majestic, free, modifiable, not strict, don't spamm ads, the best antiscrolling app I've tried. Ofc still sometimes fall into scrolling, but a lot less",2026-08-16,0
com.screenzen,ScreenZen・Screen Time Control,Annie K,5,This app is great if you're addicted to your phone like most people. *** Edit: I've been using this app for about a year now & I absolutely love it. It has been a crucial element of reducing my screen time & fixing my phone addiction. Thank you guys for making this!,2026-08-16,0
com.screenzen,ScreenZen・Screen Time Control,Forgouma _,5,helps me use my phone less,2026-08-16,0
com.screenzen,ScreenZen・Screen Time Control,Jessica Peng,5,"This is the only screen time app that has worked for me. Being able to see app usage as an allotted amount of ""tokens"" instead of just a broad time limit makes it feel more tangible and rewarding to save them up instead of spend them. Kind of like gamifying productivity. The interface is aesthetically really pleasant and simple, and the functional customization options are great. I can't believe i",2026-08-15,0
com.screenzen,ScreenZen・Screen Time Control,Raven Anderson,5,worth trying and using definitely helps with impulse control,2026-08-15,0
com.screenzen,ScreenZen・Screen Time Control,Venessa,3,I have been using this app for about a month ....first It was working properly but yesterday it wasn't....the unblocking time I set for YT was 1 to 2 pm but then it didn't block even after 4 pm..I don't know what happened to the app,2026-08-15,0
com.screenzen,ScreenZen・Screen Time Control,Ezekiel Murphy,5,Absolutely phenomenal app: does its job perfectly,2026-08-15,0
com.screenzen,ScreenZen・Screen Time Control,Alleigh Bowen,3,They close a game I'm playing when there's an add that has nothing to do with the apps I blocked,2026-08-14,0
com.screenzen,ScreenZen・Screen Time Control,Angelichio Angelichio,1,"Generally love the app, but I'd really appreciate if new features weren't added without the ability to turn them off. One of my favorite features is the cool down timer, because in encourages me to put my phone down and do something else. But NOW, ScreenZen will tell me when the app is available again, and I end up subconsciously watching my clock, waiting until I can open the app again. I feel li",2026-08-14,0
com.screenzen,ScreenZen・Screen Time Control,Starsinger,5,"good app, buy",2026-08-14,0
com.screenzen,ScreenZen・Screen Time Control,Nathan Lucas,4,"The app does what it advertises with a lot of customizability. Only downside is that it seems to be a little buggy at times, although that could be on my phone's part as opposed to the app's.",2026-08-14,0
com.screenzen,ScreenZen・Screen Time Control,MohammadReza Siavashi,3,why this app uses over 500 mb storage in my phone?,2026-08-14,0
com.screenzen,ScreenZen・Screen Time Control,Akash,2,"hey i can easily disable the ""display over apps"" permission in settings and then pin the blocked app. Can you guys work on that please?",2026-08-14,0
com.screenzen,ScreenZen・Screen Time Control,Philip Wright,5,I've tried everything. Finally I'm getting my life back.,2026-08-13,0
com.screenzen,ScreenZen・Screen Time Control,Dirk Teulings,1,"Works, but currently just drains battery like crazy. 30% usage for a simple timer and button is insane.",2026-08-13,1
com.screenzen,ScreenZen・Screen Time Control,Gift Zambo,5,absolutely recommend 🔥💯,2026-08-13,0
com.screenzen,ScreenZen・Screen Time Control,Muhammed Sabith,5,adipoli,2026-08-13,0
com.screenzen,ScreenZen・Screen Time Control,Sami Syed,5,"Great app, blocked all the distracting apps and it's doing it's shi. really satisfied",2026-08-12,0
com.screenzen,ScreenZen・Screen Time Control,Rupiy O,5,nice,2026-08-12,0
com.screenzen,ScreenZen・Screen Time Control,Samara (Sammy),5,I like the deterrents they have to prevent you from opening your blocked apps,2026-08-12,0
com.screenzen,ScreenZen・Screen Time Control,Shiva Gupta,5,really good for digital minimalism,2026-08-11,0
com.screenzen,ScreenZen・Screen Time Control,Starlight,2,works properly but it's shady af that you have to pay them $5 if you forget your password,2026-08-11,4
com.screenzen,ScreenZen・Screen Time Control,Hardik Kule (JoyBoy),5,better than other apps,2026-08-11,0
com.screenzen,ScreenZen・Screen Time Control,Biku,5,"This is the best screen time limiter on the Play Store. Unlike most apps that limit features via subscriptions, this makes money with tips that unlock optional cosmetics. I like how you can block specific keywords on websites instead of exclusively entire domains even on incognito tabs. I will also get this for my computer. (It's rare that screen time limiter apps have a PC version!)",2026-08-10,0
com.screenzen,ScreenZen・Screen Time Control,Rutmar Otto,2,"Was great until it wasn't. Stopped working after an Android update unfortunately, and the troubleshooting fixes didn't work either. Otherwise well made and user friendly",2026-08-10,0
com.screenzen,ScreenZen・Screen Time Control,Ferox Dea,5,already tipped and have to tip more ?? Restore purchase doesn't work,2026-08-10,0
com.screenzen,ScreenZen・Screen Time Control,Gina Chung,2,"Easy to use app that helps break social media addiction, but uses too much battery! I swear it didn't used to be this bad, so maybe the most recent update changed things, but the past week my phone has been dying and when I check this app is using 20% of my battery :(",2026-08-10,1
com.screenzen,ScreenZen・Screen Time Control,ꜰʀᴀɴᴄɪꜱ ᴊᴏɴ ᴘᴀꜱɪᴏɴ,5,"I LOVE THIS APP, AND IT'S FREE unlike 🌳🌲🌳🌲🌳🌲 with a subscription 🥀.... Love you Devs for this app 🫶",2026-08-09,0
com.screenzen,ScreenZen・Screen Time Control,Ali Behnamfard,5,great,2026-08-09,0
com.screenzen,ScreenZen・Screen Time Control,Ayomi Collins,5,fantastic product. easy to use and comprehend in my opinion,2026-08-09,0
com.screenzen,ScreenZen・Screen Time Control,ThatGuyThatIsBored.,5,It really helped back in 12th grade thanks a lot. Edit : Genuinely thanks even saving a minute of my time is big I appreciate it.,2026-08-08,0
com.screenzen,ScreenZen・Screen Time Control,Bruce Huckaby,5,haven't used it yet but ik it's free and no wifi I I rly appreciate it,2026-08-08,0
com.screenzen,ScreenZen・Screen Time Control,UnderTheSun,5,"Beautiful on my phone, less cool for tablets. Just a wide screen mode would make this app faster for or while watching a video on your phone. I can’t complain about the friction because that's what im looking for and im glad it works so well especially for reels and shorts (the amount of rabbit holes it avoided me!!). But yeah having to use it in portrait mode makes it head turningly dizzy lol. An",2026-08-08,0
com.screenzen,ScreenZen・Screen Time Control,Swathi Dheeravath,5,nice app I loved it,2026-08-08,0
com.screenzen,ScreenZen・Screen Time Control,Mark Rideout,3,"I'm loving this productivity app so far, though for ""site restrictions"" even though it says supported browsers include Samsung Internet, it doesn't work (ScreenZen isn't tracking site usage/blocking site usage in Samsung Internet on a Google Pixel)",2026-08-07,0
com.screenzen,ScreenZen・Screen Time Control,Eli M,5,This app works perfectly and its the first thing I've ever tried that's actually dramatically reduced my screen time. I have a habit of pulling out my phone for mundane tasks out of reflex so the feature that makes you wait helps me rethink why I'm doing it and I almost always reconsider before the time is up. I HIGHLY suggest this app to anyone trying to reduce screen time.,2026-08-07,0
com.screenzen,ScreenZen・Screen Time Control,Tadi Mkamba,3,it works works really well. I feel instructions should be more clearer cause if you make a mistake with the settings it can go bad. only thing I didn't like was the glitching lately. I open an app once but it blocks my access. that wasn't fun,2026-08-07,0
com.screenzen,ScreenZen・Screen Time Control,Jayden L,5,This has done way more than I expected. I'd tried similar products before but none of them worked like this... it's just simple. it just does what it says. it's a little weird for that to be rare but since it is I'm incredibly impressed. it has meaningfully reduced my usage of all short form video content which was my primary reason for installing it. I'd highly recommend it to anyone looking to c,2026-08-06,0
com.screenzen,ScreenZen・Screen Time Control,Saijith Gokul,5,"would recommend to anyone suffering from addiction. also tried tipping you, but its not going.",2026-08-06,0
com.screenzen,ScreenZen・Screen Time Control,Kaustubh_KK,5,best apk just some feedbacks 1)Make a system like a study mode in which only channels that are educational or the channels that we selected works in that mode,2026-08-06,0
com.screenzen,ScreenZen・Screen Time Control,Swarn Babu,5,a must have to Stop yourself from doomscroling,2026-08-06,0
com.screenzen,ScreenZen・Screen Time Control,Omkar 1306,5,just works best,2026-08-06,0
com.brainbuddy.android,Brainbuddy: Quit Porn Forever,Pisces “PISCES X JU” Phiri,5,"Truth, it's amazing",2026-08-23,0
com.brainbuddy.android,Brainbuddy: Quit Porn Forever,murfruit,5,I'm gonna use it and I hope I finally stop,2026-08-22,0
com.brainbuddy.android,Brainbuddy: Quit Porn Forever,Sipra,5,this App will be great with out subscription,2026-08-21,0
com.brainbuddy.android,Brainbuddy: Quit Porn Forever,BEDCO SIMA Mafeteng,4,easier to use and understandable,2026-08-20,0
com.brainbuddy.android,Brainbuddy: Quit Porn Forever,Billy Erickson,5,"I can't pay for the subscription, what's wrong?",2026-08-20,0
com.brainbuddy.android,Brainbuddy: Quit Porn Forever,Beatrice Manyagi,4,not bad,2026-08-20,0
com.brainbuddy.android,Brainbuddy: Quit Porn Forever,Leroy Black,5,I like it,2026-08-19,0
com.brainbuddy.android,Brainbuddy: Quit Porn Forever,Ricardo Rankhododo,5,It has helped me,2026-08-17,0
com.brainbuddy.android,Brainbuddy: Quit Porn Forever,Aphiwe Makhwenkwe,5,everything now,2026-08-17,0
com.brainbuddy.android,Brainbuddy: Quit Porn Forever,Eloise pienaar,5,"I highly appreciate this app , this is making me aware . thank you Brainbuddy. 😁",2026-08-17,0
com.brainbuddy.android,Brainbuddy: Quit Porn Forever,Allesandro Mayaya,3,solid app,2026-08-16,0
com.brainbuddy.android,Brainbuddy: Quit Porn Forever,benjamin mccormick,5,"Thank you, this means more than you know",2026-08-16,0
com.brainbuddy.android,Brainbuddy: Quit Porn Forever,Kali Dass,3,best app evening,2026-08-15,0
com.brainbuddy.android,Brainbuddy: Quit Porn Forever,Aliff Fitri,4,still quite recent but interesting awareness. new knowledge,2026-08-15,0
com.brainbuddy.android,Brainbuddy: Quit Porn Forever,Anyanwu Chimezie,5,is a good app download it..,2026-08-15,0
com.brainbuddy.android,Brainbuddy: Quit Porn Forever,Lihle Jiyane,5,So far so good and there is no payment its a free cause to help those in need like me,2026-08-12,0
com.brainbuddy.android,Brainbuddy: Quit Porn Forever,lakshmi kvl1038,1,"bad app nothing is in free trial ,only paid subscription exists",2026-08-11,0
com.brainbuddy.android,Brainbuddy: Quit Porn Forever,Pasimatu Njingela,5,good job,2026-08-10,0
com.brainbuddy.android,Brainbuddy: Quit Porn Forever,Farzand Ali,4,Good,2026-08-06,0
com.brainbuddy.android,Brainbuddy: Quit Porn Forever,Prathamesh Mhaske,5,good,2026-08-04,0
com.brainbuddy.android,Brainbuddy: Quit Porn Forever,Rahul Ambhure,1,don't take subscription from this app because this is fraud app this app take money from you for subscribing but didn't activate your subscription plan it ask for another subscription plan please do not take this fraud app,2026-08-04,1
com.brainbuddy.android,Brainbuddy: Quit Porn Forever,King Scott,4,"l see brainbuddy as therapist that gives advice on how porn affects your life and you can stay away from it. Speaking for myself, brainbuddy has helped me achieve other milestones that l though l would never reach and it has helped me regain my social status with others and has opened many doors for me",2026-08-03,0
com.brainbuddy.android,Brainbuddy: Quit Porn Forever,Xavier,5,honestly the app is helping see porn watching is bad and it's helping me see why I should stop,2026-08-01,1
com.brainbuddy.android,Brainbuddy: Quit Porn Forever,Robert James,3,"This is an absolutely incredible app and I have enjoyed it very much. I am apart of a team and actively seeking recovery and being help accountable. If I may however, there are alot of bugs that NEEDS to get sorted out. Often when im in a group chat errors keeps popping up like ""Too many attempts"" and deletes the message I sent even if its my first message. And sometimes when flipping through the ",2026-07-31,0
com.brainbuddy.android,Brainbuddy: Quit Porn Forever,Oduduabasi Usoro,5,so far so good 👍,2026-07-31,0
com.brainbuddy.android,Brainbuddy: Quit Porn Forever,Kenny Dollars,5,I've just downloaded this app. and read through the lessons. They perfectly describe the situation in which I am trapped. I believe it'll be so helpful,2026-07-30,0
com.brainbuddy.android,Brainbuddy: Quit Porn Forever,Monica Bagna,4,good,2026-07-24,0
com.brainbuddy.android,Brainbuddy: Quit Porn Forever,Boda Aakarsh Das,1,subscription bhaai,2026-07-23,0
com.brainbuddy.android,Brainbuddy: Quit Porn Forever,Devanand Kumar,5,good,2026-07-23,0
com.brainbuddy.android,Brainbuddy: Quit Porn Forever,Abdul Basit,5,nice app,2026-07-22,0
com.brainbuddy.android,Brainbuddy: Quit Porn Forever,saninmahmud shadhin,5,I'm so lucky to find this app.Its really amazing app I have ever used,2026-07-20,0
com.brainbuddy.android,Brainbuddy: Quit Porn Forever,PRAGAYN YADAV,5,good,2026-07-16,0
com.brainbuddy.android,Brainbuddy: Quit Porn Forever,Linamandla Naka,4,good,2026-07-15,0
com.brainbuddy.android,Brainbuddy: Quit Porn Forever,Adam no Adam no,5,I just downloaded it and it opened my eyes for i was foolish now I can feel better I can grow I will quit forever,2026-07-13,1
com.brainbuddy.android,Brainbuddy: Quit Porn Forever,Rhandzu Ramboho,5,helped me alot,2026-07-11,0
com.brainbuddy.android,Brainbuddy: Quit Porn Forever,gumdrop ahh beat,4,ts boutta get me locked in,2026-07-10,1
com.brainbuddy.android,Brainbuddy: Quit Porn Forever,Kevin Goulding,1,I'm just sad that it's a subscription,2026-07-07,0
com.brainbuddy.android,Brainbuddy: Quit Porn Forever,Arthur Minor,2,"it was great at the start but then it just throws a pay wall at the end, at my age I dont even have that money and all I want to do is quite 😭",2026-07-06,0
com.brainbuddy.android,Brainbuddy: Quit Porn Forever,meliza ensoy,5,"absolutely amazing, changed my life and made me quit porn, definitely recommended",2026-07-04,0
com.brainbuddy.android,Brainbuddy: Quit Porn Forever,Ashish Ghodke,5,nice app,2026-07-03,0
com.brainbuddy.android,Brainbuddy: Quit Porn Forever,Nicholas Minyard,5,honestly helpful. has kept me accountable,2026-07-02,0
com.brainbuddy.android,Brainbuddy: Quit Porn Forever,*/////*,5,nice 👍,2026-07-02,0
com.brainbuddy.android,Brainbuddy: Quit Porn Forever,Lewis Fruits,5,good,2026-07-01,0
com.brainbuddy.android,Brainbuddy: Quit Porn Forever,Candy Ore,5,its very good 👍 especially for men...I been an addict for years but im sure im about to be free 😌...hope it works out,2026-06-30,0
com.brainbuddy.android,Brainbuddy: Quit Porn Forever,Chiseko Chilekwa,4,I just used the app and I'm actually more aware of my problem,2026-06-30,0
com.brainbuddy.android,Brainbuddy: Quit Porn Forever,Maim De Bankx,5,these is very helpful.... I love it,2026-06-28,0
com.brainbuddy.android,Brainbuddy: Quit Porn Forever,Iam Vamshi,5,good information,2026-06-27,0
com.brainbuddy.android,Brainbuddy: Quit Porn Forever,Vileera group,5,good buddy,2026-06-27,0
com.brainbuddy.android,Brainbuddy: Quit Porn Forever,Ferdinad Chikwado,5,I need to stop porn and masturbation now,2026-06-24,0
com.brainbuddy.android,Brainbuddy: Quit Porn Forever,XP Live,1,pay to be healthy,2026-06-19,0
com.brainbuddy.android,Brainbuddy: Quit Porn Forever,Samuel Mbiru,5,I like it,2026-06-17,0
com.brainbuddy.android,Brainbuddy: Quit Porn Forever,Karien Russell,5,"it,good",2026-06-16,0
com.brainbuddy.android,Brainbuddy: Quit Porn Forever,Eddie Hernandez,5,still testing but so far so good,2026-06-15,0
com.brainbuddy.android,Brainbuddy: Quit Porn Forever,Emmanuel Moreland,5,helped alot,2026-06-14,0
com.brainbuddy.android,Brainbuddy: Quit Porn Forever,Maya Thakur,4,very helpful,2026-06-13,0
com.brainbuddy.android,Brainbuddy: Quit Porn Forever,E Tc,5,please brain buddy I can't stop so you gotta fix this bro you gotta do this,2026-06-11,0
com.brainbuddy.android,Brainbuddy: Quit Porn Forever,Nesto “BladeRunner” Px,1,🫪 😲 $35/ 3 month??? hmmm mmm really,2026-06-11,0
com.brainbuddy.android,Brainbuddy: Quit Porn Forever,Sofia Naziwa,5,good,2026-06-08,0
com.brainbuddy.android,Brainbuddy: Quit Porn Forever,Being Sk,4,I want eradicate this habit for my life,2026-06-05,0
com.brainbuddy.android,Brainbuddy: Quit Porn Forever,Nontsikelelo Mngomezulu,4,Yes I am still interested,2026-06-04,0
com.brainbuddy.android,Brainbuddy: Quit Porn Forever,Omar Taher,5,Very good app you have to try it,2026-06-03,0
com.brainbuddy.android,Brainbuddy: Quit Porn Forever,Imran khan,5,love you 😘,2026-06-02,0
com.brainbuddy.android,Brainbuddy: Quit Porn Forever,Ahmed Akmal,1,"needs to pay money, im broke.",2026-05-29,0
com.brainbuddy.android,Brainbuddy: Quit Porn Forever,Abhi,5,"it's amazing that's all I have to say and all I need to say turn your life around for the better by installing this app don't blame the app for not working, 9 times out of 10 you are the one at fault bless the people who created this app and made it free love it",2026-05-29,0
com.brainbuddy.android,Brainbuddy: Quit Porn Forever,Ganga Chaudhary,1,good,2026-05-28,0
com.brainbuddy.android,Brainbuddy: Quit Porn Forever,Geomar Joya,5,It might be helpful for me to quit lust,2026-05-25,0
com.brainbuddy.android,Brainbuddy: Quit Porn Forever,Pusala Laxmi,5,actually very good app u can definitely try,2026-05-24,0
com.brainbuddy.android,Brainbuddy: Quit Porn Forever,Raj,5,it's the best app I've ever seen,2026-05-23,0
com.brainbuddy.android,Brainbuddy: Quit Porn Forever,Rakeeb Roomy,1,this is a scam!!! won't let you in unless you're paying.,2026-05-23,3
com.brainbuddy.android,Brainbuddy: Quit Porn Forever,Rudra Samal,5,excellent,2026-05-23,0
com.brainbuddy.android,Brainbuddy: Quit Porn Forever,Angel Bat,5,nice pretty good,2026-05-21,0
com.brainbuddy.android,Brainbuddy: Quit Porn Forever,Kaif Bajwa,3,.👍🏼,2026-05-17,0
com.brainbuddy.android,Brainbuddy: Quit Porn Forever,Samarth Jadhav,5,great,2026-05-16,0
com.brainbuddy.android,Brainbuddy: Quit Porn Forever,K Stephens,4,am going to give 4 stars for now,2026-05-15,0
com.brainbuddy.android,Brainbuddy: Quit Porn Forever,Jordan MacLeod,4,"App always sends me push notifications to complete check up, even after I've done the check up.",2026-05-14,0
com.brainbuddy.android,Brainbuddy: Quit Porn Forever,Kagwisa Caleb,5,I think it will work for sure,2026-05-14,0
com.brainbuddy.android,Brainbuddy: Quit Porn Forever,Jeet Sarkar,5,I'm here to change my life and I'll do it with Brainbuddy,2026-05-12,0
com.brainbuddy.android,Brainbuddy: Quit Porn Forever,Jusyia Hackney,5,thank you,2026-05-12,0
com.brainbuddy.android,Brainbuddy: Quit Porn Forever,Md Aminul,5,good 😊,2026-05-11,0
com.brainbuddy.android,Brainbuddy: Quit Porn Forever,Nohan Gavio,5,Usefule for clean my brain,2026-05-10,0
com.brainbuddy.android,Brainbuddy: Quit Porn Forever,Arry Mehmi,5,just use it if you are addicted to porn,2026-05-08,0
com.brainbuddy.android,Brainbuddy: Quit Porn Forever,Youssef Sayed,5,I think it's very good,2026-05-08,0
com.brainbuddy.android,Brainbuddy: Quit Porn Forever,Amlan Jyoti Padhan,5,Very Helpful,2026-05-06,0
com.brainbuddy.android,Brainbuddy: Quit Porn Forever,Excel Chigozie,2,so 👍,2026-05-06,0
com.brainbuddy.android,Brainbuddy: Quit Porn Forever,Anthony Idoko,5,This is one of the best apps I have ever come across,2026-05-04,0
com.brainbuddy.android,Brainbuddy: Quit Porn Forever,Mitch Thomas,5,Its helping,2026-05-03,0
com.brainbuddy.android,Brainbuddy: Quit Porn Forever,Harrys Nguejip,1,they want you to succeed but cant make it free,2026-04-30,0
com.brainbuddy.android,Brainbuddy: Quit Porn Forever,Daniyal Mahi,5,this app is so good but i can't use it because its paid 🥲,2026-04-28,2
com.brainbuddy.android,Brainbuddy: Quit Porn Forever,Mrinal Kumar,1,very bad app don't download waste time,2026-04-27,0
com.brainbuddy.android,Brainbuddy: Quit Porn Forever,MD EYASIN,4,very powerful,2026-04-24,0
com.brainbuddy.android,Brainbuddy: Quit Porn Forever,BoPro Gaming (PanFriedRat),5,very informative,2026-04-21,0
com.brainbuddy.android,Brainbuddy: Quit Porn Forever,Chinedu Sunday (Michael The Entity),4,thank you,2026-04-20,0
com.brainbuddy.android,Brainbuddy: Quit Porn Forever,Liguma42 Hehe,3,I hope it helps me recoverrr,2026-04-19,0
com.brainbuddy.android,Brainbuddy: Quit Porn Forever,ALEXANDER Allen,5,i need to be free again,2026-04-17,0
com.brainbuddy.android,Brainbuddy: Quit Porn Forever,FC AREWA STARS TV,3,good app,2026-04-17,0
com.brainbuddy.android,Brainbuddy: Quit Porn Forever,KABEER GAMING,5,good,2026-04-14,0
com.brainbuddy.android,Brainbuddy: Quit Porn Forever,Jeff Roll,1,"I am giving 1 star because 0 star isn't possible. The app is ok for someone beginning rewiring but once everything is completed it doesn't have anything new for continued growth. My main complaint is I have emailed support 3 times to get my email address changed to my new ""clean"" address so I can download my data but I haven't got any response! They sure take my money every month but don't read th",2026-04-12,2
com.brainbuddy.android,Brainbuddy: Quit Porn Forever,Farididdin Yormuhammedov,1,it is not free buddies,2026-04-09,2
com.brainbuddy.android,Brainbuddy: Quit Porn Forever,samargul talash,5,i feel better science i m here in bainbuddy,2026-04-07,0
com.brainbuddy.android,Brainbuddy: Quit Porn Forever,Zainab Bernard,5,its realky good,2026-04-07,0
com.theinnerhour.b2b,Amaha: Mental Health Therapy,Yessica Bhutani,5,nice app and place,2026-08-08,0
com.theinnerhour.b2b,Amaha: Mental Health Therapy,Nitya Pandey,5,good,2026-08-02,0
com.theinnerhour.b2b,Amaha: Mental Health Therapy,Jasmine Garry,5,great!,2026-07-27,0
com.theinnerhour.b2b,Amaha: Mental Health Therapy,Jayme Noel,1,this app absolutely sucks they want you to pay straight up cash each time no thank you damn I'm about to be a part of this pretend I got a license and charge people $70 for 50 minutes to listen to their whining and crying this app is 0 out of 10 horrible horrible,2026-07-23,0
com.theinnerhour.b2b,Amaha: Mental Health Therapy,Joyous,1,"yeah nah, typical spend first and think later approach to mental health. Being asked to spend 4k on one session for a senior consultant without any introductory service is quite a corporate trap. I don't know how many ""rich"" employed corporates actually use this. I am not going to as it's just a book with names. Not a proper health care service. their whatsapp chat is the typical generic copy past",2026-07-23,0
com.theinnerhour.b2b,Amaha: Mental Health Therapy,Akhil Poojary,5,You'll never know how much this will truly help you untill you try it.,2026-07-18,0
com.theinnerhour.b2b,Amaha: Mental Health Therapy,Julie Ann Rowe,5,great app plus its free!,2026-06-25,0
com.theinnerhour.b2b,Amaha: Mental Health Therapy,sharma dinesh,1,My son decided after him treatment didn't believe in this sucide factory. Beware of this sucide factory. they never support your money It is worth please file an online case on this sucide factory,2026-06-14,0
com.theinnerhour.b2b,Amaha: Mental Health Therapy,Megan Kennedy,5,it's pretty good,2026-06-10,0
com.theinnerhour.b2b,Amaha: Mental Health Therapy,Harshad Khodbole,5,A very good platform for your mental health.,2026-05-24,1
com.theinnerhour.b2b,Amaha: Mental Health Therapy,arsal alam,4,good so far. but finding slots is difficult,2026-05-20,0
com.theinnerhour.b2b,Amaha: Mental Health Therapy,Mr (Mr),1,👎,2026-04-30,0
com.theinnerhour.b2b,Amaha: Mental Health Therapy,Rao S,1,Extremely buggy app.,2026-04-21,0
com.theinnerhour.b2b,Amaha: Mental Health Therapy,Muskan Soni,5,"really a great app for understanding our negative brain patterns with self analysis too ( which is free of cost ) , grateful for their initiative",2026-04-21,0
com.theinnerhour.b2b,Amaha: Mental Health Therapy,Moin,5,Truly the best app in the world to tackle all forms of mental health challenges that could potentially come your way head-on. What stood out to me was the perfect amalgamation of incredibly smooth technology that lends itself to the world-class psychiatric services they offer. The best app created for our generation to resolve all emotional issues online. It's literally like Google for connecting ,2026-04-16,1
com.theinnerhour.b2b,Amaha: Mental Health Therapy,Bhanu Sree,1,glitches like hell and the music for meditation keeps getting stuck at the same time no matter how many times you try to play it,2026-04-13,2
com.theinnerhour.b2b,Amaha: Mental Health Therapy,Deboshri Paul,4,"A smooth app, with a good team of experts aligned. An app feedback - please make it easier to find the invoices per session. Currently, to find an invoice, multiple steps are needed from the dashboard, then expert, then some steps. Not intuitively placed. Like standard design, request to link to the profile and accessible through the profile instead of linking to the expert. and have one direct bu",2026-03-21,3
com.theinnerhour.b2b,Amaha: Mental Health Therapy,R G,2,Looting people on the name of mental health. Group of highly inexperienced people without much qualification and charging more like well experienced and well reputed doctors. Just encashing people's fear.,2026-03-19,1
com.theinnerhour.b2b,Amaha: Mental Health Therapy,sayak saha,3,"A word of advice? do some market research. Your pricing is overly inflated and it made me uninstall it after scrolling through it for 10 minutes. Your starting price is 1400 or something, and with that you get typically 1 to 2 years of experience therapists. and for a more reliable one, with at least 7/8 years? the price jumps to 2800 to 3500. It's insane. Especially when you factor in the fact, i",2026-03-04,4
com.theinnerhour.b2b,Amaha: Mental Health Therapy,Shilpa N S,5,good,2026-02-28,0
com.theinnerhour.b2b,Amaha: Mental Health Therapy,Rahul,1,app struck in login page,2026-01-12,1
com.theinnerhour.b2b,Amaha: Mental Health Therapy,Anmol Dave,5,Great app for taking a good care of your mental health plus my therapist was really friendly and understanding.,2025-12-24,3
com.theinnerhour.b2b,Amaha: Mental Health Therapy,Esmai Heaton,1,it won't let me delete my account,2025-12-23,1
com.theinnerhour.b2b,Amaha: Mental Health Therapy,Nellie’s Voice,5,this app makes me feel confident and peaceful,2025-12-12,0
com.theinnerhour.b2b,Amaha: Mental Health Therapy,Kunal,1,Absolute trash not getting past the login page.,2025-11-18,2
com.theinnerhour.b2b,Amaha: Mental Health Therapy,Avishek C,1,The platform is filled with glitches and bugs. lost money because of that and the team does not support for any reschedule or resolution. avoid if possible.,2025-11-16,1
com.theinnerhour.b2b,Amaha: Mental Health Therapy,Kirti Bhargava,1,"My experience of therapy with Amaha was relatively poor. The process to join a session you've already paid for is needlessly complicated, requiring many steps that the team fails to communicate in advance. Even when you're struggling with these steps, nobody from the team comes forward to assist you, in fact, your timer already starts running! As a therapist, the expert assigned to me felt more li",2025-11-11,5
com.theinnerhour.b2b,Amaha: Mental Health Therapy,Gaurav Chauhan,2,"App is behaving really weirdly after this update. Chats are not opening. I reinstalled the app and it is stuck in the opening ""amaha"" page only. Please take a look.",2025-11-10,2
com.theinnerhour.b2b,Amaha: Mental Health Therapy,Lynette Phillips,1,"in addition to my review on 17th Oct 2025. I was told the resolution will take 7-10 working days. When I reached out , I was told there was an unforseen delay and that I have to wait till this end of the week. will write back again",2025-10-29,0
com.theinnerhour.b2b,Amaha: Mental Health Therapy,Zarul Alam,5,mastapp,2025-10-26,0
com.theinnerhour.b2b,Amaha: Mental Health Therapy,Prerna Baruah,1,poor user experience. couldn't even log in. everytime I click on the fill the form it leads me back to the same onboarding page. i guess there's a bug maybe.,2025-10-25,0
com.theinnerhour.b2b,Amaha: Mental Health Therapy,Vidya S G,5,Very good,2025-10-24,0
com.theinnerhour.b2b,Amaha: Mental Health Therapy,Lynette Phillips,1,please be very careful about paying upfront for any session. i unfortunately did it in good faith did it. apparantly they have exploitative policy where if you your credit is unutilized for a specific period. they will automatically expire it instead of promptly refunding it like other businesses. I'm more surprised and concerned about already vulnerable people being exploitated by this exploitati,2025-10-17,0
com.theinnerhour.b2b,Amaha: Mental Health Therapy,Itishree,5,yah it's good,2025-10-10,0
com.theinnerhour.b2b,Amaha: Mental Health Therapy,Saurabh K Tripathi,5,Excellent,2025-09-29,0
com.theinnerhour.b2b,Amaha: Mental Health Therapy,Shivangi Sangam,5,"i havent taken any online vc but still this app has everything, your routine.... gratitude journal ...kinda a diary im so happy to find this app.",2025-09-21,1
com.theinnerhour.b2b,Amaha: Mental Health Therapy,Aman Sharma,5,Found a therapist who I clicked with.,2025-09-05,0
com.theinnerhour.b2b,Amaha: Mental Health Therapy,Bhakti Joshi,1,I am trying to sign up on the app. But it is taking me back to getting started page. so I am not able to sign in or login. I tried uninstalling and installing again but the problem persists,2025-08-27,0
com.theinnerhour.b2b,Amaha: Mental Health Therapy,M.CHETAN. RAO,3,very useful app for self healing with many tools and activities. reducing rating as mood tracker not integrated with therapists and doctors delaying mental health support to me even after 5 sessiins. no communication from support or anyone else left alone to struggle to suffer with emotional issues.,2025-08-22,0
com.theinnerhour.b2b,Amaha: Mental Health Therapy,Saurabh Goniyal,1,"When I submit my name in the app, it automatically shows me the 'Get Started' page. It is not letting me sign up so it gives a bad experience.",2025-08-20,1
com.theinnerhour.b2b,Amaha: Mental Health Therapy,Harsh Gaikwad,5,it did help me a lot when I couldn't sleep. I didn't get their plan but it still has helped me manage my anger and improve my sleep schedule.,2025-08-07,1
com.theinnerhour.b2b,Amaha: Mental Health Therapy,Rohan Deshpande,5,Small but Awesome activity which can help you in your day to day life.,2025-08-02,0
com.theinnerhour.b2b,Amaha: Mental Health Therapy,John Rey Salvilla,2,Good for the past few years. But because of recent updates. My app always is logged out whenever I access it. It's inconvenience makes me sometimes feel lazy to open the app because I have to re-login each time I access it. It's not the same app I used before.,2025-08-01,1
com.theinnerhour.b2b,Amaha: Mental Health Therapy,Jyotsna mattu,5,Amazing,2025-06-18,0
com.theinnerhour.b2b,Amaha: Mental Health Therapy,SHARMISTHA CHAKRAVORTY,5,Very good,2025-06-11,0
com.theinnerhour.b2b,Amaha: Mental Health Therapy,Sufi,5,Idk about mental health aspect. But meditation audios are top,2025-06-09,0
com.theinnerhour.b2b,Amaha: Mental Health Therapy,Prashant Vp Patil,5,very good,2025-06-07,0
com.theinnerhour.b2b,Amaha: Mental Health Therapy,Shreya Kapadia,2,"i am back to this app because i used to love the original inner Hour app, it had different kinds of meditation and so much more... it had a simple and good algorithm , now there's too much going on at once in this new app, i want that old app again... that's something I loved from the bottom of my heart...!!! this new design is something i am not liking...😢😢😢",2025-06-05,0
com.theinnerhour.b2b,Amaha: Mental Health Therapy,Bushra Shaikh,5,very good app,2025-05-30,0
com.theinnerhour.b2b,Amaha: Mental Health Therapy,M S Chowdary,1,extreamly slow,2025-05-09,1
com.theinnerhour.b2b,Amaha: Mental Health Therapy,Ayu Chandel,5,"I appreciate the variety of features, from mood tracking to therapy options. it's really helps.",2025-05-02,0
com.theinnerhour.b2b,Amaha: Mental Health Therapy,Apoorva Purohit,3,the app is good but it would have been better if switching therapists was not such a pain. It's a very long process no one wants to get into making me discontinue using the app and find someone else,2025-04-24,0
com.theinnerhour.b2b,Amaha: Mental Health Therapy,Lynda Grace,5,"For someone who has trouble being vulnerable, starting therapy a year ago was honestly one of the best decisions I've ever made for myself. Choosing Amaha was a great decision. The staff (docs, therapists, clerical) at Amaha are very thoughtful and understanding. Their app is very user friendly and I have no notes for them. Special Shoutout to my therapist Aparajita who has made therapy the safest",2025-04-21,0
com.theinnerhour.b2b,Amaha: Mental Health Therapy,ritika rastogi,2,very bad app. tried login but the page is not redirecting it always go back to page 1 of verification. very bad experience,2025-04-05,2
com.theinnerhour.b2b,Amaha: Mental Health Therapy,Aaratrika Mishra,5,outstanding,2025-04-02,0
com.theinnerhour.b2b,Amaha: Mental Health Therapy,sakshi sood,5,Helpful,2025-03-03,0
com.theinnerhour.b2b,Amaha: Mental Health Therapy,Bikram Aash,5,Great place to share my thoughts and understand my mental health,2025-03-02,0
com.theinnerhour.b2b,Amaha: Mental Health Therapy,Mursal Mirkhel,5,I just LOVE this app!!!!,2025-02-21,0
com.theinnerhour.b2b,Amaha: Mental Health Therapy,Shamaim Ul Eeman,2,I don't like the new format. The previous exercises were better and easyly accessable but now it's confusing and not much helpful.,2025-02-17,1
com.theinnerhour.b2b,Amaha: Mental Health Therapy,HeEnA DuBEy,5,"It's a very nice app! I love it!. Specially, its interface, it looks so calming♡. Even without premium version it still has been so helpful. I'm planning to buy the premium version, I'll review it again soon. Edit: The problem has been fixed so far. I've tried the premium version, and it was super helpful. Though, it has been a year or so. I don't know how the app has been since then — as of now.",2025-02-14,18
com.theinnerhour.b2b,Amaha: Mental Health Therapy,Vividha by Neha,5,I just love this platform and app. It is truly a survival for my high stressed days. Very well guided and personalised plan. Just gratitude and love to you amaha,2025-02-12,1
com.theinnerhour.b2b,Amaha: Mental Health Therapy,Dan Green,5,awesome good app,2025-02-10,0
com.theinnerhour.b2b,Amaha: Mental Health Therapy,Arghya Sarkar,5,Hi.. I am unable to change my therapist.. How do I do it on the app,2025-02-08,0
com.theinnerhour.b2b,Amaha: Mental Health Therapy,Mary Christina,1,"I paid for this app and then it did not go through the app told me the developer will recognize the payment in 24 hrs but it took like weeks, finally I decided to pay again because I was so desperate for some help.I tried after weeks and I paid again and finally it went through but the money I paid before was not refunded there was no sight of it then my main focus to come to this app was to book ",2025-01-22,1
com.theinnerhour.b2b,Amaha: Mental Health Therapy,archana joshi (archie),2,"The app may work fine keeping the developer and team in mind although the service and experience I had was extremely dissatisfying and dissappointing. Went just once and that was the last sadly. No follow up.. no communication whatsoever. Met a Daphne , and said she will email me a shortlist of some names for me to go through. Few days later reached out on their whatsApp support, saying they will ",2025-01-19,1
com.theinnerhour.b2b,Amaha: Mental Health Therapy,Rosemary Ngatia,5,Well taken care of..... mentally....,2025-01-02,0
com.theinnerhour.b2b,Amaha: Mental Health Therapy,Prasanna Basveswaraya,1,App doesn't work for me i can't able to login using my mobile number and i done already 1 session but I want another session with same person but I can't able to login,2024-12-09,1
com.theinnerhour.b2b,Amaha: Mental Health Therapy,Kristina Caudle-Lockman,5,"What an amazing self help app. The content truly helps. I've tried so many and none have done what this app has done for me!! And all the amazing life changing content is actually free!! If I could give this app 10 stars I would, you will NOT be disappointed!!",2024-12-05,2
com.theinnerhour.b2b,Amaha: Mental Health Therapy,Love Music,1,This app is cloned. Please remove all devices from this application,2024-11-27,0
com.theinnerhour.b2b,Amaha: Mental Health Therapy,Anshul Bishnoi,1,"The app is telling me to satisfy on what i have and not try to change things, whereas to grow as a person you have to adapt to change and bring that change yourself coz no one else is going to do it.",2024-11-19,0
com.theinnerhour.b2b,Amaha: Mental Health Therapy,Anant Singh,5,Uum,2024-11-09,0
com.theinnerhour.b2b,Amaha: Mental Health Therapy,Arjeta,5,So good u should definitely give this app a try,2024-11-05,0
com.theinnerhour.b2b,Amaha: Mental Health Therapy,Rel Kenbrey Villa,5,amaha helps!!!! This actually helps me with my mental health and now iam killing or toxicity in my life iam so so so thankful that i found amaha,2024-11-03,0
com.theinnerhour.b2b,Amaha: Mental Health Therapy,Priyanka Upadhyay,5,Lifesaver.,2024-10-13,0
com.theinnerhour.b2b,Amaha: Mental Health Therapy,crxa,5,One of the best self-improvement apps to exist. Also I really luv the theme!,2024-10-12,0
com.theinnerhour.b2b,Amaha: Mental Health Therapy,Jane Ann,4,It is so helpful,2024-09-27,0
com.theinnerhour.b2b,Amaha: Mental Health Therapy,Gopal Krishna,5,"The app is awesome! With an user friendly, and easy to navigate interface. This app is one of the best I've ever used. The Tasks, Journal and Goals feature are one of the best. Recommended to any person trying these things for the first time (even I'm trying it for the 1st time). The experience so far has been quite good.",2024-09-08,9
com.theinnerhour.b2b,Amaha: Mental Health Therapy,pallavi rani,1,We did psychiatrist consultation for severe case of OCD. Doc just tweaked old medicines n referred for therapist.Therapist was total waste of money.Charging 2000rs per session n 1st session he says physical visit is more effective.Online session he won't be able to evaluate patient.Then why mislead people saying you can treat OCD online and charge bomb.. You should refund money in that case.. Or r,2024-09-03,2
com.theinnerhour.b2b,Amaha: Mental Health Therapy,Susmita Pal,5,Good service in sbi card,2024-08-31,0
com.theinnerhour.b2b,Amaha: Mental Health Therapy,Navneet Mishra,5,Shradha Bhair is the best,2024-08-26,0
com.theinnerhour.b2b,Amaha: Mental Health Therapy,Temiloluwa Sulaimon,4,"It really makes me out myself first, makes me control my emotions too",2024-08-21,0
com.theinnerhour.b2b,Amaha: Mental Health Therapy,Ariadna Friski,1,TOO MUCH BUG,2024-08-06,0
com.theinnerhour.b2b,Amaha: Mental Health Therapy,Adway Mahule,5,"I love the app but the only thing that needs to be changed is the allie feature, u can only send it specific lines ,u r not able to send it costom lines",2024-08-01,2
com.theinnerhour.b2b,Amaha: Mental Health Therapy,Yatheswar Gullipalli,5,Good,2024-07-30,0
com.theinnerhour.b2b,Amaha: Mental Health Therapy,Pranjal Mittal,1,Want to change my therapist but no option on the app.,2024-07-17,0
com.theinnerhour.b2b,Amaha: Mental Health Therapy,Eshal Asif,4,Its an grate app but it would be better if they try to listen about a person's situation and that what happened to them and how they should deal with it otherwise a very helpful app.,2024-07-16,1
com.theinnerhour.b2b,Amaha: Mental Health Therapy,Adesh Sangoi,1,"Once you choose a therapist, you are not allowed to change by yourself and have to mail or contact customer care. It takes time to find the right therapist which suits you and you may want to try initially but this seems totally illogical to fix the therapist. Plus having technical issues when therapist calls me. Worst experience",2024-07-15,5
com.theinnerhour.b2b,Amaha: Mental Health Therapy,Muhammad khalil Khan,5,Good app for mind relaxation,2024-07-14,0
com.theinnerhour.b2b,Amaha: Mental Health Therapy,Atheer Aether,5,"The best app for self care and regulating emotions. It is so sensitive and thoughtful, but very simple at the same time. Good features. It's definitely worth the cost. The best part for me is the Allie bot. Helped me through tough times. Love it. Thank you.",2024-06-27,4
com.theinnerhour.b2b,Amaha: Mental Health Therapy,omkar soman,5,"Have just started with the app and it's been my 2nd day but I love all the tools provided . Will try my best to be consistent and I truly believe that this app has the potential to positively bring about the change in anybodys life , the kind of positive change that they are trying to bring about. Thank you guys and wish you all the best to grow and keep upgrading the app to help countless souls.",2024-06-27,2
com.theinnerhour.b2b,Amaha: Mental Health Therapy,Arun Pillai,3,"Great on phone, but not the best on tablets. For some reason it doesn't auto rotate on my tablet and makes it difficult to use while attending online session. You need to hold the tab always on portrait mode, with no option to go landscape. Hope the team can fix it with an update.",2024-06-24,0
com.theinnerhour.b2b,Amaha: Mental Health Therapy,Chandira Jayawardena,5,"I was realy dealing with stress,but this app realy helped me,so i hope it can help you too.😊",2024-06-22,1
com.theinnerhour.b2b,Amaha: Mental Health Therapy,jonathan jaccob,4,"It's a good app, am still exploring it.",2024-06-19,0
com.theinnerhour.b2b,Amaha: Mental Health Therapy,Laura,5,I just love this app! It teaches you great coping skills and activities which are extremely helpful on many topics and emotions. I strongly encourage checking out this app if you're struggling emotionally. It also provides great insight with articles informing you more knowledge on why you can be feeling the way your feeling and how to cope with it. ❤️,2024-06-11,3
com.theinnerhour.b2b,Amaha: Mental Health Therapy,Jaya Samvi,5,I really love this app. Its quite helpful in dealing with mental health issues 🙃 🙂. Kudos to the developers.,2024-05-30,0
com.theinnerhour.b2b,Amaha: Mental Health Therapy,Mehjabeen Taj,1,No option to contact support. Sucks big time.,2024-05-29,0
com.theinnerhour.b2b,Amaha: Mental Health Therapy,Ayse Tezcan,5,👍👍👍👍👍,2024-05-28,0
com.theinnerhour.b2b,Amaha: Mental Health Therapy,Lenka Milinkovic,5,helped me alot,2024-05-15,0
com.theinnerhour.b2b,Amaha: Mental Health Therapy,Vongani Mashamba,5,Best app ever. Totally recommend,2024-05-09,0
com.theinnerhour.b2b,Amaha: Mental Health Therapy,M,1,"You should mention right away, that it's for PAID plans. Already emailed to delete my account.",2024-05-01,1
com.bigbook3,Everything AA,Mitch swetsky,5,"everything in one place. I read my prayers, the big book and listen to Joe & Charlie. great app.",2026-08-24,0
com.bigbook3,Everything AA,Bruce Jefferson,5,great,2026-08-24,0
com.bigbook3,Everything AA,Loren Ashley,5,Great app. Its very useful for anybody working the program.,2026-08-23,0
com.bigbook3,Everything AA,Philipa Widmer,5,saves my life one day at a time,2026-08-23,0
com.bigbook3,Everything AA,P C,1,this app does not have the daily reflection audio any more to listen to daily reflection i had uninstall and reinstall it still no audio for listen to the reading been like this about two months,2026-08-23,0
com.bigbook3,Everything AA,C Butcher,4,"A great way to keep literature with me at all times. No more need to carry 3 or 4 books everywhere. I love the pamphlet section & meeting guide function. This has what's needed to begin an impromptu meeting, walk through the steps with a sponsor or sponsee. Also, love listening to Joe & Charlie. There's always something to learn.",2026-08-23,0
com.bigbook3,Everything AA,Kathy Young,5,it's an important part of my morning routine....thank you for all that you do 🌅,2026-08-23,0
com.bigbook3,Everything AA,George Noyes,5,It has it all and I'm very Grateful for it! This also helps me with accountability and God knows I need that in my life!,2026-08-23,0
com.bigbook3,Everything AA,Heinrich Jansen,5,what an amazing app for recovery,2026-08-23,0
com.bigbook3,Everything AA,Sindy Baron,5,"Reading these on my phone in an airport. Traveling to new destinations and meeting new people socially, usually means drinking. This site grounds me!",2026-08-22,0
com.bigbook3,Everything AA,Shane Windus,3,where did the audio go for Daily Reflections?,2026-08-22,0
com.bigbook3,Everything AA,Katie Wolfe,5,This app is so helpful. It gives me everything I need at my fingertips which is so much better than lugging all my literature books around with me.,2026-08-22,0
com.bigbook3,Everything AA,E Michael Huffman lll,5,thank God of my understanding for this app,2026-08-22,0
com.bigbook3,Everything AA,Brian lol,5,Keep coming back,2026-08-21,0
com.bigbook3,Everything AA,Jody Michaud,5,perfect!,2026-08-21,0
com.bigbook3,Everything AA,Brian,5,really enjoy listening to these,2026-08-20,0
com.bigbook3,Everything AA,Amanda McPherson,5,Very convenient and easy to use.,2026-08-19,0
com.bigbook3,Everything AA,Ana Pearre,5,Won de rful Resources,2026-08-19,0
com.bigbook3,Everything AA,Alisha Castens,5,great app just wonderful,2026-08-19,0
com.bigbook3,Everything AA,Becky Morse,5,It's part of my daily routine.,2026-08-19,0
com.bigbook3,Everything AA,Chris Johnston,5,absolute game changer for those in recovery,2026-08-19,0
com.bigbook3,Everything AA,Jon Childs,5,Essential,2026-08-18,0
com.bigbook3,Everything AA,valerie vick,5,"I love this app. It is has the AA Big Book, Daily Reflections, Living Sober, and Joe and Charlie Tapes of review of the AA BB. A wealth of recovery for listening to.",2026-08-18,0
com.bigbook3,Everything AA,Gary Wayne,5,"awesome, thank you so much for making this available!",2026-08-18,0
com.bigbook3,Everything AA,Glen Lewis,5,"Gotta luv the ""Days Sober"" part of the App! 😁",2026-08-18,0
com.bigbook3,Everything AA,Cynthia P,5,"This app let's me read the literature, or listen to it. It let's me read the daily reflection (daily). It let's me study the Big Book, with Joe and Charlie. And, I get to hop on an online meeting anytime & anywhere I want! My favorite app I've ever used! But I also use the grapevine app just as much, though I do pay for that one (the only subscription I pay for.) I tell everyone to download Everyt",2026-08-18,1
com.bigbook3,Everything AA,Robert Wilson,5,Great resource for everyday living,2026-08-17,0
com.bigbook3,Everything AA,Troy,5,"So easy to access, learn, recover, find direction for yourself.",2026-08-17,0
com.bigbook3,Everything AA,Tesla Young,4,Great app. It would be nice to have the ability to highlight within the books (as you would a highlighter in a physical book) so I can highlight things that stand out to me!,2026-08-16,0
com.bigbook3,Everything AA,Jeffery Kennedy,5,a very helpful and insightful app,2026-08-15,0
com.bigbook3,Everything AA,John Spears,5,bring back audio daily readings and it will be perfect again! Love this app!,2026-08-15,0
com.bigbook3,Everything AA,Kandi Fowler,5,love that literally everything is in 1 place,2026-08-15,0
com.bigbook3,Everything AA,sasha smith,5,I love the ease of finding my spiritual touchstone at my fingertips. ❤️ 💙 💜 💖 💗 💘,2026-08-14,0
com.bigbook3,Everything AA,Zenda Feadler,5,it's like having a spiritual advisor in your pocket,2026-08-14,0
com.bigbook3,Everything AA,Nathaniel Evans,5,great book!,2026-08-14,0
com.bigbook3,Everything AA,Melinda Smith,5,amazing app. i love it. it has everything I need for recovery,2026-08-14,0
com.bigbook3,Everything AA,Karl Batton,5,it should be a staple for everyone in recovery.,2026-08-13,0
com.bigbook3,Everything AA,Bill Gnepper,5,Best addiction recovery app out there.,2026-08-13,0
com.bigbook3,Everything AA,Shaun Sk3lton,5,"I use this app in my recovery everyday. journals, gratitude lists, nightly reviews, joe and Charley, 12&12 and the Big Book of alcoholics anonymous.. clean date clock and online meetings all over the world",2026-08-13,0
com.bigbook3,Everything AA,Byron Miller,5,Awesome 👌,2026-08-13,0
com.bigbook3,Everything AA,Prinz Vijay,5,sober for 7 months,2026-08-13,0
com.bigbook3,Everything AA,Matt Felts,5,Helps give countless alcoholics access to the literature and daily reflections.,2026-08-12,0
com.bigbook3,Everything AA,Reo (Reo),5,Free. No ads. Read books I wouldnt have otherwise. Grateful.,2026-08-12,0
com.bigbook3,Everything AA,Gregorio Rivera,5,thanks God,2026-08-11,0
com.bigbook3,Everything AA,lori cuevas,5,"I love ❤️ this app. it tracks 👣 my days, gives daily inspiration. I can listen or read the books anywhere.",2026-08-11,0
com.bigbook3,Everything AA,Kimberly James,5,"Accurate, No ads, No Sales Pitches, Just Recovery. I listen to these pages While falling Sleep at Night. Greatful because Reading is often Difficult for me",2026-08-11,0
com.bigbook3,Everything AA,Alan Sharp,5,"My daily go to app. For those who are early in sobriety or looking for a cookbook for living better, this is it.",2026-08-11,0
com.bigbook3,Everything AA,Rob,5,work it,2026-08-10,0
com.bigbook3,Everything AA,David Melvin,2,having problems loading some of the metrial,2026-08-10,0
com.bigbook3,Everything AA,Eric Cowboy “Cowboy” Harvell,5,love all the options with the app. ant the time keeper is a plus,2026-08-10,0
com.bigbook3,Everything AA,Warren Lima,5,"easy does it, one day at a time",2026-08-09,0
com.bigbook3,Everything AA,Adrianna Patterson (AMP),5,saves lives literally,2026-08-09,0
com.bigbook3,Everything AA,Candi Wuhrman,5,"It's got everything you need to start your day, engage your recovery, and share with others! Thank you. It helps me stay sober one day at a time.",2026-08-09,0
com.bigbook3,Everything AA,holly larson,5,it's the best!!!,2026-08-09,0
com.bigbook3,Everything AA,Timothy South,5,this is a well woven app. it serves and no thing else.,2026-08-09,0
com.bigbook3,Everything AA,Eden Williams,5,love that I can read or have audio,2026-08-08,0
com.bigbook3,Everything AA,Darlene Freeman,5,This is one of the best AA apps I used,2026-08-08,0
com.bigbook3,Everything AA,Ruthie,1,it doesn't have an icon button,2026-08-08,0
com.bigbook3,Everything AA,Angela Greene,1,"A lot of the readings say ""error' when you try to read them. annoying!",2026-08-08,0
com.bigbook3,Everything AA,James Heath,5,Its good,2026-08-08,0
com.bigbook3,Everything AA,Jeremy Gray,5,saved my life,2026-08-08,0
com.bigbook3,Everything AA,gail Asmus,5,I miss the audio on daily reflections but love the rest.,2026-08-08,0
com.bigbook3,Everything AA,Monica Tsai,5,love the prayers,2026-08-08,0
com.bigbook3,Everything AA,Niko Larosky,5,really awesome app although some of the prayers are not working for my device although that does not harm my experience,2026-08-08,0
com.bigbook3,Everything AA,Maggie,5,brilliant,2026-08-07,0
com.bigbook3,Everything AA,Darrell Laughlin,2,The Font Is Too Small In The 12x12 And Living Sober Section I Couldn't Fine Anywhere To Adjust The Font Size!!,2026-08-07,0
com.bigbook3,Everything AA,candy reynolds,5,saved my life,2026-08-06,0
com.bigbook3,Everything AA,martin olivieri,5,Amazing 🙏,2026-08-06,0
com.bigbook3,Everything AA,Tommy Campbell,5,I am a long time sober and this app is so helpful. Absolutely brilliant app... thank you.,2026-08-06,0
com.bigbook3,Everything AA,Roger Young,5,it has helped save my life .,2026-08-06,0
com.bigbook3,Everything AA,Mary Whitty,5,excelent!,2026-08-06,0
com.bigbook3,Everything AA,Troy Christensen,5,excellent,2026-08-05,0
com.bigbook3,Everything AA,Joanne Borwick,5,My most used app! Daily reflection and 12 x 12 and on-line meetings all over the world. So convenient as always I have my phone with me. Thank you to GSO. FANTASTIC INVESTMENT!,2026-08-05,0
com.bigbook3,Everything AA,jon wayne,5,"this is an extremely valuable resource. The 'HOW to do this thing called recovery', is at my fingertips. I need only to utilize the guide to God's will in the surrender of my will to be the best me I can be.",2026-08-05,0
com.bigbook3,Everything AA,George Karnes,5,Best app ever! I recommend this to all my AA friends.,2026-08-05,0
com.bigbook3,Everything AA,Roni Peterson,5,In this faster paced life it's easy to push from one thing to another and I can often forget who I am and what I'm striving to be. One thing I have with me constantly is my phone. I carry AA with me everywhere with the Everything AA app. I can read my Daily Reflection to recenter myself anywhere I go. I can play an audio from the Big Book or Joe and Charlie when I'm driving. I can reference a pray,2026-08-05,2
com.bigbook3,Everything AA,Jay Goodman,5,excellent,2026-08-05,0
com.bigbook3,Everything AA,jason stinson,4,must have for AA people,2026-08-05,0
com.bigbook3,Everything AA,Manish Prakash Kute,5,one day at time,2026-08-04,0
com.bigbook3,Everything AA,Michael Kistler,5,"Fantastic resource, I use it every morning for the daily reflection.",2026-08-04,0
com.bigbook3,Everything AA,L McClain,5,It works if you work it!,2026-08-04,0
com.bigbook3,Everything AA,Susan Blount,5,great app,2026-08-04,0
com.bigbook3,Everything AA,Caleb “Sillyboy” Gibbs,5,the big book in my pocket at all times it's a lot easier than carrying the big book around,2026-08-04,0
com.bigbook3,Everything AA,Christopher Ford,5,nothing compares... 5 of 5,2026-08-04,0
com.bigbook3,Everything AA,darren pedigo,5,Great app,2026-08-03,0
com.bigbook3,Everything AA,Trevor Spratt,5,tons of helpful info and resources.,2026-08-02,0
com.bigbook3,Everything AA,Troy Earlywine,5,if you are serious about recovery and want to change this is a must,2026-08-02,0
com.bigbook3,Everything AA,Eric Gibbs,5,love the audio versions of this,2026-08-02,0
com.bigbook3,Everything AA,Brad McIntyre,5,life changing,2026-08-02,0
com.bigbook3,Everything AA,Cody,5,love the audio helps me understand better,2026-08-02,0
com.bigbook3,Everything AA,Sherri Powell,5,"Exactly as Titled! It is very well organized & easy to find what I'm searching for. It is also great to send newcomers too before making the investment in the BB. I hope now that AAWS has bought the app, it only improves. It will be sad to see Joe & Charlie go, but I hope the stories from the previous editions will be available, especially since 30 are being removed with the 5th edition. 🙏 they ke",2026-08-02,1
com.bigbook3,Everything AA,Charity Schmidt,5,thank you for keeping me sober- 1 year so far,2026-08-01,0
com.bigbook3,Everything AA,raymond fugate,5,It's the one stop app for everything that is AA.! This app is easy to use and convenient.,2026-08-01,0
com.bigbook3,Everything AA,David Rayer,5,it will be really good once they get the sound for daily reflections going again !!!,2026-08-01,0
com.bigbook3,Everything AA,Rachel C,5,self discovery,2026-08-01,0
com.bigbook3,Everything AA,Louise Marlow,5,Love this app so helps every day 🙏❤️🙏,2026-08-01,0
com.bigbook3,Everything AA,Tweety Bird,5,this app has been helping me throughout my meetings and also helping me understand more about the big book,2026-07-31,0
com.bigbook3,Everything AA,Robert Goetz,5,"Love the app, it has the tools needed for a successful recovery.",2026-07-31,0
com.bigbook3,Everything AA,Cynthia Szabo,5,"This app is an amazing go to for me when I'm on the go. Don't need to carry my Big Book with me anymore...it's all here, right on my phone. Keeps track of my days sober, too. Definitely recommend this too the newcomer or anyone in recovery.",2026-07-31,0
com.bigbook3,Everything AA,Andria Bilbruck,5,Excellent resource!,2026-07-31,0
